Start date;End date;Biomass [MWh] Calculated resolutions;Hydropower [MWh] Calculated resolutions;Wind offshore [MWh] Calculated resolutions;Wind onshore [MWh] Calculated resolutions;Photovoltaics [MWh] Calculated resolutions;Other renewable [MWh] Calculated resolutions;Nuclear [MWh] Calculated resolutions;Lignite [MWh] Calculated resolutions;Hard coal [MWh] Calculated resolutions;Fossil gas [MWh] Calculated resolutions;Hydro pumped storage [MWh] Calculated resolutions;Other conventional [MWh] Calculated resolutions
Jul 1, 2025 12:00 AM;Jul 1, 2025 1:00 AM;3,906.61;1,625.69;2,337.41;11,106.90;56.98;75.66;-;9,044.00;4,497.50;7,977.25;481.00;1,266.25
Jul 1, 2025 1:00 AM;Jul 1, 2025 2:00 AM;3,762.23;1,501.19;2,545.53;11,471.38;53.01;76.15;-;7,992.50;4,572.25;7,382.00;290.00;1,249.75
Jul 1, 2025 2:00 AM;Jul 1, 2025 3:00 AM;3,696.88;1,638.35;2,782.50;11,524.61;52.53;75.52;-;8,013.50;4,394.50;7,257.00;235.25;1,316.50
Jul 1, 2025 3:00 AM;Jul 1, 2025 4:00 AM;3,671.44;1,602.46;3,181.85;11,114.18;52.52;76.48;-;8,031.50;3,729.25;6,966.50;484.75;1,391.50
Jul 1, 2025 4:00 AM;Jul 1, 2025 5:00 AM;3,730.06;1,506.19;3,381.02;10,822.79;58.42;77.69;-;8,025.25;3,633.25;7,338.50;429.75;1,362.25
Jul 1, 2025 5:00 AM;Jul 1, 2025 6:00 AM;3,846.44;1,489.29;3,039.67;10,242.20;621.99;77.79;-;8,491.75;3,802.25;7,768.00;323.50;1,344.25
Jul 1, 2025 6:00 AM;Jul 1, 2025 7:00 AM;4,110.22;1,681.75;2,790.79;8,851.47;3,963.46;77.86;-;8,717.50;4,079.75;7,958.00;775.00;1,239.50
Jul 1, 2025 7:00 AM;Jul 1, 2025 8:00 AM;4,146.16;1,947.98;1,915.07;5,710.07;11,861.50;78.78;-;8,821.75;4,277.00;8,226.00;1,010.75;1,201.50
Jul 1, 2025 8:00 AM;Jul 1, 2025 9:00 AM;3,928.50;1,773.16;1,398.92;2,145.88;23,253.22;77.17;-;8,778.50;4,119.50;7,832.50;685.25;1,178.25
Jul 1, 2025 9:00 AM;Jul 1, 2025 10:00 AM;3,668.65;1,627.76;990.65;918.24;33,664.12;76.17;-;7,961.50;3,445.00;4,708.75;65.75;1,195.00
Jul 1, 2025 10:00 AM;Jul 1, 2025 11:00 AM;3,493.00;1,504.62;576.83;685.50;40,800.06;77.28;-;7,099.25;2,576.25;3,765.00;48.00;1,404.75
Jul 1, 2025 11:00 AM;Jul 1, 2025 12:00 PM;3,415.13;1,490.65;235.89;709.14;45,633.79;74.18;-;6,467.75;2,469.50;3,082.00;14.75;1,399.25
Jul 1, 2025 12:00 PM;Jul 1, 2025 1:00 PM;3,336.84;1,492.60;115.07;608.76;47,876.11;72.61;-;6,470.75;2,298.25;2,923.00;33.25;1,392.50
Jul 1, 2025 1:00 PM;Jul 1, 2025 2:00 PM;3,288.60;1,490.14;60.98;563.30;47,488.20;69.91;-;6,864.75;2,209.00;3,095.75;59.50;1,392.75
Jul 1, 2025 2:00 PM;Jul 1, 2025 3:00 PM;3,304.27;1,613.18;119.65;519.37;45,076.18;72.31;-;6,960.50;2,620.25;3,093.50;55.00;1,378.25
Jul 1, 2025 3:00 PM;Jul 1, 2025 4:00 PM;3,298.26;1,538.23;99.85;529.59;40,895.30;68.10;-;6,987.00;2,705.00;3,145.50;132.75;1,272.50
Jul 1, 2025 4:00 PM;Jul 1, 2025 5:00 PM;3,368.32;1,590.08;229.91;602.32;35,915.02;61.94;-;7,917.75;3,001.75;3,810.25;114.75;1,441.25
Jul 1, 2025 5:00 PM;Jul 1, 2025 6:00 PM;3,515.71;1,756.29;490.76;861.31;28,157.60;67.72;-;9,176.50;3,388.25;6,090.25;136.00;1,546.00
Jul 1, 2025 6:00 PM;Jul 1, 2025 7:00 PM;3,878.14;1,775.31;614.19;841.31;18,116.96;68.60;-;9,788.50;4,023.75;8,490.25;1,669.25;1,543.25
Jul 1, 2025 7:00 PM;Jul 1, 2025 8:00 PM;4,203.98;2,009.68;980.99;1,086.53;8,257.95;68.27;-;9,899.50;4,069.75;9,852.00;4,388.00;1,720.75
Jul 1, 2025 8:00 PM;Jul 1, 2025 9:00 PM;4,368.09;2,474.06;1,217.79;1,529.48;2,504.65;68.72;-;9,990.00;4,172.75;10,257.25;5,022.75;1,646.50
Jul 1, 2025 9:00 PM;Jul 1, 2025 10:00 PM;4,409.20;2,602.16;1,606.91;2,744.94;324.84;70.72;-;10,039.00;4,215.00;10,293.00;5,420.00;1,791.50
Jul 1, 2025 10:00 PM;Jul 1, 2025 11:00 PM;4,321.80;2,399.87;2,203.29;4,421.48;62.61;72.89;-;9,853.25;4,234.50;9,850.75;4,277.75;1,608.25
Jul 1, 2025 11:00 PM;Jul 2, 2025 12:00 AM;4,143.77;2,063.04;3,312.75;6,533.64;53.34;73.78;-;9,620.50;4,228.25;9,186.75;2,325.00;1,372.00
Jul 2, 2025 12:00 AM;Jul 2, 2025 1:00 AM;3,947.41;2,173.82;3,886.94;8,409.78;58.17;75.36;-;9,218.50;4,294.75;7,969.75;1,066.25;1,348.75
Jul 2, 2025 1:00 AM;Jul 2, 2025 2:00 AM;3,821.12;1,989.77;3,750.56;9,847.07;54.67;76.16;-;8,589.25;3,942.00;7,335.25;659.75;1,359.50
Jul 2, 2025 2:00 AM;Jul 2, 2025 3:00 AM;3,723.98;1,726.25;3,230.17;10,508.36;52.47;77.18;-;7,988.50;3,388.25;6,975.25;185.50;1,354.25
Jul 2, 2025 3:00 AM;Jul 2, 2025 4:00 AM;3,707.41;1,777.45;2,732.53;10,653.32;52.58;77.78;-;7,974.00;3,181.75;6,916.75;407.00;1,359.25
Jul 2, 2025 4:00 AM;Jul 2, 2025 5:00 AM;3,736.08;1,832.86;2,569.30;10,351.76;59.09;77.87;-;8,108.75;2,887.75;7,187.00;366.25;1,369.50
Jul 2, 2025 5:00 AM;Jul 2, 2025 6:00 AM;3,856.76;1,606.81;2,666.84;10,296.16;609.47;78.33;-;8,486.50;3,286.50;7,408.50;579.25;1,376.00
Jul 2, 2025 6:00 AM;Jul 2, 2025 7:00 AM;4,060.61;1,559.80;2,129.86;9,739.06;3,914.26;76.87;-;8,552.50;3,981.75;8,142.00;616.25;1,365.75
Jul 2, 2025 7:00 AM;Jul 2, 2025 8:00 AM;4,069.88;1,643.44;1,321.87;7,832.09;11,544.89;74.10;-;8,292.75;4,072.50;7,830.25;792.50;1,345.50
Jul 2, 2025 8:00 AM;Jul 2, 2025 9:00 AM;3,858.20;1,780.72;708.42;4,010.46;22,397.30;73.96;-;7,685.75;3,909.00;7,552.25;831.00;1,342.50
Jul 2, 2025 9:00 AM;Jul 2, 2025 10:00 AM;3,616.29;1,796.67;711.36;2,027.55;31,394.34;73.14;-;7,171.75;3,264.00;6,110.75;683.00;1,336.00
Jul 2, 2025 10:00 AM;Jul 2, 2025 11:00 AM;3,423.94;1,614.01;1,018.08;1,777.61;39,220.34;71.66;-;6,708.50;2,708.75;4,029.50;41.50;1,348.50
Jul 2, 2025 11:00 AM;Jul 2, 2025 12:00 PM;3,277.94;1,440.00;1,174.42;1,502.87;44,058.38;64.56;-;6,170.50;2,234.25;3,417.50;1.00;1,364.25
Jul 2, 2025 12:00 PM;Jul 2, 2025 1:00 PM;3,151.91;1,437.82;487.66;1,725.45;46,078.82;60.53;-;6,612.25;2,028.50;3,217.25;5.00;1,360.25
Jul 2, 2025 1:00 PM;Jul 2, 2025 2:00 PM;3,099.53;1,363.89;479.47;1,716.85;46,341.21;58.41;-;6,688.00;1,988.75;2,934.00;3.75;1,336.75
Jul 2, 2025 2:00 PM;Jul 2, 2025 3:00 PM;3,085.63;1,419.42;297.54;1,422.75;44,471.80;58.48;-;6,512.75;2,041.50;2,910.00;30.00;1,312.25
Jul 2, 2025 3:00 PM;Jul 2, 2025 4:00 PM;3,103.32;1,542.44;487.91;1,541.23;39,904.58;56.52;-;6,924.00;2,115.75;2,954.75;181.50;1,308.50
Jul 2, 2025 4:00 PM;Jul 2, 2025 5:00 PM;3,188.17;1,611.97;1,133.13;2,695.33;33,365.05;56.46;-;7,295.25;2,551.00;3,916.00;70.75;1,321.50
Jul 2, 2025 5:00 PM;Jul 2, 2025 6:00 PM;3,376.83;1,608.13;1,721.45;5,564.94;24,447.24;64.62;-;7,673.25;3,284.75;6,239.25;210.00;1,485.50
Jul 2, 2025 6:00 PM;Jul 2, 2025 7:00 PM;3,668.69;1,915.33;1,320.00;9,180.71;14,736.84;66.12;-;8,577.00;3,711.50;8,354.75;2,641.25;1,815.25
Jul 2, 2025 7:00 PM;Jul 2, 2025 8:00 PM;4,026.00;2,156.10;1,826.67;11,975.47;6,296.26;64.28;-;8,955.50;3,718.00;9,215.50;3,223.00;2,044.00
Jul 2, 2025 8:00 PM;Jul 2, 2025 9:00 PM;4,153.78;1,948.17;1,780.71;14,911.71;1,761.60;66.57;-;9,296.75;3,692.50;8,857.25;2,916.25;2,119.50
Jul 2, 2025 9:00 PM;Jul 2, 2025 10:00 PM;4,190.86;1,994.54;2,524.55;13,988.53;155.42;71.40;-;9,451.00;3,704.75;8,471.50;2,573.75;1,886.00
Jul 2, 2025 10:00 PM;Jul 2, 2025 11:00 PM;4,154.57;2,089.67;3,121.81;14,449.17;84.87;78.18;-;9,270.00;3,661.75;7,520.25;3,749.75;1,511.75
Jul 2, 2025 11:00 PM;Jul 3, 2025 12:00 AM;3,969.49;1,695.75;4,260.29;15,981.74;55.43;77.02;-;8,808.25;2,716.00;6,254.75;946.00;1,411.50
Jul 3, 2025 12:00 AM;Jul 3, 2025 1:00 AM;3,807.91;1,585.32;5,195.68;17,199.71;56.45;75.12;-;7,612.75;2,932.75;4,356.50;1,624.25;1,440.00
Jul 3, 2025 1:00 AM;Jul 3, 2025 2:00 AM;3,715.43;1,620.67;5,083.38;17,999.73;53.14;76.78;-;7,339.25;3,117.25;3,033.00;278.75;1,430.00
Jul 3, 2025 2:00 AM;Jul 3, 2025 3:00 AM;3,685.94;2,102.03;3,844.98;15,872.82;56.22;76.80;-;7,421.00;3,101.50;3,475.50;1,524.75;1,432.50
Jul 3, 2025 3:00 AM;Jul 3, 2025 4:00 AM;3,703.35;2,020.19;3,563.17;15,407.63;53.18;76.20;-;7,408.75;3,197.25;3,610.50;1,200.00;1,407.75
Jul 3, 2025 4:00 AM;Jul 3, 2025 5:00 AM;3,730.75;1,931.13;3,148.71;15,849.83;56.80;75.90;-;7,238.00;3,333.25;3,763.75;870.00;1,426.75
Jul 3, 2025 5:00 AM;Jul 3, 2025 6:00 AM;3,808.96;1,608.19;3,987.85;17,596.26;368.21;76.84;-;7,158.25;3,475.25;4,131.25;457.50;1,406.25
Jul 3, 2025 6:00 AM;Jul 3, 2025 7:00 AM;4,005.76;1,783.45;4,186.64;17,750.63;2,539.73;77.46;-;6,623.75;3,353.25;4,508.75;449.25;1,395.00
Jul 3, 2025 7:00 AM;Jul 3, 2025 8:00 AM;4,120.65;1,963.48;3,887.89;16,720.89;7,020.36;79.12;-;6,101.50;3,045.25;5,365.75;1,990.50;1,380.00
Jul 3, 2025 8:00 AM;Jul 3, 2025 9:00 AM;3,957.65;1,661.58;3,711.10;16,508.59;13,412.68;77.23;-;5,638.25;2,840.00;5,106.75;700.75;1,400.25
Jul 3, 2025 9:00 AM;Jul 3, 2025 10:00 AM;3,725.79;1,710.08;3,600.44;16,046.48;20,015.91;76.94;-;5,606.00;2,788.25;4,299.00;261.75;1,413.25
Jul 3, 2025 10:00 AM;Jul 3, 2025 11:00 AM;3,555.48;1,648.80;2,482.04;15,486.14;25,202.36;77.87;-;5,678.75;2,762.00;3,405.50;211.50;1,437.75
Jul 3, 2025 11:00 AM;Jul 3, 2025 12:00 PM;3,479.61;1,659.90;1,775.36;14,400.50;29,376.99;78.46;-;5,841.25;2,693.25;2,881.00;29.50;1,462.75
Jul 3, 2025 12:00 PM;Jul 3, 2025 1:00 PM;3,427.81;1,738.44;1,188.75;13,588.84;32,183.75;78.79;-;5,836.00;2,990.75;2,735.50;16.50;1,446.00
Jul 3, 2025 1:00 PM;Jul 3, 2025 2:00 PM;3,407.96;1,561.38;475.14;12,994.47;34,827.34;78.29;-;5,750.00;3,110.25;2,559.50;27.75;1,450.00
Jul 3, 2025 2:00 PM;Jul 3, 2025 3:00 PM;3,410.91;1,538.83;431.32;13,145.21;35,228.73;79.55;-;5,299.75;2,530.25;2,439.50;60.00;1,444.75
Jul 3, 2025 3:00 PM;Jul 3, 2025 4:00 PM;3,436.81;1,680.45;369.64;12,647.52;34,382.37;80.93;-;4,959.00;2,432.25;2,700.75;57.75;1,440.75
Jul 3, 2025 4:00 PM;Jul 3, 2025 5:00 PM;3,534.75;1,670.71;1,172.13;12,051.23;31,875.44;81.03;-;5,174.00;2,246.50;2,642.50;51.25;1,447.50
Jul 3, 2025 5:00 PM;Jul 3, 2025 6:00 PM;3,694.04;1,578.05;2,206.42;11,762.14;25,558.42;80.83;-;5,768.75;2,466.25;3,210.25;119.00;1,437.50
Jul 3, 2025 6:00 PM;Jul 3, 2025 7:00 PM;3,972.98;1,702.93;2,593.90;11,502.60;16,979.03;80.17;-;7,846.50;3,155.75;4,099.25;520.00;1,435.50
Jul 3, 2025 7:00 PM;Jul 3, 2025 8:00 PM;4,282.71;1,933.48;2,321.65;10,154.74;8,295.85;81.16;-;9,265.50;4,145.75;6,445.50;1,729.75;1,340.75
Jul 3, 2025 8:00 PM;Jul 3, 2025 9:00 PM;4,462.35;2,005.57;1,994.19;7,876.57;2,561.80;82.03;-;9,757.50;4,705.00;7,790.75;3,398.75;1,341.25
Jul 3, 2025 9:00 PM;Jul 3, 2025 10:00 PM;4,506.22;2,057.60;1,657.44;6,641.06;290.83;82.15;-;9,963.25;4,764.25;7,918.50;4,605.50;1,355.00
Jul 3, 2025 10:00 PM;Jul 3, 2025 11:00 PM;4,367.51;2,099.95;1,388.56;6,408.61;79.88;83.04;-;9,949.00;4,523.50;7,935.25;4,449.50;1,368.00
Jul 3, 2025 11:00 PM;Jul 4, 2025 12:00 AM;4,127.32;1,668.59;1,305.04;6,700.01;53.84;82.12;-;10,001.00;4,447.50;7,413.75;1,938.50;1,386.25
Jul 4, 2025 12:00 AM;Jul 4, 2025 1:00 AM;3,898.31;1,468.59;1,460.50;6,297.03;53.18;82.78;-;9,867.75;4,416.75;7,060.75;473.75;1,387.50
Jul 4, 2025 1:00 AM;Jul 4, 2025 2:00 AM;3,791.28;1,439.20;1,550.82;5,536.74;51.89;83.66;-;9,869.50;4,133.75;6,803.25;233.50;1,398.50
Jul 4, 2025 2:00 AM;Jul 4, 2025 3:00 AM;3,744.65;1,448.45;1,578.97;4,737.71;51.85;85.12;-;10,053.50;3,919.50;6,831.25;300.50;1,397.50
Jul 4, 2025 3:00 AM;Jul 4, 2025 4:00 AM;3,756.05;1,448.96;1,927.98;4,197.09;51.89;85.46;-;10,055.75;3,877.75;6,986.25;230.75;1,390.75
Jul 4, 2025 4:00 AM;Jul 4, 2025 5:00 AM;3,801.20;1,487.62;2,036.30;3,767.76;56.31;84.64;-;10,151.25;3,880.25;7,146.00;391.50;1,394.50
Jul 4, 2025 5:00 AM;Jul 4, 2025 6:00 AM;3,981.20;1,608.19;2,174.58;3,471.82;550.78;84.34;-;10,164.75;4,001.00;7,298.75;810.75;1,397.25
Jul 4, 2025 6:00 AM;Jul 4, 2025 7:00 AM;4,213.98;1,757.64;2,086.91;3,241.32;3,433.61;84.28;-;10,215.75;4,009.50;6,990.25;1,977.25;1,379.75
Jul 4, 2025 7:00 AM;Jul 4, 2025 8:00 AM;4,245.07;1,584.26;2,307.94;2,482.61;9,485.45;80.63;-;10,212.75;4,240.75;6,931.50;2,206.25;1,342.00
Jul 4, 2025 8:00 AM;Jul 4, 2025 9:00 AM;3,991.88;1,659.05;2,792.50;1,846.32;19,034.78;80.69;-;10,083.50;3,895.00;5,014.75;836.00;1,322.50
Jul 4, 2025 9:00 AM;Jul 4, 2025 10:00 AM;3,763.06;1,686.91;3,300.90;2,604.73;29,483.11;82.24;-;8,074.00;2,279.00;2,596.00;332.75;1,363.75
Jul 4, 2025 10:00 AM;Jul 4, 2025 11:00 AM;3,599.92;1,495.87;3,472.35;3,469.60;38,003.14;85.42;-;5,757.75;1,366.00;1,975.50;168.75;1,371.25
Jul 4, 2025 11:00 AM;Jul 4, 2025 12:00 PM;3,494.83;1,493.40;3,137.51;4,642.46;42,988.67;89.92;-;4,530.00;1,261.25;1,670.25;85.00;1,398.50
Jul 4, 2025 12:00 PM;Jul 4, 2025 1:00 PM;3,402.46;1,468.90;3,036.77;5,762.47;44,688.75;87.80;-;4,291.75;1,245.75;1,704.00;84.25;1,352.25
Jul 4, 2025 1:00 PM;Jul 4, 2025 2:00 PM;3,374.65;1,500.35;2,386.01;5,953.47;44,242.29;85.13;-;4,287.75;921.50;1,699.75;105.50;1,369.75
Jul 4, 2025 2:00 PM;Jul 4, 2025 3:00 PM;3,405.30;1,548.18;2,723.42;6,722.43;43,115.74;85.66;-;4,330.50;804.50;1,702.25;101.25;1,371.50
Jul 4, 2025 3:00 PM;Jul 4, 2025 4:00 PM;3,450.38;1,562.16;3,511.05;7,331.23;40,738.73;86.34;-;4,324.50;753.75;1,643.25;68.50;1,339.50
Jul 4, 2025 4:00 PM;Jul 4, 2025 5:00 PM;3,578.25;1,579.99;3,713.90;6,971.96;36,042.30;86.79;-;4,615.00;815.75;1,653.00;118.50;1,342.00
Jul 4, 2025 5:00 PM;Jul 4, 2025 6:00 PM;3,727.24;1,599.25;3,995.08;6,050.31;28,161.85;85.11;-;5,704.25;1,234.00;2,015.75;88.50;1,336.25
Jul 4, 2025 6:00 PM;Jul 4, 2025 7:00 PM;4,007.33;1,721.02;4,275.89;5,068.43;18,055.88;85.26;-;8,278.50;2,189.75;3,621.75;1,108.00;1,330.25
Jul 4, 2025 7:00 PM;Jul 4, 2025 8:00 PM;4,386.85;1,914.95;4,436.62;3,755.50;8,576.11;85.53;-;9,277.25;3,026.75;5,570.25;4,092.50;1,451.00
Jul 4, 2025 8:00 PM;Jul 4, 2025 9:00 PM;4,584.63;1,893.90;4,756.14;2,665.43;2,694.65;87.01;-;9,764.00;3,127.75;6,619.50;5,277.50;1,470.00
Jul 4, 2025 9:00 PM;Jul 4, 2025 10:00 PM;4,558.92;1,802.77;4,853.51;2,670.93;320.14;88.50;-;9,987.00;3,015.25;6,763.25;5,029.25;1,445.50
Jul 4, 2025 10:00 PM;Jul 4, 2025 11:00 PM;4,402.83;1,627.85;5,725.24;3,081.88;81.68;89.30;-;10,014.50;2,782.25;6,788.50;4,803.25;1,427.75
Jul 4, 2025 11:00 PM;Jul 5, 2025 12:00 AM;4,205.13;1,492.17;5,821.85;4,148.54;57.51;89.95;-;9,828.75;2,623.00;5,914.50;2,595.75;1,424.50
Jul 5, 2025 12:00 AM;Jul 5, 2025 1:00 AM;4,055.13;1,523.70;4,687.88;6,002.98;61.81;88.86;-;8,893.75;2,554.25;5,461.75;2,269.25;1,461.75
Jul 5, 2025 1:00 AM;Jul 5, 2025 2:00 AM;3,953.85;1,643.79;3,778.20;8,317.78;56.04;87.90;-;8,033.75;2,666.50;5,172.25;950.00;1,419.75
Jul 5, 2025 2:00 AM;Jul 5, 2025 3:00 AM;3,916.02;1,908.84;2,735.65;10,408.40;57.66;88.92;-;7,473.50;2,727.75;4,175.50;1,112.25;1,415.00
Jul 5, 2025 3:00 AM;Jul 5, 2025 4:00 AM;3,872.85;1,528.66;2,788.81;12,366.09;53.71;89.50;-;7,083.25;2,723.75;3,707.25;291.00;1,401.25
Jul 5, 2025 4:00 AM;Jul 5, 2025 5:00 AM;3,867.36;1,503.00;2,884.42;13,970.27;56.56;89.74;-;6,782.00;2,465.75;3,524.25;309.25;1,443.00
Jul 5, 2025 5:00 AM;Jul 5, 2025 6:00 AM;3,916.70;1,610.69;3,277.82;14,597.54;595.18;89.20;-;6,122.50;1,971.50;2,252.00;429.25;1,484.25
Jul 5, 2025 6:00 AM;Jul 5, 2025 7:00 AM;4,000.12;1,468.75;4,234.37;14,589.82;4,017.52;88.11;-;5,806.25;1,264.75;2,118.75;268.25;1,470.00
Jul 5, 2025 7:00 AM;Jul 5, 2025 8:00 AM;3,947.22;1,442.59;4,514.71;12,379.28;11,256.69;86.79;-;4,976.00;1,006.25;1,866.25;111.00;1,376.50
Jul 5, 2025 8:00 AM;Jul 5, 2025 9:00 AM;3,815.78;1,446.47;5,134.55;9,850.83;20,935.08;86.87;-;4,825.25;767.00;1,872.50;183.00;1,371.75
Jul 5, 2025 9:00 AM;Jul 5, 2025 10:00 AM;3,681.28;1,478.52;5,414.87;9,272.96;29,320.48;86.42;-;4,177.25;669.50;1,621.75;243.00;1,362.50
Jul 5, 2025 10:00 AM;Jul 5, 2025 11:00 AM;3,534.16;1,448.94;4,408.31;10,864.03;34,572.19;86.50;-;3,832.25;573.50;1,502.00;160.00;1,345.25
Jul 5, 2025 11:00 AM;Jul 5, 2025 12:00 PM;3,409.15;1,499.25;3,352.29;12,540.67;36,610.79;86.16;-;3,454.50;545.75;1,549.00;283.50;1,271.25
Jul 5, 2025 12:00 PM;Jul 5, 2025 1:00 PM;3,354.35;1,527.21;2,777.95;13,068.74;38,319.86;86.82;-;3,429.00;528.25;1,628.50;229.00;1,196.50
Jul 5, 2025 1:00 PM;Jul 5, 2025 2:00 PM;3,346.11;1,535.89;2,086.76;13,363.55;38,725.89;86.68;-;3,452.75;521.75;1,622.75;102.25;1,216.00
Jul 5, 2025 2:00 PM;Jul 5, 2025 3:00 PM;3,343.52;1,499.26;2,283.93;15,236.30;36,843.19;85.20;-;3,449.00;513.75;1,591.25;116.25;1,242.75
Jul 5, 2025 3:00 PM;Jul 5, 2025 4:00 PM;3,375.35;1,460.12;2,570.47;16,297.82;32,452.36;84.43;-;3,481.50;509.25;1,526.50;238.50;1,220.00
Jul 5, 2025 4:00 PM;Jul 5, 2025 5:00 PM;3,460.44;1,481.18;3,178.91;16,691.84;27,261.71;84.54;-;3,497.00;806.50;1,522.75;350.75;1,260.50
Jul 5, 2025 5:00 PM;Jul 5, 2025 6:00 PM;3,616.65;1,498.25;4,681.97;17,471.15;22,582.19;82.71;-;3,486.75;1,018.50;1,535.00;288.50;1,284.50
Jul 5, 2025 6:00 PM;Jul 5, 2025 7:00 PM;3,837.29;1,433.42;5,161.16;17,236.56;14,907.60;84.55;-;4,343.00;1,286.00;2,006.25;217.50;1,288.50
Jul 5, 2025 7:00 PM;Jul 5, 2025 8:00 PM;4,156.49;1,430.59;5,471.12;16,216.22;7,113.58;84.41;-;5,332.75;1,505.00;2,412.75;1,030.50;1,297.75
Jul 5, 2025 8:00 PM;Jul 5, 2025 9:00 PM;4,386.85;1,390.08;5,537.03;13,209.69;2,075.69;85.00;-;6,647.50;1,466.75;2,786.75;2,013.50;1,306.50
Jul 5, 2025 9:00 PM;Jul 5, 2025 10:00 PM;4,433.35;1,632.01;5,527.09;10,931.92;196.50;86.35;-;6,836.00;1,386.50;2,690.75;3,637.00;1,310.50
Jul 5, 2025 10:00 PM;Jul 5, 2025 11:00 PM;4,407.54;1,624.73;5,626.93;9,513.98;85.82;87.03;-;6,778.25;1,482.25;2,658.75;4,457.50;1,310.75
Jul 5, 2025 11:00 PM;Jul 6, 2025 12:00 AM;4,254.61;1,531.88;5,213.31;9,434.53;66.73;87.25;-;7,174.00;1,546.50;2,609.50;3,782.25;1,314.50
Jul 6, 2025 12:00 AM;Jul 6, 2025 1:00 AM;4,074.41;1,441.64;5,187.13;8,800.63;83.08;88.62;-;6,608.00;1,240.00;2,325.50;3,964.50;1,344.00
Jul 6, 2025 1:00 AM;Jul 6, 2025 2:00 AM;4,006.53;1,406.59;5,732.53;8,714.59;69.60;88.05;-;5,556.25;1,131.75;2,102.75;2,541.50;1,431.25
Jul 6, 2025 2:00 AM;Jul 6, 2025 3:00 AM;3,931.32;1,402.87;5,532.76;8,418.62;60.34;88.40;-;5,201.75;1,006.25;2,068.25;2,798.50;1,431.75
Jul 6, 2025 3:00 AM;Jul 6, 2025 4:00 AM;3,921.61;1,676.89;4,366.10;8,937.47;57.21;88.97;-;5,305.75;995.75;1,981.00;1,500.00;1,427.50
Jul 6, 2025 4:00 AM;Jul 6, 2025 5:00 AM;3,929.09;1,758.82;3,463.39;10,050.87;57.12;89.62;-;5,360.75;930.75;1,917.25;1,056.75;1,321.75
Jul 6, 2025 5:00 AM;Jul 6, 2025 6:00 AM;3,952.06;1,716.21;2,656.47;11,210.05;374.50;89.51;-;5,473.75;908.25;1,906.00;903.75;1,319.00
Jul 6, 2025 6:00 AM;Jul 6, 2025 7:00 AM;3,997.46;1,394.08;2,448.39;11,771.06;2,945.23;89.36;-;5,363.25;904.50;1,855.50;447.25;1,315.25
Jul 6, 2025 7:00 AM;Jul 6, 2025 8:00 AM;3,978.64;1,427.36;2,029.25;11,136.42;8,317.99;88.09;-;4,519.75;900.50;1,882.75;364.50;1,304.50
Jul 6, 2025 8:00 AM;Jul 6, 2025 9:00 AM;3,880.37;1,486.23;1,929.70;10,057.95;15,732.35;88.11;-;4,103.75;898.50;1,799.00;586.50;1,321.00
Jul 6, 2025 9:00 AM;Jul 6, 2025 10:00 AM;3,720.36;1,522.43;1,415.87;10,222.22;23,761.97;88.43;-;3,603.50;826.00;1,613.75;109.75;1,316.25
Jul 6, 2025 10:00 AM;Jul 6, 2025 11:00 AM;3,586.60;1,541.84;1,268.18;11,184.51;29,004.47;88.72;-;3,499.50;556.25;1,489.25;50.50;1,299.50
Jul 6, 2025 11:00 AM;Jul 6, 2025 12:00 PM;3,537.61;1,445.40;624.01;11,997.41;30,568.84;88.85;-;3,604.25;566.75;1,457.50;42.25;1,297.25
Jul 6, 2025 12:00 PM;Jul 6, 2025 1:00 PM;3,477.64;1,403.64;480.28;14,443.19;29,448.34;88.53;-;3,711.50;628.75;1,532.25;43.50;1,287.75
Jul 6, 2025 1:00 PM;Jul 6, 2025 2:00 PM;3,447.60;1,498.37;603.36;14,604.53;26,882.72;87.29;-;3,662.25;564.00;1,451.75;15.25;1,309.50
Jul 6, 2025 2:00 PM;Jul 6, 2025 3:00 PM;3,464.57;1,359.49;776.75;15,158.88;22,854.88;85.07;-;4,591.00;547.00;1,538.25;46.00;1,295.00
Jul 6, 2025 3:00 PM;Jul 6, 2025 4:00 PM;3,505.84;1,339.58;754.04;14,662.78;18,927.45;84.35;-;4,855.75;543.00;1,753.25;70.75;1,283.50
Jul 6, 2025 4:00 PM;Jul 6, 2025 5:00 PM;3,582.32;1,445.54;463.36;14,681.82;14,786.14;84.85;-;5,202.50;951.50;1,961.75;311.25;1,306.00
Jul 6, 2025 5:00 PM;Jul 6, 2025 6:00 PM;3,736.04;1,477.09;235.67;13,222.80;9,920.94;85.11;-;6,394.50;1,616.75;2,564.75;895.50;1,291.25
Jul 6, 2025 6:00 PM;Jul 6, 2025 7:00 PM;4,011.52;1,553.08;207.09;11,529.42;5,854.92;85.43;-;8,047.75;2,288.75;3,507.25;2,403.00;1,299.75
Jul 6, 2025 7:00 PM;Jul 6, 2025 8:00 PM;4,253.67;1,641.55;241.76;10,458.17;2,904.09;85.52;-;9,288.75;2,967.25;4,331.25;2,410.00;1,305.50
Jul 6, 2025 8:00 PM;Jul 6, 2025 9:00 PM;4,437.46;1,581.84;169.76;9,563.46;860.48;86.16;-;9,965.00;3,015.75;4,285.50;3,775.00;1,312.75
Jul 6, 2025 9:00 PM;Jul 6, 2025 10:00 PM;4,408.58;1,471.07;221.69;8,759.11;106.26;86.31;-;10,316.00;3,180.25;5,224.50;2,813.75;1,316.75
Jul 6, 2025 10:00 PM;Jul 6, 2025 11:00 PM;4,310.53;1,400.17;533.61;7,825.59;61.01;86.16;-;10,696.25;3,202.00;5,291.25;2,174.25;1,302.75
Jul 6, 2025 11:00 PM;Jul 7, 2025 12:00 AM;4,156.67;1,589.80;412.65;7,414.64;57.90;87.01;-;10,717.75;3,050.75;5,135.00;1,424.50;1,307.25
Jul 7, 2025 12:00 AM;Jul 7, 2025 1:00 AM;3,929.85;1,539.09;622.70;6,619.99;57.79;87.48;-;10,506.00;3,000.00;4,446.75;600.50;1,230.50
Jul 7, 2025 1:00 AM;Jul 7, 2025 2:00 AM;3,819.60;1,560.39;530.01;6,225.92;53.83;87.58;-;10,310.25;2,949.75;4,246.00;67.50;1,219.00
Jul 7, 2025 2:00 AM;Jul 7, 2025 3:00 AM;3,771.34;1,301.54;566.90;6,361.87;52.65;87.69;-;9,785.25;2,807.00;3,934.50;25.25;1,288.50
Jul 7, 2025 3:00 AM;Jul 7, 2025 4:00 AM;3,759.17;1,398.40;1,019.01;5,946.95;52.70;87.68;-;9,497.25;2,776.00;4,265.50;66.50;1,307.75
Jul 7, 2025 4:00 AM;Jul 7, 2025 5:00 AM;3,824.34;1,385.97;1,422.39;5,495.67;54.68;87.90;-;9,765.25;2,662.25;3,965.50;93.00;1,313.25
Jul 7, 2025 5:00 AM;Jul 7, 2025 6:00 AM;3,947.02;1,452.99;1,179.34;5,397.74;242.15;87.69;-;10,026.25;3,234.25;4,563.00;158.75;1,331.50
Jul 7, 2025 6:00 AM;Jul 7, 2025 7:00 AM;4,305.40;1,749.55;1,459.60;4,812.91;1,735.96;86.74;-;10,650.25;3,728.75;5,248.00;2,730.00;1,301.00
Jul 7, 2025 7:00 AM;Jul 7, 2025 8:00 AM;4,392.68;2,029.43;1,766.48;4,208.85;4,668.06;86.51;-;10,632.25;3,906.50;5,515.50;4,596.25;1,303.75
Jul 7, 2025 8:00 AM;Jul 7, 2025 9:00 AM;4,281.74;1,956.56;2,240.88;4,038.88;9,393.64;85.63;-;10,419.75;3,932.75;5,037.75;3,351.25;1,283.50
Jul 7, 2025 9:00 AM;Jul 7, 2025 10:00 AM;4,001.21;1,785.99;2,470.69;3,988.88;15,479.86;85.61;-;10,382.75;3,968.25;4,440.25;1,675.25;1,250.00
Jul 7, 2025 10:00 AM;Jul 7, 2025 11:00 AM;3,720.35;1,596.01;2,856.34;4,274.43;21,575.39;85.46;-;9,511.50;3,715.00;3,010.00;198.75;1,307.25
Jul 7, 2025 11:00 AM;Jul 7, 2025 12:00 PM;3,577.45;1,569.08;3,224.57;4,658.95;26,450.80;84.43;-;8,118.75;3,449.25;2,385.75;207.75;1,345.75
Jul 7, 2025 12:00 PM;Jul 7, 2025 1:00 PM;3,502.12;1,557.26;3,775.05;5,488.76;29,217.26;86.81;-;6,953.00;2,892.00;2,209.50;225.00;1,326.75
Jul 7, 2025 1:00 PM;Jul 7, 2025 2:00 PM;3,466.29;1,641.50;4,205.92;7,147.79;29,145.49;88.07;-;6,134.25;2,496.50;2,458.50;24.00;1,299.00
Jul 7, 2025 2:00 PM;Jul 7, 2025 3:00 PM;3,450.88;1,564.43;4,234.12;8,815.23;27,400.75;87.50;-;5,402.50;2,347.00;2,589.00;14.25;1,258.25
Jul 7, 2025 3:00 PM;Jul 7, 2025 4:00 PM;3,471.79;1,482.76;4,441.76;10,872.79;24,302.19;87.43;-;5,397.25;2,234.75;2,721.75;20.50;1,330.25
Jul 7, 2025 4:00 PM;Jul 7, 2025 5:00 PM;3,552.06;1,549.35;5,038.94;11,676.79;20,279.76;87.38;-;5,628.50;2,550.50;3,339.50;54.75;1,371.50
Jul 7, 2025 5:00 PM;Jul 7, 2025 6:00 PM;3,654.34;1,588.16;5,540.96;12,616.71;15,781.77;87.41;-;6,474.50;2,883.50;4,013.00;92.75;1,387.50
Jul 7, 2025 6:00 PM;Jul 7, 2025 7:00 PM;3,938.89;1,625.79;5,800.43;13,211.36;10,224.68;87.74;-;8,059.50;2,980.75;4,360.00;802.75;1,354.50
Jul 7, 2025 7:00 PM;Jul 7, 2025 8:00 PM;4,234.14;1,693.04;5,684.52;13,366.80;5,132.99;87.19;-;9,072.25;2,995.25;4,851.25;1,965.00;1,354.00
Jul 7, 2025 8:00 PM;Jul 7, 2025 9:00 PM;4,385.24;1,708.55;5,622.83;13,577.51;1,646.05;89.15;-;9,455.00;3,230.50;4,877.25;2,209.00;1,252.50
Jul 7, 2025 9:00 PM;Jul 7, 2025 10:00 PM;4,406.89;1,919.74;5,061.54;13,277.91;181.03;90.28;-;10,215.50;3,215.00;5,059.00;2,670.25;1,233.50
Jul 7, 2025 10:00 PM;Jul 7, 2025 11:00 PM;4,297.12;1,967.13;4,415.09;12,939.86;80.70;91.66;-;10,366.50;3,203.25;4,896.50;3,007.75;1,248.75
Jul 7, 2025 11:00 PM;Jul 8, 2025 12:00 AM;4,051.56;1,743.35;4,114.12;13,084.03;59.57;92.14;-;9,637.50;3,117.00;4,461.75;1,081.75;1,257.25
Jul 8, 2025 12:00 AM;Jul 8, 2025 1:00 AM;3,857.35;1,700.47;4,162.39;12,437.78;53.59;91.91;-;8,507.75;2,874.50;3,701.25;403.00;1,320.25
Jul 8, 2025 1:00 AM;Jul 8, 2025 2:00 AM;3,753.34;1,697.44;4,267.80;11,853.80;53.10;92.82;-;7,592.75;2,803.00;3,370.25;269.00;1,275.75
Jul 8, 2025 2:00 AM;Jul 8, 2025 3:00 AM;3,715.40;1,710.80;4,389.72;11,654.48;53.43;92.61;-;7,109.00;2,832.00;3,410.00;240.50;1,274.75
Jul 8, 2025 3:00 AM;Jul 8, 2025 4:00 AM;3,687.67;1,627.36;4,481.80;11,811.75;63.22;92.20;-;6,673.25;2,843.75;3,222.75;348.25;1,272.00
Jul 8, 2025 4:00 AM;Jul 8, 2025 5:00 AM;3,752.19;1,707.08;4,549.16;11,890.40;55.49;91.95;-;7,153.25;2,802.00;3,282.25;244.00;1,265.00
Jul 8, 2025 5:00 AM;Jul 8, 2025 6:00 AM;3,900.12;1,643.23;4,819.14;12,093.96;292.77;91.97;-;8,039.75;2,748.25;3,550.25;649.75;1,281.75
Jul 8, 2025 6:00 AM;Jul 8, 2025 7:00 AM;4,165.30;1,741.96;4,248.23;11,826.75;2,264.40;91.90;-;9,159.25;3,341.25;4,173.50;1,175.50;1,277.00
Jul 8, 2025 7:00 AM;Jul 8, 2025 8:00 AM;4,220.15;1,975.65;4,149.68;10,355.94;6,691.06;92.27;-;9,656.00;3,358.00;4,455.75;2,765.00;1,272.00
Jul 8, 2025 8:00 AM;Jul 8, 2025 9:00 AM;4,064.39;2,018.66;3,799.29;9,675.97;12,996.14;91.69;-;9,537.50;3,343.00;4,446.00;2,452.50;1,280.00
Jul 8, 2025 9:00 AM;Jul 8, 2025 10:00 AM;3,827.41;1,794.23;3,840.78;9,974.65;19,206.40;90.88;-;8,828.75;3,076.50;3,779.00;965.75;1,283.50
Jul 8, 2025 10:00 AM;Jul 8, 2025 11:00 AM;3,634.24;1,901.60;3,634.27;10,504.69;23,866.52;91.45;-;8,003.25;2,083.50;2,826.25;260.50;1,260.00
Jul 8, 2025 11:00 AM;Jul 8, 2025 12:00 PM;3,544.89;1,760.73;3,382.61;11,410.19;26,555.34;94.53;-;7,523.75;1,811.25;2,728.50;38.25;1,258.75
Jul 8, 2025 12:00 PM;Jul 8, 2025 1:00 PM;3,474.24;1,846.90;3,360.11;11,688.25;27,832.64;94.25;-;6,834.50;1,738.25;2,410.50;29.75;1,267.00
Jul 8, 2025 1:00 PM;Jul 8, 2025 2:00 PM;3,460.32;1,785.32;3,148.98;12,570.60;28,630.12;93.84;-;6,765.50;1,670.50;2,407.25;26.75;1,267.00
Jul 8, 2025 2:00 PM;Jul 8, 2025 3:00 PM;3,432.57;1,721.09;2,540.53;13,678.64;28,913.14;93.58;-;6,061.00;1,786.25;2,442.25;5.25;1,263.75
Jul 8, 2025 3:00 PM;Jul 8, 2025 4:00 PM;3,432.92;1,731.72;2,271.19;13,136.20;27,903.49;94.07;-;5,476.00;1,952.50;2,504.50;8.75;1,284.25
Jul 8, 2025 4:00 PM;Jul 8, 2025 5:00 PM;3,561.09;1,724.86;2,730.98;14,637.74;25,078.25;94.94;-;5,061.50;2,190.75;2,538.75;21.25;1,279.25
Jul 8, 2025 5:00 PM;Jul 8, 2025 6:00 PM;3,672.38;1,768.25;3,586.47;16,166.57;19,765.23;94.80;-;6,256.75;2,495.50;2,817.00;28.50;1,258.50
Jul 8, 2025 6:00 PM;Jul 8, 2025 7:00 PM;3,935.45;1,825.07;3,865.28;15,815.43;13,289.44;94.27;-;8,307.50;2,955.50;3,419.75;474.50;1,270.00
Jul 8, 2025 7:00 PM;Jul 8, 2025 8:00 PM;4,245.55;1,787.18;3,869.16;14,959.19;6,685.35;95.39;-;9,602.50;3,062.00;4,305.25;1,161.75;1,292.25
Jul 8, 2025 8:00 PM;Jul 8, 2025 9:00 PM;4,447.54;1,864.49;3,801.30;13,338.82;2,066.53;94.93;-;9,808.00;3,153.25;4,371.50;2,585.75;1,284.50
Jul 8, 2025 9:00 PM;Jul 8, 2025 10:00 PM;4,479.84;1,922.43;3,604.11;12,300.47;211.41;94.47;-;9,858.00;3,221.50;4,441.00;3,603.75;1,301.00
Jul 8, 2025 10:00 PM;Jul 8, 2025 11:00 PM;4,337.91;1,851.13;3,195.48;11,723.47;62.91;95.04;-;9,729.25;3,235.25;4,380.75;2,535.00;1,290.75
Jul 8, 2025 11:00 PM;Jul 9, 2025 12:00 AM;4,116.40;1,798.40;2,760.56;11,994.00;60.80;96.12;-;9,701.75;3,086.75;4,111.25;1,135.00;1,272.00
Jul 9, 2025 12:00 AM;Jul 9, 2025 1:00 AM;3,893.12;1,801.26;2,403.32;11,964.88;55.46;95.92;-;9,668.25;2,951.00;3,904.00;238.75;1,290.75
Jul 9, 2025 1:00 AM;Jul 9, 2025 2:00 AM;3,786.97;1,801.50;1,913.76;11,980.23;52.26;96.25;-;9,354.50;2,711.25;3,701.00;53.25;1,251.00
Jul 9, 2025 2:00 AM;Jul 9, 2025 3:00 AM;3,738.82;1,808.67;1,449.32;11,794.35;52.07;96.15;-;9,066.50;2,332.25;3,689.25;1.25;1,237.25
Jul 9, 2025 3:00 AM;Jul 9, 2025 4:00 AM;3,734.48;1,808.99;1,084.15;11,759.92;53.42;96.88;-;9,092.00;2,512.25;3,765.50;2.00;1,250.50
Jul 9, 2025 4:00 AM;Jul 9, 2025 5:00 AM;3,791.14;1,809.88;993.46;11,878.28;54.87;97.18;-;9,174.00;2,813.25;3,792.25;112.75;1,232.00
Jul 9, 2025 5:00 AM;Jul 9, 2025 6:00 AM;3,936.76;1,819.01;901.30;12,095.41;299.36;97.20;-;9,726.25;2,924.50;3,884.50;118.25;1,245.25
Jul 9, 2025 6:00 AM;Jul 9, 2025 7:00 AM;4,226.58;1,911.52;1,050.44;11,279.64;2,502.89;96.09;-;9,910.75;3,229.00;4,255.25;1,543.75;1,254.00
Jul 9, 2025 7:00 AM;Jul 9, 2025 8:00 AM;4,319.45;1,998.88;1,060.23;10,001.65;7,291.30;93.95;-;9,898.00;3,296.50;4,323.25;3,405.25;1,240.25
Jul 9, 2025 8:00 AM;Jul 9, 2025 9:00 AM;4,169.18;2,202.18;1,084.59;10,366.54;14,235.21;91.16;-;9,647.00;3,211.50;4,317.50;3,018.50;1,226.25
Jul 9, 2025 9:00 AM;Jul 9, 2025 10:00 AM;3,872.08;1,968.63;1,076.84;11,102.26;21,009.89;89.82;-;8,789.50;2,288.50;3,403.00;369.25;1,247.75
Jul 9, 2025 10:00 AM;Jul 9, 2025 11:00 AM;3,642.54;2,067.31;1,048.10;11,611.63;24,993.33;90.32;-;7,871.75;1,665.75;2,899.25;381.00;1,238.25
Jul 9, 2025 11:00 AM;Jul 9, 2025 12:00 PM;3,527.32;1,900.56;994.88;11,849.62;26,910.37;92.10;-;7,015.50;1,332.75;2,959.50;419.25;1,189.75
Jul 9, 2025 12:00 PM;Jul 9, 2025 1:00 PM;3,409.67;1,911.24;914.24;12,189.84;28,222.57;91.36;-;6,394.25;1,028.50;2,931.25;96.25;1,189.00
Jul 9, 2025 1:00 PM;Jul 9, 2025 2:00 PM;3,402.73;1,938.50;926.97;12,314.13;28,897.35;91.14;-;6,123.00;972.25;3,147.00;74.50;1,192.00
Jul 9, 2025 2:00 PM;Jul 9, 2025 3:00 PM;3,418.17;1,931.62;954.84;12,403.60;29,389.15;93.44;-;6,356.00;1,020.00;2,934.25;149.50;1,223.25
Jul 9, 2025 3:00 PM;Jul 9, 2025 4:00 PM;3,465.76;2,100.81;899.13;12,252.93;27,706.59;94.62;-;6,106.50;1,175.75;2,794.00;151.50;1,236.50
Jul 9, 2025 4:00 PM;Jul 9, 2025 5:00 PM;3,601.58;2,084.62;787.57;11,967.91;24,364.16;94.63;-;6,886.25;1,785.75;2,892.25;185.25;1,234.00
Jul 9, 2025 5:00 PM;Jul 9, 2025 6:00 PM;3,742.29;2,104.80;818.32;11,651.20;19,887.45;95.07;-;8,446.25;2,555.75;3,751.25;225.00;1,230.00
Jul 9, 2025 6:00 PM;Jul 9, 2025 7:00 PM;4,005.47;2,010.53;849.61;10,986.18;13,550.45;94.25;-;10,198.00;3,521.75;5,168.75;349.75;1,303.25
Jul 9, 2025 7:00 PM;Jul 9, 2025 8:00 PM;4,312.58;1,948.19;658.92;9,328.07;6,883.33;93.87;-;10,741.25;4,178.75;6,023.00;1,910.25;1,305.50
Jul 9, 2025 8:00 PM;Jul 9, 2025 9:00 PM;4,514.00;2,101.54;536.16;7,330.62;2,171.86;93.85;-;11,065.25;3,955.00;6,552.75;3,202.50;1,286.00
Jul 9, 2025 9:00 PM;Jul 9, 2025 10:00 PM;4,556.51;2,140.02;569.62;5,958.65;258.25;95.05;-;11,107.50;3,974.75;6,666.25;4,480.00;1,296.75
Jul 9, 2025 10:00 PM;Jul 9, 2025 11:00 PM;4,431.77;1,993.30;489.94;5,502.67;68.33;95.33;-;10,876.00;4,139.50;6,609.25;3,564.75;1,295.50
Jul 9, 2025 11:00 PM;Jul 10, 2025 12:00 AM;4,196.24;1,937.60;449.05;5,819.10;55.46;95.07;-;10,804.50;3,831.75;6,403.25;1,714.00;1,270.25
Jul 10, 2025 12:00 AM;Jul 10, 2025 1:00 AM;3,960.06;1,847.08;391.60;5,449.17;56.33;95.46;-;10,404.00;3,633.75;5,866.75;498.25;1,347.75
Jul 10, 2025 1:00 AM;Jul 10, 2025 2:00 AM;3,845.01;1,774.13;513.79;4,907.47;53.32;96.02;-;10,454.00;3,671.50;5,417.50;38.25;1,347.25
Jul 10, 2025 2:00 AM;Jul 10, 2025 3:00 AM;3,787.47;1,751.56;612.30;4,300.46;52.81;95.53;-;10,548.75;3,673.75;4,741.75;3.25;1,348.00
Jul 10, 2025 3:00 AM;Jul 10, 2025 4:00 AM;3,773.98;1,759.19;692.89;3,706.77;52.69;95.91;-;10,559.75;3,778.75;4,610.25;3.75;1,364.75
Jul 10, 2025 4:00 AM;Jul 10, 2025 5:00 AM;3,840.05;1,761.38;850.29;3,365.65;54.28;96.58;-;10,570.50;3,637.00;4,767.25;91.50;1,407.25
Jul 10, 2025 5:00 AM;Jul 10, 2025 6:00 AM;4,022.14;1,802.85;988.32;3,186.73;367.79;95.67;-;10,665.75;3,524.50;5,056.00;554.25;1,397.75
Jul 10, 2025 6:00 AM;Jul 10, 2025 7:00 AM;4,250.45;1,838.72;1,064.56;2,837.00;3,033.41;94.54;-;11,021.75;3,817.75;5,231.75;1,699.50;1,357.25
Jul 10, 2025 7:00 AM;Jul 10, 2025 8:00 AM;4,304.79;1,906.22;1,006.58;1,876.12;9,211.97;91.89;-;10,707.00;3,741.00;5,334.25;2,065.25;1,348.25
Jul 10, 2025 8:00 AM;Jul 10, 2025 9:00 AM;4,079.80;1,893.99;895.20;1,430.41;18,404.40;91.23;-;10,551.50;3,180.75;5,220.75;1,467.50;1,332.50
Jul 10, 2025 9:00 AM;Jul 10, 2025 10:00 AM;3,806.95;1,856.57;733.42;1,706.15;28,012.43;89.44;-;9,383.00;2,608.75;3,971.50;122.25;1,345.75
Jul 10, 2025 10:00 AM;Jul 10, 2025 11:00 AM;3,652.41;1,883.80;695.01;2,221.58;34,975.41;87.75;-;7,263.75;1,851.25;2,692.50;49.00;1,356.75
Jul 10, 2025 11:00 AM;Jul 10, 2025 12:00 PM;3,574.53;1,823.48;522.03;2,792.52;38,203.74;91.52;-;5,591.75;1,686.00;2,303.25;67.00;1,321.25
Jul 10, 2025 12:00 PM;Jul 10, 2025 1:00 PM;3,501.01;1,763.07;565.23;3,494.16;39,397.88;91.95;-;5,263.00;1,530.75;2,328.75;24.75;1,318.25
Jul 10, 2025 1:00 PM;Jul 10, 2025 2:00 PM;3,459.73;1,728.57;544.56;4,676.32;38,696.62;92.45;-;5,112.00;1,326.50;2,373.75;37.50;1,329.50
Jul 10, 2025 2:00 PM;Jul 10, 2025 3:00 PM;3,479.67;1,669.65;581.01;5,908.26;36,971.63;93.80;-;5,148.75;1,319.25;2,703.75;44.25;1,332.00
Jul 10, 2025 3:00 PM;Jul 10, 2025 4:00 PM;3,524.03;1,687.97;671.69;7,222.42;33,756.56;91.80;-;5,251.75;1,338.50;3,018.75;10.00;1,341.00
Jul 10, 2025 4:00 PM;Jul 10, 2025 5:00 PM;3,611.96;1,609.92;825.34;7,856.40;28,697.35;92.19;-;5,923.75;1,428.75;3,144.00;28.00;1,371.75
Jul 10, 2025 5:00 PM;Jul 10, 2025 6:00 PM;3,736.09;1,646.70;861.78;8,118.26;22,222.23;92.92;-;8,258.25;2,391.50;3,845.50;45.00;1,386.75
Jul 10, 2025 6:00 PM;Jul 10, 2025 7:00 PM;4,057.14;1,751.30;735.03;8,116.33;14,514.51;92.93;-;9,916.50;3,156.25;5,827.75;631.25;1,436.00
Jul 10, 2025 7:00 PM;Jul 10, 2025 8:00 PM;4,413.91;1,905.13;689.66;7,330.85;7,205.28;92.65;-;10,455.25;3,661.50;6,417.50;3,405.25;1,395.25
Jul 10, 2025 8:00 PM;Jul 10, 2025 9:00 PM;4,548.81;2,082.36;1,018.48;5,902.74;2,215.00;92.93;-;10,501.25;3,698.25;6,680.25;5,400.50;1,414.25
Jul 10, 2025 9:00 PM;Jul 10, 2025 10:00 PM;4,560.25;1,978.67;1,253.42;4,839.50;243.51;93.37;-;10,373.25;3,695.00;6,803.50;4,908.00;1,410.25
Jul 10, 2025 10:00 PM;Jul 10, 2025 11:00 PM;4,419.28;1,920.52;1,486.85;4,401.90;65.74;93.73;-;10,490.75;3,750.75;6,496.50;3,810.50;1,413.50
Jul 10, 2025 11:00 PM;Jul 11, 2025 12:00 AM;4,210.58;1,705.02;1,474.51;5,199.22;59.86;92.89;-;10,486.75;3,746.75;5,957.00;1,651.50;1,395.25
Jul 11, 2025 12:00 AM;Jul 11, 2025 1:00 AM;3,944.56;1,674.93;1,315.90;5,697.38;54.21;93.17;-;10,346.75;3,584.50;5,380.75;327.25;1,263.00
Jul 11, 2025 1:00 AM;Jul 11, 2025 2:00 AM;3,838.36;1,648.21;1,220.25;5,645.73;54.08;93.82;-;10,164.00;3,524.50;4,601.00;278.25;1,271.50
Jul 11, 2025 2:00 AM;Jul 11, 2025 3:00 AM;3,793.78;1,667.22;1,279.19;5,430.50;54.48;93.51;-;10,215.25;3,582.50;4,362.25;319.50;1,357.25
Jul 11, 2025 3:00 AM;Jul 11, 2025 4:00 AM;3,761.17;1,592.31;1,452.04;5,549.48;55.39;92.81;-;10,260.00;3,588.00;4,347.75;120.75;1,366.50
Jul 11, 2025 4:00 AM;Jul 11, 2025 5:00 AM;3,763.14;1,593.08;1,558.45;5,567.78;57.67;92.60;-;10,307.00;3,579.50;4,468.50;253.00;1,369.50
Jul 11, 2025 5:00 AM;Jul 11, 2025 6:00 AM;3,904.58;1,663.47;1,538.92;5,948.80;356.28;92.87;-;10,311.50;3,580.75;4,634.50;358.25;1,347.00
Jul 11, 2025 6:00 AM;Jul 11, 2025 7:00 AM;4,181.70;1,773.64;1,671.95;5,801.17;2,741.34;92.60;-;10,654.75;3,774.25;4,890.50;1,120.50;1,342.50
Jul 11, 2025 7:00 AM;Jul 11, 2025 8:00 AM;4,263.21;1,832.25;1,805.79;4,356.08;7,883.14;91.91;-;10,608.00;3,551.75;5,094.75;2,522.00;1,383.75
Jul 11, 2025 8:00 AM;Jul 11, 2025 9:00 AM;4,099.77;1,871.42;1,806.26;3,848.76;15,372.71;91.34;-;10,012.25;3,522.00;4,861.25;1,437.25;1,373.00
Jul 11, 2025 9:00 AM;Jul 11, 2025 10:00 AM;3,812.54;1,727.83;1,654.29;4,919.74;22,888.95;89.57;-;7,981.50;3,253.25;3,972.50;663.50;1,393.00
Jul 11, 2025 10:00 AM;Jul 11, 2025 11:00 AM;3,490.93;1,702.51;970.41;6,458.89;27,894.73;90.70;-;5,994.25;2,339.25;3,666.50;148.50;1,470.25
Jul 11, 2025 11:00 AM;Jul 11, 2025 12:00 PM;3,497.55;1,620.11;1,002.52;7,497.14;32,457.58;91.80;-;5,126.25;1,890.00;3,112.75;115.75;1,448.50
Jul 11, 2025 12:00 PM;Jul 11, 2025 1:00 PM;3,444.54;1,541.70;996.45;8,640.15;35,603.65;94.08;-;4,030.25;1,660.00;2,263.00;6.75;1,435.50
Jul 11, 2025 1:00 PM;Jul 11, 2025 2:00 PM;3,406.16;1,576.58;969.78;9,741.39;36,824.48;95.36;-;3,790.25;1,500.75;2,006.75;22.75;1,430.25
Jul 11, 2025 2:00 PM;Jul 11, 2025 3:00 PM;3,384.03;1,562.65;1,342.35;10,638.53;35,782.51;95.23;-;3,744.00;1,257.00;1,946.25;24.25;1,365.50
Jul 11, 2025 3:00 PM;Jul 11, 2025 4:00 PM;3,407.59;1,646.84;2,127.01;12,155.08;32,318.28;94.02;-;3,774.00;1,010.50;1,904.75;30.50;1,368.00
Jul 11, 2025 4:00 PM;Jul 11, 2025 5:00 PM;3,517.79;1,766.61;2,477.88;13,640.55;27,575.66;93.64;-;4,054.25;990.50;2,104.50;188.00;1,379.00
Jul 11, 2025 5:00 PM;Jul 11, 2025 6:00 PM;3,639.57;1,715.52;2,690.78;14,615.94;21,250.94;94.80;-;6,001.25;1,390.00;2,525.25;86.00;1,405.75
Jul 11, 2025 6:00 PM;Jul 11, 2025 7:00 PM;3,899.48;1,743.03;2,700.28;14,941.61;13,677.90;94.85;-;7,419.25;2,414.75;3,133.50;192.50;1,399.25
Jul 11, 2025 7:00 PM;Jul 11, 2025 8:00 PM;4,232.21;1,727.82;2,748.53;13,351.19;6,742.55;95.91;-;7,840.25;3,114.25;4,704.50;1,633.25;1,397.75
Jul 11, 2025 8:00 PM;Jul 11, 2025 9:00 PM;4,432.16;1,870.45;2,737.75;11,082.49;2,089.69;98.51;-;7,879.25;3,306.50;5,553.50;3,185.00;1,405.25
Jul 11, 2025 9:00 PM;Jul 11, 2025 10:00 PM;4,524.72;1,848.87;2,833.66;9,672.29;261.90;98.54;-;7,899.00;3,293.00;5,602.75;5,441.25;1,399.25
Jul 11, 2025 10:00 PM;Jul 11, 2025 11:00 PM;4,421.00;1,778.08;2,839.02;8,541.61;88.28;98.18;-;7,940.00;3,248.50;5,455.00;5,239.25;1,401.75
Jul 11, 2025 11:00 PM;Jul 12, 2025 12:00 AM;4,220.64;1,671.37;2,912.72;8,145.65;62.70;98.27;-;7,982.00;3,065.00;5,348.75;3,635.75;1,396.25
Jul 12, 2025 12:00 AM;Jul 12, 2025 1:00 AM;4,044.28;1,594.43;2,592.01;7,402.67;67.31;98.49;-;7,829.75;3,217.50;4,997.50;1,506.75;1,351.25
Jul 12, 2025 1:00 AM;Jul 12, 2025 2:00 AM;3,961.62;1,552.89;2,022.31;6,796.82;57.78;98.64;-;7,375.75;2,969.75;4,618.25;1,462.50;1,315.25
Jul 12, 2025 2:00 AM;Jul 12, 2025 3:00 AM;3,903.88;1,523.56;1,713.60;6,538.00;54.51;99.43;-;6,608.25;2,912.50;4,302.50;216.75;1,325.50
Jul 12, 2025 3:00 AM;Jul 12, 2025 4:00 AM;3,855.13;1,589.22;1,895.25;6,654.76;54.75;99.41;-;6,113.00;2,912.25;3,770.50;633.50;1,314.00
Jul 12, 2025 4:00 AM;Jul 12, 2025 5:00 AM;3,862.40;1,493.49;1,874.32;7,386.54;55.41;98.89;-;6,036.00;2,815.00;3,652.00;200.00;1,318.00
Jul 12, 2025 5:00 AM;Jul 12, 2025 6:00 AM;3,916.05;1,566.29;2,093.35;8,589.67;201.72;99.61;-;6,042.75;2,791.25;3,284.00;299.75;1,299.25
Jul 12, 2025 6:00 AM;Jul 12, 2025 7:00 AM;4,013.76;1,509.24;2,523.60;8,938.22;2,134.45;98.11;-;5,445.25;2,726.50;2,640.50;349.00;1,275.25
Jul 12, 2025 7:00 AM;Jul 12, 2025 8:00 AM;4,019.24;1,561.01;3,298.43;8,288.00;6,345.01;96.63;-;5,061.25;2,331.50;2,607.75;549.50;1,281.25
Jul 12, 2025 8:00 AM;Jul 12, 2025 9:00 AM;3,897.12;1,567.98;3,897.49;8,160.41;12,460.20;97.11;-;4,766.00;1,097.00;2,102.50;246.25;1,322.00
Jul 12, 2025 9:00 AM;Jul 12, 2025 10:00 AM;3,752.01;1,681.06;4,132.67;8,777.87;19,045.34;97.20;-;3,586.75;555.50;1,744.75;99.50;1,330.75
Jul 12, 2025 10:00 AM;Jul 12, 2025 11:00 AM;3,621.19;1,617.76;3,901.67;9,645.31;24,928.53;96.47;-;3,044.00;561.75;1,570.00;157.50;1,328.25
Jul 12, 2025 11:00 AM;Jul 12, 2025 12:00 PM;3,519.72;1,607.16;3,581.48;9,611.73;27,923.09;95.62;-;3,012.00;539.75;1,569.75;30.25;1,350.00
Jul 12, 2025 12:00 PM;Jul 12, 2025 1:00 PM;3,454.30;1,582.18;3,138.42;8,720.25;28,671.25;92.90;-;2,983.25;529.50;1,544.75;218.00;1,349.25
Jul 12, 2025 1:00 PM;Jul 12, 2025 2:00 PM;3,374.28;1,567.66;2,722.27;7,974.09;27,599.25;91.88;-;2,935.00;526.00;1,547.50;96.50;1,350.75
Jul 12, 2025 2:00 PM;Jul 12, 2025 3:00 PM;3,366.27;1,467.83;2,839.77;7,818.58;26,066.42;91.37;-;2,935.25;550.50;1,527.50;14.00;1,346.75
Jul 12, 2025 3:00 PM;Jul 12, 2025 4:00 PM;3,408.08;1,571.34;3,518.97;8,671.86;22,964.89;90.33;-;3,027.75;572.75;1,538.50;13.75;1,365.75
Jul 12, 2025 4:00 PM;Jul 12, 2025 5:00 PM;3,504.69;1,645.82;3,359.80;8,458.20;19,119.23;90.83;-;3,301.50;581.25;1,560.00;54.25;1,367.00
Jul 12, 2025 5:00 PM;Jul 12, 2025 6:00 PM;3,640.41;1,643.15;2,888.41;7,813.00;14,418.55;90.71;-;4,471.75;676.25;2,092.00;342.50;1,380.75
Jul 12, 2025 6:00 PM;Jul 12, 2025 7:00 PM;3,948.87;1,589.98;2,344.58;7,179.89;9,502.26;90.78;-;5,409.75;1,220.25;3,130.00;962.25;1,418.25
Jul 12, 2025 7:00 PM;Jul 12, 2025 8:00 PM;4,266.47;1,576.69;2,438.93;6,729.28;4,870.57;91.35;-;6,321.00;1,591.00;4,100.50;3,784.00;1,427.75
Jul 12, 2025 8:00 PM;Jul 12, 2025 9:00 PM;4,437.67;1,730.32;2,605.90;6,113.62;1,561.66;92.14;-;6,340.50;1,745.50;4,381.00;3,512.00;1,439.25
Jul 12, 2025 9:00 PM;Jul 12, 2025 10:00 PM;4,462.05;1,924.56;2,458.65;5,793.31;170.29;93.77;-;6,345.00;1,796.25;4,430.25;4,491.00;1,443.25
Jul 12, 2025 10:00 PM;Jul 12, 2025 11:00 PM;4,351.18;1,918.67;2,725.82;5,203.59;93.93;95.34;-;6,394.50;1,805.00;4,455.00;4,475.00;1,447.25
Jul 12, 2025 11:00 PM;Jul 13, 2025 12:00 AM;4,144.52;1,757.63;2,716.71;4,954.44;64.16;95.69;-;6,404.50;1,780.75;4,383.50;3,294.50;1,455.25
Jul 13, 2025 12:00 AM;Jul 13, 2025 1:00 AM;3,951.35;1,581.99;2,365.29;4,604.83;66.57;94.24;-;6,406.75;1,538.50;4,148.75;2,172.50;1,450.50
Jul 13, 2025 1:00 AM;Jul 13, 2025 2:00 AM;3,863.76;1,461.25;2,107.78;4,365.36;58.52;95.16;-;6,271.75;1,418.00;3,706.75;1,223.00;1,430.50
Jul 13, 2025 2:00 AM;Jul 13, 2025 3:00 AM;3,795.22;1,465.18;2,072.01;3,930.99;54.35;96.16;-;6,211.50;1,412.00;3,086.75;314.75;1,425.75
Jul 13, 2025 3:00 AM;Jul 13, 2025 4:00 AM;3,780.65;1,434.66;1,681.68;3,839.01;55.55;96.30;-;6,140.75;1,383.25;3,098.00;187.50;1,420.75
Jul 13, 2025 4:00 AM;Jul 13, 2025 5:00 AM;3,797.85;1,467.23;1,548.14;3,817.86;55.38;96.41;-;6,141.00;1,341.00;3,045.25;216.50;1,398.50
Jul 13, 2025 5:00 AM;Jul 13, 2025 6:00 AM;3,873.54;1,427.21;1,529.05;4,271.06;201.66;97.01;-;6,050.00;1,340.25;3,023.00;196.50;1,353.25
Jul 13, 2025 6:00 AM;Jul 13, 2025 7:00 AM;3,911.56;1,500.78;1,990.89;4,127.62;2,101.96;97.21;-;5,268.25;1,283.25;2,947.00;213.00;1,483.00
Jul 13, 2025 7:00 AM;Jul 13, 2025 8:00 AM;3,902.31;1,684.33;1,906.64;3,363.54;6,543.24;95.96;-;5,043.75;809.25;2,742.75;306.25;1,520.75
Jul 13, 2025 8:00 AM;Jul 13, 2025 9:00 AM;3,821.04;1,792.11;1,748.28;2,652.30;12,578.64;94.07;-;5,004.75;574.75;2,161.50;1,072.25;1,599.00
Jul 13, 2025 9:00 AM;Jul 13, 2025 10:00 AM;3,692.51;1,622.48;1,550.61;2,416.51;19,236.57;92.83;-;4,480.75;561.75;1,828.25;594.00;1,643.50
Jul 13, 2025 10:00 AM;Jul 13, 2025 11:00 AM;3,549.14;1,659.10;1,446.45;2,514.54;26,770.05;92.10;-;3,754.25;550.25;1,622.75;88.00;1,642.00
Jul 13, 2025 11:00 AM;Jul 13, 2025 12:00 PM;3,427.36;1,616.29;1,620.03;2,740.17;32,198.28;88.83;-;3,482.75;520.25;1,563.00;61.50;1,655.75
Jul 13, 2025 12:00 PM;Jul 13, 2025 1:00 PM;3,366.46;1,603.82;1,506.97;3,411.68;34,681.20;85.70;-;3,438.00;515.00;1,551.25;51.25;1,692.75
Jul 13, 2025 1:00 PM;Jul 13, 2025 2:00 PM;3,342.96;1,605.83;1,432.14;3,536.05;35,456.56;85.67;-;2,997.50;512.75;1,578.25;13.50;1,772.00
Jul 13, 2025 2:00 PM;Jul 13, 2025 3:00 PM;3,337.22;1,581.53;1,359.99;3,464.28;35,055.54;85.62;-;2,920.75;512.50;1,580.00;7.00;1,576.75
Jul 13, 2025 3:00 PM;Jul 13, 2025 4:00 PM;3,363.17;1,557.50;1,145.78;3,810.42;33,628.32;84.60;-;2,993.25;502.50;1,635.00;6.75;1,422.75
Jul 13, 2025 4:00 PM;Jul 13, 2025 5:00 PM;3,458.65;1,584.04;886.24;3,591.27;29,998.88;86.35;-;3,508.00;603.25;1,688.00;12.75;1,411.25
Jul 13, 2025 5:00 PM;Jul 13, 2025 6:00 PM;3,609.80;1,647.29;953.17;3,579.16;24,268.85;86.34;-;5,745.00;1,578.75;2,000.75;56.25;1,427.50
Jul 13, 2025 6:00 PM;Jul 13, 2025 7:00 PM;3,891.81;1,656.26;948.14;2,940.08;15,731.05;87.73;-;8,101.75;2,571.75;3,168.00;838.25;1,419.00
Jul 13, 2025 7:00 PM;Jul 13, 2025 8:00 PM;4,200.83;1,550.86;1,110.64;2,036.28;7,275.25;88.65;-;9,252.50;3,447.50;4,376.00;2,843.75;1,420.75
Jul 13, 2025 8:00 PM;Jul 13, 2025 9:00 PM;4,397.97;1,674.91;995.96;1,566.65;2,130.95;89.28;-;9,779.75;4,033.50;5,340.75;4,345.25;1,422.25
Jul 13, 2025 9:00 PM;Jul 13, 2025 10:00 PM;4,394.28;1,606.94;1,071.05;1,486.99;204.39;90.19;-;10,159.75;4,228.25;5,636.50;3,833.25;1,429.00
Jul 13, 2025 10:00 PM;Jul 13, 2025 11:00 PM;4,306.48;1,613.13;1,129.62;1,274.39;77.79;90.52;-;10,429.00;4,297.75;5,694.50;3,833.75;1,441.00
Jul 13, 2025 11:00 PM;Jul 14, 2025 12:00 AM;4,089.61;1,427.39;948.45;1,239.16;58.88;90.63;-;10,231.50;4,241.00;5,635.75;1,538.75;1,462.00
Jul 14, 2025 12:00 AM;Jul 14, 2025 1:00 AM;3,851.31;1,509.98;854.12;1,199.49;64.03;92.20;-;10,072.00;4,103.25;5,114.75;1,098.75;1,503.25
Jul 14, 2025 1:00 AM;Jul 14, 2025 2:00 AM;3,767.16;1,451.38;939.96;1,308.69;64.86;92.71;-;9,867.00;3,994.00;5,050.00;626.75;1,505.25
Jul 14, 2025 2:00 AM;Jul 14, 2025 3:00 AM;3,687.60;1,389.78;850.57;1,617.33;53.80;92.93;-;9,887.75;3,984.25;4,957.50;166.50;1,513.25
Jul 14, 2025 3:00 AM;Jul 14, 2025 4:00 AM;3,660.53;1,375.73;498.92;2,170.13;52.93;93.34;-;9,866.00;3,981.75;4,921.50;119.25;1,501.00
Jul 14, 2025 4:00 AM;Jul 14, 2025 5:00 AM;3,736.66;1,351.65;244.01;3,238.58;53.84;92.60;-;9,975.25;4,009.00;4,899.50;106.75;1,486.25
Jul 14, 2025 5:00 AM;Jul 14, 2025 6:00 AM;3,889.01;1,393.53;186.80;4,296.32;346.32;92.37;-;10,055.00;4,177.25;5,035.75;229.00;1,510.50
Jul 14, 2025 6:00 AM;Jul 14, 2025 7:00 AM;4,115.04;1,480.90;226.78;4,765.05;3,061.46;91.96;-;10,032.25;4,286.50;5,251.50;1,115.25;1,496.25
Jul 14, 2025 7:00 AM;Jul 14, 2025 8:00 AM;4,198.02;1,541.33;238.64;4,431.95;8,734.47;90.42;-;10,034.50;4,365.00;5,282.00;2,058.50;1,506.50
Jul 14, 2025 8:00 AM;Jul 14, 2025 9:00 AM;4,026.27;1,551.03;149.39;3,333.10;16,227.88;89.57;-;9,953.50;3,980.50;4,314.50;1,756.00;1,505.50
Jul 14, 2025 9:00 AM;Jul 14, 2025 10:00 AM;3,714.91;1,521.79;99.40;3,305.30;23,507.27;90.15;-;9,892.75;3,377.25;3,136.00;770.25;1,515.00
Jul 14, 2025 10:00 AM;Jul 14, 2025 11:00 AM;3,525.91;1,521.87;51.60;3,862.95;27,702.66;88.49;-;8,585.50;2,535.00;2,897.50;74.50;1,511.50
Jul 14, 2025 11:00 AM;Jul 14, 2025 12:00 PM;3,461.92;1,640.28;42.86;4,712.75;28,317.13;90.78;-;8,041.00;2,160.75;2,878.50;372.00;1,511.25
Jul 14, 2025 12:00 PM;Jul 14, 2025 1:00 PM;3,374.45;1,520.19;44.66;5,925.01;28,438.68;91.87;-;7,914.50;2,279.25;2,767.75;201.00;1,529.50
Jul 14, 2025 1:00 PM;Jul 14, 2025 2:00 PM;3,336.62;1,464.45;9.53;6,789.65;29,046.27;92.25;-;7,270.00;2,122.75;2,577.25;49.00;1,546.25
Jul 14, 2025 2:00 PM;Jul 14, 2025 3:00 PM;3,334.78;1,509.91;14.64;7,853.06;28,689.98;91.48;-;6,833.50;1,940.50;2,554.50;11.25;1,514.75
Jul 14, 2025 3:00 PM;Jul 14, 2025 4:00 PM;3,361.17;1,559.49;44.69;8,558.49;27,221.89;91.33;-;6,397.25;1,679.00;2,537.50;0.00;1,503.25
Jul 14, 2025 4:00 PM;Jul 14, 2025 5:00 PM;3,491.15;1,693.96;23.65;8,971.82;23,249.79;89.48;-;7,266.50;2,006.75;2,578.25;45.50;1,493.50
Jul 14, 2025 5:00 PM;Jul 14, 2025 6:00 PM;3,640.58;1,648.50;58.99;8,973.24;17,837.58;89.68;-;9,121.75;3,044.25;2,915.50;393.25;1,503.75
Jul 14, 2025 6:00 PM;Jul 14, 2025 7:00 PM;3,975.62;1,712.71;28.34;7,886.91;11,701.15;90.09;-;10,628.75;4,035.00;3,849.00;1,279.75;1,495.75
Jul 14, 2025 7:00 PM;Jul 14, 2025 8:00 PM;4,270.03;1,645.88;3.50;6,686.84;6,073.28;91.00;-;10,768.25;4,425.75;4,858.75;2,936.50;1,518.25
Jul 14, 2025 8:00 PM;Jul 14, 2025 9:00 PM;4,435.83;1,775.70;0.86;5,321.38;1,915.24;91.59;-;10,744.50;4,536.25;5,100.00;4,558.25;1,504.25
Jul 14, 2025 9:00 PM;Jul 14, 2025 10:00 PM;4,409.65;1,811.21;4.78;4,736.11;131.61;92.97;-;10,617.25;4,574.75;5,155.50;4,945.75;1,507.50
Jul 14, 2025 10:00 PM;Jul 14, 2025 11:00 PM;4,300.09;1,921.42;41.54;4,041.24;41.64;92.38;-;10,437.75;4,593.00;5,112.25;4,874.25;1,520.00
Jul 14, 2025 11:00 PM;Jul 15, 2025 12:00 AM;4,087.33;1,756.45;192.52;4,148.24;11.04;93.32;-;10,538.75;4,506.25;4,969.50;2,516.50;1,520.00
Jul 15, 2025 12:00 AM;Jul 15, 2025 1:00 AM;3,866.93;1,539.08;632.80;4,255.48;8.18;93.56;-;10,596.50;4,374.50;4,559.25;863.25;1,521.75
Jul 15, 2025 1:00 AM;Jul 15, 2025 2:00 AM;3,796.52;1,533.40;1,229.31;4,474.46;7.32;93.88;-;10,520.75;4,356.75;3,899.75;573.25;1,548.50
Jul 15, 2025 2:00 AM;Jul 15, 2025 3:00 AM;3,674.84;1,496.81;1,587.95;4,954.43;5.72;94.12;-;10,509.50;4,295.75;3,701.75;131.00;1,535.00
Jul 15, 2025 3:00 AM;Jul 15, 2025 4:00 AM;3,643.58;1,548.11;2,347.53;5,554.77;5.76;94.64;-;10,525.00;4,310.25;3,667.75;87.50;1,509.25
Jul 15, 2025 4:00 AM;Jul 15, 2025 5:00 AM;3,702.60;1,448.48;3,020.79;6,503.60;7.01;95.12;-;10,556.25;4,298.25;3,635.00;84.75;1,477.50
Jul 15, 2025 5:00 AM;Jul 15, 2025 6:00 AM;3,864.19;1,516.30;3,137.71;7,492.09;247.04;94.48;-;10,621.25;4,395.00;3,607.50;116.00;1,463.25
Jul 15, 2025 6:00 AM;Jul 15, 2025 7:00 AM;4,128.56;1,677.46;2,341.19;9,215.57;2,411.61;93.08;-;10,764.50;4,464.50;3,893.75;970.50;1,459.25
Jul 15, 2025 7:00 AM;Jul 15, 2025 8:00 AM;4,181.26;1,709.76;2,194.09;8,387.68;7,233.73;91.17;-;10,717.50;4,097.25;3,922.75;1,775.50;1,453.25
Jul 15, 2025 8:00 AM;Jul 15, 2025 9:00 AM;3,866.90;1,682.43;2,089.22;7,291.01;14,085.31;90.18;-;10,566.25;3,633.25;3,689.75;753.25;1,457.25
Jul 15, 2025 9:00 AM;Jul 15, 2025 10:00 AM;3,576.04;1,558.91;2,052.07;7,627.61;20,614.14;89.50;-;9,299.25;2,589.25;2,852.50;242.50;1,447.50
Jul 15, 2025 10:00 AM;Jul 15, 2025 11:00 AM;3,381.10;1,564.73;1,813.93;8,649.92;25,061.48;89.40;-;7,967.75;1,662.50;2,295.50;17.75;1,466.75
Jul 15, 2025 11:00 AM;Jul 15, 2025 12:00 PM;3,333.62;1,577.43;1,867.83;9,301.52;28,249.68;90.38;-;6,921.00;1,275.25;2,106.75;7.00;1,443.00
Jul 15, 2025 12:00 PM;Jul 15, 2025 1:00 PM;3,351.79;1,434.64;2,018.50;11,153.47;29,633.05;92.47;-;4,935.50;1,111.00;2,057.25;53.00;1,441.00
Jul 15, 2025 1:00 PM;Jul 15, 2025 2:00 PM;3,343.26;1,511.21;1,929.43;12,671.50;28,157.10;92.10;-;4,610.25;1,061.50;2,027.50;28.75;1,453.00
Jul 15, 2025 2:00 PM;Jul 15, 2025 3:00 PM;3,396.76;1,498.03;1,689.30;13,384.95;26,799.20;89.75;-;5,283.00;1,093.00;2,138.50;201.00;1,460.75
Jul 15, 2025 3:00 PM;Jul 15, 2025 4:00 PM;3,416.63;1,480.34;1,384.68;13,887.72;26,379.82;92.83;-;5,667.00;1,113.75;2,054.00;9.25;1,454.75
Jul 15, 2025 4:00 PM;Jul 15, 2025 5:00 PM;3,521.01;1,594.47;1,103.33;13,012.37;23,754.69;94.37;-;6,273.75;1,198.75;2,109.75;4.50;1,450.75
Jul 15, 2025 5:00 PM;Jul 15, 2025 6:00 PM;3,690.23;1,536.99;1,282.56;12,425.55;18,843.23;94.94;-;8,558.75;1,900.50;3,100.75;63.75;1,454.75
Jul 15, 2025 6:00 PM;Jul 15, 2025 7:00 PM;4,022.58;1,594.29;1,010.68;11,183.57;12,309.06;95.02;-;10,273.00;3,190.25;3,989.75;882.75;1,470.50
Jul 15, 2025 7:00 PM;Jul 15, 2025 8:00 PM;4,296.91;1,660.17;1,246.22;8,908.20;6,134.90;95.23;-;10,731.00;3,822.25;5,109.25;1,304.50;1,469.50
Jul 15, 2025 8:00 PM;Jul 15, 2025 9:00 PM;4,488.34;1,740.38;1,414.95;6,395.80;1,783.29;95.04;-;10,761.00;4,011.75;5,395.75;2,216.00;1,478.00
Jul 15, 2025 9:00 PM;Jul 15, 2025 10:00 PM;4,455.39;1,784.01;1,193.29;5,186.94;115.15;95.35;-;10,721.75;4,072.50;5,475.50;2,546.00;1,508.75
Jul 15, 2025 10:00 PM;Jul 15, 2025 11:00 PM;4,283.29;1,698.66;1,129.87;5,332.19;19.21;95.78;-;10,736.50;4,079.50;5,432.75;1,891.50;1,497.75
Jul 15, 2025 11:00 PM;Jul 16, 2025 12:00 AM;4,066.14;1,539.01;1,164.39;6,160.73;5.50;95.68;-;10,654.50;3,958.00;4,970.75;910.00;1,504.75
Jul 16, 2025 12:00 AM;Jul 16, 2025 1:00 AM;3,861.00;1,539.07;1,146.49;6,539.49;7.80;95.58;-;10,603.00;3,845.75;3,813.50;487.75;1,524.00
Jul 16, 2025 1:00 AM;Jul 16, 2025 2:00 AM;3,764.77;1,526.51;1,525.93;6,763.38;5.13;96.00;-;10,398.25;3,767.00;3,532.50;102.50;1,523.75
Jul 16, 2025 2:00 AM;Jul 16, 2025 3:00 AM;3,705.71;1,494.49;1,868.92;7,687.39;5.38;95.64;-;10,306.25;3,544.25;3,326.50;17.50;1,517.75
Jul 16, 2025 3:00 AM;Jul 16, 2025 4:00 AM;3,698.46;1,675.83;1,846.63;8,538.39;5.65;95.96;-;10,240.75;3,311.00;3,289.25;137.50;1,532.50
Jul 16, 2025 4:00 AM;Jul 16, 2025 5:00 AM;3,757.48;1,531.04;1,885.20;9,323.27;7.12;95.75;-;10,389.50;3,598.25;3,471.00;108.00;1,567.25
Jul 16, 2025 5:00 AM;Jul 16, 2025 6:00 AM;3,886.85;1,513.77;1,858.59;9,851.30;274.28;94.44;-;10,467.25;3,826.75;3,675.75;129.25;1,571.25
Jul 16, 2025 6:00 AM;Jul 16, 2025 7:00 AM;4,217.93;1,602.31;1,742.47;10,076.23;2,459.01;94.51;-;10,815.00;4,052.50;4,000.00;980.25;1,553.75
Jul 16, 2025 7:00 AM;Jul 16, 2025 8:00 AM;4,285.58;1,569.60;1,601.51;9,129.80;6,778.54;92.94;-;10,830.25;4,169.25;4,053.25;1,085.00;1,553.25
Jul 16, 2025 8:00 AM;Jul 16, 2025 9:00 AM;4,126.40;1,578.41;1,302.78;7,268.31;12,342.29;73.69;-;10,796.25;4,160.75;4,043.25;1,876.25;1,553.25
Jul 16, 2025 9:00 AM;Jul 16, 2025 10:00 AM;3,888.26;1,631.93;921.77;6,895.79;17,578.44;79.59;-;10,387.75;4,006.00;3,827.25;1,064.25;1,555.25
Jul 16, 2025 10:00 AM;Jul 16, 2025 11:00 AM;3,636.17;1,665.75;870.30;6,937.45;22,812.71;91.96;-;8,826.25;3,857.50;3,247.50;501.25;1,564.50
Jul 16, 2025 11:00 AM;Jul 16, 2025 12:00 PM;3,512.35;1,611.88;762.36;7,984.76;25,940.05;93.16;-;7,932.00;4,002.75;3,019.25;67.50;1,554.00
Jul 16, 2025 12:00 PM;Jul 16, 2025 1:00 PM;3,458.58;1,579.60;676.53;8,946.06;27,893.44;94.78;-;7,153.75;3,631.00;2,806.50;34.50;1,556.00
Jul 16, 2025 1:00 PM;Jul 16, 2025 2:00 PM;3,436.97;1,497.82;610.92;9,780.30;29,071.57;94.14;-;6,369.75;3,285.50;2,719.50;56.75;1,520.25
Jul 16, 2025 2:00 PM;Jul 16, 2025 3:00 PM;3,455.05;1,756.74;560.63;10,260.55;28,646.00;94.77;-;6,005.50;3,186.50;2,750.75;204.75;1,506.75
Jul 16, 2025 3:00 PM;Jul 16, 2025 4:00 PM;3,492.62;1,679.74;576.82;10,473.34;26,451.65;95.07;-;6,224.00;3,167.50;2,791.25;154.25;1,520.25
Jul 16, 2025 4:00 PM;Jul 16, 2025 5:00 PM;3,602.61;1,576.82;646.34;10,764.61;22,642.38;94.48;-;7,253.50;3,705.75;2,819.75;117.50;1,534.00
Jul 16, 2025 5:00 PM;Jul 16, 2025 6:00 PM;3,730.94;1,592.12;580.94;10,907.64;17,316.94;94.89;-;8,842.25;4,529.25;3,421.75;213.50;1,537.50
Jul 16, 2025 6:00 PM;Jul 16, 2025 7:00 PM;4,041.58;1,698.51;712.82;10,513.77;10,907.85;93.80;-;10,308.75;5,143.25;4,686.25;1,593.75;1,547.00
Jul 16, 2025 7:00 PM;Jul 16, 2025 8:00 PM;4,348.22;1,829.01;725.33;9,440.37;5,419.14;93.09;-;10,600.00;5,335.25;5,442.00;3,303.25;1,562.25
Jul 16, 2025 8:00 PM;Jul 16, 2025 9:00 PM;4,500.66;1,933.25;844.23;8,158.15;1,665.44;95.18;-;10,635.00;5,346.50;5,746.25;3,987.75;1,558.75
Jul 16, 2025 9:00 PM;Jul 16, 2025 10:00 PM;4,523.93;1,972.12;1,213.24;7,654.44;136.33;97.23;-;10,620.50;5,346.75;5,843.00;4,578.50;1,540.75
Jul 16, 2025 10:00 PM;Jul 16, 2025 11:00 PM;4,396.89;1,765.55;1,715.14;7,864.10;36.71;97.08;-;10,646.25;5,348.50;5,807.00;4,142.00;1,529.00
Jul 16, 2025 11:00 PM;Jul 17, 2025 12:00 AM;4,153.91;1,643.37;2,225.65;8,604.08;20.10;98.24;-;10,634.75;5,315.75;5,686.50;2,590.00;1,515.25
Jul 17, 2025 12:00 AM;Jul 17, 2025 1:00 AM;3,883.63;1,586.40;2,496.90;9,163.34;13.45;98.30;-;10,491.00;4,905.25;5,232.75;834.75;1,452.75
Jul 17, 2025 1:00 AM;Jul 17, 2025 2:00 AM;3,788.34;1,627.95;2,585.83;9,475.89;7.26;97.80;-;10,267.75;4,724.00;4,007.00;293.00;1,460.50
Jul 17, 2025 2:00 AM;Jul 17, 2025 3:00 AM;3,731.88;1,668.52;2,520.60;9,173.33;5.91;97.73;-;10,265.25;4,721.50;3,919.50;266.50;1,452.25
Jul 17, 2025 3:00 AM;Jul 17, 2025 4:00 AM;3,706.00;1,702.30;2,225.87;9,225.91;7.62;97.99;-;10,046.75;4,734.00;3,962.25;623.25;1,441.00
Jul 17, 2025 4:00 AM;Jul 17, 2025 5:00 AM;3,757.07;1,644.59;2,493.02;9,675.87;6.73;98.09;-;9,784.25;4,720.75;4,067.50;301.00;1,446.50
Jul 17, 2025 5:00 AM;Jul 17, 2025 6:00 AM;3,912.88;1,874.87;3,044.99;10,794.94;163.18;98.25;-;9,826.75;4,798.50;4,205.25;309.75;1,433.75
Jul 17, 2025 6:00 AM;Jul 17, 2025 7:00 AM;4,228.81;1,702.27;3,488.81;11,222.33;2,101.05;99.05;-;10,539.00;4,919.50;4,712.50;208.50;1,431.75
Jul 17, 2025 7:00 AM;Jul 17, 2025 8:00 AM;4,291.55;1,896.49;3,608.15;9,825.28;6,643.88;96.97;-;10,660.00;4,959.50;5,194.00;1,552.25;1,419.00
Jul 17, 2025 8:00 AM;Jul 17, 2025 9:00 AM;4,083.33;1,981.45;3,367.11;9,867.05;12,714.32;96.15;-;10,520.00;4,290.75;4,767.00;1,396.00;1,444.25
Jul 17, 2025 9:00 AM;Jul 17, 2025 10:00 AM;3,822.72;1,956.11;3,152.43;11,311.90;18,539.61;96.94;-;9,782.50;3,246.25;4,006.50;166.00;1,489.25
Jul 17, 2025 10:00 AM;Jul 17, 2025 11:00 AM;3,655.27;2,026.66;3,106.76;12,536.40;23,288.97;97.85;-;8,720.75;2,069.25;3,712.25;178.00;1,490.00
Jul 17, 2025 11:00 AM;Jul 17, 2025 12:00 PM;3,568.14;1,950.96;3,114.42;13,017.04;26,358.87;98.23;-;7,953.50;1,580.50;3,643.75;53.00;1,470.00
Jul 17, 2025 12:00 PM;Jul 17, 2025 1:00 PM;3,513.98;1,904.36;3,349.18;13,421.30;27,544.41;97.98;-;7,148.25;1,341.00;3,371.25;1.00;1,433.25
Jul 17, 2025 1:00 PM;Jul 17, 2025 2:00 PM;3,505.44;1,901.60;3,155.14;14,138.98;28,363.96;98.46;-;6,807.50;1,195.00;3,550.75;1.00;1,435.50
Jul 17, 2025 2:00 PM;Jul 17, 2025 3:00 PM;3,503.56;1,878.04;2,956.43;13,842.86;28,105.12;98.43;-;6,647.75;1,215.00;3,412.00;1.00;1,474.50
Jul 17, 2025 3:00 PM;Jul 17, 2025 4:00 PM;3,488.07;1,966.54;3,446.89;14,267.13;25,924.83;97.65;-;6,622.00;1,203.00;3,431.00;13.00;1,456.75
Jul 17, 2025 4:00 PM;Jul 17, 2025 5:00 PM;3,605.61;1,959.88;3,462.65;14,250.09;21,963.04;97.88;-;7,722.75;1,347.00;3,407.50;170.00;1,481.50
Jul 17, 2025 5:00 PM;Jul 17, 2025 6:00 PM;3,721.28;1,908.39;3,185.13;13,758.71;16,919.63;97.46;-;9,282.50;2,316.75;3,306.25;135.25;1,502.75
Jul 17, 2025 6:00 PM;Jul 17, 2025 7:00 PM;3,985.16;1,854.01;2,543.29;13,099.26;10,935.20;97.13;-;10,176.50;4,272.25;4,372.25;197.00;1,521.50
Jul 17, 2025 7:00 PM;Jul 17, 2025 8:00 PM;4,288.31;1,981.33;2,124.13;11,296.29;5,309.67;96.31;-;10,838.75;5,444.25;5,295.25;972.25;1,494.50
Jul 17, 2025 8:00 PM;Jul 17, 2025 9:00 PM;4,494.69;2,016.89;1,520.73;9,467.25;1,480.73;96.69;-;10,857.00;5,934.00;6,029.50;3,621.25;1,500.75
Jul 17, 2025 9:00 PM;Jul 17, 2025 10:00 PM;4,488.14;2,013.44;1,199.30;8,095.57;122.75;97.80;-;10,817.50;5,968.25;6,141.00;4,267.75;1,489.50
Jul 17, 2025 10:00 PM;Jul 17, 2025 11:00 PM;4,353.41;2,004.98;988.57;6,960.60;19.58;97.05;-;10,841.00;5,972.25;6,160.75;3,214.25;1,496.00
Jul 17, 2025 11:00 PM;Jul 18, 2025 12:00 AM;4,116.55;1,889.86;888.09;6,190.88;9.61;98.80;-;10,527.75;5,947.50;6,126.25;1,336.75;1,501.00
Jul 18, 2025 12:00 AM;Jul 18, 2025 1:00 AM;3,857.57;1,875.44;805.25;5,211.03;9.12;98.15;-;10,553.00;5,861.75;5,909.25;506.75;1,465.25
Jul 18, 2025 1:00 AM;Jul 18, 2025 2:00 AM;3,751.56;1,837.20;710.00;4,223.00;5.09;98.11;-;10,485.50;5,551.50;5,786.75;288.50;1,427.25
Jul 18, 2025 2:00 AM;Jul 18, 2025 3:00 AM;3,713.28;1,793.92;547.62;3,315.34;5.67;98.56;-;10,327.75;5,199.00;5,689.00;153.00;1,442.25
Jul 18, 2025 3:00 AM;Jul 18, 2025 4:00 AM;3,715.69;1,841.31;357.38;2,823.87;5.83;99.38;-;10,419.50;5,171.25;5,675.75;219.25;1,440.00
Jul 18, 2025 4:00 AM;Jul 18, 2025 5:00 AM;3,779.05;1,788.38;229.62;2,306.70;6.24;99.68;-;10,521.25;5,507.25;5,712.25;171.75;1,443.00
Jul 18, 2025 5:00 AM;Jul 18, 2025 6:00 AM;3,945.96;2,001.60;176.18;1,814.60;104.68;100.05;-;10,639.50;5,934.00;5,908.75;939.00;1,443.75
Jul 18, 2025 6:00 AM;Jul 18, 2025 7:00 AM;4,227.13;2,095.56;110.65;1,382.81;1,991.92;100.19;-;9,771.00;5,968.75;5,976.25;2,353.75;1,439.00
Jul 18, 2025 7:00 AM;Jul 18, 2025 8:00 AM;4,296.04;2,021.19;101.22;926.40;6,862.08;97.90;-;10,566.00;5,882.50;6,158.00;2,659.75;1,460.75
Jul 18, 2025 8:00 AM;Jul 18, 2025 9:00 AM;4,103.74;1,941.39;80.93;546.09;14,565.08;96.37;-;10,591.25;5,453.25;5,945.75;1,722.50;1,445.50
Jul 18, 2025 9:00 AM;Jul 18, 2025 10:00 AM;3,831.03;1,893.45;30.65;375.26;22,253.86;93.63;-;10,338.75;4,627.00;4,310.00;279.25;1,481.25
Jul 18, 2025 10:00 AM;Jul 18, 2025 11:00 AM;3,650.52;1,919.38;12.73;396.40;28,571.70;94.16;-;9,979.50;3,983.25;3,231.00;73.00;1,507.75
Jul 18, 2025 11:00 AM;Jul 18, 2025 12:00 PM;3,560.78;1,809.73;4.97;480.07;32,735.99;93.62;-;8,882.25;3,158.50;3,001.25;27.75;1,511.50
Jul 18, 2025 12:00 PM;Jul 18, 2025 1:00 PM;3,484.36;1,797.06;1.92;587.41;35,452.24;92.74;-;7,932.25;2,375.25;2,907.00;40.00;1,491.25
Jul 18, 2025 1:00 PM;Jul 18, 2025 2:00 PM;3,431.59;1,818.86;3.16;633.76;36,905.85;92.90;-;7,484.25;2,103.00;2,777.00;73.50;1,419.25
Jul 18, 2025 2:00 PM;Jul 18, 2025 3:00 PM;3,422.25;1,730.84;6.57;721.30;37,014.54;92.90;-;7,651.75;2,039.50;2,891.00;12.50;1,385.75
Jul 18, 2025 3:00 PM;Jul 18, 2025 4:00 PM;3,485.64;1,628.46;12.21;1,044.25;34,060.66;92.27;-;7,748.50;2,237.00;2,923.00;0.50;1,393.75
Jul 18, 2025 4:00 PM;Jul 18, 2025 5:00 PM;3,604.59;1,883.69;5.93;1,533.97;29,683.37;92.03;-;8,321.00;2,890.25;2,961.75;139.00;1,380.75
Jul 18, 2025 5:00 PM;Jul 18, 2025 6:00 PM;3,794.79;1,731.95;18.02;1,294.46;23,978.63;92.26;-;9,374.25;4,081.75;4,008.75;47.75;1,380.25
Jul 18, 2025 6:00 PM;Jul 18, 2025 7:00 PM;4,120.18;1,817.88;17.23;950.08;16,010.05;92.31;-;10,293.50;5,249.25;6,651.25;918.25;1,389.50
Jul 18, 2025 7:00 PM;Jul 18, 2025 8:00 PM;4,473.48;1,952.39;11.52;884.18;7,598.42;92.16;-;10,968.00;5,758.75;7,613.00;3,745.50;1,404.25
Jul 18, 2025 8:00 PM;Jul 18, 2025 9:00 PM;4,630.95;1,933.12;7.89;931.49;2,093.47;92.84;-;10,971.25;5,934.50;7,754.25;5,151.50;1,400.50
Jul 18, 2025 9:00 PM;Jul 18, 2025 10:00 PM;4,604.12;1,929.06;6.55;975.49;131.98;93.80;-;10,986.75;5,940.25;7,721.25;4,849.25;1,405.50
Jul 18, 2025 10:00 PM;Jul 18, 2025 11:00 PM;4,450.13;1,954.68;30.55;1,032.59;22.86;94.99;-;10,970.75;5,882.00;7,689.75;4,496.50;1,417.25
Jul 18, 2025 11:00 PM;Jul 19, 2025 12:00 AM;4,236.94;1,922.57;69.64;1,303.59;19.74;96.92;-;10,356.00;5,758.25;6,674.75;4,205.25;1,419.25
Jul 19, 2025 12:00 AM;Jul 19, 2025 1:00 AM;4,040.76;1,667.50;60.67;1,507.98;16.65;97.39;-;10,107.25;5,490.50;5,517.00;2,604.25;1,543.00
Jul 19, 2025 1:00 AM;Jul 19, 2025 2:00 AM;3,920.95;1,784.40;83.50;1,758.89;10.13;97.18;-;10,082.00;5,079.25;5,101.25;1,662.00;1,578.50
Jul 19, 2025 2:00 AM;Jul 19, 2025 3:00 AM;3,892.68;1,871.70;213.97;2,069.36;8.73;98.14;-;10,021.25;4,735.00;5,168.50;785.00;1,553.00
Jul 19, 2025 3:00 AM;Jul 19, 2025 4:00 AM;3,864.46;1,670.25;189.54;2,312.44;5.25;98.52;-;10,052.75;4,698.50;4,952.50;483.00;1,547.00
Jul 19, 2025 4:00 AM;Jul 19, 2025 5:00 AM;3,912.78;1,648.70;152.75;2,560.89;6.23;98.27;-;10,028.00;4,299.25;4,574.75;143.75;1,519.25
Jul 19, 2025 5:00 AM;Jul 19, 2025 6:00 AM;3,996.19;1,664.02;144.73;3,234.72;213.51;98.58;-;9,945.75;3,584.50;4,164.25;166.50;1,471.25
Jul 19, 2025 6:00 AM;Jul 19, 2025 7:00 AM;4,112.24;1,701.38;164.69;3,655.52;2,946.88;98.18;-;9,849.50;3,043.75;3,368.00;416.50;1,485.50
Jul 19, 2025 7:00 AM;Jul 19, 2025 8:00 AM;4,089.78;1,640.22;218.91;3,517.91;10,142.74;96.95;-;8,715.50;2,376.00;3,085.50;275.50;1,478.25
Jul 19, 2025 8:00 AM;Jul 19, 2025 9:00 AM;3,966.69;1,644.75;261.15;2,174.83;21,134.07;95.94;-;6,533.00;1,218.75;2,258.25;175.00;1,487.75
Jul 19, 2025 9:00 AM;Jul 19, 2025 10:00 AM;3,814.09;1,642.89;341.99;1,614.83;32,191.70;94.20;-;3,685.25;562.75;1,706.25;59.00;1,523.00
Jul 19, 2025 10:00 AM;Jul 19, 2025 11:00 AM;3,615.55;1,562.03;362.03;1,989.52;40,404.35;93.36;-;3,326.00;559.50;1,569.75;22.00;1,465.25
Jul 19, 2025 11:00 AM;Jul 19, 2025 12:00 PM;3,497.41;1,536.68;417.56;2,434.68;45,071.93;90.24;-;3,528.25;577.50;1,551.00;27.25;1,464.25
Jul 19, 2025 12:00 PM;Jul 19, 2025 1:00 PM;3,424.84;1,615.99;370.80;2,931.18;46,733.24;89.53;-;3,470.75;602.25;1,575.00;24.75;1,441.75
Jul 19, 2025 1:00 PM;Jul 19, 2025 2:00 PM;3,383.61;1,660.46;405.08;3,565.78;45,874.10;87.76;-;3,474.25;537.50;1,581.00;3.00;1,452.50
Jul 19, 2025 2:00 PM;Jul 19, 2025 3:00 PM;3,357.34;1,549.06;889.38;4,344.30;43,008.21;73.94;-;3,494.75;548.75;1,545.50;1.75;1,432.75
Jul 19, 2025 3:00 PM;Jul 19, 2025 4:00 PM;3,386.37;1,552.60;1,414.15;5,478.43;37,458.05;72.40;-;3,519.50;585.75;1,554.75;1.00;1,412.25
Jul 19, 2025 4:00 PM;Jul 19, 2025 5:00 PM;3,521.08;1,560.79;1,867.26;6,843.85;29,650.80;82.70;-;3,876.00;601.25;1,606.75;5.50;1,390.75
Jul 19, 2025 5:00 PM;Jul 19, 2025 6:00 PM;3,685.46;1,735.25;1,781.23;7,048.47;21,113.98;84.25;-;5,586.50;746.75;1,916.50;357.75;1,402.25
Jul 19, 2025 6:00 PM;Jul 19, 2025 7:00 PM;3,973.32;1,814.50;1,739.09;6,737.03;12,596.20;76.00;-;6,950.25;980.00;2,283.00;2,158.75;1,389.50
Jul 19, 2025 7:00 PM;Jul 19, 2025 8:00 PM;4,301.86;2,008.17;2,160.06;6,657.13;5,661.09;77.47;-;7,115.75;1,370.00;2,715.75;4,870.50;1,406.50
Jul 19, 2025 8:00 PM;Jul 19, 2025 9:00 PM;4,417.70;2,039.37;2,624.68;7,430.93;1,581.64;79.84;-;6,792.50;1,975.25;3,127.50;5,259.00;1,454.25
Jul 19, 2025 9:00 PM;Jul 19, 2025 10:00 PM;4,430.44;2,099.69;3,288.90;9,856.41;90.80;82.07;-;6,709.00;2,183.75;3,677.50;4,537.50;1,462.50
Jul 19, 2025 10:00 PM;Jul 19, 2025 11:00 PM;4,271.09;1,777.88;4,255.23;11,932.85;15.19;81.02;-;6,488.00;2,086.50;4,053.50;2,561.25;1,472.50
Jul 19, 2025 11:00 PM;Jul 20, 2025 12:00 AM;4,076.67;1,697.26;4,688.65;12,502.76;9.10;79.34;-;6,429.50;1,994.75;4,524.25;1,510.00;1,483.00
Jul 20, 2025 12:00 AM;Jul 20, 2025 1:00 AM;3,914.50;1,711.73;5,365.96;12,282.04;15.26;80.09;-;6,617.25;1,671.75;3,753.50;1,318.00;1,521.50
Jul 20, 2025 1:00 AM;Jul 20, 2025 2:00 AM;3,843.23;1,631.07;5,343.68;11,036.72;5.35;81.74;-;6,426.75;1,212.75;3,240.25;231.25;1,538.25
Jul 20, 2025 2:00 AM;Jul 20, 2025 3:00 AM;3,827.60;1,712.22;5,221.82;9,641.68;5.65;82.63;-;6,682.00;1,208.50;2,864.50;509.00;1,545.25
Jul 20, 2025 3:00 AM;Jul 20, 2025 4:00 AM;3,829.52;1,639.06;4,625.16;8,321.70;6.64;82.78;-;7,114.00;1,203.00;2,600.25;272.25;1,528.25
Jul 20, 2025 4:00 AM;Jul 20, 2025 5:00 AM;3,873.33;1,659.44;3,562.90;7,287.35;6.71;82.89;-;7,118.00;1,200.00;2,456.00;105.75;1,541.00
Jul 20, 2025 5:00 AM;Jul 20, 2025 6:00 AM;3,955.74;1,667.21;2,718.62;7,093.88;230.55;83.09;-;7,103.50;1,192.25;2,482.75;224.75;1,543.00
Jul 20, 2025 6:00 AM;Jul 20, 2025 7:00 AM;4,010.61;1,691.07;1,762.45;6,590.03;2,749.15;83.43;-;6,687.50;1,192.50;2,475.50;113.00;1,541.50
Jul 20, 2025 7:00 AM;Jul 20, 2025 8:00 AM;3,984.31;1,650.34;1,379.08;4,597.08;9,326.85;81.99;-;5,829.00;1,141.75;2,352.25;415.25;1,535.00
Jul 20, 2025 8:00 AM;Jul 20, 2025 9:00 AM;3,851.07;1,713.69;1,169.36;2,469.27;19,434.84;79.95;-;4,910.00;701.25;1,899.25;382.50;1,531.75
Jul 20, 2025 9:00 AM;Jul 20, 2025 10:00 AM;3,690.65;1,631.12;1,352.48;1,695.07;28,307.57;83.12;-;3,600.75;654.00;1,470.00;11.25;1,518.75
Jul 20, 2025 10:00 AM;Jul 20, 2025 11:00 AM;3,518.90;1,618.27;851.89;1,718.62;34,503.50;90.85;-;3,467.00;533.25;1,443.75;95.00;1,514.75
Jul 20, 2025 11:00 AM;Jul 20, 2025 12:00 PM;3,421.25;1,591.65;554.86;2,102.01;38,341.01;90.35;-;3,494.00;506.75;1,472.75;52.50;1,515.50
Jul 20, 2025 12:00 PM;Jul 20, 2025 1:00 PM;3,340.05;1,560.39;378.65;2,740.45;40,116.52;89.63;-;3,472.50;521.50;1,457.25;47.50;1,518.50
Jul 20, 2025 1:00 PM;Jul 20, 2025 2:00 PM;3,326.42;1,557.35;311.96;3,404.93;39,563.78;89.00;-;3,482.50;540.50;1,463.00;16.25;1,513.50
Jul 20, 2025 2:00 PM;Jul 20, 2025 3:00 PM;3,312.79;1,590.90;450.29;3,516.96;37,818.82;87.74;-;3,499.00;526.50;1,463.50;17.50;1,526.25
Jul 20, 2025 3:00 PM;Jul 20, 2025 4:00 PM;3,353.52;1,587.13;904.15;3,769.25;32,631.19;87.04;-;3,602.00;616.00;1,500.75;20.00;1,512.25
Jul 20, 2025 4:00 PM;Jul 20, 2025 5:00 PM;3,465.30;1,551.19;1,188.38;4,827.51;26,439.63;86.51;-;4,929.00;1,045.25;1,652.50;17.75;1,514.75
Jul 20, 2025 5:00 PM;Jul 20, 2025 6:00 PM;3,619.04;1,719.52;1,656.70;5,079.58;19,544.70;86.16;-;6,697.50;2,360.50;2,222.00;79.75;1,514.25
Jul 20, 2025 6:00 PM;Jul 20, 2025 7:00 PM;3,947.94;2,197.77;1,807.97;5,096.67;11,285.58;86.60;-;8,025.25;3,499.75;3,220.25;1,132.75;1,499.75
Jul 20, 2025 7:00 PM;Jul 20, 2025 8:00 PM;4,253.68;2,147.98;2,052.02;6,185.59;4,787.16;85.32;-;9,512.50;4,183.75;3,997.00;2,244.00;1,523.25
Jul 20, 2025 8:00 PM;Jul 20, 2025 9:00 PM;4,355.02;2,061.54;1,944.03;7,490.90;1,294.27;84.09;-;9,767.50;4,199.25;4,166.00;2,175.25;1,512.50
Jul 20, 2025 9:00 PM;Jul 20, 2025 10:00 PM;4,286.36;2,071.23;1,616.56;9,603.48;78.04;85.02;-;9,889.25;4,166.00;4,527.75;1,990.75;1,513.75
Jul 20, 2025 10:00 PM;Jul 20, 2025 11:00 PM;4,157.82;1,914.55;1,545.15;10,648.52;11.32;86.11;-;9,769.25;4,215.00;4,626.75;1,288.25;1,521.00
Jul 20, 2025 11:00 PM;Jul 21, 2025 12:00 AM;3,970.78;1,814.05;1,431.69;12,335.53;6.73;85.30;-;9,255.25;3,964.00;4,577.25;454.50;1,532.00
Jul 21, 2025 12:00 AM;Jul 21, 2025 1:00 AM;3,745.65;1,596.18;1,474.97;11,296.06;6.65;85.10;-;9,083.50;3,620.50;4,113.25;84.75;1,557.00
Jul 21, 2025 1:00 AM;Jul 21, 2025 2:00 AM;3,689.67;1,592.30;1,334.97;10,526.55;9.90;77.89;-;9,020.00;3,461.75;3,959.75;184.75;1,569.00
Jul 21, 2025 2:00 AM;Jul 21, 2025 3:00 AM;3,672.51;1,531.90;1,042.18;9,645.00;8.69;78.26;-;8,802.75;3,528.50;4,111.00;78.25;1,569.75
Jul 21, 2025 3:00 AM;Jul 21, 2025 4:00 AM;3,677.33;1,664.98;977.87;8,539.63;5.53;79.01;-;8,932.00;3,503.50;4,229.25;41.75;1,549.00
Jul 21, 2025 4:00 AM;Jul 21, 2025 5:00 AM;3,729.91;1,730.68;1,052.30;7,974.99;6.29;79.34;-;9,563.00;3,663.25;4,288.75;94.50;1,576.75
Jul 21, 2025 5:00 AM;Jul 21, 2025 6:00 AM;3,864.66;1,742.79;951.22;6,994.76;77.30;79.33;-;9,819.00;3,991.25;4,524.75;422.50;1,560.00
Jul 21, 2025 6:00 AM;Jul 21, 2025 7:00 AM;4,196.71;1,869.37;858.99;6,424.40;1,083.37;79.13;-;9,948.00;4,170.00;5,127.75;2,084.75;1,465.50
Jul 21, 2025 7:00 AM;Jul 21, 2025 8:00 AM;4,277.98;2,073.77;710.43;5,104.62;3,349.95;81.16;-;9,885.00;4,174.00;5,142.25;3,712.00;1,426.00
Jul 21, 2025 8:00 AM;Jul 21, 2025 9:00 AM;4,163.70;2,025.66;806.34;4,009.00;6,204.22;85.15;-;9,799.75;4,219.00;5,035.75;3,733.50;1,429.75
Jul 21, 2025 9:00 AM;Jul 21, 2025 10:00 AM;3,951.38;2,004.78;997.68;3,003.96;8,758.79;84.03;-;9,788.75;4,166.75;4,833.25;1,614.75;1,453.75
Jul 21, 2025 10:00 AM;Jul 21, 2025 11:00 AM;3,764.04;2,040.67;1,189.70;2,709.10;11,240.12;85.69;-;9,662.75;4,207.75;4,292.00;2,325.25;1,443.50
Jul 21, 2025 11:00 AM;Jul 21, 2025 12:00 PM;3,651.61;1,989.59;1,260.44;3,259.18;12,948.03;86.01;-;9,578.25;4,336.50;3,977.75;1,174.00;1,447.00
Jul 21, 2025 12:00 PM;Jul 21, 2025 1:00 PM;3,496.56;1,947.42;930.78;3,589.92;14,726.99;87.62;-;9,064.75;4,240.50;3,564.00;686.00;1,454.75
Jul 21, 2025 1:00 PM;Jul 21, 2025 2:00 PM;3,422.97;1,942.29;634.17;3,880.29;17,192.89;89.53;-;9,059.25;4,233.75;3,318.25;163.75;1,476.00
Jul 21, 2025 2:00 PM;Jul 21, 2025 3:00 PM;3,399.58;1,849.27;716.37;5,175.05;19,159.66;91.37;-;8,965.50;3,874.75;3,163.50;142.75;1,461.75
Jul 21, 2025 3:00 PM;Jul 21, 2025 4:00 PM;3,459.65;1,856.96;1,126.67;6,706.42;19,214.95;90.58;-;9,080.25;3,913.00;2,972.25;139.25;1,455.50
Jul 21, 2025 4:00 PM;Jul 21, 2025 5:00 PM;3,569.38;1,931.25;1,602.48;8,924.43;16,948.13;90.35;-;9,450.25;4,074.50;3,147.00;123.25;1,449.25
Jul 21, 2025 5:00 PM;Jul 21, 2025 6:00 PM;3,768.80;2,002.77;1,823.38;10,287.55;15,010.45;91.01;-;9,466.75;4,061.00;3,611.50;162.50;1,488.25
Jul 21, 2025 6:00 PM;Jul 21, 2025 7:00 PM;4,094.55;2,140.49;1,869.51;10,408.43;10,404.54;88.84;-;9,440.00;4,133.00;4,055.00;888.00;1,477.75
Jul 21, 2025 7:00 PM;Jul 21, 2025 8:00 PM;4,372.53;2,260.23;2,065.72;9,780.17;5,080.00;90.04;-;9,518.00;4,260.00;5,012.50;2,695.75;1,476.75
Jul 21, 2025 8:00 PM;Jul 21, 2025 9:00 PM;4,493.62;2,540.28;1,666.90;8,352.75;1,350.98;90.10;-;9,836.75;4,317.75;5,251.75;4,594.00;1,488.50
Jul 21, 2025 9:00 PM;Jul 21, 2025 10:00 PM;4,501.79;2,776.27;903.92;7,394.21;111.01;91.23;-;9,858.00;4,298.50;5,480.25;5,024.50;1,498.75
Jul 21, 2025 10:00 PM;Jul 21, 2025 11:00 PM;4,369.60;2,498.62;588.18;8,079.83;17.29;91.74;-;9,883.75;4,159.25;5,363.75;3,079.25;1,497.25
Jul 21, 2025 11:00 PM;Jul 22, 2025 12:00 AM;4,106.66;2,357.80;501.51;9,282.07;8.06;91.91;-;9,800.75;3,886.00;4,700.00;1,103.75;1,517.25
Jul 22, 2025 12:00 AM;Jul 22, 2025 1:00 AM;3,884.53;2,284.54;368.53;10,039.72;7.91;92.47;-;9,543.00;3,346.75;3,766.25;458.50;1,506.75
Jul 22, 2025 1:00 AM;Jul 22, 2025 2:00 AM;3,792.54;2,081.72;266.63;11,105.75;7.45;91.89;-;9,509.50;3,029.75;3,143.75;138.00;1,528.25
Jul 22, 2025 2:00 AM;Jul 22, 2025 3:00 AM;3,725.23;2,014.11;367.16;11,715.25;5.56;91.51;-;9,348.50;2,951.00;2,977.75;12.00;1,531.50
Jul 22, 2025 3:00 AM;Jul 22, 2025 4:00 AM;3,703.77;2,057.48;499.59;12,080.93;6.01;89.67;-;9,351.50;2,889.50;2,967.75;99.25;1,537.75
Jul 22, 2025 4:00 AM;Jul 22, 2025 5:00 AM;3,759.97;2,073.83;504.45;12,287.99;7.62;89.73;-;9,444.50;2,978.25;2,970.50;149.50;1,519.75
Jul 22, 2025 5:00 AM;Jul 22, 2025 6:00 AM;3,920.39;2,186.22;493.57;12,448.52;88.77;89.92;-;9,456.00;3,177.25;3,099.50;491.25;1,497.25
Jul 22, 2025 6:00 AM;Jul 22, 2025 7:00 AM;4,203.86;2,309.73;424.10;12,738.95;1,698.56;90.34;-;9,622.00;3,547.25;3,375.25;1,362.00;1,511.25
Jul 22, 2025 7:00 AM;Jul 22, 2025 8:00 AM;4,246.66;2,357.18;305.33;11,899.51;5,722.02;89.57;-;9,659.00;3,643.75;3,328.50;1,563.75;1,509.00
Jul 22, 2025 8:00 AM;Jul 22, 2025 9:00 AM;4,052.08;2,420.78;217.01;11,352.78;11,175.41;90.25;-;9,537.50;3,595.75;2,736.00;1,272.50;1,524.00
Jul 22, 2025 9:00 AM;Jul 22, 2025 10:00 AM;3,886.58;2,500.83;117.35;11,915.68;15,410.00;89.15;-;8,952.50;3,408.50;2,344.25;404.75;1,518.50
Jul 22, 2025 10:00 AM;Jul 22, 2025 11:00 AM;3,729.73;2,506.43;113.67;12,506.16;20,504.55;89.91;-;8,655.75;2,975.50;2,525.75;539.75;1,511.50
Jul 22, 2025 11:00 AM;Jul 22, 2025 12:00 PM;3,617.17;2,195.74;287.93;13,888.25;26,019.36;90.97;-;6,639.00;2,084.25;2,319.50;37.50;1,523.25
Jul 22, 2025 12:00 PM;Jul 22, 2025 1:00 PM;3,558.18;2,112.94;951.97;15,711.63;29,502.04;91.86;-;4,668.75;1,840.00;1,961.50;36.75;1,521.75
Jul 22, 2025 1:00 PM;Jul 22, 2025 2:00 PM;3,504.64;1,967.64;1,395.40;16,655.71;30,432.64;92.28;-;4,448.50;1,717.50;1,883.00;33.25;1,528.50
Jul 22, 2025 2:00 PM;Jul 22, 2025 3:00 PM;3,503.93;2,009.69;2,015.25;16,754.45;29,871.19;87.84;-;4,391.00;1,693.75;1,790.50;55.25;1,534.00
Jul 22, 2025 3:00 PM;Jul 22, 2025 4:00 PM;3,552.83;2,053.65;2,218.17;17,453.50;27,763.86;88.60;-;4,376.00;1,505.00;1,621.75;77.50;1,537.50
Jul 22, 2025 4:00 PM;Jul 22, 2025 5:00 PM;3,641.25;2,100.65;2,188.46;18,405.85;23,065.19;88.87;-;4,588.25;1,229.50;1,676.00;73.50;1,546.00
Jul 22, 2025 5:00 PM;Jul 22, 2025 6:00 PM;3,752.66;2,161.34;2,047.43;18,137.37;17,526.21;89.77;-;6,521.00;1,320.00;2,015.00;43.25;1,542.50
Jul 22, 2025 6:00 PM;Jul 22, 2025 7:00 PM;4,027.83;2,157.25;1,981.91;16,763.78;11,153.04;89.48;-;8,942.75;1,513.75;2,668.50;422.25;1,571.75
Jul 22, 2025 7:00 PM;Jul 22, 2025 8:00 PM;4,334.24;2,314.33;1,976.30;16,010.18;5,063.29;77.85;-;9,784.25;1,923.00;3,451.25;2,306.50;1,554.25
Jul 22, 2025 8:00 PM;Jul 22, 2025 9:00 PM;4,524.16;2,365.88;2,032.60;15,941.33;1,241.79;70.08;-;9,838.50;2,043.75;3,923.75;3,855.75;1,572.50
Jul 22, 2025 9:00 PM;Jul 22, 2025 10:00 PM;4,539.72;2,325.55;2,551.42;16,891.49;63.88;70.92;-;9,808.00;2,013.50;3,869.50;4,048.00;1,577.75
Jul 22, 2025 10:00 PM;Jul 22, 2025 11:00 PM;4,419.27;2,300.39;3,041.97;18,825.27;28.04;71.43;-;9,281.00;1,948.00;3,793.75;3,323.25;1,569.00
Jul 22, 2025 11:00 PM;Jul 23, 2025 12:00 AM;4,189.30;2,113.64;3,548.75;21,585.56;7.43;72.82;-;8,381.25;1,494.25;3,159.50;465.00;1,550.00
Jul 23, 2025 12:00 AM;Jul 23, 2025 1:00 AM;3,920.98;2,195.13;3,390.77;22,895.65;12.47;72.62;-;8,326.50;1,633.50;2,709.00;1,035.50;1,408.25
Jul 23, 2025 1:00 AM;Jul 23, 2025 2:00 AM;3,829.26;2,001.83;3,297.42;24,090.69;8.93;73.26;-;7,701.25;1,656.00;2,674.50;391.75;1,427.50
Jul 23, 2025 2:00 AM;Jul 23, 2025 3:00 AM;3,794.83;1,950.25;3,136.42;24,197.06;5.55;73.75;-;7,551.50;1,688.50;2,625.75;37.00;1,440.25
Jul 23, 2025 3:00 AM;Jul 23, 2025 4:00 AM;3,761.60;1,928.18;3,116.94;23,796.29;5.77;74.22;-;7,224.75;1,697.00;2,743.75;21.50;1,433.25
Jul 23, 2025 4:00 AM;Jul 23, 2025 5:00 AM;3,804.90;1,900.75;2,933.87;23,688.10;6.51;74.72;-;7,437.75;1,616.75;3,037.25;7.25;1,471.00
Jul 23, 2025 5:00 AM;Jul 23, 2025 6:00 AM;3,932.17;1,955.45;2,956.00;23,288.23;70.32;74.29;-;8,508.00;1,659.50;3,267.00;306.00;1,512.00
Jul 23, 2025 6:00 AM;Jul 23, 2025 7:00 AM;4,224.16;2,311.56;3,877.50;23,116.97;1,640.31;73.66;-;8,776.75;1,862.00;3,642.50;1,171.50;1,455.00
Jul 23, 2025 7:00 AM;Jul 23, 2025 8:00 AM;4,278.89;2,241.87;4,596.49;22,415.24;6,060.50;70.64;-;8,406.75;1,906.00;4,106.50;3,311.75;1,406.25
Jul 23, 2025 8:00 AM;Jul 23, 2025 9:00 AM;4,094.60;2,321.98;5,097.90;21,946.70;13,138.64;68.72;-;8,149.50;2,109.25;3,714.00;1,127.50;1,420.25
Jul 23, 2025 9:00 AM;Jul 23, 2025 10:00 AM;3,845.73;2,343.84;4,839.51;21,624.36;21,192.51;68.86;-;7,074.50;1,541.75;2,888.50;452.50;1,442.00
Jul 23, 2025 10:00 AM;Jul 23, 2025 11:00 AM;3,611.80;2,042.04;4,797.67;21,106.81;27,253.60;70.59;-;5,009.50;1,247.75;1,904.75;153.00;1,450.75
Jul 23, 2025 11:00 AM;Jul 23, 2025 12:00 PM;3,530.65;2,070.60;4,478.51;21,120.07;30,547.63;69.62;-;4,548.75;1,235.75;1,714.00;251.25;1,444.75
Jul 23, 2025 12:00 PM;Jul 23, 2025 1:00 PM;3,500.93;2,005.98;4,350.15;21,315.00;31,514.70;70.35;-;4,675.00;1,160.00;1,743.25;199.75;1,423.00
Jul 23, 2025 1:00 PM;Jul 23, 2025 2:00 PM;3,483.27;2,086.93;4,288.42;20,703.54;31,624.44;71.09;-;5,058.75;1,139.25;1,838.00;189.75;1,418.75
Jul 23, 2025 2:00 PM;Jul 23, 2025 3:00 PM;3,487.90;1,943.13;4,276.75;20,231.29;31,019.02;88.84;-;5,541.25;1,134.75;1,825.75;159.75;1,425.50
Jul 23, 2025 3:00 PM;Jul 23, 2025 4:00 PM;3,547.22;2,013.54;4,409.73;19,329.91;29,373.07;91.08;-;5,621.00;1,083.25;1,887.00;116.75;1,432.75
Jul 23, 2025 4:00 PM;Jul 23, 2025 5:00 PM;3,675.17;2,049.65;3,859.61;18,234.43;25,103.66;91.49;-;6,042.00;1,213.50;1,925.25;128.75;1,509.75
Jul 23, 2025 5:00 PM;Jul 23, 2025 6:00 PM;3,825.91;2,206.55;3,345.53;17,273.23;19,112.14;90.76;-;7,950.25;2,434.25;2,334.00;148.50;1,406.25
Jul 23, 2025 6:00 PM;Jul 23, 2025 7:00 PM;4,126.76;2,291.99;3,036.23;15,391.57;11,916.25;90.95;-;9,512.50;3,587.00;3,403.50;622.00;1,391.25
Jul 23, 2025 7:00 PM;Jul 23, 2025 8:00 PM;4,410.79;2,390.75;2,653.37;12,455.60;5,603.03;90.40;-;10,029.50;4,415.75;4,977.25;1,166.00;1,416.25
Jul 23, 2025 8:00 PM;Jul 23, 2025 9:00 PM;4,568.58;2,635.16;2,504.25;9,713.16;1,404.58;91.08;-;10,319.00;4,982.00;6,091.00;2,986.00;1,407.25
Jul 23, 2025 9:00 PM;Jul 23, 2025 10:00 PM;4,581.04;2,675.03;2,164.03;8,039.93;87.51;92.48;-;10,508.25;5,043.50;6,430.50;3,429.00;1,419.75
Jul 23, 2025 10:00 PM;Jul 23, 2025 11:00 PM;4,429.00;2,436.04;2,094.54;6,986.65;12.20;93.16;-;10,608.75;4,980.00;6,285.75;2,023.00;1,406.75
Jul 23, 2025 11:00 PM;Jul 24, 2025 12:00 AM;4,188.03;2,242.36;1,995.71;6,373.65;12.79;93.74;-;10,586.25;4,918.00;6,152.00;678.50;1,419.50
Jul 24, 2025 12:00 AM;Jul 24, 2025 1:00 AM;3,926.69;2,127.40;1,639.86;5,886.47;7.44;93.86;-;10,248.00;4,445.25;5,787.00;138.00;1,421.00
Jul 24, 2025 1:00 AM;Jul 24, 2025 2:00 AM;3,822.31;1,987.66;1,326.24;5,169.88;6.75;94.72;-;10,307.25;4,246.25;5,693.50;100.75;1,392.25
Jul 24, 2025 2:00 AM;Jul 24, 2025 3:00 AM;3,661.30;1,875.95;1,131.76;4,403.40;5.26;94.74;-;10,324.25;4,233.75;5,630.00;270.00;1,438.50
Jul 24, 2025 3:00 AM;Jul 24, 2025 4:00 AM;3,621.05;1,883.02;888.34;3,941.56;7.50;95.12;-;10,344.25;4,317.75;5,639.75;257.00;1,445.50
Jul 24, 2025 4:00 AM;Jul 24, 2025 5:00 AM;3,697.37;1,921.01;953.11;3,735.47;5.60;95.52;-;10,360.75;4,409.50;5,702.75;410.75;1,444.25
Jul 24, 2025 5:00 AM;Jul 24, 2025 6:00 AM;3,858.09;1,935.36;829.51;3,746.70;116.33;95.38;-;10,720.75;4,321.75;5,917.00;454.00;1,425.25
Jul 24, 2025 6:00 AM;Jul 24, 2025 7:00 AM;4,132.71;2,236.59;633.61;3,795.35;1,543.24;95.15;-;10,729.75;4,746.00;6,257.25;2,173.25;1,442.50
Jul 24, 2025 7:00 AM;Jul 24, 2025 8:00 AM;4,179.13;2,211.84;580.23;2,852.07;4,934.31;94.27;-;10,731.50;4,905.75;6,430.75;2,761.25;1,430.50
Jul 24, 2025 8:00 AM;Jul 24, 2025 9:00 AM;4,040.02;2,175.35;590.40;1,936.21;9,873.24;93.79;-;10,574.25;5,048.00;6,340.50;1,545.75;1,440.75
Jul 24, 2025 9:00 AM;Jul 24, 2025 10:00 AM;3,762.32;2,107.29;753.49;1,485.21;15,955.04;94.66;-;10,359.25;4,752.25;5,797.75;838.75;1,438.00
Jul 24, 2025 10:00 AM;Jul 24, 2025 11:00 AM;3,541.83;2,039.33;675.88;1,511.36;21,566.47;94.95;-;9,519.00;4,604.00;5,252.00;430.75;1,487.00
Jul 24, 2025 11:00 AM;Jul 24, 2025 12:00 PM;3,469.68;1,978.98;529.89;1,738.01;24,970.71;95.02;-;9,234.00;4,328.25;5,052.00;355.50;1,457.00
Jul 24, 2025 12:00 PM;Jul 24, 2025 1:00 PM;3,393.49;1,902.68;457.33;2,089.25;27,204.13;94.62;-;9,108.50;3,771.25;5,113.50;182.00;1,474.00
Jul 24, 2025 1:00 PM;Jul 24, 2025 2:00 PM;3,361.66;2,006.68;491.71;2,368.62;27,818.30;95.42;-;8,850.50;2,859.00;4,661.50;242.75;1,477.50
Jul 24, 2025 2:00 PM;Jul 24, 2025 3:00 PM;3,309.39;2,067.91;395.58;2,692.45;27,089.30;95.59;-;8,970.00;2,830.75;5,081.75;373.25;1,482.75
Jul 24, 2025 3:00 PM;Jul 24, 2025 4:00 PM;3,393.31;2,025.43;551.70;2,995.58;24,226.39;95.68;-;9,085.50;3,517.75;5,237.75;362.75;1,481.00
Jul 24, 2025 4:00 PM;Jul 24, 2025 5:00 PM;3,508.39;1,898.64;770.70;3,620.64;21,200.37;94.52;-;9,438.25;3,994.00;5,528.25;103.00;1,495.75
Jul 24, 2025 5:00 PM;Jul 24, 2025 6:00 PM;3,662.98;2,095.11;983.94;3,752.08;16,719.49;93.76;-;10,055.75;4,210.75;6,265.25;359.25;1,487.75
Jul 24, 2025 6:00 PM;Jul 24, 2025 7:00 PM;4,055.24;2,388.71;1,096.58;3,401.98;10,689.28;94.26;-;10,271.00;4,701.00;7,409.00;1,689.75;1,496.75
Jul 24, 2025 7:00 PM;Jul 24, 2025 8:00 PM;4,306.60;2,355.64;1,169.60;2,842.70;5,255.11;94.84;-;10,312.00;4,840.75;8,300.75;3,183.00;1,491.75
Jul 24, 2025 8:00 PM;Jul 24, 2025 9:00 PM;4,451.40;2,660.31;1,393.93;2,246.11;1,356.82;94.49;-;10,320.75;4,793.50;8,563.25;4,921.75;1,468.00
Jul 24, 2025 9:00 PM;Jul 24, 2025 10:00 PM;4,415.13;2,735.76;1,633.38;2,035.34;80.92;96.20;-;10,326.75;4,470.25;8,733.75;5,072.25;1,463.75
Jul 24, 2025 10:00 PM;Jul 24, 2025 11:00 PM;4,233.36;2,672.54;2,130.39;2,080.80;19.85;96.77;-;10,379.25;4,202.50;8,745.25;3,739.00;1,454.75
Jul 24, 2025 11:00 PM;Jul 25, 2025 12:00 AM;4,023.96;2,337.30;2,031.02;2,149.48;8.24;97.16;-;10,328.50;4,010.50;8,452.25;1,476.00;1,473.50
Jul 25, 2025 12:00 AM;Jul 25, 2025 1:00 AM;3,815.68;1,961.52;1,770.03;2,043.08;8.51;97.18;-;10,180.75;3,593.00;7,655.50;410.00;1,383.50
Jul 25, 2025 1:00 AM;Jul 25, 2025 2:00 AM;3,737.53;2,021.75;1,431.70;2,102.09;10.34;98.30;-;10,162.50;3,672.50;6,896.25;379.75;1,390.00
Jul 25, 2025 2:00 AM;Jul 25, 2025 3:00 AM;3,675.23;1,967.96;1,397.10;2,098.63;8.10;98.26;-;10,161.50;3,650.50;6,845.00;65.25;1,394.75
Jul 25, 2025 3:00 AM;Jul 25, 2025 4:00 AM;3,630.88;2,012.22;1,961.39;2,195.51;6.06;98.32;-;10,167.00;3,650.00;6,833.75;133.25;1,388.50
Jul 25, 2025 4:00 AM;Jul 25, 2025 5:00 AM;3,656.85;2,000.95;2,262.70;2,569.66;6.02;98.59;-;10,124.50;3,734.75;6,841.50;150.25;1,429.50
Jul 25, 2025 5:00 AM;Jul 25, 2025 6:00 AM;3,830.08;2,051.48;1,804.37;3,206.49;69.08;98.88;-;9,680.75;3,781.50;6,878.50;323.00;1,411.75
Jul 25, 2025 6:00 AM;Jul 25, 2025 7:00 AM;4,159.82;2,307.95;1,555.86;3,352.60;1,489.16;97.10;-;9,423.50;3,842.50;7,227.25;1,578.00;1,405.75
Jul 25, 2025 7:00 AM;Jul 25, 2025 8:00 AM;4,209.81;2,302.59;1,559.61;2,860.89;5,532.31;93.40;-;9,426.25;3,846.00;7,361.75;1,904.50;1,433.00
Jul 25, 2025 8:00 AM;Jul 25, 2025 9:00 AM;4,042.04;2,308.47;1,445.94;2,553.52;11,685.78;90.48;-;9,316.25;3,816.50;7,211.00;1,059.75;1,460.75
Jul 25, 2025 9:00 AM;Jul 25, 2025 10:00 AM;3,792.07;2,097.94;1,301.38;2,608.20;18,850.93;91.06;-;8,641.50;3,580.00;6,624.25;170.50;1,453.25
Jul 25, 2025 10:00 AM;Jul 25, 2025 11:00 AM;3,600.61;2,063.27;1,396.65;2,922.06;24,251.21;93.37;-;8,149.25;3,478.25;4,190.50;42.25;1,485.25
Jul 25, 2025 11:00 AM;Jul 25, 2025 12:00 PM;3,531.33;2,149.07;1,113.41;3,344.11;26,400.50;93.84;-;7,931.75;3,246.50;3,330.75;329.00;1,485.50
Jul 25, 2025 12:00 PM;Jul 25, 2025 1:00 PM;3,486.79;2,111.17;915.86;3,614.58;27,263.67;93.50;-;7,963.00;3,074.75;2,736.75;601.00;1,566.00
Jul 25, 2025 1:00 PM;Jul 25, 2025 2:00 PM;3,461.11;2,051.10;809.56;4,174.27;29,261.75;92.38;-;7,963.75;3,055.75;2,592.75;147.25;1,570.25
Jul 25, 2025 2:00 PM;Jul 25, 2025 3:00 PM;3,425.12;2,053.66;935.62;5,330.25;29,333.17;90.31;-;7,535.75;2,608.00;2,521.75;35.75;1,561.50
Jul 25, 2025 3:00 PM;Jul 25, 2025 4:00 PM;3,447.98;2,047.17;1,155.43;6,551.12;26,909.63;91.97;-;7,585.00;2,437.25;2,561.00;61.75;1,547.50
Jul 25, 2025 4:00 PM;Jul 25, 2025 5:00 PM;3,524.58;2,084.27;1,338.14;6,870.89;22,959.18;92.52;-;7,769.50;2,749.50;2,631.50;347.50;1,557.00
Jul 25, 2025 5:00 PM;Jul 25, 2025 6:00 PM;3,681.60;2,159.58;1,610.88;7,279.78;16,058.55;91.35;-;8,430.25;3,352.75;2,904.75;783.00;1,560.75
Jul 25, 2025 6:00 PM;Jul 25, 2025 7:00 PM;3,972.71;2,146.87;1,593.86;7,082.70;9,637.52;91.45;-;9,330.50;3,489.00;4,524.75;1,390.00;1,579.00
Jul 25, 2025 7:00 PM;Jul 25, 2025 8:00 PM;4,273.99;2,323.15;1,503.82;6,259.36;4,496.17;91.50;-;9,418.00;3,584.25;6,015.75;2,104.00;1,569.75
Jul 25, 2025 8:00 PM;Jul 25, 2025 9:00 PM;4,469.00;2,515.55;1,459.86;4,976.88;1,156.63;93.13;-;9,458.25;3,632.50;6,269.00;3,148.75;1,532.25
Jul 25, 2025 9:00 PM;Jul 25, 2025 10:00 PM;4,529.68;2,833.91;1,226.50;3,957.72;67.82;94.45;-;9,495.25;3,625.50;6,174.75;4,273.75;1,540.75
Jul 25, 2025 10:00 PM;Jul 25, 2025 11:00 PM;4,413.87;2,820.63;1,142.33;3,520.37;21.75;95.29;-;9,499.50;3,618.75;6,124.25;3,949.50;1,501.00
Jul 25, 2025 11:00 PM;Jul 26, 2025 12:00 AM;4,212.16;2,591.95;927.38;3,356.29;8.55;95.51;-;9,361.00;3,609.25;5,835.00;1,046.00;1,536.25
Jul 26, 2025 12:00 AM;Jul 26, 2025 1:00 AM;4,010.82;2,432.86;1,049.29;3,174.37;12.30;95.65;-;9,065.75;3,988.75;5,215.00;759.50;1,542.00
Jul 26, 2025 1:00 AM;Jul 26, 2025 2:00 AM;3,911.35;2,215.53;1,223.98;2,966.94;9.28;95.85;-;9,035.75;3,921.50;5,112.25;76.50;1,584.00
Jul 26, 2025 2:00 AM;Jul 26, 2025 3:00 AM;3,846.85;2,274.09;1,373.32;2,784.90;7.63;96.43;-;8,862.75;3,859.75;4,859.50;38.50;1,575.00
Jul 26, 2025 3:00 AM;Jul 26, 2025 4:00 AM;3,825.56;2,266.42;1,318.28;2,336.41;5.91;96.92;-;8,661.75;3,830.00;4,937.25;19.50;1,555.50
Jul 26, 2025 4:00 AM;Jul 26, 2025 5:00 AM;3,839.78;2,332.91;1,426.53;2,208.44;6.32;96.93;-;8,622.00;3,774.50;4,794.50;101.50;1,544.25
Jul 26, 2025 5:00 AM;Jul 26, 2025 6:00 AM;3,939.33;2,321.76;1,504.01;2,374.27;51.09;96.56;-;8,613.25;3,735.75;4,840.50;177.75;1,517.25
Jul 26, 2025 6:00 AM;Jul 26, 2025 7:00 AM;4,090.23;2,045.57;1,069.11;2,523.71;1,434.24;96.75;-;8,567.00;3,571.75;4,210.00;339.50;1,484.25
Jul 26, 2025 7:00 AM;Jul 26, 2025 8:00 AM;4,130.31;2,109.57;723.06;2,332.89;5,204.27;96.66;-;8,550.25;3,129.00;3,904.50;176.50;1,486.50
Jul 26, 2025 8:00 AM;Jul 26, 2025 9:00 AM;3,981.60;2,223.04;463.31;2,068.25;10,592.28;96.50;-;8,358.25;3,150.00;3,426.25;417.00;1,486.00
Jul 26, 2025 9:00 AM;Jul 26, 2025 10:00 AM;3,848.24;2,094.33;316.54;1,902.83;16,075.71;96.81;-;7,373.50;3,085.50;2,632.50;133.25;1,448.00
Jul 26, 2025 10:00 AM;Jul 26, 2025 11:00 AM;3,735.45;2,205.22;270.30;1,710.87;21,050.37;96.46;-;6,462.00;2,604.50;2,298.50;142.50;1,461.50
Jul 26, 2025 11:00 AM;Jul 26, 2025 12:00 PM;3,662.88;2,047.99;249.60;1,505.16;24,678.19;95.70;-;6,386.75;2,295.25;2,181.00;130.25;1,471.75
Jul 26, 2025 12:00 PM;Jul 26, 2025 1:00 PM;3,588.77;2,077.37;246.44;1,488.12;27,359.59;94.87;-;5,949.50;2,221.25;2,105.00;48.50;1,457.25
Jul 26, 2025 1:00 PM;Jul 26, 2025 2:00 PM;3,559.22;2,106.62;312.24;1,819.85;28,781.30;94.42;-;5,045.75;1,550.75;1,995.25;3.75;1,488.00
Jul 26, 2025 2:00 PM;Jul 26, 2025 3:00 PM;3,564.43;2,067.53;471.34;2,277.94;28,905.00;94.34;-;5,114.25;1,472.00;1,976.25;0.00;1,462.75
Jul 26, 2025 3:00 PM;Jul 26, 2025 4:00 PM;3,606.42;2,163.16;617.26;2,593.28;26,498.18;94.47;-;5,653.75;1,594.25;1,985.00;3.75;1,454.00
Jul 26, 2025 4:00 PM;Jul 26, 2025 5:00 PM;3,692.58;2,165.63;754.44;2,801.58;22,088.67;93.85;-;6,235.25;2,109.75;2,147.50;1.00;1,485.50
Jul 26, 2025 5:00 PM;Jul 26, 2025 6:00 PM;3,830.67;2,330.71;777.62;2,720.21;16,314.20;92.13;-;7,249.00;3,126.50;2,680.00;290.25;1,503.50
Jul 26, 2025 6:00 PM;Jul 26, 2025 7:00 PM;4,111.82;2,334.03;676.74;2,369.29;9,730.28;91.49;-;8,266.25;3,419.25;4,351.50;1,124.00;1,487.75
Jul 26, 2025 7:00 PM;Jul 26, 2025 8:00 PM;4,359.41;2,440.79;622.05;1,524.87;4,372.23;91.77;-;8,375.25;3,466.00;5,419.00;3,798.00;1,486.00
Jul 26, 2025 8:00 PM;Jul 26, 2025 9:00 PM;4,523.22;2,491.56;692.10;975.34;1,097.54;92.50;-;8,382.00;3,574.25;5,934.25;4,721.75;1,487.00
Jul 26, 2025 9:00 PM;Jul 26, 2025 10:00 PM;4,528.81;2,700.50;744.10;749.18;59.34;93.19;-;8,508.50;3,611.75;5,943.00;4,861.75;1,478.25
Jul 26, 2025 10:00 PM;Jul 26, 2025 11:00 PM;4,388.48;2,477.97;1,062.57;663.39;19.30;93.74;-;8,630.75;3,593.50;5,966.50;3,039.50;1,461.50
Jul 26, 2025 11:00 PM;Jul 27, 2025 12:00 AM;4,187.19;2,375.72;1,110.96;758.21;7.15;94.50;-;8,619.25;3,228.75;5,624.50;1,446.50;1,490.75
Jul 27, 2025 12:00 AM;Jul 27, 2025 1:00 AM;4,030.97;2,322.29;1,170.72;1,066.20;21.03;94.69;-;8,291.25;2,331.25;5,076.50;1,073.25;1,580.75
Jul 27, 2025 1:00 AM;Jul 27, 2025 2:00 AM;3,957.67;2,201.24;1,240.76;1,411.77;5.31;95.01;-;8,317.50;1,682.00;4,041.00;118.25;1,611.25
Jul 27, 2025 2:00 AM;Jul 27, 2025 3:00 AM;3,912.76;2,238.25;1,447.68;1,800.63;5.82;95.76;-;8,337.50;1,663.50;3,417.25;95.50;1,637.25
Jul 27, 2025 3:00 AM;Jul 27, 2025 4:00 AM;3,884.13;2,197.40;1,706.83;1,918.56;5.90;95.79;-;8,332.75;1,640.25;3,266.00;66.75;1,632.50
Jul 27, 2025 4:00 AM;Jul 27, 2025 5:00 AM;3,897.21;2,188.12;1,971.28;1,918.37;15.56;95.90;-;7,988.00;1,379.00;3,232.50;172.50;1,622.75
Jul 27, 2025 5:00 AM;Jul 27, 2025 6:00 AM;3,960.86;2,224.87;1,976.94;2,030.66;71.61;95.00;-;7,576.75;994.00;3,233.50;139.00;1,618.50
Jul 27, 2025 6:00 AM;Jul 27, 2025 7:00 AM;4,033.22;2,290.67;1,865.53;2,456.25;1,256.70;95.56;-;7,522.00;942.00;2,936.00;128.75;1,598.75
Jul 27, 2025 7:00 AM;Jul 27, 2025 8:00 AM;4,029.97;2,289.06;1,492.79;2,577.78;4,573.17;95.56;-;7,171.75;725.50;2,387.25;123.75;1,601.00
Jul 27, 2025 8:00 AM;Jul 27, 2025 9:00 AM;3,955.04;2,211.67;1,262.80;2,264.28;9,739.86;95.46;-;6,482.50;348.25;1,887.00;89.75;1,573.25
Jul 27, 2025 9:00 AM;Jul 27, 2025 10:00 AM;3,859.86;2,149.20;885.90;1,939.05;16,485.27;95.83;-;5,527.75;289.75;1,814.75;202.25;1,593.00
Jul 27, 2025 10:00 AM;Jul 27, 2025 11:00 AM;3,729.56;2,218.52;572.39;1,856.56;22,963.74;95.04;-;4,323.75;265.25;1,642.00;189.00;1,601.75
Jul 27, 2025 11:00 AM;Jul 27, 2025 12:00 PM;3,661.54;2,343.17;461.15;1,868.55;27,300.02;94.22;-;3,982.75;238.25;1,559.00;124.50;1,593.25
Jul 27, 2025 12:00 PM;Jul 27, 2025 1:00 PM;3,569.41;2,229.12;434.25;2,299.13;29,533.10;92.21;-;3,694.00;285.25;1,467.00;37.25;1,574.50
Jul 27, 2025 1:00 PM;Jul 27, 2025 2:00 PM;3,546.96;2,271.01;417.14;3,081.91;29,049.99;91.55;-;3,574.75;318.25;1,424.00;1.00;1,541.25
Jul 27, 2025 2:00 PM;Jul 27, 2025 3:00 PM;3,540.11;2,117.64;536.30;4,439.14;26,905.40;91.16;-;3,539.00;284.75;1,419.50;38.25;1,511.00
Jul 27, 2025 3:00 PM;Jul 27, 2025 4:00 PM;3,559.09;2,284.18;720.12;5,797.91;24,280.21;92.92;-;3,579.75;239.25;1,408.25;35.25;1,541.25
Jul 27, 2025 4:00 PM;Jul 27, 2025 5:00 PM;3,635.50;2,166.35;729.35;6,279.19;20,659.89;93.21;-;3,761.50;229.00;1,475.25;80.50;1,613.75
Jul 27, 2025 5:00 PM;Jul 27, 2025 6:00 PM;3,793.05;2,242.90;934.00;7,285.39;15,398.63;93.80;-;4,916.50;265.50;1,922.50;217.75;1,657.75
Jul 27, 2025 6:00 PM;Jul 27, 2025 7:00 PM;4,049.66;2,430.55;933.67;7,154.90;9,483.01;93.55;-;6,689.00;303.75;2,958.50;480.00;1,689.75
Jul 27, 2025 7:00 PM;Jul 27, 2025 8:00 PM;4,348.46;2,431.77;832.69;6,555.16;3,979.97;93.63;-;7,747.00;366.00;3,854.25;2,137.00;1,707.00
Jul 27, 2025 8:00 PM;Jul 27, 2025 9:00 PM;4,510.40;2,325.12;822.67;5,555.48;919.81;93.42;-;7,844.50;405.75;3,999.75;4,683.75;1,635.00
Jul 27, 2025 9:00 PM;Jul 27, 2025 10:00 PM;4,502.33;2,398.56;870.67;4,723.08;44.40;94.25;-;7,854.00;397.25;4,032.25;5,177.50;1,585.25
Jul 27, 2025 10:00 PM;Jul 27, 2025 11:00 PM;4,359.13;2,320.74;885.99;4,588.14;20.89;91.63;-;7,861.00;388.00;4,043.50;4,338.75;1,620.25
Jul 27, 2025 11:00 PM;Jul 28, 2025 12:00 AM;4,159.89;2,227.14;873.68;5,076.50;6.56;91.26;-;7,819.75;379.50;3,827.75;1,804.25;1,649.25
Jul 28, 2025 12:00 AM;Jul 28, 2025 1:00 AM;3,923.64;2,243.51;1,172.23;5,509.26;5.18;91.38;-;6,984.00;320.75;3,955.50;335.00;1,642.50
Jul 28, 2025 1:00 AM;Jul 28, 2025 2:00 AM;3,810.99;2,199.85;1,353.05;6,188.11;8.38;91.62;-;6,684.75;258.50;3,812.25;260.00;1,666.25
Jul 28, 2025 2:00 AM;Jul 28, 2025 3:00 AM;3,773.20;2,175.07;1,382.63;6,787.59;5.25;92.17;-;6,558.50;266.50;3,754.50;57.00;1,671.00
Jul 28, 2025 3:00 AM;Jul 28, 2025 4:00 AM;3,736.16;2,174.56;1,628.75;7,097.32;5.67;92.60;-;6,377.50;264.50;3,669.25;143.25;1,673.25
Jul 28, 2025 4:00 AM;Jul 28, 2025 5:00 AM;3,768.82;2,228.52;1,875.92;7,403.60;5.66;92.55;-;6,504.75;275.50;3,634.75;188.75;1,649.50
Jul 28, 2025 5:00 AM;Jul 28, 2025 6:00 AM;3,897.97;2,420.32;1,843.58;7,950.80;36.49;91.62;-;6,770.50;340.00;3,800.00;175.75;1,638.00
Jul 28, 2025 6:00 AM;Jul 28, 2025 7:00 AM;4,224.61;2,552.73;1,498.11;8,728.08;1,071.07;92.17;-;7,833.25;419.25;4,196.25;1,322.50;1,615.00
Jul 28, 2025 7:00 AM;Jul 28, 2025 8:00 AM;4,342.06;2,735.12;1,419.68;8,306.10;4,103.16;90.50;-;8,000.75;471.50;4,118.00;3,266.25;1,601.50
Jul 28, 2025 8:00 AM;Jul 28, 2025 9:00 AM;4,217.42;2,666.70;1,470.66;7,392.49;8,791.08;87.53;-;7,854.50;488.75;3,670.00;2,640.25;1,619.50
Jul 28, 2025 9:00 AM;Jul 28, 2025 10:00 AM;4,065.93;2,506.15;1,027.09;8,199.45;14,531.97;88.62;-;7,614.00;488.75;3,571.50;952.50;1,673.75
Jul 28, 2025 10:00 AM;Jul 28, 2025 11:00 AM;3,802.17;2,286.87;904.75;9,508.63;20,083.27;89.57;-;6,003.75;695.75;2,793.00;236.75;1,699.25
Jul 28, 2025 11:00 AM;Jul 28, 2025 12:00 PM;3,679.46;2,234.26;1,084.52;11,187.53;24,055.93;88.34;-;5,213.50;695.50;2,180.00;205.25;1,690.00
Jul 28, 2025 12:00 PM;Jul 28, 2025 1:00 PM;3,598.77;2,436.28;1,240.59;12,516.53;25,453.26;89.91;-;4,644.00;613.75;2,145.50;138.75;1,672.75
Jul 28, 2025 1:00 PM;Jul 28, 2025 2:00 PM;3,574.22;2,519.33;1,326.41;13,843.73;26,278.42;91.17;-;4,340.00;609.50;2,056.00;171.75;1,667.50
Jul 28, 2025 2:00 PM;Jul 28, 2025 3:00 PM;3,546.20;2,386.30;1,430.07;14,993.23;26,195.66;91.42;-;3,946.75;769.50;2,212.50;73.25;1,657.25
Jul 28, 2025 3:00 PM;Jul 28, 2025 4:00 PM;3,544.16;2,384.98;1,488.60;16,085.12;24,711.62;90.42;-;3,973.00;914.50;2,182.50;124.50;1,634.75
Jul 28, 2025 4:00 PM;Jul 28, 2025 5:00 PM;3,623.09;2,394.67;1,935.79;16,465.94;22,258.37;91.15;-;3,979.75;1,045.50;2,217.00;55.50;1,684.00
Jul 28, 2025 5:00 PM;Jul 28, 2025 6:00 PM;3,779.68;2,482.06;2,409.51;17,016.80;17,357.45;92.03;-;4,849.50;913.00;2,161.25;157.00;1,688.00
Jul 28, 2025 6:00 PM;Jul 28, 2025 7:00 PM;4,082.30;2,456.81;2,682.44;16,535.17;11,103.29;92.46;-;7,334.00;889.50;2,801.00;464.25;1,598.25
Jul 28, 2025 7:00 PM;Jul 28, 2025 8:00 PM;4,346.41;2,327.26;3,017.26;14,889.73;4,993.42;92.03;-;7,787.25;1,081.00;3,220.75;1,895.25;1,577.50
Jul 28, 2025 8:00 PM;Jul 28, 2025 9:00 PM;4,510.07;2,545.00;3,266.29;13,175.49;1,173.62;91.78;-;7,978.75;1,188.00;3,527.00;3,897.75;1,585.75
Jul 28, 2025 9:00 PM;Jul 28, 2025 10:00 PM;4,464.27;2,690.38;3,485.77;13,273.62;51.13;92.36;-;8,001.25;1,176.50;3,450.00;3,405.25;1,613.00
Jul 28, 2025 10:00 PM;Jul 28, 2025 11:00 PM;4,309.36;2,319.42;4,346.72;14,405.34;11.42;91.51;-;7,716.00;1,139.25;3,274.50;1,489.00;1,590.00
Jul 28, 2025 11:00 PM;Jul 29, 2025 12:00 AM;4,069.72;2,341.52;4,425.57;15,705.17;7.30;91.19;-;6,949.25;1,076.00;2,945.00;470.50;1,542.00
Jul 29, 2025 12:00 AM;Jul 29, 2025 1:00 AM;3,881.87;2,346.84;4,677.82;16,151.74;5.83;90.28;-;5,855.25;797.00;2,728.75;502.75;1,573.50
Jul 29, 2025 1:00 AM;Jul 29, 2025 2:00 AM;3,819.24;2,262.47;4,811.82;16,304.50;5.67;89.92;-;5,624.25;717.75;2,255.75;273.00;1,617.00
Jul 29, 2025 2:00 AM;Jul 29, 2025 3:00 AM;3,796.55;2,272.26;4,618.61;15,768.49;5.53;89.99;-;5,011.75;698.25;2,218.00;202.00;1,605.25
Jul 29, 2025 3:00 AM;Jul 29, 2025 4:00 AM;3,802.76;2,228.91;4,648.94;14,951.49;6.22;90.02;-;5,461.75;677.50;2,294.75;317.25;1,593.50
Jul 29, 2025 4:00 AM;Jul 29, 2025 5:00 AM;3,863.32;2,260.42;4,733.52;13,952.70;11.67;89.82;-;5,629.00;742.75;2,339.50;821.25;1,584.50
Jul 29, 2025 5:00 AM;Jul 29, 2025 6:00 AM;3,993.14;2,183.87;4,860.20;13,535.19;76.20;88.65;-;6,121.00;958.25;2,510.00;1,034.25;1,582.00
Jul 29, 2025 6:00 AM;Jul 29, 2025 7:00 AM;4,234.71;2,232.57;5,233.73;12,586.91;1,530.17;89.82;-;6,662.75;1,110.00;2,879.75;3,251.75;1,581.75
Jul 29, 2025 7:00 AM;Jul 29, 2025 8:00 AM;4,312.63;2,552.39;5,037.05;10,737.12;5,966.46;89.79;-;6,545.25;1,129.50;3,079.25;5,586.75;1,573.00
Jul 29, 2025 8:00 AM;Jul 29, 2025 9:00 AM;4,136.54;2,364.72;5,406.54;10,222.76;12,642.54;90.77;-;6,277.75;1,124.50;3,001.50;3,965.00;1,573.25
Jul 29, 2025 9:00 AM;Jul 29, 2025 10:00 AM;3,823.63;2,392.92;4,385.57;11,233.87;20,029.51;91.26;-;4,446.25;1,088.25;2,630.25;1,605.75;1,572.00
Jul 29, 2025 10:00 AM;Jul 29, 2025 11:00 AM;3,607.63;2,159.53;3,674.30;12,250.07;27,121.41;89.43;-;3,788.50;1,052.50;2,434.75;361.75;1,564.25
Jul 29, 2025 11:00 AM;Jul 29, 2025 12:00 PM;3,529.93;2,174.07;3,297.02;12,937.51;31,931.90;88.55;-;3,792.25;884.75;1,925.75;211.00;1,571.00
Jul 29, 2025 12:00 PM;Jul 29, 2025 1:00 PM;3,454.35;2,268.38;3,821.65;13,306.98;34,191.24;89.38;-;3,719.00;698.50;1,664.25;153.75;1,560.75
Jul 29, 2025 1:00 PM;Jul 29, 2025 2:00 PM;3,421.52;2,160.64;3,924.65;13,701.57;34,474.59;91.32;-;3,680.75;606.50;1,562.75;156.50;1,533.00
Jul 29, 2025 2:00 PM;Jul 29, 2025 3:00 PM;3,411.38;2,059.16;3,856.61;13,532.62;34,200.52;92.80;-;3,562.75;560.25;1,559.00;165.25;1,528.00
Jul 29, 2025 3:00 PM;Jul 29, 2025 4:00 PM;3,490.26;2,141.01;4,071.59;13,766.57;31,803.56;92.26;-;3,571.50;586.50;1,582.75;161.50;1,511.75
Jul 29, 2025 4:00 PM;Jul 29, 2025 5:00 PM;3,601.42;2,227.77;4,396.04;13,358.37;26,733.19;90.63;-;3,996.00;789.75;1,705.75;149.25;1,508.25
Jul 29, 2025 5:00 PM;Jul 29, 2025 6:00 PM;3,780.87;2,118.94;5,033.62;12,543.28;19,065.46;91.45;-;5,919.00;780.00;2,319.25;476.00;1,543.75
Jul 29, 2025 6:00 PM;Jul 29, 2025 7:00 PM;4,088.81;2,195.40;5,375.09;11,450.41;11,761.27;92.17;-;7,222.00;1,076.00;3,456.25;1,388.00;1,530.50
Jul 29, 2025 7:00 PM;Jul 29, 2025 8:00 PM;4,373.21;2,320.09;5,366.20;9,378.85;4,859.80;92.60;-;7,822.00;1,370.25;4,405.25;3,917.25;1,535.00
Jul 29, 2025 8:00 PM;Jul 29, 2025 9:00 PM;4,536.25;2,647.94;5,296.56;7,099.99;1,053.53;92.77;-;7,884.25;1,547.50;4,642.50;5,731.25;1,540.50
Jul 29, 2025 9:00 PM;Jul 29, 2025 10:00 PM;4,551.00;2,553.83;5,006.15;7,085.68;79.34;94.24;-;7,905.75;1,577.25;4,630.50;5,581.50;1,533.25
Jul 29, 2025 10:00 PM;Jul 29, 2025 11:00 PM;4,404.33;2,328.02;4,987.56;7,675.73;29.90;94.62;-;7,945.75;1,587.75;4,571.25;4,452.00;1,537.50
Jul 29, 2025 11:00 PM;Jul 30, 2025 12:00 AM;4,148.43;2,115.03;5,181.43;9,038.55;6.58;95.86;-;7,807.75;1,539.50;4,160.75;1,193.50;1,540.00
Jul 30, 2025 12:00 AM;Jul 30, 2025 1:00 AM;3,928.44;2,106.02;4,909.18;9,804.86;6.41;96.85;-;7,330.00;1,493.50;4,001.00;594.75;1,531.75
Jul 30, 2025 1:00 AM;Jul 30, 2025 2:00 AM;3,804.21;2,109.40;5,060.12;9,603.89;5.62;97.29;-;6,863.00;1,480.75;3,635.75;389.00;1,545.50
Jul 30, 2025 2:00 AM;Jul 30, 2025 3:00 AM;3,739.83;2,139.64;4,813.67;10,354.28;6.23;97.84;-;6,643.00;1,362.75;3,637.75;383.25;1,565.00
Jul 30, 2025 3:00 AM;Jul 30, 2025 4:00 AM;3,719.59;2,099.80;5,060.44;10,792.26;6.31;97.39;-;6,582.00;1,316.50;3,542.25;177.75;1,540.50
Jul 30, 2025 4:00 AM;Jul 30, 2025 5:00 AM;3,762.04;2,140.71;5,345.02;10,193.99;7.75;97.61;-;6,790.25;1,244.75;3,691.75;277.75;1,543.00
Jul 30, 2025 5:00 AM;Jul 30, 2025 6:00 AM;3,955.82;2,212.17;5,145.70;10,289.07;71.43;96.63;-;7,369.00;1,034.00;3,959.75;613.75;1,542.00
Jul 30, 2025 6:00 AM;Jul 30, 2025 7:00 AM;4,189.61;2,194.33;5,502.49;10,784.33;1,431.57;96.79;-;7,978.50;968.75;4,417.00;2,322.75;1,538.75
Jul 30, 2025 7:00 AM;Jul 30, 2025 8:00 AM;4,263.30;2,294.50;5,911.82;9,583.19;5,642.52;94.87;-;7,695.25;936.75;4,380.75;2,986.00;1,544.75
Jul 30, 2025 8:00 AM;Jul 30, 2025 9:00 AM;4,151.99;2,547.48;5,985.47;8,100.52;12,076.49;94.47;-;6,888.50;738.50;4,164.25;2,381.00;1,536.50
Jul 30, 2025 9:00 AM;Jul 30, 2025 10:00 AM;3,853.68;2,364.02;6,073.31;8,607.73;18,037.23;90.02;-;6,166.25;548.00;3,746.00;726.75;1,540.25
Jul 30, 2025 10:00 AM;Jul 30, 2025 11:00 AM;3,633.85;2,215.44;6,000.57;9,715.41;22,680.71;92.23;-;5,328.75;467.00;3,427.25;324.25;1,478.00
Jul 30, 2025 11:00 AM;Jul 30, 2025 12:00 PM;3,555.71;2,264.33;5,754.19;11,126.09;25,558.48;92.97;-;4,486.25;425.00;3,056.00;108.75;1,470.00
Jul 30, 2025 12:00 PM;Jul 30, 2025 1:00 PM;3,484.61;2,083.82;5,943.90;12,917.57;28,008.79;92.68;-;3,765.75;411.75;2,438.75;14.50;1,426.75
Jul 30, 2025 1:00 PM;Jul 30, 2025 2:00 PM;3,457.54;2,016.61;5,467.94;13,758.97;28,066.57;92.83;-;3,880.25;413.50;2,636.00;21.25;1,404.25
Jul 30, 2025 2:00 PM;Jul 30, 2025 3:00 PM;3,453.59;2,057.46;5,485.19;14,852.02;27,098.29;92.50;-;4,100.00;391.25;2,630.75;16.75;1,405.50
Jul 30, 2025 3:00 PM;Jul 30, 2025 4:00 PM;3,493.55;2,060.50;5,031.75;16,009.10;25,474.15;93.41;-;4,146.00;428.75;2,894.00;8.25;1,416.25
Jul 30, 2025 4:00 PM;Jul 30, 2025 5:00 PM;3,588.03;2,166.38;4,935.95;16,059.59;21,982.04;92.64;-;4,460.50;390.00;3,038.75;154.00;1,406.50
Jul 30, 2025 5:00 PM;Jul 30, 2025 6:00 PM;3,715.42;2,212.26;5,290.13;16,824.70;16,726.09;92.27;-;5,217.50;446.50;3,646.50;307.00;1,439.75
Jul 30, 2025 6:00 PM;Jul 30, 2025 7:00 PM;4,080.14;2,354.51;5,749.07;15,431.89;10,518.44;93.39;-;6,001.50;499.00;4,269.00;962.25;1,444.75
Jul 30, 2025 7:00 PM;Jul 30, 2025 8:00 PM;4,418.35;2,431.17;5,734.28;13,606.05;4,640.80;92.14;-;7,433.25;491.75;4,409.25;3,547.50;1,439.75
Jul 30, 2025 8:00 PM;Jul 30, 2025 9:00 PM;4,566.92;2,674.09;6,219.92;12,415.00;994.15;92.64;-;7,794.75;497.00;4,033.25;5,140.50;1,443.00
Jul 30, 2025 9:00 PM;Jul 30, 2025 10:00 PM;4,542.09;2,629.56;6,260.91;11,941.61;60.23;93.63;-;7,833.75;495.50;3,947.25;5,209.25;1,439.75
Jul 30, 2025 10:00 PM;Jul 30, 2025 11:00 PM;4,410.26;2,684.21;6,359.17;11,806.62;34.18;93.85;-;7,852.50;466.25;3,693.75;4,562.00;1,454.50
Jul 30, 2025 11:00 PM;Jul 31, 2025 12:00 AM;4,138.75;2,285.06;6,388.46;12,921.32;6.31;94.02;-;7,113.50;424.75;3,530.25;1,177.25;1,440.50
Jul 31, 2025 12:00 AM;Jul 31, 2025 1:00 AM;3,891.51;2,249.48;6,334.75;13,790.19;5.64;94.40;-;6,304.25;371.50;3,338.00;373.75;1,529.75
Jul 31, 2025 1:00 AM;Jul 31, 2025 2:00 AM;3,808.00;2,220.81;5,976.27;14,182.88;6.38;94.76;-;6,076.50;360.25;2,558.25;160.75;1,548.50
Jul 31, 2025 2:00 AM;Jul 31, 2025 3:00 AM;3,753.57;2,226.58;5,771.63;14,554.88;5.53;94.89;-;6,075.75;346.00;2,091.25;63.50;1,553.00
Jul 31, 2025 3:00 AM;Jul 31, 2025 4:00 AM;3,730.53;2,229.74;5,524.08;14,931.71;5.23;94.76;-;5,945.75;341.75;2,076.75;24.75;1,547.50
Jul 31, 2025 4:00 AM;Jul 31, 2025 5:00 AM;3,774.82;2,215.34;5,370.06;15,159.65;5.39;94.01;-;5,895.75;358.50;2,207.25;47.25;1,537.00
Jul 31, 2025 5:00 AM;Jul 31, 2025 6:00 AM;3,920.53;2,315.67;5,156.11;14,855.02;36.86;93.15;-;6,322.00;373.00;2,376.50;284.25;1,527.25
Jul 31, 2025 6:00 AM;Jul 31, 2025 7:00 AM;4,204.19;2,443.44;4,985.02;15,053.61;1,259.16;92.17;-;6,741.25;421.50;2,723.50;1,282.25;1,509.25
Jul 31, 2025 7:00 AM;Jul 31, 2025 8:00 AM;4,306.86;2,355.17;5,075.47;14,414.51;5,017.32;86.16;-;6,674.00;442.50;2,786.50;2,728.25;1,512.25
Jul 31, 2025 8:00 AM;Jul 31, 2025 9:00 AM;4,175.64;2,552.54;4,671.31;13,238.72;11,155.52;77.12;-;6,619.50;440.00;2,742.75;2,278.00;1,521.00
Jul 31, 2025 9:00 AM;Jul 31, 2025 10:00 AM;3,858.67;2,288.15;4,338.22;13,378.47;17,608.35;76.95;-;6,133.50;405.50;2,414.00;526.00;1,565.25
Jul 31, 2025 10:00 AM;Jul 31, 2025 11:00 AM;3,642.65;2,379.40;4,000.89;14,575.89;22,258.70;77.12;-;5,873.75;415.50;2,009.75;42.25;1,570.00
Jul 31, 2025 11:00 AM;Jul 31, 2025 12:00 PM;3,563.61;2,232.88;3,782.27;16,283.26;24,135.31;78.91;-;5,684.25;454.25;1,885.25;9.50;1,568.25
Jul 31, 2025 12:00 PM;Jul 31, 2025 1:00 PM;3,486.51;2,205.85;3,991.50;17,399.90;24,490.94;81.06;-;4,824.25;528.00;1,673.75;1.00;1,472.75
Jul 31, 2025 1:00 PM;Jul 31, 2025 2:00 PM;3,475.48;2,073.91;3,754.71;18,067.35;24,793.32;89.35;-;5,103.25;509.75;1,670.75;21.50;1,483.50
Jul 31, 2025 2:00 PM;Jul 31, 2025 3:00 PM;3,473.23;2,109.78;3,525.01;17,980.34;24,698.34;90.50;-;5,799.50;565.50;1,609.75;43.25;1,479.00
Jul 31, 2025 3:00 PM;Jul 31, 2025 4:00 PM;3,577.57;2,238.91;3,133.49;17,672.79;22,839.75;92.14;-;5,509.75;890.50;1,722.25;126.25;1,485.50
Jul 31, 2025 4:00 PM;Jul 31, 2025 5:00 PM;3,727.16;2,299.05;2,727.25;17,171.33;19,632.90;91.46;-;5,984.00;1,201.50;2,019.00;471.50;1,485.00
Jul 31, 2025 5:00 PM;Jul 31, 2025 6:00 PM;3,857.18;2,292.40;2,106.43;15,650.02;15,155.37;91.25;-;6,680.00;1,365.00;2,602.50;586.50;1,515.25
Jul 31, 2025 6:00 PM;Jul 31, 2025 7:00 PM;4,243.18;2,365.18;1,958.28;13,145.43;9,153.04;90.76;-;7,254.00;1,774.75;4,620.75;1,277.00;1,510.75
Jul 31, 2025 7:00 PM;Jul 31, 2025 8:00 PM;4,525.61;2,710.02;1,726.86;10,487.61;4,086.79;91.91;-;7,506.00;2,291.50;5,823.75;3,287.75;1,525.25
Jul 31, 2025 8:00 PM;Jul 31, 2025 9:00 PM;4,685.80;3,066.43;1,406.76;9,156.13;835.64;93.99;-;7,657.25;2,344.75;6,512.75;4,908.25;1,533.00
Jul 31, 2025 9:00 PM;Jul 31, 2025 10:00 PM;4,663.31;2,941.55;1,237.89;8,466.44;71.42;93.13;-;7,822.50;2,327.50;6,668.75;4,819.50;1,518.00
Jul 31, 2025 10:00 PM;Jul 31, 2025 11:00 PM;4,490.08;2,491.59;1,247.48;8,682.80;18.94;93.59;-;7,678.25;2,282.00;6,553.25;3,609.75;1,522.75
Jul 31, 2025 11:00 PM;Aug 1, 2025 12:00 AM;4,255.07;2,327.26;1,274.24;8,975.72;5.62;93.96;-;7,704.25;2,066.75;5,974.75;1,321.50;1,533.00
Aug 1, 2025 12:00 AM;Aug 1, 2025 1:00 AM;4,035.37;2,293.75;1,256.99;9,049.83;10.61;97.08;-;7,475.00;1,906.50;4,011.75;677.50;1,553.00
Aug 1, 2025 1:00 AM;Aug 1, 2025 2:00 AM;3,927.21;2,282.02;1,150.00;8,341.68;12.43;102.32;-;7,380.75;1,897.75;3,497.75;649.75;1,570.75
Aug 1, 2025 2:00 AM;Aug 1, 2025 3:00 AM;3,872.69;2,242.86;989.97;7,855.11;6.36;102.58;-;7,011.00;2,014.25;3,424.75;693.50;1,555.75
Aug 1, 2025 3:00 AM;Aug 1, 2025 4:00 AM;3,863.65;2,257.79;1,000.54;7,331.57;6.50;102.52;-;6,943.25;2,120.25;3,430.00;447.00;1,589.00
Aug 1, 2025 4:00 AM;Aug 1, 2025 5:00 AM;3,927.88;2,410.26;1,057.94;7,275.78;5.82;102.24;-;7,134.75;2,127.25;3,594.25;635.00;1,564.50
Aug 1, 2025 5:00 AM;Aug 1, 2025 6:00 AM;4,059.08;2,195.90;1,286.80;7,563.06;36.04;101.24;-;7,455.50;2,156.75;4,314.00;402.00;1,532.25
Aug 1, 2025 6:00 AM;Aug 1, 2025 7:00 AM;4,305.98;2,285.75;1,227.10;7,920.21;1,100.28;101.75;-;7,637.50;1,804.25;4,918.00;2,102.00;1,539.00
Aug 1, 2025 7:00 AM;Aug 1, 2025 8:00 AM;4,396.88;2,370.46;1,067.51;6,915.12;4,384.88;101.26;-;7,609.50;1,499.50;4,979.50;2,546.50;1,508.00
Aug 1, 2025 8:00 AM;Aug 1, 2025 9:00 AM;4,216.82;2,313.83;920.07;6,011.06;9,171.17;101.01;-;7,593.50;1,114.25;4,493.00;1,818.50;1,640.25
Aug 1, 2025 9:00 AM;Aug 1, 2025 10:00 AM;3,986.28;2,249.47;1,038.41;5,988.99;15,157.90;100.84;-;7,100.50;743.50;4,048.25;627.50;1,713.25
Aug 1, 2025 10:00 AM;Aug 1, 2025 11:00 AM;3,778.20;2,183.56;974.38;6,577.58;21,585.43;100.34;-;6,013.50;460.75;2,663.00;68.75;1,648.50
Aug 1, 2025 11:00 AM;Aug 1, 2025 12:00 PM;3,593.02;2,106.76;978.96;7,358.38;26,775.86;100.17;-;5,611.50;417.50;2,413.25;37.00;1,573.00
Aug 1, 2025 12:00 PM;Aug 1, 2025 1:00 PM;3,520.11;2,140.08;1,294.96;8,081.39;29,700.98;100.13;-;4,249.25;365.50;2,147.75;0.75;1,485.25
Aug 1, 2025 1:00 PM;Aug 1, 2025 2:00 PM;3,462.12;2,133.54;1,379.14;8,671.49;30,195.53;100.63;-;3,655.25;391.25;1,860.75;0.25;1,395.00
Aug 1, 2025 2:00 PM;Aug 1, 2025 3:00 PM;3,443.97;2,180.89;1,577.60;9,258.35;30,614.91;103.31;-;3,630.50;338.25;1,873.50;50.25;1,400.00
Aug 1, 2025 3:00 PM;Aug 1, 2025 4:00 PM;3,485.44;2,264.89;2,200.90;9,183.07;29,527.52;103.77;-;3,641.25;347.25;1,907.75;127.00;1,402.75
Aug 1, 2025 4:00 PM;Aug 1, 2025 5:00 PM;3,615.84;2,270.58;2,366.87;9,940.34;26,073.84;102.69;-;3,854.75;372.50;2,125.25;54.00;1,398.00
Aug 1, 2025 5:00 PM;Aug 1, 2025 6:00 PM;3,777.34;2,514.96;2,224.43;9,299.63;19,806.15;102.23;-;4,767.50;418.50;2,430.50;188.75;1,430.00
Aug 1, 2025 6:00 PM;Aug 1, 2025 7:00 PM;4,114.84;2,608.65;2,006.63;8,209.46;12,027.01;102.12;-;6,969.75;383.75;3,874.00;1,248.25;1,439.00
Aug 1, 2025 7:00 PM;Aug 1, 2025 8:00 PM;4,412.18;2,544.58;1,665.13;7,094.20;5,108.36;102.70;-;7,403.75;436.00;4,329.75;2,835.00;1,440.75
Aug 1, 2025 8:00 PM;Aug 1, 2025 9:00 PM;4,586.86;2,762.29;1,353.33;5,476.67;1,109.37;103.33;-;7,384.25;718.75;4,475.25;4,534.50;1,612.00
Aug 1, 2025 9:00 PM;Aug 1, 2025 10:00 PM;4,562.28;2,674.88;1,173.29;5,084.50;84.71;104.74;-;7,386.00;782.50;4,507.50;5,247.75;1,489.25
Aug 1, 2025 10:00 PM;Aug 1, 2025 11:00 PM;4,405.74;2,383.37;1,128.95;5,838.09;28.20;105.26;-;7,199.50;945.25;4,465.50;4,878.00;1,434.50
Aug 1, 2025 11:00 PM;Aug 2, 2025 12:00 AM;4,195.06;2,319.84;1,096.37;6,914.76;15.51;105.66;-;7,271.75;910.75;4,304.00;3,096.25;1,429.00
Aug 2, 2025 12:00 AM;Aug 2, 2025 1:00 AM;4,029.53;2,268.11;1,048.11;7,501.03;13.55;104.80;-;7,138.00;872.25;3,900.50;1,742.75;1,525.75
Aug 2, 2025 1:00 AM;Aug 2, 2025 2:00 AM;3,937.63;2,263.08;2,197.79;7,222.48;16.41;104.77;-;7,064.25;847.75;3,516.00;929.25;1,533.00
Aug 2, 2025 2:00 AM;Aug 2, 2025 3:00 AM;3,883.65;2,297.25;2,246.05;6,814.29;8.23;109.78;-;6,682.50;831.00;3,315.50;670.50;1,541.25
Aug 2, 2025 3:00 AM;Aug 2, 2025 4:00 AM;3,837.75;2,285.06;2,677.46;6,367.44;8.22;109.85;-;6,571.00;826.50;3,077.75;542.50;1,598.75
Aug 2, 2025 4:00 AM;Aug 2, 2025 5:00 AM;3,838.32;2,276.76;3,455.41;6,195.25;14.17;110.00;-;6,345.50;608.75;2,894.25;281.00;1,566.00
Aug 2, 2025 5:00 AM;Aug 2, 2025 6:00 AM;3,922.16;2,326.59;3,824.58;6,082.98;53.06;109.16;-;6,045.50;277.50;2,869.75;402.00;1,541.75
Aug 2, 2025 6:00 AM;Aug 2, 2025 7:00 AM;4,086.29;2,288.31;4,056.55;6,143.39;1,208.20;109.71;-;6,112.25;283.75;2,896.50;408.00;1,531.75
Aug 2, 2025 7:00 AM;Aug 2, 2025 8:00 AM;4,146.35;2,307.09;4,333.11;5,261.28;4,740.01;109.59;-;5,931.00;276.00;2,580.00;355.50;1,556.75
Aug 2, 2025 8:00 AM;Aug 2, 2025 9:00 AM;4,023.56;2,244.34;5,186.73;4,415.14;9,950.83;109.19;-;4,572.25;271.25;2,330.50;196.50;1,532.25
Aug 2, 2025 9:00 AM;Aug 2, 2025 10:00 AM;3,860.62;2,250.08;5,391.35;4,608.11;16,017.92;108.79;-;3,278.50;266.25;2,105.25;190.25;1,549.00
Aug 2, 2025 10:00 AM;Aug 2, 2025 11:00 AM;3,740.77;2,232.75;5,024.78;4,873.58;21,542.51;105.90;-;3,081.00;269.00;1,710.25;127.00;1,499.25
Aug 2, 2025 11:00 AM;Aug 2, 2025 12:00 PM;3,664.77;2,209.04;4,380.69;5,481.32;25,733.90;103.26;-;3,103.25;253.50;1,671.25;129.00;1,471.50
Aug 2, 2025 12:00 PM;Aug 2, 2025 1:00 PM;3,557.81;2,304.15;4,337.02;6,383.66;28,189.06;103.38;-;3,083.00;251.25;1,650.25;87.00;1,512.00
Aug 2, 2025 1:00 PM;Aug 2, 2025 2:00 PM;3,546.44;2,329.08;4,292.39;7,191.08;29,495.50;102.85;-;3,105.75;244.50;1,649.75;120.00;1,474.50
Aug 2, 2025 2:00 PM;Aug 2, 2025 3:00 PM;3,544.54;2,233.39;4,363.34;7,481.83;29,456.12;102.82;-;3,062.00;220.25;1,623.75;49.25;1,489.50
Aug 2, 2025 3:00 PM;Aug 2, 2025 4:00 PM;3,567.08;2,286.48;4,317.30;8,773.15;27,610.92;103.07;-;3,043.50;224.25;1,601.00;70.00;1,522.00
Aug 2, 2025 4:00 PM;Aug 2, 2025 5:00 PM;3,646.84;2,229.80;4,269.12;9,961.81;23,745.66;102.72;-;3,091.25;246.25;1,616.00;26.75;1,512.50
Aug 2, 2025 5:00 PM;Aug 2, 2025 6:00 PM;3,829.36;2,321.87;5,489.30;11,038.44;17,573.45;105.80;-;3,466.25;246.25;1,796.00;308.75;1,517.50
Aug 2, 2025 6:00 PM;Aug 2, 2025 7:00 PM;4,149.12;2,503.42;5,626.67;11,156.40;10,772.63;109.24;-;5,086.00;264.75;2,253.00;1,654.25;1,504.50
Aug 2, 2025 7:00 PM;Aug 2, 2025 8:00 PM;4,455.73;2,731.41;5,593.25;10,815.43;4,446.30;109.59;-;5,809.50;290.50;2,592.00;3,729.50;1,515.75
Aug 2, 2025 8:00 PM;Aug 2, 2025 9:00 PM;4,624.79;2,677.52;5,419.94;9,736.08;850.57;109.60;-;6,294.50;283.25;2,786.75;5,531.50;1,493.25
Aug 2, 2025 9:00 PM;Aug 2, 2025 10:00 PM;4,637.69;2,894.07;5,210.23;9,106.90;84.74;107.40;-;6,413.00;272.00;3,038.25;6,099.25;1,498.00
Aug 2, 2025 10:00 PM;Aug 2, 2025 11:00 PM;4,523.29;2,749.33;5,004.72;9,574.95;29.39;107.53;-;6,446.75;254.75;3,262.50;5,773.25;1,509.25
Aug 2, 2025 11:00 PM;Aug 3, 2025 12:00 AM;4,294.72;2,480.71;5,131.40;10,578.78;7.53;107.72;-;6,084.25;240.00;3,058.50;3,686.25;1,477.75
Aug 3, 2025 12:00 AM;Aug 3, 2025 1:00 AM;4,094.33;2,385.23;5,098.89;11,155.92;13.48;104.77;-;5,482.50;233.50;2,913.00;2,008.00;1,494.50
Aug 3, 2025 1:00 AM;Aug 3, 2025 2:00 AM;4,007.07;2,429.22;5,132.74;11,331.02;11.23;104.74;-;4,768.00;226.75;2,912.75;1,027.50;1,494.00
Aug 3, 2025 2:00 AM;Aug 3, 2025 3:00 AM;3,926.03;2,401.34;5,347.04;11,872.17;6.45;104.78;-;3,329.25;216.25;2,773.75;436.50;1,515.00
Aug 3, 2025 3:00 AM;Aug 3, 2025 4:00 AM;3,885.95;2,376.98;5,388.94;12,105.79;6.44;104.85;-;2,851.50;210.75;2,543.75;178.50;1,516.00
Aug 3, 2025 4:00 AM;Aug 3, 2025 5:00 AM;3,890.28;2,359.46;5,212.25;12,577.72;13.02;104.92;-;2,872.00;212.00;2,422.25;117.75;1,537.25
Aug 3, 2025 5:00 AM;Aug 3, 2025 6:00 AM;3,949.28;2,338.51;5,324.06;12,557.56;32.16;104.06;-;2,871.75;214.00;2,334.00;204.50;1,541.50
Aug 3, 2025 6:00 AM;Aug 3, 2025 7:00 AM;4,027.83;2,207.65;5,223.79;12,834.70;923.73;104.68;-;2,871.00;201.00;2,197.75;247.00;1,527.75
Aug 3, 2025 7:00 AM;Aug 3, 2025 8:00 AM;4,028.67;2,185.65;5,008.90;12,361.05;4,048.57;104.47;-;2,871.25;196.50;2,005.50;128.00;1,560.25
Aug 3, 2025 8:00 AM;Aug 3, 2025 9:00 AM;3,928.12;2,232.06;4,747.91;11,895.34;8,574.93;103.97;-;2,854.00;206.50;1,620.50;166.00;1,559.75
Aug 3, 2025 9:00 AM;Aug 3, 2025 10:00 AM;3,787.85;2,267.78;3,900.41;11,005.39;13,824.10;103.65;-;2,664.00;215.75;1,603.00;79.00;1,592.25
Aug 3, 2025 10:00 AM;Aug 3, 2025 11:00 AM;3,638.08;2,314.19;3,763.05;10,314.93;19,256.58;103.18;-;2,654.50;224.25;1,589.25;95.00;1,516.00
Aug 3, 2025 11:00 AM;Aug 3, 2025 12:00 PM;3,593.32;2,284.50;2,897.16;9,898.26;23,309.36;102.94;-;2,648.00;213.75;1,590.50;96.50;1,464.25
Aug 3, 2025 12:00 PM;Aug 3, 2025 1:00 PM;3,528.55;2,286.34;2,793.71;10,626.96;25,003.77;102.47;-;2,659.75;221.00;1,568.25;65.25;1,493.50
Aug 3, 2025 1:00 PM;Aug 3, 2025 2:00 PM;3,514.29;2,150.27;2,531.10;10,922.95;25,007.29;100.55;-;2,646.75;207.00;1,568.75;60.00;1,479.00
Aug 3, 2025 2:00 PM;Aug 3, 2025 3:00 PM;3,509.50;2,104.86;2,005.37;10,592.84;23,627.26;100.31;-;2,655.00;184.25;1,555.75;144.50;1,476.50
Aug 3, 2025 3:00 PM;Aug 3, 2025 4:00 PM;3,533.39;2,103.45;2,962.36;11,439.33;22,156.65;99.84;-;2,664.50;148.50;1,556.25;45.75;1,501.50
Aug 3, 2025 4:00 PM;Aug 3, 2025 5:00 PM;3,598.21;2,164.60;3,569.85;12,944.16;18,690.60;100.65;-;2,658.00;181.00;1,558.50;81.25;1,502.25
Aug 3, 2025 5:00 PM;Aug 3, 2025 6:00 PM;3,765.24;2,241.38;4,628.22;14,391.57;14,354.88;101.87;-;2,726.50;207.50;1,650.00;82.50;1,498.50
Aug 3, 2025 6:00 PM;Aug 3, 2025 7:00 PM;4,022.84;2,278.49;4,836.91;14,227.38;9,232.13;101.88;-;3,345.25;227.75;2,163.00;109.00;1,506.00
Aug 3, 2025 7:00 PM;Aug 3, 2025 8:00 PM;4,313.59;2,451.99;5,403.31;13,034.61;4,013.45;101.99;-;4,272.00;239.00;2,656.00;1,093.50;1,486.00
Aug 3, 2025 8:00 PM;Aug 3, 2025 9:00 PM;4,543.86;2,652.42;5,263.45;11,806.49;717.61;101.52;-;4,839.50;240.25;3,167.00;3,435.75;1,485.50
Aug 3, 2025 9:00 PM;Aug 3, 2025 10:00 PM;4,572.82;2,630.82;4,639.97;13,444.95;30.67;102.58;-;5,228.25;243.25;3,620.75;3,477.00;1,495.25
Aug 3, 2025 10:00 PM;Aug 3, 2025 11:00 PM;4,452.87;2,565.05;4,361.56;14,868.61;7.42;103.01;-;5,072.25;236.00;3,831.00;2,730.75;1,470.50
Aug 3, 2025 11:00 PM;Aug 4, 2025 12:00 AM;4,250.98;2,426.72;4,314.79;16,242.79;6.49;103.17;-;5,056.00;220.50;3,663.50;1,576.50;1,485.75
Aug 4, 2025 12:00 AM;Aug 4, 2025 1:00 AM;4,010.06;2,325.60;5,215.63;17,332.82;6.80;104.26;-;4,847.50;209.50;3,582.00;368.25;1,484.50
Aug 4, 2025 1:00 AM;Aug 4, 2025 2:00 AM;3,887.74;2,292.17;5,246.56;17,709.97;5.43;104.42;-;3,593.00;198.50;3,216.25;185.75;1,487.00
Aug 4, 2025 2:00 AM;Aug 4, 2025 3:00 AM;3,836.61;2,319.48;5,404.50;17,383.03;5.74;104.49;-;3,425.75;181.25;3,232.00;206.00;1,501.75
Aug 4, 2025 3:00 AM;Aug 4, 2025 4:00 AM;3,821.53;2,372.36;4,974.82;16,831.83;6.03;104.52;-;3,563.25;184.00;3,160.00;170.50;1,509.00
Aug 4, 2025 4:00 AM;Aug 4, 2025 5:00 AM;3,893.46;2,373.24;4,168.27;16,616.43;12.77;104.54;-;4,048.25;208.25;3,397.50;224.25;1,497.00
Aug 4, 2025 5:00 AM;Aug 4, 2025 6:00 AM;4,044.99;2,414.15;3,144.88;15,954.57;17.76;103.47;-;5,025.75;219.50;3,911.25;857.25;1,509.00
Aug 4, 2025 6:00 AM;Aug 4, 2025 7:00 AM;4,379.68;2,624.51;1,870.93;15,215.90;754.25;103.93;-;5,225.25;276.00;4,463.25;3,680.75;1,527.00
Aug 4, 2025 7:00 AM;Aug 4, 2025 8:00 AM;4,533.75;3,042.10;1,158.51;13,429.92;3,230.36;103.38;-;5,247.75;321.00;4,505.25;5,724.75;1,600.75
Aug 4, 2025 8:00 AM;Aug 4, 2025 9:00 AM;4,444.51;2,833.25;1,150.41;11,486.88;7,142.79;102.27;-;4,990.50;343.50;4,416.75;4,623.00;1,651.25
Aug 4, 2025 9:00 AM;Aug 4, 2025 10:00 AM;4,180.97;2,494.89;1,059.79;10,931.55;12,417.12;101.96;-;4,315.75;330.25;4,052.75;2,639.00;1,755.50
Aug 4, 2025 10:00 AM;Aug 4, 2025 11:00 AM;3,860.84;2,505.52;974.58;10,944.51;18,321.03;101.60;-;2,901.75;312.00;4,095.50;1,096.75;1,877.50
Aug 4, 2025 11:00 AM;Aug 4, 2025 12:00 PM;3,697.41;2,361.95;438.28;10,620.59;23,953.79;103.07;-;2,679.00;305.50;3,238.25;64.50;1,873.00
Aug 4, 2025 12:00 PM;Aug 4, 2025 1:00 PM;3,573.32;2,283.13;1,487.00;10,604.47;27,502.80;104.99;-;2,622.75;312.75;2,307.25;41.75;1,681.50
Aug 4, 2025 1:00 PM;Aug 4, 2025 2:00 PM;3,536.54;2,175.01;2,783.54;11,935.12;29,645.16;104.75;-;2,656.00;312.50;2,205.00;65.50;1,466.25
Aug 4, 2025 2:00 PM;Aug 4, 2025 3:00 PM;3,521.06;2,069.73;3,683.25;12,338.37;30,022.97;104.70;-;2,621.75;317.50;2,027.00;94.25;1,456.00
Aug 4, 2025 3:00 PM;Aug 4, 2025 4:00 PM;3,550.17;2,057.66;4,223.07;12,678.13;28,737.83;104.43;-;2,601.50;292.75;2,318.00;2.75;1,445.25
Aug 4, 2025 4:00 PM;Aug 4, 2025 5:00 PM;3,640.99;2,096.23;4,985.66;12,448.22;24,444.53;104.53;-;2,614.75;299.00;2,892.50;62.00;1,430.00
Aug 4, 2025 5:00 PM;Aug 4, 2025 6:00 PM;3,878.90;2,169.03;5,917.15;11,965.38;17,989.58;104.09;-;2,787.00;321.00;3,464.75;654.25;1,419.75
Aug 4, 2025 6:00 PM;Aug 4, 2025 7:00 PM;4,241.11;2,276.80;6,150.62;13,099.01;10,269.75;103.65;-;3,964.75;337.50;3,818.50;2,834.75;1,426.75
Aug 4, 2025 7:00 PM;Aug 4, 2025 8:00 PM;4,492.57;2,572.93;5,546.93;14,409.25;3,937.53;103.88;-;4,280.00;360.25;4,349.75;4,631.50;1,392.25
Aug 4, 2025 8:00 PM;Aug 4, 2025 9:00 PM;4,567.76;2,562.22;5,620.32;16,479.84;626.82;100.87;-;4,367.50;344.00;4,473.50;4,966.25;1,409.25
Aug 4, 2025 9:00 PM;Aug 4, 2025 10:00 PM;4,458.41;2,244.96;5,388.35;20,796.75;31.37;98.95;-;3,827.25;337.00;4,164.25;3,315.50;1,501.00
Aug 4, 2025 10:00 PM;Aug 4, 2025 11:00 PM;4,202.75;2,309.18;5,393.97;23,318.10;7.74;99.56;-;2,696.25;323.25;3,697.75;2,306.25;1,544.75
Aug 4, 2025 11:00 PM;Aug 5, 2025 12:00 AM;3,973.20;2,192.73;5,560.32;25,458.19;8.21;102.07;-;2,723.75;309.25;3,538.25;457.00;1,572.00
Aug 5, 2025 12:00 AM;Aug 5, 2025 1:00 AM;3,829.25;2,064.80;5,906.98;25,995.90;7.27;105.29;-;2,904.00;294.00;3,367.50;180.00;1,581.75
Aug 5, 2025 1:00 AM;Aug 5, 2025 2:00 AM;3,777.76;2,119.99;6,218.93;24,569.56;6.82;105.41;-;3,153.00;285.50;3,181.00;171.25;1,552.50
Aug 5, 2025 2:00 AM;Aug 5, 2025 3:00 AM;3,765.97;2,144.41;6,617.73;22,806.51;6.81;105.42;-;3,139.00;276.75;3,077.25;176.00;1,562.25
Aug 5, 2025 3:00 AM;Aug 5, 2025 4:00 AM;3,728.66;2,130.40;7,036.15;20,446.23;6.13;105.34;-;3,149.00;278.50;2,973.25;181.50;1,601.75
Aug 5, 2025 4:00 AM;Aug 5, 2025 5:00 AM;3,811.97;2,196.69;7,055.84;17,901.09;14.70;105.30;-;3,004.25;292.50;3,002.75;369.50;1,535.50
Aug 5, 2025 5:00 AM;Aug 5, 2025 6:00 AM;4,031.87;2,364.16;7,088.08;15,550.91;26.77;104.40;-;2,671.00;315.00;3,124.50;2,947.50;1,527.00
Aug 5, 2025 6:00 AM;Aug 5, 2025 7:00 AM;4,313.88;2,456.18;6,674.26;14,667.79;929.90;104.97;-;2,858.75;347.25;3,314.50;5,357.00;1,551.25
Aug 5, 2025 7:00 AM;Aug 5, 2025 8:00 AM;4,357.16;2,359.19;6,631.11;13,386.55;4,571.43;104.31;-;2,898.50;363.75;3,184.25;5,378.25;1,521.25
Aug 5, 2025 8:00 AM;Aug 5, 2025 9:00 AM;4,168.73;2,212.27;6,605.10;12,071.60;10,486.74;102.93;-;2,679.00;369.75;3,184.25;3,298.00;1,514.50
Aug 5, 2025 9:00 AM;Aug 5, 2025 10:00 AM;3,897.20;2,361.48;5,926.69;12,368.18;17,170.70;101.71;-;2,776.50;383.75;2,852.00;1,471.00;1,592.25
Aug 5, 2025 10:00 AM;Aug 5, 2025 11:00 AM;3,650.46;2,075.11;5,119.18;13,901.27;21,407.44;100.58;-;2,631.00;376.50;2,019.50;538.50;1,645.00
Aug 5, 2025 11:00 AM;Aug 5, 2025 12:00 PM;3,549.99;2,075.63;5,164.14;14,914.20;24,295.58;84.51;-;2,598.50;384.25;1,813.25;232.50;1,552.75
Aug 5, 2025 12:00 PM;Aug 5, 2025 1:00 PM;3,372.16;2,013.28;5,190.88;15,936.48;26,060.02;94.11;-;2,597.25;393.00;1,774.00;157.25;1,525.25
Aug 5, 2025 1:00 PM;Aug 5, 2025 2:00 PM;3,353.65;1,905.99;4,194.15;16,352.37;27,329.48;99.69;-;2,575.50;357.50;2,028.25;29.00;1,509.75
Aug 5, 2025 2:00 PM;Aug 5, 2025 3:00 PM;3,370.42;1,853.64;3,344.52;16,975.20;27,530.71;99.42;-;2,537.25;313.25;2,568.50;1.75;1,534.00
Aug 5, 2025 3:00 PM;Aug 5, 2025 4:00 PM;3,404.13;1,822.43;3,348.81;18,050.89;27,295.12;99.12;-;2,541.25;300.25;2,743.00;1.00;1,526.75
Aug 5, 2025 4:00 PM;Aug 5, 2025 5:00 PM;3,503.94;1,947.40;3,534.79;18,989.84;24,574.91;98.76;-;2,591.00;326.25;2,811.00;26.00;1,518.75
Aug 5, 2025 5:00 PM;Aug 5, 2025 6:00 PM;3,642.52;2,138.70;4,843.64;22,526.59;19,187.84;98.89;-;2,619.75;351.00;3,082.75;42.50;1,515.25
Aug 5, 2025 6:00 PM;Aug 5, 2025 7:00 PM;3,907.25;2,203.02;6,579.21;24,573.70;12,500.44;99.64;-;2,891.25;349.25;3,111.00;192.75;1,519.75
Aug 5, 2025 7:00 PM;Aug 5, 2025 8:00 PM;4,230.24;2,328.11;6,986.27;22,809.28;5,099.45;101.25;-;3,430.00;351.00;3,460.75;1,606.00;1,498.25
Aug 5, 2025 8:00 PM;Aug 5, 2025 9:00 PM;4,532.10;2,388.67;6,865.94;20,704.79;914.48;102.37;-;4,030.00;378.00;3,515.50;4,921.50;1,504.50
Aug 5, 2025 9:00 PM;Aug 5, 2025 10:00 PM;4,530.96;2,173.15;7,168.99;20,349.05;46.49;103.51;-;3,897.50;395.00;3,530.75;4,455.50;1,508.50
Aug 5, 2025 10:00 PM;Aug 5, 2025 11:00 PM;4,410.27;2,226.08;7,052.25;19,843.64;17.99;103.80;-;3,738.75;343.75;3,253.00;3,818.50;1,496.00
Aug 5, 2025 11:00 PM;Aug 6, 2025 12:00 AM;4,178.56;2,131.37;7,157.81;20,567.04;10.89;100.37;-;3,204.25;295.25;2,552.00;1,426.25;1,505.50
Aug 6, 2025 12:00 AM;Aug 6, 2025 1:00 AM;3,946.72;2,127.58;6,956.34;20,005.61;13.02;103.63;-;2,750.50;272.50;2,021.75;705.75;1,499.25
Aug 6, 2025 1:00 AM;Aug 6, 2025 2:00 AM;3,848.44;2,088.19;6,568.26;19,746.20;11.31;98.14;-;2,589.25;260.25;1,866.00;169.25;1,476.50
Aug 6, 2025 2:00 AM;Aug 6, 2025 3:00 AM;3,799.73;2,119.74;5,907.10;19,253.90;11.27;98.71;-;2,608.50;249.75;1,949.00;160.00;1,456.75
Aug 6, 2025 3:00 AM;Aug 6, 2025 4:00 AM;3,792.16;2,083.71;5,880.95;18,922.12;12.56;99.03;-;2,601.75;310.00;1,966.25;70.25;1,440.50
Aug 6, 2025 4:00 AM;Aug 6, 2025 5:00 AM;3,848.59;2,068.75;5,656.03;18,164.12;8.89;99.29;-;2,681.25;472.50;2,024.25;197.00;1,449.50
Aug 6, 2025 5:00 AM;Aug 6, 2025 6:00 AM;4,053.61;2,143.55;5,573.69;17,753.03;39.58;98.51;-;3,108.00;560.75;2,247.75;1,446.00;1,454.00
Aug 6, 2025 6:00 AM;Aug 6, 2025 7:00 AM;4,324.60;2,341.42;6,009.72;16,305.62;1,771.34;99.13;-;3,152.00;708.00;2,553.50;4,005.50;1,428.00
Aug 6, 2025 7:00 AM;Aug 6, 2025 8:00 AM;4,409.96;2,416.29;5,674.43;13,020.97;8,159.87;98.84;-;3,044.50;826.50;2,933.75;4,965.00;1,378.25
Aug 6, 2025 8:00 AM;Aug 6, 2025 9:00 AM;4,263.48;2,728.24;5,374.50;9,650.15;18,839.66;98.07;-;2,953.50;846.75;3,028.25;2,635.50;1,454.75
Aug 6, 2025 9:00 AM;Aug 6, 2025 10:00 AM;3,906.03;2,583.01;3,862.65;9,200.87;30,192.07;97.37;-;2,977.25;841.25;3,031.50;904.50;1,429.50
Aug 6, 2025 10:00 AM;Aug 6, 2025 11:00 AM;3,622.12;2,229.92;3,716.25;10,165.64;35,571.78;96.69;-;2,597.00;824.75;2,174.50;83.75;1,418.75
Aug 6, 2025 11:00 AM;Aug 6, 2025 12:00 PM;3,510.55;2,109.84;3,097.90;10,484.05;37,824.65;92.14;-;2,562.00;818.25;1,592.25;43.75;1,348.25
Aug 6, 2025 12:00 PM;Aug 6, 2025 1:00 PM;3,463.76;2,056.47;2,449.55;11,452.94;39,254.39;91.69;-;2,526.50;810.50;1,566.75;9.50;1,352.00
Aug 6, 2025 1:00 PM;Aug 6, 2025 2:00 PM;3,447.35;2,057.15;2,439.71;11,779.15;38,886.21;91.28;-;2,503.75;819.00;1,536.50;31.75;1,374.50
Aug 6, 2025 2:00 PM;Aug 6, 2025 3:00 PM;3,457.94;2,076.71;2,360.22;11,040.31;36,981.53;90.95;-;2,590.50;808.50;1,503.25;35.50;1,382.00
Aug 6, 2025 3:00 PM;Aug 6, 2025 4:00 PM;3,513.48;2,014.70;2,950.14;10,609.62;34,515.08;90.64;-;2,588.25;939.25;1,511.50;4.00;1,368.00
Aug 6, 2025 4:00 PM;Aug 6, 2025 5:00 PM;3,664.93;2,095.56;2,906.48;9,266.05;29,800.16;90.50;-;2,538.00;1,139.75;1,566.75;147.50;1,354.75
Aug 6, 2025 5:00 PM;Aug 6, 2025 6:00 PM;3,858.03;2,166.34;3,781.35;9,217.10;23,525.98;90.59;-;3,044.75;1,387.50;1,883.25;342.75;1,393.75
Aug 6, 2025 6:00 PM;Aug 6, 2025 7:00 PM;4,226.73;2,323.78;4,343.04;7,821.84;13,939.85;90.76;-;4,482.00;1,537.25;3,680.50;1,911.00;1,323.00
Aug 6, 2025 7:00 PM;Aug 6, 2025 8:00 PM;4,586.92;2,688.89;3,799.28;5,386.00;5,435.51;91.41;-;5,767.50;1,744.00;5,486.00;3,778.00;1,302.50
Aug 6, 2025 8:00 PM;Aug 6, 2025 9:00 PM;4,760.03;2,935.03;3,408.95;3,250.18;916.04;91.82;-;6,089.25;1,870.00;6,297.25;5,603.75;1,304.50
Aug 6, 2025 9:00 PM;Aug 6, 2025 10:00 PM;4,718.40;2,616.03;2,889.26;2,472.58;56.69;93.50;-;6,172.50;1,995.25;6,331.75;4,639.75;1,313.25
Aug 6, 2025 10:00 PM;Aug 6, 2025 11:00 PM;4,538.91;2,538.04;2,693.07;2,166.33;29.87;94.29;-;6,208.00;1,998.50;6,137.25;4,397.25;1,357.25
Aug 6, 2025 11:00 PM;Aug 7, 2025 12:00 AM;4,327.35;2,270.49;2,370.27;1,961.57;11.52;94.94;-;6,230.25;1,922.00;5,521.75;2,057.00;1,348.25
Aug 7, 2025 12:00 AM;Aug 7, 2025 1:00 AM;4,089.17;2,189.35;2,238.30;1,960.71;9.88;98.48;-;6,181.25;1,805.00;4,589.25;744.75;1,395.00
Aug 7, 2025 1:00 AM;Aug 7, 2025 2:00 AM;3,979.82;2,180.17;2,244.09;2,193.14;7.43;95.26;-;6,027.25;1,666.25;3,898.00;342.00;1,382.50
Aug 7, 2025 2:00 AM;Aug 7, 2025 3:00 AM;3,815.82;2,035.07;2,138.72;2,766.79;7.17;95.63;-;5,985.75;1,601.25;3,671.25;135.25;1,414.00
Aug 7, 2025 3:00 AM;Aug 7, 2025 4:00 AM;3,858.04;2,019.93;2,125.29;3,669.93;6.34;95.92;-;5,994.00;1,547.50;3,621.00;80.75;1,398.25
Aug 7, 2025 4:00 AM;Aug 7, 2025 5:00 AM;3,916.00;2,081.41;2,046.43;4,548.96;14.27;96.08;-;5,952.50;1,479.25;3,621.00;149.75;1,406.50
Aug 7, 2025 5:00 AM;Aug 7, 2025 6:00 AM;4,112.66;2,134.79;2,242.16;5,316.12;34.71;95.14;-;6,105.00;1,169.00;3,611.50;927.75;1,443.00
Aug 7, 2025 6:00 AM;Aug 7, 2025 7:00 AM;4,334.79;2,153.17;2,544.24;6,384.42;1,458.74;95.44;-;6,109.00;1,033.50;3,942.75;1,744.75;1,457.50
Aug 7, 2025 7:00 AM;Aug 7, 2025 8:00 AM;4,359.78;2,274.66;2,518.30;6,499.04;6,949.91;94.69;-;5,671.50;1,054.50;3,793.75;2,056.25;1,462.50
Aug 7, 2025 8:00 AM;Aug 7, 2025 9:00 AM;4,120.02;2,273.11;2,508.02;5,018.82;16,373.42;90.61;-;5,528.00;928.00;3,067.25;1,088.50;1,441.00
Aug 7, 2025 9:00 AM;Aug 7, 2025 10:00 AM;3,887.26;2,221.96;2,494.60;2,897.22;27,323.78;90.02;-;4,681.50;500.00;2,410.00;397.00;1,409.75
Aug 7, 2025 10:00 AM;Aug 7, 2025 11:00 AM;3,693.54;2,161.00;2,110.34;2,326.94;36,463.57;89.30;-;3,276.75;281.75;2,222.25;41.25;1,501.75
Aug 7, 2025 11:00 AM;Aug 7, 2025 12:00 PM;3,556.36;2,061.42;1,959.97;2,475.19;42,800.37;88.35;-;3,046.50;269.50;2,275.00;60.75;1,450.25
Aug 7, 2025 12:00 PM;Aug 7, 2025 1:00 PM;3,424.32;2,009.04;2,023.39;3,766.86;45,024.46;89.33;-;3,026.00;275.00;2,190.25;10.25;1,385.25
Aug 7, 2025 1:00 PM;Aug 7, 2025 2:00 PM;3,403.73;2,081.23;2,248.33;4,066.62;44,446.22;91.53;-;2,956.50;311.00;2,086.75;2.00;1,402.75
Aug 7, 2025 2:00 PM;Aug 7, 2025 3:00 PM;3,441.45;1,988.14;2,766.40;4,623.65;43,317.42;91.09;-;2,885.00;586.50;2,066.50;2.50;1,411.50
Aug 7, 2025 3:00 PM;Aug 7, 2025 4:00 PM;3,509.34;2,008.68;3,035.39;6,010.16;39,469.24;90.75;-;2,943.25;862.00;2,134.00;10.25;1,375.50
Aug 7, 2025 4:00 PM;Aug 7, 2025 5:00 PM;3,664.88;2,099.35;3,389.59;7,455.38;33,936.11;90.28;-;3,038.75;1,080.50;2,196.25;11.75;1,395.25
Aug 7, 2025 5:00 PM;Aug 7, 2025 6:00 PM;3,828.74;2,242.64;3,170.96;7,816.97;23,713.03;90.32;-;3,803.00;1,271.00;2,428.25;272.75;1,457.50
Aug 7, 2025 6:00 PM;Aug 7, 2025 7:00 PM;4,148.62;2,395.04;2,850.21;6,155.37;12,958.88;90.51;-;5,499.50;1,874.50;3,915.50;1,614.75;1,444.75
Aug 7, 2025 7:00 PM;Aug 7, 2025 8:00 PM;4,556.16;2,647.03;2,715.34;4,461.42;4,803.75;91.10;-;6,203.25;2,329.25;4,701.00;4,510.75;1,433.00
Aug 7, 2025 8:00 PM;Aug 7, 2025 9:00 PM;4,715.17;2,778.41;2,211.30;3,570.82;711.01;91.89;-;6,411.00;2,446.00;4,778.00;5,414.25;1,459.75
Aug 7, 2025 9:00 PM;Aug 7, 2025 10:00 PM;4,671.20;2,704.10;2,090.00;2,912.33;69.79;94.60;-;6,441.50;2,359.75;4,804.50;5,562.25;1,447.00
Aug 7, 2025 10:00 PM;Aug 7, 2025 11:00 PM;4,499.31;2,516.17;2,098.58;3,370.64;18.83;96.78;-;6,420.25;2,237.50;4,819.75;4,446.25;1,574.75
Aug 7, 2025 11:00 PM;Aug 8, 2025 12:00 AM;4,229.30;2,172.98;2,034.20;4,417.34;10.70;99.73;-;6,395.00;2,135.00;4,594.00;1,209.75;1,587.25
Aug 8, 2025 12:00 AM;Aug 8, 2025 1:00 AM;3,957.43;2,081.07;2,064.77;5,569.12;10.01;95.95;-;6,408.50;2,076.00;3,727.25;242.75;1,520.50
Aug 8, 2025 1:00 AM;Aug 8, 2025 2:00 AM;3,877.13;2,097.10;2,017.36;5,786.67;9.39;100.09;-;6,379.50;2,030.50;2,614.50;161.50;1,477.75
Aug 8, 2025 2:00 AM;Aug 8, 2025 3:00 AM;3,829.81;2,009.76;2,275.53;6,026.31;10.10;104.36;-;6,296.25;1,967.00;2,587.00;89.25;1,500.50
Aug 8, 2025 3:00 AM;Aug 8, 2025 4:00 AM;3,822.68;1,924.83;2,297.00;6,311.19;8.72;104.61;-;6,197.75;1,889.00;2,585.50;121.50;1,482.00
Aug 8, 2025 4:00 AM;Aug 8, 2025 5:00 AM;3,901.22;1,940.91;1,875.21;7,129.54;16.54;104.70;-;6,357.00;1,804.25;2,627.75;124.50;1,493.00
Aug 8, 2025 5:00 AM;Aug 8, 2025 6:00 AM;4,085.60;2,087.34;1,821.53;7,995.64;29.73;103.59;-;6,617.00;1,671.25;2,803.50;427.00;1,484.25
Aug 8, 2025 6:00 AM;Aug 8, 2025 7:00 AM;4,351.50;2,193.11;1,746.32;9,371.54;1,201.66;104.64;-;6,780.75;1,901.25;2,933.75;1,237.00;1,420.25
Aug 8, 2025 7:00 AM;Aug 8, 2025 8:00 AM;4,403.62;2,331.98;1,635.40;8,702.90;6,683.72;103.57;-;6,949.75;1,936.50;2,958.50;1,567.00;1,431.75
Aug 8, 2025 8:00 AM;Aug 8, 2025 9:00 AM;4,186.11;2,110.35;1,523.71;6,375.94;15,929.25;101.41;-;6,755.25;1,806.75;2,965.00;871.75;1,425.75
Aug 8, 2025 9:00 AM;Aug 8, 2025 10:00 AM;3,934.01;2,213.31;1,338.27;4,469.52;25,938.56;99.70;-;5,598.50;1,320.00;2,681.75;407.00;1,449.00
Aug 8, 2025 10:00 AM;Aug 8, 2025 11:00 AM;3,735.97;1,945.87;1,387.20;4,925.78;34,041.73;98.50;-;4,426.75;894.25;2,115.75;294.75;1,526.50
Aug 8, 2025 11:00 AM;Aug 8, 2025 12:00 PM;3,596.09;1,994.97;1,435.46;6,392.24;38,391.09;97.72;-;3,726.00;781.25;1,864.25;252.00;1,569.00
Aug 8, 2025 12:00 PM;Aug 8, 2025 1:00 PM;3,496.97;1,887.69;1,264.76;8,209.38;40,097.81;94.84;-;3,504.75;856.25;1,987.75;205.25;1,501.75
Aug 8, 2025 1:00 PM;Aug 8, 2025 2:00 PM;3,466.81;1,862.85;1,204.34;9,778.46;39,766.52;91.81;-;3,392.25;756.25;1,984.50;194.00;1,475.50
Aug 8, 2025 2:00 PM;Aug 8, 2025 3:00 PM;3,436.76;1,791.12;1,318.48;10,258.77;38,544.21;91.14;-;3,335.25;766.25;1,921.25;100.00;1,463.50
Aug 8, 2025 3:00 PM;Aug 8, 2025 4:00 PM;3,471.46;1,803.73;1,435.86;10,184.28;35,406.45;90.79;-;3,228.25;776.50;1,695.75;128.25;1,459.00
Aug 8, 2025 4:00 PM;Aug 8, 2025 5:00 PM;3,583.03;1,855.10;1,406.71;9,505.13;30,097.01;90.65;-;3,521.00;803.75;1,842.25;268.75;1,513.00
Aug 8, 2025 5:00 PM;Aug 8, 2025 6:00 PM;3,775.58;2,017.88;1,525.86;8,059.87;22,198.53;90.80;-;5,147.75;1,160.00;2,487.00;213.25;1,538.00
Aug 8, 2025 6:00 PM;Aug 8, 2025 7:00 PM;4,139.85;2,059.82;1,554.69;6,260.88;12,941.56;91.36;-;6,065.75;1,843.00;4,611.25;1,335.75;1,532.00
Aug 8, 2025 7:00 PM;Aug 8, 2025 8:00 PM;4,461.37;2,439.06;1,302.07;4,403.40;4,903.97;92.26;-;7,239.75;2,255.75;5,267.00;4,115.25;1,503.00
Aug 8, 2025 8:00 PM;Aug 8, 2025 9:00 PM;4,633.49;2,495.56;1,066.08;3,056.62;775.55;94.02;-;7,445.50;2,448.75;6,688.75;5,482.75;1,499.75
Aug 8, 2025 9:00 PM;Aug 8, 2025 10:00 PM;4,627.62;2,636.01;1,096.59;2,333.95;78.23;96.49;-;7,477.00;2,524.25;7,514.25;5,193.50;1,515.75
Aug 8, 2025 10:00 PM;Aug 8, 2025 11:00 PM;4,452.69;2,450.95;984.87;2,170.79;19.12;97.33;-;7,501.25;2,506.00;7,491.75;4,203.25;1,510.75
Aug 8, 2025 11:00 PM;Aug 9, 2025 12:00 AM;4,267.22;2,147.70;738.84;1,780.92;18.96;97.92;-;7,468.75;2,305.00;7,423.50;2,969.00;1,512.75
Aug 9, 2025 12:00 AM;Aug 9, 2025 1:00 AM;4,120.10;1,995.08;575.76;1,455.70;18.84;98.40;-;7,522.75;2,074.75;7,204.25;1,918.75;1,474.75
Aug 9, 2025 1:00 AM;Aug 9, 2025 2:00 AM;4,032.02;2,062.99;508.00;1,355.99;12.26;98.59;-;7,538.50;2,036.75;6,529.50;789.50;1,456.00
Aug 9, 2025 2:00 AM;Aug 9, 2025 3:00 AM;3,945.13;1,934.33;535.33;1,321.06;8.17;101.31;-;7,552.50;2,028.75;5,996.75;251.75;1,477.25
Aug 9, 2025 3:00 AM;Aug 9, 2025 4:00 AM;3,915.00;1,975.81;480.17;1,264.01;8.34;101.66;-;7,560.50;2,025.00;4,852.25;299.00;1,472.50
Aug 9, 2025 4:00 AM;Aug 9, 2025 5:00 AM;3,980.09;2,042.55;486.04;1,389.96;16.17;98.83;-;7,495.75;2,026.00;4,203.00;620.25;1,488.50
Aug 9, 2025 5:00 AM;Aug 9, 2025 6:00 AM;4,131.81;2,232.49;625.11;1,582.83;39.29;97.73;-;7,125.75;2,024.00;4,299.75;743.00;1,474.00
Aug 9, 2025 6:00 AM;Aug 9, 2025 7:00 AM;4,228.47;1,970.33;693.17;2,192.13;1,400.67;98.87;-;7,077.25;1,899.75;4,010.00;421.50;1,451.25
Aug 9, 2025 7:00 AM;Aug 9, 2025 8:00 AM;4,207.73;1,933.63;967.65;2,551.81;7,069.21;98.47;-;5,970.00;1,135.00;3,059.50;469.75;1,461.00
Aug 9, 2025 8:00 AM;Aug 9, 2025 9:00 AM;4,021.47;2,040.95;1,128.68;2,034.24;16,354.05;96.76;-;4,234.50;219.00;2,601.50;759.00;1,466.00
Aug 9, 2025 9:00 AM;Aug 9, 2025 10:00 AM;3,851.94;1,946.80;1,205.07;1,166.18;25,534.09;95.21;-;3,330.75;221.25;2,403.25;341.00;1,470.75
Aug 9, 2025 10:00 AM;Aug 9, 2025 11:00 AM;3,632.66;1,887.37;946.67;1,011.19;33,488.42;94.18;-;3,178.75;216.25;2,271.50;65.50;1,413.25
Aug 9, 2025 11:00 AM;Aug 9, 2025 12:00 PM;3,500.26;1,814.94;675.04;1,029.40;38,911.91;93.35;-;3,158.50;190.75;2,168.75;0.25;1,431.25
Aug 9, 2025 12:00 PM;Aug 9, 2025 1:00 PM;3,410.03;1,670.48;475.41;1,435.83;41,277.46;92.58;-;3,151.00;184.25;1,785.50;0.00;1,417.50
Aug 9, 2025 1:00 PM;Aug 9, 2025 2:00 PM;3,382.80;1,643.12;375.20;1,959.02;42,643.98;91.97;-;3,117.25;170.75;1,573.75;71.00;1,412.50
Aug 9, 2025 2:00 PM;Aug 9, 2025 3:00 PM;3,367.90;1,665.26;332.56;2,491.75;41,409.55;90.96;-;3,107.25;182.75;1,544.75;9.50;1,383.00
Aug 9, 2025 3:00 PM;Aug 9, 2025 4:00 PM;3,381.27;1,719.46;651.35;3,731.30;38,253.99;89.51;-;3,139.25;212.00;1,522.75;135.75;1,364.50
Aug 9, 2025 4:00 PM;Aug 9, 2025 5:00 PM;3,492.21;1,764.39;1,288.28;5,166.96;32,929.04;89.34;-;3,168.00;229.50;1,527.25;42.50;1,326.50
Aug 9, 2025 5:00 PM;Aug 9, 2025 6:00 PM;3,671.17;1,723.76;2,375.88;6,329.71;25,404.57;91.91;-;3,192.50;244.75;1,574.25;23.00;1,379.50
Aug 9, 2025 6:00 PM;Aug 9, 2025 7:00 PM;3,973.56;2,028.50;3,204.03;7,983.82;14,535.02;94.63;-;4,193.25;263.00;1,963.25;468.25;1,441.75
Aug 9, 2025 7:00 PM;Aug 9, 2025 8:00 PM;4,344.02;2,198.04;3,139.06;8,573.92;5,154.18;95.36;-;6,362.25;325.25;3,177.75;4,064.50;1,405.75
Aug 9, 2025 8:00 PM;Aug 9, 2025 9:00 PM;4,529.15;2,604.28;2,824.47;8,771.00;737.19;96.07;-;6,512.50;365.75;3,528.50;5,687.25;1,406.00
Aug 9, 2025 9:00 PM;Aug 9, 2025 10:00 PM;4,548.99;2,374.64;2,644.04;9,659.77;66.44;97.72;-;6,554.75;364.25;3,756.50;5,518.25;1,422.25
Aug 9, 2025 10:00 PM;Aug 9, 2025 11:00 PM;4,411.51;2,378.60;2,544.29;10,372.47;26.36;98.26;-;6,398.25;326.75;3,597.75;4,630.50;1,414.00
Aug 9, 2025 11:00 PM;Aug 10, 2025 12:00 AM;4,190.68;2,047.25;2,798.89;10,513.81;14.36;98.45;-;6,036.00;254.75;3,468.25;3,751.25;1,407.00
Aug 10, 2025 12:00 AM;Aug 10, 2025 1:00 AM;4,025.14;1,971.96;3,203.75;11,187.96;14.56;93.61;-;5,366.75;237.50;2,731.50;2,584.50;1,388.00
Aug 10, 2025 1:00 AM;Aug 10, 2025 2:00 AM;3,967.67;1,881.42;3,465.98;11,790.35;9.45;101.82;-;5,086.50;224.75;2,567.75;1,322.75;1,354.75
Aug 10, 2025 2:00 AM;Aug 10, 2025 3:00 AM;3,893.95;1,771.42;3,537.93;12,757.65;12.89;102.10;-;4,994.00;216.00;2,520.00;496.25;1,351.50
Aug 10, 2025 3:00 AM;Aug 10, 2025 4:00 AM;3,872.39;1,717.33;3,278.99;13,225.19;9.04;102.39;-;4,565.50;213.50;2,432.25;192.75;1,389.50
Aug 10, 2025 4:00 AM;Aug 10, 2025 5:00 AM;3,905.38;1,780.89;3,256.95;12,790.88;17.58;102.50;-;4,521.25;209.75;2,417.50;164.75;1,401.75
Aug 10, 2025 5:00 AM;Aug 10, 2025 6:00 AM;4,001.35;1,725.74;3,053.80;11,951.93;26.40;101.30;-;4,499.00;215.00;2,406.00;307.50;1,384.75
Aug 10, 2025 6:00 AM;Aug 10, 2025 7:00 AM;4,112.19;1,727.02;2,559.73;10,755.51;1,327.68;102.39;-;4,381.25;209.25;2,490.00;333.25;1,391.50
Aug 10, 2025 7:00 AM;Aug 10, 2025 8:00 AM;4,102.24;1,729.93;2,361.05;8,471.55;7,464.14;101.87;-;4,164.75;203.25;2,306.75;361.00;1,379.00
Aug 10, 2025 8:00 AM;Aug 10, 2025 9:00 AM;3,913.97;1,681.79;1,715.79;6,126.51;18,258.10;102.36;-;4,103.75;199.50;1,665.25;116.25;1,399.75
Aug 10, 2025 9:00 AM;Aug 10, 2025 10:00 AM;3,720.23;1,663.58;1,476.67;6,049.20;28,772.38;103.04;-;3,506.75;188.75;1,617.00;190.00;1,361.75
Aug 10, 2025 10:00 AM;Aug 10, 2025 11:00 AM;3,582.45;1,627.74;1,313.21;5,780.64;36,161.15;102.18;-;3,635.50;174.00;1,619.75;35.50;1,307.00
Aug 10, 2025 11:00 AM;Aug 10, 2025 12:00 PM;3,493.38;1,498.78;564.41;5,956.66;40,942.60;101.65;-;3,702.00;167.25;1,456.50;2.00;1,287.25
Aug 10, 2025 12:00 PM;Aug 10, 2025 1:00 PM;3,408.56;1,522.27;468.67;5,561.47;42,970.32;101.12;-;3,318.25;155.00;1,448.25;1.50;1,283.00
Aug 10, 2025 1:00 PM;Aug 10, 2025 2:00 PM;3,375.77;1,507.47;456.15;4,900.91;42,546.14;100.69;-;2,830.25;148.75;1,433.25;11.75;1,267.00
Aug 10, 2025 2:00 PM;Aug 10, 2025 3:00 PM;3,367.61;1,491.81;588.02;5,114.81;41,194.36;99.22;-;2,712.00;139.75;1,444.75;15.50;1,238.25
Aug 10, 2025 3:00 PM;Aug 10, 2025 4:00 PM;3,394.03;1,482.83;701.58;7,098.85;38,096.68;95.36;-;3,040.25;150.50;1,461.25;0.75;1,245.25
Aug 10, 2025 4:00 PM;Aug 10, 2025 5:00 PM;3,498.68;1,632.12;1,034.65;7,462.96;33,520.98;95.29;-;3,084.50;170.25;1,475.25;278.25;1,274.50
Aug 10, 2025 5:00 PM;Aug 10, 2025 6:00 PM;3,665.07;1,626.32;1,409.11;7,579.18;26,453.78;95.56;-;3,341.75;199.75;1,587.75;147.25;1,343.75
Aug 10, 2025 6:00 PM;Aug 10, 2025 7:00 PM;3,994.47;1,784.03;1,134.86;6,676.05;15,327.10;95.97;-;4,844.50;354.25;2,324.25;651.50;1,371.75
Aug 10, 2025 7:00 PM;Aug 10, 2025 8:00 PM;4,317.08;2,027.94;884.42;5,003.90;5,272.24;96.60;-;6,286.00;606.25;4,302.25;3,945.50;1,374.00
Aug 10, 2025 8:00 PM;Aug 10, 2025 9:00 PM;4,552.58;2,582.76;713.90;4,057.73;695.81;96.98;-;7,122.00;836.25;5,298.50;5,194.50;1,375.00
Aug 10, 2025 9:00 PM;Aug 10, 2025 10:00 PM;4,552.88;2,431.43;499.80;4,532.94;39.88;98.42;-;7,226.50;905.25;5,610.50;4,461.75;1,396.75
Aug 10, 2025 10:00 PM;Aug 10, 2025 11:00 PM;4,386.87;2,216.11;433.69;5,479.68;12.31;99.17;-;7,376.50;854.50;5,642.50;3,082.75;1,431.75
Aug 10, 2025 11:00 PM;Aug 11, 2025 12:00 AM;4,170.95;1,870.59;431.47;5,878.50;9.51;104.85;-;6,759.75;800.25;5,399.25;859.00;1,442.75
Aug 11, 2025 12:00 AM;Aug 11, 2025 1:00 AM;3,935.03;1,722.41;252.86;5,649.93;9.20;103.62;-;6,410.50;795.00;5,480.50;333.50;1,476.50
Aug 11, 2025 1:00 AM;Aug 11, 2025 2:00 AM;3,848.36;1,763.91;162.69;5,318.83;9.75;104.22;-;6,415.00;786.25;5,270.50;95.25;1,510.00
Aug 11, 2025 2:00 AM;Aug 11, 2025 3:00 AM;3,811.96;1,784.70;155.94;4,949.11;9.59;104.52;-;6,368.25;784.50;5,227.25;37.75;1,519.00
Aug 11, 2025 3:00 AM;Aug 11, 2025 4:00 AM;3,785.71;1,704.11;190.46;4,598.26;6.77;104.75;-;6,241.00;777.50;5,162.75;93.75;1,523.50
Aug 11, 2025 4:00 AM;Aug 11, 2025 5:00 AM;3,854.64;1,900.67;177.08;4,218.42;12.87;104.87;-;6,604.00;809.75;5,296.25;238.00;1,514.75
Aug 11, 2025 5:00 AM;Aug 11, 2025 6:00 AM;4,042.67;1,945.65;124.72;4,071.72;29.11;103.83;-;7,422.00;846.00;5,723.00;643.75;1,515.25
Aug 11, 2025 6:00 AM;Aug 11, 2025 7:00 AM;4,325.48;1,926.77;191.99;4,286.57;1,330.66;104.96;-;7,431.00;909.00;6,214.00;3,170.50;1,503.50
Aug 11, 2025 7:00 AM;Aug 11, 2025 8:00 AM;4,404.61;2,042.77;229.69;3,966.13;7,594.63;104.45;-;7,336.00;925.75;6,220.00;3,834.50;1,509.25
Aug 11, 2025 8:00 AM;Aug 11, 2025 9:00 AM;4,183.02;1,858.33;282.15;2,657.27;18,919.07;103.52;-;6,362.75;898.25;5,257.25;1,284.25;1,506.25
Aug 11, 2025 9:00 AM;Aug 11, 2025 10:00 AM;3,896.18;1,906.22;365.68;1,403.53;30,719.32;102.78;-;5,518.75;758.25;2,737.25;356.25;1,523.50
Aug 11, 2025 10:00 AM;Aug 11, 2025 11:00 AM;3,647.76;1,854.54;437.73;1,286.60;40,151.89;102.14;-;3,971.75;361.75;1,949.00;91.75;1,496.75
Aug 11, 2025 11:00 AM;Aug 11, 2025 12:00 PM;3,503.09;1,765.67;481.69;1,438.11;45,938.51;101.44;-;3,642.75;293.75;1,608.25;53.50;1,536.75
Aug 11, 2025 12:00 PM;Aug 11, 2025 1:00 PM;3,433.97;1,760.17;434.68;1,594.70;49,571.76;100.85;-;3,652.00;273.25;1,616.50;19.50;1,536.50
Aug 11, 2025 1:00 PM;Aug 11, 2025 2:00 PM;3,402.53;1,758.82;302.67;1,308.66;50,178.17;100.31;-;3,682.00;268.00;1,593.75;20.50;1,561.50
Aug 11, 2025 2:00 PM;Aug 11, 2025 3:00 PM;3,414.28;1,687.99;234.93;1,201.73;48,858.43;100.11;-;3,451.00;276.75;1,631.00;66.00;1,495.25
Aug 11, 2025 3:00 PM;Aug 11, 2025 4:00 PM;3,470.22;1,664.77;391.07;1,116.04;44,105.25;101.75;-;3,560.25;522.50;1,731.00;70.00;1,479.75
Aug 11, 2025 4:00 PM;Aug 11, 2025 5:00 PM;3,597.36;1,785.41;331.11;1,034.92;36,823.91;96.94;-;4,225.75;1,180.75;2,085.25;14.50;1,516.00
Aug 11, 2025 5:00 PM;Aug 11, 2025 6:00 PM;3,781.15;1,987.12;202.40;1,110.07;26,947.36;100.01;-;6,884.00;2,075.50;3,694.50;412.50;1,484.00
Aug 11, 2025 6:00 PM;Aug 11, 2025 7:00 PM;4,189.26;2,217.64;90.11;1,341.04;14,953.61;101.28;-;8,267.25;3,035.00;6,715.25;2,168.75;1,471.00
Aug 11, 2025 7:00 PM;Aug 11, 2025 8:00 PM;4,482.68;2,417.96;81.49;1,605.65;4,909.18;101.94;-;8,844.00;3,808.00;8,733.25;5,370.75;1,478.75
Aug 11, 2025 8:00 PM;Aug 11, 2025 9:00 PM;4,527.51;2,445.01;102.27;2,588.16;586.82;102.48;-;8,988.25;3,985.75;8,917.50;4,749.00;1,600.50
Aug 11, 2025 9:00 PM;Aug 11, 2025 10:00 PM;4,499.90;2,361.46;87.52;3,832.74;41.65;104.20;-;8,776.25;4,153.75;8,992.00;4,733.25;1,532.00
Aug 11, 2025 10:00 PM;Aug 11, 2025 11:00 PM;4,318.66;2,092.09;94.04;5,535.76;16.85;104.96;-;8,627.00;4,254.50;9,060.25;2,303.00;1,490.25
Aug 11, 2025 11:00 PM;Aug 12, 2025 12:00 AM;4,088.53;1,793.42;69.16;6,830.26;9.77;105.69;-;8,458.25;4,096.25;7,941.50;317.75;1,425.25
Aug 12, 2025 12:00 AM;Aug 12, 2025 1:00 AM;3,892.72;1,786.66;44.92;7,312.70;8.45;106.46;-;7,621.50;3,958.75;6,885.25;36.75;1,340.25
Aug 12, 2025 1:00 AM;Aug 12, 2025 2:00 AM;3,794.31;1,738.83;61.91;7,302.47;7.26;107.18;-;7,249.25;3,776.75;6,525.75;27.00;1,346.50
Aug 12, 2025 2:00 AM;Aug 12, 2025 3:00 AM;3,760.24;1,698.59;50.27;6,816.59;6.19;107.45;-;7,081.25;3,401.75;6,190.75;39.75;1,358.25
Aug 12, 2025 3:00 AM;Aug 12, 2025 4:00 AM;3,760.87;1,683.82;61.17;6,463.92;6.36;107.78;-;7,100.50;3,208.25;6,313.00;25.50;1,364.25
Aug 12, 2025 4:00 AM;Aug 12, 2025 5:00 AM;3,823.97;1,728.35;83.13;5,975.14;10.84;108.24;-;7,463.75;3,513.50;6,803.25;43.50;1,408.25
Aug 12, 2025 5:00 AM;Aug 12, 2025 6:00 AM;4,033.16;1,812.76;92.65;5,749.05;28.74;107.26;-;8,492.50;3,971.00;7,175.25;263.00;1,402.25
Aug 12, 2025 6:00 AM;Aug 12, 2025 7:00 AM;4,269.97;1,994.87;109.92;5,888.17;1,214.37;108.31;-;8,559.00;4,087.00;7,342.75;1,695.25;1,391.00
Aug 12, 2025 7:00 AM;Aug 12, 2025 8:00 AM;4,291.98;2,096.15;104.98;5,389.57;7,186.69;107.42;-;8,540.25;4,106.75;7,381.50;2,685.50;1,392.00
Aug 12, 2025 8:00 AM;Aug 12, 2025 9:00 AM;4,053.88;1,864.25;250.70;4,229.23;17,785.46;106.22;-;8,027.00;3,659.00;6,298.25;703.50;1,391.25
Aug 12, 2025 9:00 AM;Aug 12, 2025 10:00 AM;3,830.17;2,085.52;372.48;2,285.17;28,076.00;105.09;-;6,672.00;2,432.00;4,036.25;598.50;1,396.50
Aug 12, 2025 10:00 AM;Aug 12, 2025 11:00 AM;3,661.29;2,081.54;503.75;1,778.70;35,161.42;103.97;-;6,230.00;1,747.00;3,133.75;783.50;1,469.25
Aug 12, 2025 11:00 AM;Aug 12, 2025 12:00 PM;3,448.30;1,799.38;697.72;2,563.75;40,466.48;102.88;-;5,263.50;1,554.00;2,774.00;50.25;1,473.25
Aug 12, 2025 12:00 PM;Aug 12, 2025 1:00 PM;3,385.88;1,644.70;1,230.06;3,059.76;43,748.78;101.93;-;4,107.50;1,364.75;2,504.50;44.00;1,454.00
Aug 12, 2025 1:00 PM;Aug 12, 2025 2:00 PM;3,334.39;1,676.05;1,185.11;3,100.24;44,248.79;101.05;-;3,892.75;1,370.00;2,179.50;1.00;1,460.00
Aug 12, 2025 2:00 PM;Aug 12, 2025 3:00 PM;3,320.18;1,654.39;1,070.46;3,524.50;43,355.52;100.44;-;3,771.25;1,457.50;1,838.00;1.00;1,464.00
Aug 12, 2025 3:00 PM;Aug 12, 2025 4:00 PM;3,365.08;1,742.22;1,148.69;3,453.50;39,067.66;99.97;-;3,912.75;1,524.75;1,933.75;3.50;1,483.25
Aug 12, 2025 4:00 PM;Aug 12, 2025 5:00 PM;3,526.94;1,761.76;1,350.55;3,527.45;32,177.35;99.70;-;5,910.50;2,096.50;2,529.75;2.00;1,481.25
Aug 12, 2025 5:00 PM;Aug 12, 2025 6:00 PM;3,680.65;1,994.36;1,647.96;3,679.85;22,999.15;99.78;-;7,102.75;3,227.00;4,607.75;190.50;1,431.00
Aug 12, 2025 6:00 PM;Aug 12, 2025 7:00 PM;4,049.20;2,278.24;1,785.69;4,038.51;12,927.89;100.04;-;8,090.00;4,241.75;8,033.75;2,087.50;1,439.25
Aug 12, 2025 7:00 PM;Aug 12, 2025 8:00 PM;4,420.50;2,450.40;1,994.56;4,904.41;4,394.16;100.71;-;8,235.25;4,410.75;8,989.00;5,524.50;1,410.25
Aug 12, 2025 8:00 PM;Aug 12, 2025 9:00 PM;4,508.50;2,389.16;2,239.21;7,231.63;543.08;96.41;-;8,266.50;4,573.00;8,945.25;5,427.00;1,394.25
Aug 12, 2025 9:00 PM;Aug 12, 2025 10:00 PM;4,454.36;2,344.67;2,332.28;10,814.21;28.71;96.31;-;7,961.25;4,524.00;8,731.00;3,421.25;1,387.00
Aug 12, 2025 10:00 PM;Aug 12, 2025 11:00 PM;4,266.64;2,170.33;2,498.08;13,123.56;14.19;104.75;-;7,995.75;4,484.75;8,727.25;1,692.00;1,408.00
Aug 12, 2025 11:00 PM;Aug 13, 2025 12:00 AM;4,056.41;1,887.78;2,528.86;13,560.03;10.53;105.24;-;7,493.00;4,289.75;8,458.00;558.25;1,424.75
Aug 13, 2025 12:00 AM;Aug 13, 2025 1:00 AM;3,866.87;1,871.74;2,063.68;12,758.46;10.70;105.50;-;6,945.50;4,260.50;7,455.25;261.00;1,510.50
Aug 13, 2025 1:00 AM;Aug 13, 2025 2:00 AM;3,783.71;2,038.81;1,576.95;11,672.25;13.53;105.82;-;6,898.50;4,272.75;6,344.75;555.75;1,518.25
Aug 13, 2025 2:00 AM;Aug 13, 2025 3:00 AM;3,748.24;1,873.18;1,452.06;10,182.01;9.92;106.19;-;6,886.75;4,224.00;6,203.25;198.00;1,539.50
Aug 13, 2025 3:00 AM;Aug 13, 2025 4:00 AM;3,745.50;1,635.54;1,368.01;9,343.55;8.18;106.32;-;6,879.50;4,252.75;5,991.25;60.50;1,528.25
Aug 13, 2025 4:00 AM;Aug 13, 2025 5:00 AM;3,798.48;1,602.21;1,322.23;8,657.07;6.38;106.39;-;7,131.25;4,212.25;5,741.75;124.75;1,483.50
Aug 13, 2025 5:00 AM;Aug 13, 2025 6:00 AM;3,964.05;1,695.31;1,206.65;7,724.91;14.79;105.22;-;7,793.75;4,329.25;6,178.00;163.00;1,512.25
Aug 13, 2025 6:00 AM;Aug 13, 2025 7:00 AM;4,241.57;1,910.96;1,079.06;7,204.58;1,095.31;106.33;-;7,920.75;4,444.00;6,537.50;941.25;1,496.75
Aug 13, 2025 7:00 AM;Aug 13, 2025 8:00 AM;4,250.16;2,001.97;944.14;6,323.50;6,575.75;105.57;-;7,862.50;4,308.75;6,517.75;1,345.75;1,504.75
Aug 13, 2025 8:00 AM;Aug 13, 2025 9:00 AM;4,068.89;1,874.26;891.68;3,994.91;16,791.47;93.45;-;7,156.50;4,131.75;5,941.25;448.25;1,457.00
Aug 13, 2025 9:00 AM;Aug 13, 2025 10:00 AM;3,817.82;1,873.97;773.91;1,711.00;27,747.25;80.78;-;6,471.50;3,594.25;4,280.00;176.75;1,462.75
Aug 13, 2025 10:00 AM;Aug 13, 2025 11:00 AM;3,621.44;1,697.84;754.66;981.74;36,129.13;79.42;-;5,944.50;2,732.00;2,892.75;12.50;1,409.25
Aug 13, 2025 11:00 AM;Aug 13, 2025 12:00 PM;3,504.92;1,654.03;620.95;1,050.30;42,123.58;84.34;-;5,189.25;2,207.00;2,744.00;31.50;1,365.25
Aug 13, 2025 12:00 PM;Aug 13, 2025 1:00 PM;3,387.61;1,621.34;440.77;1,542.82;45,916.72;98.82;-;4,469.25;1,751.00;2,705.75;11.25;1,392.00
Aug 13, 2025 1:00 PM;Aug 13, 2025 2:00 PM;3,349.95;1,608.10;510.26;1,943.69;46,728.55;95.34;-;4,011.50;1,647.25;2,691.75;24.00;1,424.75
Aug 13, 2025 2:00 PM;Aug 13, 2025 3:00 PM;3,312.52;1,658.31;871.45;1,951.75;44,924.06;97.62;-;3,821.50;1,681.25;2,706.75;20.00;1,417.50
Aug 13, 2025 3:00 PM;Aug 13, 2025 4:00 PM;3,346.53;1,613.09;938.87;1,993.72;40,497.53;96.26;-;4,930.50;1,896.75;2,830.00;37.75;1,482.75
Aug 13, 2025 4:00 PM;Aug 13, 2025 5:00 PM;3,430.97;1,611.37;1,023.42;1,756.92;33,231.23;96.15;-;6,208.25;2,680.50;3,319.50;341.00;1,525.50
Aug 13, 2025 5:00 PM;Aug 13, 2025 6:00 PM;3,576.47;1,914.49;952.81;1,663.37;23,379.56;98.01;-;7,072.50;4,307.25;6,173.50;664.00;1,441.75
Aug 13, 2025 6:00 PM;Aug 13, 2025 7:00 PM;3,996.39;2,171.44;1,066.66;1,992.12;12,637.49;98.98;-;8,064.00;4,693.25;9,229.50;3,071.00;1,459.50
Aug 13, 2025 7:00 PM;Aug 13, 2025 8:00 PM;4,294.87;2,421.55;1,374.48;2,729.55;4,039.47;100.11;-;8,189.50;4,931.50;9,959.75;5,536.00;1,481.50
Aug 13, 2025 8:00 PM;Aug 13, 2025 9:00 PM;4,390.13;2,441.71;1,578.15;4,126.54;441.07;101.26;-;8,216.25;5,021.25;10,196.50;5,750.00;1,428.50
Aug 13, 2025 9:00 PM;Aug 13, 2025 10:00 PM;4,350.87;2,160.10;1,769.45;6,047.06;23.99;103.54;-;8,088.25;5,033.00;9,544.75;3,804.50;1,408.50
Aug 13, 2025 10:00 PM;Aug 13, 2025 11:00 PM;4,212.11;2,003.74;2,009.83;6,949.94;12.85;104.21;-;7,920.00;5,053.25;9,326.50;2,784.50;1,396.75
Aug 13, 2025 11:00 PM;Aug 14, 2025 12:00 AM;4,003.96;1,712.91;2,052.69;7,357.06;8.30;100.92;-;7,645.25;4,889.25;8,490.50;541.25;1,378.50
Aug 14, 2025 12:00 AM;Aug 14, 2025 1:00 AM;3,824.34;1,717.22;1,840.73;6,952.58;9.80;104.37;-;6,958.75;4,881.25;7,524.00;280.25;1,353.50
Aug 14, 2025 1:00 AM;Aug 14, 2025 2:00 AM;3,740.21;1,642.98;1,461.34;6,094.90;8.29;104.86;-;6,702.00;4,889.50;7,147.00;287.00;1,315.00
Aug 14, 2025 2:00 AM;Aug 14, 2025 3:00 AM;3,714.74;1,618.59;1,232.42;5,175.12;7.09;105.31;-;6,703.25;4,893.50;7,126.75;209.00;1,355.50
Aug 14, 2025 3:00 AM;Aug 14, 2025 4:00 AM;3,706.69;1,594.70;966.67;4,319.63;6.88;105.67;-;6,684.25;4,896.50;7,172.50;119.50;1,367.75
Aug 14, 2025 4:00 AM;Aug 14, 2025 5:00 AM;3,771.47;1,664.02;698.56;3,633.42;10.70;106.11;-;6,998.25;4,891.25;7,248.25;255.50;1,354.75
Aug 14, 2025 5:00 AM;Aug 14, 2025 6:00 AM;3,966.97;1,814.34;542.72;3,227.72;20.29;105.36;-;7,676.25;4,961.75;7,450.00;464.00;1,377.25
Aug 14, 2025 6:00 AM;Aug 14, 2025 7:00 AM;4,238.28;1,946.69;896.60;3,325.27;1,074.54;106.61;-;7,659.50;5,010.00;7,711.50;2,115.25;1,425.75
Aug 14, 2025 7:00 AM;Aug 14, 2025 8:00 AM;4,279.40;2,151.83;1,309.27;2,990.62;6,413.24;105.83;-;7,504.00;4,871.00;7,725.25;2,453.25;1,353.25
Aug 14, 2025 8:00 AM;Aug 14, 2025 9:00 AM;4,036.53;1,998.59;1,643.22;1,942.63;16,046.60;103.99;-;7,491.00;4,788.50;7,105.00;823.75;1,329.25
Aug 14, 2025 9:00 AM;Aug 14, 2025 10:00 AM;3,743.50;1,802.22;1,645.43;750.35;26,476.79;102.80;-;6,651.25;3,911.75;4,967.00;254.50;1,348.50
Aug 14, 2025 10:00 AM;Aug 14, 2025 11:00 AM;3,554.19;1,854.02;1,715.29;728.57;34,790.07;101.74;-;6,127.25;2,570.00;3,804.50;218.25;1,338.25
Aug 14, 2025 11:00 AM;Aug 14, 2025 12:00 PM;3,392.39;1,736.03;2,270.86;1,067.79;40,387.77;100.97;-;5,473.75;1,998.75;3,326.50;30.75;1,313.00
Aug 14, 2025 12:00 PM;Aug 14, 2025 1:00 PM;3,285.80;1,634.76;1,560.68;2,360.60;43,598.08;101.88;-;4,868.50;1,892.25;3,118.25;31.75;1,290.25
Aug 14, 2025 1:00 PM;Aug 14, 2025 2:00 PM;3,246.44;1,659.81;1,911.52;2,068.31;44,118.47;97.43;-;4,321.00;1,712.00;3,073.00;60.50;1,315.25
Aug 14, 2025 2:00 PM;Aug 14, 2025 3:00 PM;3,231.26;1,807.03;2,030.44;1,128.45;42,018.25;85.76;-;4,636.75;1,770.50;2,875.25;152.75;1,349.25
Aug 14, 2025 3:00 PM;Aug 14, 2025 4:00 PM;3,240.75;1,857.39;1,912.85;623.18;37,473.27;85.37;-;5,637.50;2,327.25;3,125.25;108.25;1,331.50
Aug 14, 2025 4:00 PM;Aug 14, 2025 5:00 PM;3,319.89;1,834.77;1,951.85;395.64;30,337.36;85.05;-;6,650.00;3,630.75;3,985.00;227.50;1,352.00
Aug 14, 2025 5:00 PM;Aug 14, 2025 6:00 PM;3,521.50;2,044.44;1,770.06;421.81;21,728.76;84.88;-;7,499.50;4,798.50;6,478.50;967.25;1,386.25
Aug 14, 2025 6:00 PM;Aug 14, 2025 7:00 PM;3,898.19;2,041.06;1,395.16;618.05;11,736.79;85.15;-;8,354.25;5,264.50;8,625.50;2,418.00;1,383.50
Aug 14, 2025 7:00 PM;Aug 14, 2025 8:00 PM;4,242.20;2,405.03;999.42;1,258.84;3,935.10;85.97;-;8,421.75;5,408.75;9,812.25;5,191.00;1,469.25
Aug 14, 2025 8:00 PM;Aug 14, 2025 9:00 PM;4,377.85;2,457.93;872.52;2,213.91;483.09;86.52;-;8,483.75;5,389.25;9,995.00;5,448.00;1,515.75
Aug 14, 2025 9:00 PM;Aug 14, 2025 10:00 PM;4,325.78;2,307.05;926.21;3,202.04;45.03;89.05;-;8,509.50;5,372.75;9,633.50;4,360.75;1,466.25
Aug 14, 2025 10:00 PM;Aug 14, 2025 11:00 PM;4,129.04;2,107.90;1,111.26;4,505.89;15.62;90.10;-;8,524.25;5,247.25;9,307.75;2,887.25;1,482.25
Aug 14, 2025 11:00 PM;Aug 15, 2025 12:00 AM;3,945.51;1,748.10;1,257.87;5,123.24;7.24;90.63;-;8,550.00;4,876.00;8,993.75;615.00;1,497.25
Aug 15, 2025 12:00 AM;Aug 15, 2025 1:00 AM;3,763.66;1,638.56;1,430.12;4,977.78;7.69;98.36;-;8,114.50;4,707.50;7,372.75;420.50;1,449.50
Aug 15, 2025 1:00 AM;Aug 15, 2025 2:00 AM;3,721.11;1,627.56;1,478.70;4,579.48;8.32;91.03;-;7,611.00;4,685.75;5,664.00;326.50;1,425.25
Aug 15, 2025 2:00 AM;Aug 15, 2025 3:00 AM;3,687.99;1,665.85;1,741.02;4,367.07;9.86;91.20;-;7,502.75;4,716.75;4,769.25;360.00;1,412.50
Aug 15, 2025 3:00 AM;Aug 15, 2025 4:00 AM;3,652.27;1,581.24;1,681.42;4,198.68;5.78;91.66;-;7,264.25;4,633.00;4,616.25;107.00;1,404.00
Aug 15, 2025 4:00 AM;Aug 15, 2025 5:00 AM;3,710.53;1,638.51;1,594.58;4,831.92;7.06;92.09;-;7,534.50;4,603.75;4,645.50;158.00;1,404.00
Aug 15, 2025 5:00 AM;Aug 15, 2025 6:00 AM;3,868.72;1,639.39;1,335.71;5,021.79;16.03;91.11;-;8,400.75;4,706.75;4,813.75;259.75;1,408.25
Aug 15, 2025 6:00 AM;Aug 15, 2025 7:00 AM;3,986.54;1,703.61;1,299.47;5,288.16;915.51;92.20;-;8,595.75;4,744.50;5,071.00;1,083.75;1,463.50
Aug 15, 2025 7:00 AM;Aug 15, 2025 8:00 AM;4,043.38;1,798.72;1,289.62;4,579.18;5,779.89;91.68;-;8,577.00;4,674.25;5,010.00;1,189.50;1,384.50
Aug 15, 2025 8:00 AM;Aug 15, 2025 9:00 AM;3,869.95;2,132.58;910.86;3,369.51;15,032.73;98.30;-;7,537.50;3,113.00;4,112.50;1,444.00;1,364.75
Aug 15, 2025 9:00 AM;Aug 15, 2025 10:00 AM;3,690.38;2,068.18;722.79;2,499.24;25,899.81;105.23;-;6,050.00;1,230.25;3,326.75;1,221.25;1,447.00
Aug 15, 2025 10:00 AM;Aug 15, 2025 11:00 AM;3,414.94;1,674.55;1,115.34;2,549.45;35,562.36;104.24;-;4,417.25;601.75;2,585.00;191.25;1,381.75
Aug 15, 2025 11:00 AM;Aug 15, 2025 12:00 PM;3,248.41;1,575.91;1,278.96;3,144.83;42,640.86;100.33;-;3,353.25;618.50;1,925.25;29.50;1,393.25
Aug 15, 2025 12:00 PM;Aug 15, 2025 1:00 PM;3,113.98;1,593.01;1,333.17;4,000.06;45,747.14;96.39;-;3,301.00;622.50;1,744.75;45.50;1,391.50
Aug 15, 2025 1:00 PM;Aug 15, 2025 2:00 PM;3,092.56;1,608.70;1,790.70;5,097.60;45,626.74;95.42;-;3,268.00;672.75;1,747.00;85.75;1,424.25
Aug 15, 2025 2:00 PM;Aug 15, 2025 3:00 PM;3,127.33;1,556.72;2,670.14;6,515.36;42,264.15;93.51;-;3,305.00;737.75;1,743.00;54.25;1,405.50
Aug 15, 2025 3:00 PM;Aug 15, 2025 4:00 PM;3,173.86;1,613.88;3,283.80;8,374.63;36,598.11;93.32;-;3,712.75;830.00;1,741.00;41.25;1,377.25
Aug 15, 2025 4:00 PM;Aug 15, 2025 5:00 PM;3,280.95;1,674.61;2,885.83;10,141.66;28,941.69;93.64;-;4,065.25;893.50;1,800.75;86.75;1,389.00
Aug 15, 2025 5:00 PM;Aug 15, 2025 6:00 PM;3,444.88;1,777.23;2,496.77;11,042.17;19,819.07;93.37;-;5,641.75;1,521.50;2,249.00;623.75;1,388.75
Aug 15, 2025 6:00 PM;Aug 15, 2025 7:00 PM;3,805.62;1,867.41;2,038.68;11,451.80;10,666.81;93.35;-;6,539.50;2,260.25;4,140.25;2,602.75;1,373.00
Aug 15, 2025 7:00 PM;Aug 15, 2025 8:00 PM;4,142.03;1,969.15;1,927.79;10,999.48;3,672.35;93.93;-;7,215.75;2,566.75;4,963.25;4,327.75;1,376.50
Aug 15, 2025 8:00 PM;Aug 15, 2025 9:00 PM;4,228.79;2,101.13;2,034.15;10,490.76;462.54;94.55;-;7,226.00;2,570.00;5,161.50;5,536.00;1,395.00
Aug 15, 2025 9:00 PM;Aug 15, 2025 10:00 PM;4,215.83;1,946.14;2,431.77;11,056.15;41.47;96.30;-;7,283.75;2,528.25;5,184.75;4,240.50;1,386.00
Aug 15, 2025 10:00 PM;Aug 15, 2025 11:00 PM;4,054.24;1,781.66;2,681.18;11,448.13;15.22;97.95;-;7,086.00;2,384.75;5,116.75;2,872.50;1,375.00
Aug 15, 2025 11:00 PM;Aug 16, 2025 12:00 AM;3,887.03;1,720.57;3,187.65;10,952.38;11.46;101.22;-;6,525.50;2,257.25;4,865.25;1,870.25;1,343.25
Aug 16, 2025 12:00 AM;Aug 16, 2025 1:00 AM;3,753.88;1,671.34;3,752.84;10,020.42;20.50;92.54;-;6,365.75;2,167.00;3,691.50;1,037.00;1,384.50
Aug 16, 2025 1:00 AM;Aug 16, 2025 2:00 AM;3,684.95;1,495.66;4,169.22;9,241.78;9.54;100.65;-;6,268.50;2,071.75;2,565.00;424.75;1,412.75
Aug 16, 2025 2:00 AM;Aug 16, 2025 3:00 AM;3,618.94;1,517.57;3,762.69;9,016.69;6.45;100.70;-;6,212.50;1,644.75;2,289.50;179.25;1,394.50
Aug 16, 2025 3:00 AM;Aug 16, 2025 4:00 AM;3,569.30;1,440.96;4,449.13;8,969.79;7.62;101.06;-;6,058.50;1,083.25;2,278.50;102.75;1,423.00
Aug 16, 2025 4:00 AM;Aug 16, 2025 5:00 AM;3,607.60;1,449.12;4,905.02;8,743.49;5.96;102.15;-;6,045.25;959.00;2,262.75;58.25;1,412.75
Aug 16, 2025 5:00 AM;Aug 16, 2025 6:00 AM;3,756.22;1,544.49;4,831.48;8,647.33;11.83;100.97;-;6,101.25;963.25;2,266.50;192.75;1,420.00
Aug 16, 2025 6:00 AM;Aug 16, 2025 7:00 AM;3,897.44;1,536.27;4,988.32;8,891.32;554.85;102.27;-;6,067.50;965.25;2,282.50;101.00;1,436.50
Aug 16, 2025 7:00 AM;Aug 16, 2025 8:00 AM;3,897.57;1,626.84;4,556.89;8,243.21;3,419.67;102.42;-;5,930.75;808.75;2,283.75;480.50;1,469.25
Aug 16, 2025 8:00 AM;Aug 16, 2025 9:00 AM;3,769.30;1,699.14;4,098.23;7,520.43;8,488.53;102.19;-;6,087.25;496.50;2,030.00;914.75;1,403.25
Aug 16, 2025 9:00 AM;Aug 16, 2025 10:00 AM;3,660.31;1,678.80;3,990.31;7,974.75;14,277.66;101.87;-;5,683.50;262.00;1,677.25;614.00;1,379.75
Aug 16, 2025 10:00 AM;Aug 16, 2025 11:00 AM;3,500.69;1,716.27;3,701.55;8,528.42;20,389.34;101.15;-;4,288.00;238.00;1,361.25;301.50;1,443.50
Aug 16, 2025 11:00 AM;Aug 16, 2025 12:00 PM;3,388.85;1,586.76;3,827.59;9,032.47;25,791.35;104.71;-;3,574.75;241.50;1,358.25;46.00;1,427.75
Aug 16, 2025 12:00 PM;Aug 16, 2025 1:00 PM;3,308.43;1,678.44;3,771.55;9,582.30;30,563.27;104.12;-;3,437.25;217.50;1,372.00;154.75;1,432.75
Aug 16, 2025 1:00 PM;Aug 16, 2025 2:00 PM;3,289.97;1,606.00;3,911.08;10,400.40;33,341.64;103.69;-;3,454.50;210.25;1,387.75;34.25;1,450.75
Aug 16, 2025 2:00 PM;Aug 16, 2025 3:00 PM;3,275.32;1,654.38;3,874.82;11,657.75;34,528.30;103.42;-;3,429.50;220.00;1,373.00;21.25;1,472.25
Aug 16, 2025 3:00 PM;Aug 16, 2025 4:00 PM;3,297.89;1,636.21;4,360.14;13,155.10;32,744.13;103.07;-;3,440.25;223.25;1,365.50;20.50;1,492.50
Aug 16, 2025 4:00 PM;Aug 16, 2025 5:00 PM;3,392.97;1,598.11;4,468.98;14,370.81;27,527.16;103.11;-;3,429.75;244.75;1,362.75;42.00;1,499.50
Aug 16, 2025 5:00 PM;Aug 16, 2025 6:00 PM;3,559.41;1,594.18;4,393.95;15,338.17;19,586.15;103.37;-;4,596.00;279.00;1,364.25;89.50;1,501.50
Aug 16, 2025 6:00 PM;Aug 16, 2025 7:00 PM;3,876.31;1,782.76;4,573.96;15,979.39;10,574.95;103.90;-;5,736.25;300.25;1,734.75;1,319.75;1,487.00
Aug 16, 2025 7:00 PM;Aug 16, 2025 8:00 PM;4,240.19;1,772.63;5,018.90;15,091.24;3,446.86;104.24;-;6,552.25;309.75;2,412.50;3,552.00;1,511.50
Aug 16, 2025 8:00 PM;Aug 16, 2025 9:00 PM;4,365.76;1,875.33;5,036.03;13,553.89;370.57;101.19;-;6,625.50;302.75;2,532.25;4,603.25;1,519.50
Aug 16, 2025 9:00 PM;Aug 16, 2025 10:00 PM;4,350.91;1,859.49;5,214.05;12,868.48;58.34;101.70;-;6,628.50;288.50;2,594.75;4,919.00;1,500.00
Aug 16, 2025 10:00 PM;Aug 16, 2025 11:00 PM;4,221.30;1,804.62;5,306.81;12,422.01;30.47;102.40;-;6,639.50;266.00;2,595.75;4,201.75;1,432.25
Aug 16, 2025 11:00 PM;Aug 17, 2025 12:00 AM;4,047.34;1,589.65;4,993.69;11,454.56;14.15;103.08;-;6,398.00;252.75;2,534.25;2,717.75;1,414.00
Aug 17, 2025 12:00 AM;Aug 17, 2025 1:00 AM;3,886.57;1,609.68;4,707.39;10,890.00;14.88;102.51;-;6,342.75;233.50;2,415.00;930.50;1,430.25
Aug 17, 2025 1:00 AM;Aug 17, 2025 2:00 AM;3,772.11;1,508.75;4,641.44;10,234.48;9.55;102.95;-;6,261.25;219.25;2,563.25;156.50;1,444.00
Aug 17, 2025 2:00 AM;Aug 17, 2025 3:00 AM;3,703.36;1,510.66;4,180.11;9,444.69;7.67;103.27;-;5,958.75;214.50;2,234.75;91.75;1,443.50
Aug 17, 2025 3:00 AM;Aug 17, 2025 4:00 AM;3,691.90;1,525.03;3,848.86;8,544.09;8.90;103.36;-;6,154.75;222.50;2,228.75;125.75;1,454.50
Aug 17, 2025 4:00 AM;Aug 17, 2025 5:00 AM;3,727.71;1,544.56;3,809.73;7,378.32;10.94;106.11;-;6,022.50;229.75;2,202.50;152.25;1,456.25
Aug 17, 2025 5:00 AM;Aug 17, 2025 6:00 AM;3,850.85;1,560.02;3,873.81;6,555.45;17.89;107.38;-;6,327.50;232.50;2,178.25;255.75;1,443.50
Aug 17, 2025 6:00 AM;Aug 17, 2025 7:00 AM;3,947.77;1,534.11;3,724.38;6,218.47;679.70;108.54;-;6,385.00;224.50;2,211.50;424.75;1,410.00
Aug 17, 2025 7:00 AM;Aug 17, 2025 8:00 AM;3,894.42;1,548.34;3,490.88;4,976.40;4,743.59;108.51;-;5,990.50;219.75;2,120.75;212.75;1,425.25
Aug 17, 2025 8:00 AM;Aug 17, 2025 9:00 AM;3,766.34;1,642.79;2,935.70;3,237.46;12,233.97;106.51;-;5,165.00;233.25;1,681.00;271.50;1,443.75
Aug 17, 2025 9:00 AM;Aug 17, 2025 10:00 AM;3,644.41;1,531.77;2,499.96;2,976.79;21,116.20;101.43;-;4,317.25;224.50;1,490.00;101.50;1,408.75
Aug 17, 2025 10:00 AM;Aug 17, 2025 11:00 AM;3,515.24;1,591.93;1,983.23;2,584.54;28,514.17;100.69;-;3,528.50;195.25;1,418.25;77.75;1,402.75
Aug 17, 2025 11:00 AM;Aug 17, 2025 12:00 PM;3,414.71;1,558.87;1,252.97;2,284.38;33,791.16;100.10;-;3,470.25;172.25;1,414.00;56.25;1,416.25
Aug 17, 2025 12:00 PM;Aug 17, 2025 1:00 PM;3,357.30;1,630.11;1,015.78;2,512.09;35,690.43;99.75;-;3,493.75;154.50;1,412.75;50.25;1,382.75
Aug 17, 2025 1:00 PM;Aug 17, 2025 2:00 PM;3,341.04;1,628.41;668.40;2,723.62;37,114.32;99.28;-;3,492.75;145.75;1,409.50;45.50;1,380.25
Aug 17, 2025 2:00 PM;Aug 17, 2025 3:00 PM;3,307.99;1,634.01;926.64;2,622.55;36,775.08;98.99;-;3,472.00;135.50;1,410.75;65.00;1,401.50
Aug 17, 2025 3:00 PM;Aug 17, 2025 4:00 PM;3,347.37;1,666.21;926.02;2,814.63;35,772.53;99.08;-;3,473.00;200.75;1,480.25;70.75;1,414.25
Aug 17, 2025 4:00 PM;Aug 17, 2025 5:00 PM;3,476.67;1,608.28;858.38;3,065.31;30,358.10;98.81;-;3,613.00;813.00;1,446.00;71.75;1,462.50
Aug 17, 2025 5:00 PM;Aug 17, 2025 6:00 PM;3,669.39;1,693.26;704.69;3,419.16;22,322.41;98.46;-;5,349.25;1,690.50;2,107.75;232.75;1,399.75
Aug 17, 2025 6:00 PM;Aug 17, 2025 7:00 PM;3,992.18;1,771.95;554.48;3,751.33;12,139.01;98.53;-;6,739.75;2,281.00;3,875.75;1,344.25;1,412.00
Aug 17, 2025 7:00 PM;Aug 17, 2025 8:00 PM;4,276.92;1,948.13;488.06;3,789.25;3,719.58;99.06;-;7,547.00;2,917.75;5,749.50;3,971.25;1,435.25
Aug 17, 2025 8:00 PM;Aug 17, 2025 9:00 PM;4,361.03;2,014.52;514.30;3,768.14;329.63;102.84;-;8,544.75;3,395.50;6,142.00;4,174.00;1,472.50
Aug 17, 2025 9:00 PM;Aug 17, 2025 10:00 PM;4,364.74;2,088.72;485.99;4,059.59;38.37;105.82;-;8,593.50;3,382.00;6,214.50;4,151.00;1,450.25
Aug 17, 2025 10:00 PM;Aug 17, 2025 11:00 PM;4,213.12;1,960.14;422.83;4,465.04;18.33;106.69;-;8,630.25;3,158.25;6,091.00;2,675.50;1,410.75
Aug 17, 2025 11:00 PM;Aug 18, 2025 12:00 AM;4,002.57;1,665.18;352.24;4,178.29;10.40;107.09;-;8,009.50;3,113.75;5,990.50;601.50;1,449.00
Aug 18, 2025 12:00 AM;Aug 18, 2025 1:00 AM;3,764.87;1,492.88;268.18;3,499.85;9.72;105.36;-;7,819.50;3,060.50;5,322.75;251.00;1,411.00
Aug 18, 2025 1:00 AM;Aug 18, 2025 2:00 AM;3,680.47;1,495.01;164.34;2,861.07;7.80;105.91;-;7,667.00;3,035.50;5,339.00;260.75;1,424.25
Aug 18, 2025 2:00 AM;Aug 18, 2025 3:00 AM;3,637.54;1,518.81;105.22;2,427.71;7.62;106.35;-;7,627.25;3,029.75;5,199.50;171.50;1,433.50
Aug 18, 2025 3:00 AM;Aug 18, 2025 4:00 AM;3,640.95;1,504.48;63.79;2,178.30;7.41;106.74;-;7,641.50;2,852.50;5,362.75;119.50;1,462.00
Aug 18, 2025 4:00 AM;Aug 18, 2025 5:00 AM;3,712.25;1,507.26;55.98;2,019.92;13.90;109.73;-;7,658.00;3,061.00;5,548.25;171.00;1,474.75
Aug 18, 2025 5:00 AM;Aug 18, 2025 6:00 AM;3,886.66;1,621.00;72.70;2,008.85;15.65;111.40;-;8,088.75;3,218.50;6,306.25;757.50;1,471.75
Aug 18, 2025 6:00 AM;Aug 18, 2025 7:00 AM;4,170.01;1,885.69;81.55;2,122.93;855.45;112.74;-;8,751.25;3,517.00;6,920.00;3,688.50;1,470.00
Aug 18, 2025 7:00 AM;Aug 18, 2025 8:00 AM;4,228.61;2,102.62;65.48;1,975.03;6,533.42;112.50;-;8,702.25;3,528.00;6,966.25;4,573.75;1,468.75
Aug 18, 2025 8:00 AM;Aug 18, 2025 9:00 AM;4,023.82;1,713.92;53.99;1,209.43;17,577.36;111.21;-;8,622.25;3,231.50;6,249.25;1,546.25;1,461.75
Aug 18, 2025 9:00 AM;Aug 18, 2025 10:00 AM;3,749.65;1,704.24;54.19;827.68;30,033.09;109.98;-;7,435.25;2,037.25;4,128.00;233.75;1,437.50
Aug 18, 2025 10:00 AM;Aug 18, 2025 11:00 AM;3,544.79;1,608.74;34.22;1,138.16;39,991.14;109.19;-;6,214.25;1,440.50;2,048.50;34.50;1,445.00
Aug 18, 2025 11:00 AM;Aug 18, 2025 12:00 PM;3,432.23;1,609.00;47.73;1,395.67;46,313.64;108.48;-;4,688.00;1,222.50;1,686.50;58.75;1,445.75
Aug 18, 2025 12:00 PM;Aug 18, 2025 1:00 PM;3,312.33;1,559.83;25.95;1,592.12;49,528.05;108.67;-;4,366.00;1,139.50;1,599.50;80.25;1,482.00
Aug 18, 2025 1:00 PM;Aug 18, 2025 2:00 PM;3,262.75;1,550.72;11.57;1,643.73;49,712.48;109.37;-;4,413.75;1,170.75;1,560.25;70.75;1,468.25
Aug 18, 2025 2:00 PM;Aug 18, 2025 3:00 PM;3,274.15;1,563.52;16.80;1,716.15;47,820.30;109.19;-;4,489.75;1,015.00;1,661.25;42.50;1,458.75
Aug 18, 2025 3:00 PM;Aug 18, 2025 4:00 PM;3,328.25;1,588.73;26.25;1,917.32;43,082.43;109.03;-;5,230.00;1,127.50;1,790.00;131.25;1,443.75
Aug 18, 2025 4:00 PM;Aug 18, 2025 5:00 PM;3,447.60;1,718.01;77.51;2,037.60;35,564.96;107.89;-;6,556.50;1,790.25;2,280.50;124.75;1,419.25
Aug 18, 2025 5:00 PM;Aug 18, 2025 6:00 PM;3,642.73;1,818.60;76.46;2,078.32;25,268.25;104.86;-;7,962.00;3,290.00;4,140.50;250.25;1,404.75
Aug 18, 2025 6:00 PM;Aug 18, 2025 7:00 PM;4,054.84;1,977.62;97.86;2,087.05;13,468.36;104.95;-;9,338.75;4,526.50;7,437.25;1,517.50;1,430.25
Aug 18, 2025 7:00 PM;Aug 18, 2025 8:00 PM;4,354.44;2,092.17;90.88;2,115.91;3,831.57;105.46;-;9,672.25;5,174.75;9,085.50;4,556.50;1,469.00
Aug 18, 2025 8:00 PM;Aug 18, 2025 9:00 PM;4,436.76;2,180.29;77.06;2,606.24;324.68;105.84;-;9,693.50;5,353.50;9,511.50;5,250.25;1,428.25
Aug 18, 2025 9:00 PM;Aug 18, 2025 10:00 PM;4,368.32;2,161.69;111.03;3,815.24;52.95;107.95;-;9,688.25;5,310.50;8,612.00;4,572.00;1,399.00
Aug 18, 2025 10:00 PM;Aug 18, 2025 11:00 PM;4,190.17;1,791.70;116.38;5,449.49;15.56;109.14;-;9,652.25;4,822.75;8,212.75;2,437.75;1,420.75
Aug 18, 2025 11:00 PM;Aug 19, 2025 12:00 AM;3,921.16;1,601.50;146.39;6,251.91;6.60;110.04;-;9,604.75;4,719.50;7,575.50;648.75;1,423.00
Aug 19, 2025 12:00 AM;Aug 19, 2025 1:00 AM;3,734.64;1,584.19;206.85;6,118.84;6.69;111.70;-;9,421.25;4,411.75;6,679.25;257.75;1,369.00
Aug 19, 2025 1:00 AM;Aug 19, 2025 2:00 AM;3,659.58;1,579.70;257.80;5,433.05;7.18;112.47;-;9,216.00;3,584.75;6,553.50;321.00;1,357.75
Aug 19, 2025 2:00 AM;Aug 19, 2025 3:00 AM;3,651.38;1,588.25;299.05;4,583.37;6.63;112.96;-;9,324.50;3,326.75;6,705.00;118.50;1,352.50
Aug 19, 2025 3:00 AM;Aug 19, 2025 4:00 AM;3,626.16;1,487.20;275.26;3,743.85;6.25;113.45;-;9,480.75;3,321.25;6,946.75;138.00;1,342.75
Aug 19, 2025 4:00 AM;Aug 19, 2025 5:00 AM;3,697.45;1,564.97;284.99;3,050.46;13.70;113.56;-;9,571.25;3,326.75;7,041.75;348.00;1,399.25
Aug 19, 2025 5:00 AM;Aug 19, 2025 6:00 AM;3,900.52;1,882.08;312.84;2,734.37;19.72;112.57;-;9,021.50;3,391.50;7,264.50;978.00;1,402.25
Aug 19, 2025 6:00 AM;Aug 19, 2025 7:00 AM;4,119.01;1,968.81;447.65;2,843.54;776.86;113.45;-;8,783.00;3,549.75;7,560.00;3,167.00;1,390.75
Aug 19, 2025 7:00 AM;Aug 19, 2025 8:00 AM;4,090.47;1,929.77;624.37;2,686.83;6,438.72;112.94;-;7,778.50;3,486.00;7,503.75;2,777.00;1,377.50
Aug 19, 2025 8:00 AM;Aug 19, 2025 9:00 AM;3,840.80;1,718.53;783.17;1,889.22;17,649.35;108.21;-;7,479.75;2,865.75;6,653.00;1,411.00;1,364.00
Aug 19, 2025 9:00 AM;Aug 19, 2025 10:00 AM;3,591.74;1,702.06;859.46;1,171.31;29,829.06;103.54;-;5,859.75;1,613.25;3,626.50;339.00;1,344.00
Aug 19, 2025 10:00 AM;Aug 19, 2025 11:00 AM;3,408.35;1,681.68;840.16;1,330.35;38,585.53;102.38;-;4,849.50;1,000.50;2,246.25;123.25;1,364.75
Aug 19, 2025 11:00 AM;Aug 19, 2025 12:00 PM;3,280.73;1,644.08;837.29;1,821.60;44,986.11;101.68;-;4,262.50;940.00;2,047.25;23.50;1,372.50
Aug 19, 2025 12:00 PM;Aug 19, 2025 1:00 PM;3,203.14;1,560.86;879.85;2,046.20;48,482.51;100.87;-;3,896.50;844.50;1,865.50;1.00;1,376.50
Aug 19, 2025 1:00 PM;Aug 19, 2025 2:00 PM;3,203.66;1,554.20;813.35;2,037.82;49,200.42;100.64;-;4,254.50;822.25;1,810.00;1.00;1,411.25
Aug 19, 2025 2:00 PM;Aug 19, 2025 3:00 PM;3,211.41;1,507.65;1,354.85;2,418.16;47,468.60;100.91;-;4,263.50;815.00;1,731.50;15.25;1,427.50
Aug 19, 2025 3:00 PM;Aug 19, 2025 4:00 PM;3,296.03;1,571.78;1,931.15;2,938.62;42,640.68;97.98;-;4,408.50;1,085.25;1,758.00;21.00;1,479.75
Aug 19, 2025 4:00 PM;Aug 19, 2025 5:00 PM;3,382.52;1,582.01;2,195.11;3,526.01;34,985.69;95.04;-;4,998.00;1,381.75;1,877.00;28.75;1,489.50
Aug 19, 2025 5:00 PM;Aug 19, 2025 6:00 PM;3,576.30;1,671.65;2,256.95;3,990.83;24,460.98;94.96;-;7,325.75;2,827.00;3,227.25;161.50;1,386.00
Aug 19, 2025 6:00 PM;Aug 19, 2025 7:00 PM;3,985.68;1,792.75;2,231.85;4,375.70;12,655.42;96.05;-;9,252.25;3,863.50;6,119.75;1,561.00;1,368.00
Aug 19, 2025 7:00 PM;Aug 19, 2025 8:00 PM;4,314.57;1,953.47;2,321.52;4,704.38;3,354.10;99.77;-;9,362.25;4,184.50;6,784.75;4,100.00;1,424.00
Aug 19, 2025 8:00 PM;Aug 19, 2025 9:00 PM;4,379.41;2,068.27;2,584.81;4,739.17;262.64;100.53;-;9,393.00;4,279.25;6,958.25;4,903.75;1,518.00
Aug 19, 2025 9:00 PM;Aug 19, 2025 10:00 PM;4,323.24;1,904.08;2,562.88;4,755.66;42.56;98.09;-;9,444.25;4,270.25;6,922.25;4,093.75;1,447.25
Aug 19, 2025 10:00 PM;Aug 19, 2025 11:00 PM;4,170.30;1,713.40;2,636.73;4,787.35;14.19;99.27;-;9,428.00;4,173.25;6,779.75;2,586.75;1,388.00
Aug 19, 2025 11:00 PM;Aug 20, 2025 12:00 AM;3,951.27;1,654.96;2,466.13;4,412.35;13.90;100.00;-;9,431.75;4,041.00;6,583.75;1,492.75;1,428.00
Aug 20, 2025 12:00 AM;Aug 20, 2025 1:00 AM;3,772.05;1,546.40;2,185.40;3,896.42;7.89;110.33;-;9,185.50;4,021.75;6,352.00;499.75;1,424.25
Aug 20, 2025 1:00 AM;Aug 20, 2025 2:00 AM;3,677.73;1,488.19;2,204.58;3,797.98;6.09;102.63;-;9,138.50;4,025.50;5,798.50;189.75;1,408.00
Aug 20, 2025 2:00 AM;Aug 20, 2025 3:00 AM;3,617.66;1,483.83;2,396.47;4,035.43;6.19;103.03;-;8,973.75;3,970.75;5,318.75;8.50;1,397.00
Aug 20, 2025 3:00 AM;Aug 20, 2025 4:00 AM;3,598.06;1,501.40;2,314.50;4,110.29;6.13;103.35;-;8,760.25;4,014.50;5,347.75;31.00;1,393.25
Aug 20, 2025 4:00 AM;Aug 20, 2025 5:00 AM;3,665.41;1,516.91;2,538.07;4,140.78;10.77;103.56;-;9,067.75;4,014.25;5,335.75;142.50;1,428.00
Aug 20, 2025 5:00 AM;Aug 20, 2025 6:00 AM;3,856.21;1,620.16;2,738.20;4,302.28;8.01;102.24;-;9,276.00;4,059.25;5,586.00;444.00;1,417.00
Aug 20, 2025 6:00 AM;Aug 20, 2025 7:00 AM;4,120.75;1,880.81;2,928.27;4,939.39;694.41;103.13;-;9,432.75;4,119.50;5,884.00;2,144.50;1,393.50
Aug 20, 2025 7:00 AM;Aug 20, 2025 8:00 AM;4,128.69;1,694.84;3,388.85;4,604.52;5,150.16;102.84;-;9,437.50;4,268.00;5,831.75;1,576.75;1,416.25
Aug 20, 2025 8:00 AM;Aug 20, 2025 9:00 AM;3,980.38;1,829.00;3,136.23;3,350.14;13,148.61;101.01;-;9,384.25;3,470.00;4,400.00;949.50;1,443.25
Aug 20, 2025 9:00 AM;Aug 20, 2025 10:00 AM;3,716.45;1,762.64;2,933.02;3,671.13;21,193.74;99.49;-;8,729.00;2,476.25;2,686.50;478.75;1,445.25
Aug 20, 2025 10:00 AM;Aug 20, 2025 11:00 AM;3,504.67;1,873.85;1,996.51;4,795.63;27,978.37;98.75;-;7,091.25;1,444.75;2,425.25;281.50;1,441.50
Aug 20, 2025 11:00 AM;Aug 20, 2025 12:00 PM;3,385.27;1,569.74;957.74;5,162.97;34,300.16;98.18;-;5,976.25;1,121.00;2,246.50;31.75;1,445.25
Aug 20, 2025 12:00 PM;Aug 20, 2025 1:00 PM;3,304.57;1,530.92;1,449.55;4,730.37;38,427.60;97.91;-;4,528.50;1,114.50;1,973.25;19.25;1,425.00
Aug 20, 2025 1:00 PM;Aug 20, 2025 2:00 PM;3,278.43;1,524.40;1,006.82;4,492.46;38,729.70;97.65;-;4,258.25;1,010.00;1,813.75;15.00;1,416.25
Aug 20, 2025 2:00 PM;Aug 20, 2025 3:00 PM;3,286.75;1,556.22;929.48;5,108.27;36,809.12;97.55;-;4,376.25;1,002.25;1,793.75;52.25;1,416.50
Aug 20, 2025 3:00 PM;Aug 20, 2025 4:00 PM;3,329.49;1,740.43;1,033.31;5,419.79;32,411.69;97.54;-;5,306.00;1,014.50;1,824.75;44.00;1,410.50
Aug 20, 2025 4:00 PM;Aug 20, 2025 5:00 PM;3,447.16;1,780.44;1,157.76;5,871.93;25,729.21;99.37;-;7,412.25;1,818.50;2,308.25;3.00;1,379.25
Aug 20, 2025 5:00 PM;Aug 20, 2025 6:00 PM;3,668.36;1,852.39;1,482.24;6,458.50;17,544.96;100.50;-;9,043.00;3,222.75;4,713.00;511.00;1,366.25
Aug 20, 2025 6:00 PM;Aug 20, 2025 7:00 PM;4,067.14;2,058.53;2,031.37;6,935.33;9,173.74;100.11;-;9,361.00;4,124.25;6,222.00;2,360.25;1,368.00
Aug 20, 2025 7:00 PM;Aug 20, 2025 8:00 PM;4,304.45;2,222.22;2,419.02;6,882.89;2,754.97;103.03;-;9,379.50;4,244.00;6,912.75;3,509.00;1,373.75
Aug 20, 2025 8:00 PM;Aug 20, 2025 9:00 PM;4,387.00;2,359.69;2,393.79;7,517.72;240.83;103.57;-;9,377.50;4,298.25;7,151.00;4,496.50;1,391.50
Aug 20, 2025 9:00 PM;Aug 20, 2025 10:00 PM;4,298.51;2,014.20;2,287.82;9,448.14;36.43;104.86;-;9,259.00;4,290.00;7,426.25;3,019.75;1,392.50
Aug 20, 2025 10:00 PM;Aug 20, 2025 11:00 PM;4,076.04;1,819.35;2,048.96;10,542.51;7.26;105.40;-;9,193.25;4,067.00;7,465.00;1,207.00;1,438.50
Aug 20, 2025 11:00 PM;Aug 21, 2025 12:00 AM;3,875.96;1,670.18;1,684.06;10,303.36;7.46;105.72;-;9,085.00;4,030.25;7,304.75;261.00;1,463.75
Aug 21, 2025 12:00 AM;Aug 21, 2025 1:00 AM;3,718.08;1,700.15;1,392.15;9,070.75;7.44;102.83;-;9,013.75;4,023.75;6,582.25;25.25;1,452.25
Aug 21, 2025 1:00 AM;Aug 21, 2025 2:00 AM;3,639.58;1,661.84;1,156.78;7,778.64;7.09;102.98;-;8,983.25;4,049.25;6,109.75;9.00;1,434.75
Aug 21, 2025 2:00 AM;Aug 21, 2025 3:00 AM;3,608.21;1,637.18;904.66;6,393.41;6.53;103.12;-;9,024.25;4,039.50;6,111.25;48.25;1,462.75
Aug 21, 2025 3:00 AM;Aug 21, 2025 4:00 AM;3,624.25;1,669.27;858.58;4,893.14;9.13;103.46;-;9,167.00;4,035.25;6,252.50;127.00;1,454.00
Aug 21, 2025 4:00 AM;Aug 21, 2025 5:00 AM;3,704.55;1,828.48;1,050.55;4,029.02;13.34;103.44;-;9,243.75;4,033.00;6,300.50;377.25;1,426.75
Aug 21, 2025 5:00 AM;Aug 21, 2025 6:00 AM;3,890.38;1,942.61;1,492.26;4,131.11;17.48;102.36;-;9,374.00;4,100.75;6,492.75;426.25;1,429.75
Aug 21, 2025 6:00 AM;Aug 21, 2025 7:00 AM;4,130.05;2,056.46;1,633.84;4,735.59;535.67;103.17;-;9,469.75;4,277.75;6,713.25;1,921.75;1,415.75
Aug 21, 2025 7:00 AM;Aug 21, 2025 8:00 AM;4,174.98;2,124.01;2,406.24;4,583.01;4,310.28;103.66;-;9,482.25;4,203.50;6,757.50;2,197.50;1,398.00
Aug 21, 2025 8:00 AM;Aug 21, 2025 9:00 AM;4,017.96;1,843.06;2,686.71;3,100.64;11,907.46;103.14;-;9,508.00;3,916.00;6,643.75;1,396.25;1,403.25
Aug 21, 2025 9:00 AM;Aug 21, 2025 10:00 AM;3,768.45;1,879.63;2,800.89;2,327.65;21,070.24;102.43;-;8,839.50;3,114.25;5,057.00;144.50;1,446.25
Aug 21, 2025 10:00 AM;Aug 21, 2025 11:00 AM;3,530.70;1,840.52;2,409.08;3,804.61;29,157.13;102.35;-;6,675.75;1,623.00;2,562.75;14.00;1,500.75
Aug 21, 2025 11:00 AM;Aug 21, 2025 12:00 PM;3,404.37;1,815.23;2,830.04;5,513.38;34,907.27;102.41;-;4,507.00;1,398.75;2,156.75;20.25;1,495.00
Aug 21, 2025 12:00 PM;Aug 21, 2025 1:00 PM;3,326.89;1,863.03;2,797.78;6,573.04;36,490.15;102.13;-;4,043.25;1,342.00;2,043.00;5.25;1,462.75
Aug 21, 2025 1:00 PM;Aug 21, 2025 2:00 PM;3,296.13;1,792.45;2,862.04;7,942.94;35,247.41;99.37;-;3,920.25;1,484.75;1,959.25;28.25;1,460.75
Aug 21, 2025 2:00 PM;Aug 21, 2025 3:00 PM;3,329.37;1,814.93;3,304.48;9,590.44;32,114.92;96.99;-;3,995.75;1,486.75;1,947.50;35.25;1,514.75
Aug 21, 2025 3:00 PM;Aug 21, 2025 4:00 PM;3,366.63;1,959.95;3,699.78;11,731.33;27,658.20;97.03;-;4,488.50;1,571.50;1,943.00;173.50;1,533.25
Aug 21, 2025 4:00 PM;Aug 21, 2025 5:00 PM;3,461.99;1,804.62;4,236.95;13,900.00;22,541.57;96.96;-;5,565.50;1,696.00;2,290.75;22.25;1,541.50
Aug 21, 2025 5:00 PM;Aug 21, 2025 6:00 PM;3,640.90;2,034.19;4,370.47;15,659.54;16,081.80;97.09;-;6,812.00;1,910.00;3,377.50;243.50;1,550.75
Aug 21, 2025 6:00 PM;Aug 21, 2025 7:00 PM;4,003.08;1,998.51;4,526.05;17,156.97;8,396.50;97.38;-;7,667.00;2,504.50;4,802.50;850.75;1,539.75
Aug 21, 2025 7:00 PM;Aug 21, 2025 8:00 PM;4,314.80;2,103.64;4,591.04;16,155.48;2,567.21;97.77;-;7,810.00;2,766.75;5,148.00;1,942.75;1,531.00
Aug 21, 2025 8:00 PM;Aug 21, 2025 9:00 PM;4,405.47;2,180.59;4,687.01;14,891.00;214.34;96.84;-;7,818.00;2,961.75;5,463.25;3,530.25;1,507.00
Aug 21, 2025 9:00 PM;Aug 21, 2025 10:00 PM;4,365.33;2,153.41;4,767.25;14,740.12;41.77;98.23;-;7,833.00;2,891.00;5,354.25;2,657.25;1,477.75
Aug 21, 2025 10:00 PM;Aug 21, 2025 11:00 PM;4,152.27;2,079.88;4,647.89;14,537.09;10.82;98.72;-;8,102.00;2,235.00;5,086.50;1,300.25;1,454.50
Aug 21, 2025 11:00 PM;Aug 22, 2025 12:00 AM;3,910.59;1,993.82;4,524.27;13,752.91;11.26;99.07;-;8,173.75;1,606.25;4,929.25;319.25;1,458.50
Aug 22, 2025 12:00 AM;Aug 22, 2025 1:00 AM;3,734.81;1,947.72;4,608.83;12,596.24;11.73;105.28;-;8,089.50;1,692.25;4,009.25;106.25;1,450.00
Aug 22, 2025 1:00 AM;Aug 22, 2025 2:00 AM;3,677.25;2,000.10;4,700.07;11,332.57;10.41;100.39;-;7,680.00;1,409.00;2,890.25;155.50;1,464.50
Aug 22, 2025 2:00 AM;Aug 22, 2025 3:00 AM;3,623.85;1,957.58;4,640.02;10,607.09;11.70;100.38;-;7,423.25;1,370.50;2,937.75;147.25;1,491.50
Aug 22, 2025 3:00 AM;Aug 22, 2025 4:00 AM;3,619.31;1,939.64;5,065.82;10,661.08;9.66;100.54;-;7,410.50;1,373.25;2,691.75;96.00;1,503.00
Aug 22, 2025 4:00 AM;Aug 22, 2025 5:00 AM;3,678.36;1,952.71;4,648.42;10,555.94;15.79;100.85;-;7,530.25;1,298.75;2,666.50;155.00;1,510.25
Aug 22, 2025 5:00 AM;Aug 22, 2025 6:00 AM;3,830.62;2,032.97;4,839.41;10,081.79;13.98;99.86;-;7,714.25;1,629.75;3,020.00;410.25;1,481.00
Aug 22, 2025 6:00 AM;Aug 22, 2025 7:00 AM;4,184.95;2,297.28;4,106.39;9,760.90;471.04;100.82;-;8,032.25;1,897.25;3,166.25;2,928.50;1,418.25
Aug 22, 2025 7:00 AM;Aug 22, 2025 8:00 AM;4,245.72;2,359.05;4,568.92;8,622.04;4,025.61;101.29;-;8,516.25;1,941.50;3,194.75;3,431.00;1,403.25
Aug 22, 2025 8:00 AM;Aug 22, 2025 9:00 AM;4,117.10;2,502.24;4,521.74;7,183.99;11,013.80;100.95;-;8,028.00;1,889.50;3,160.25;2,783.50;1,438.00
Aug 22, 2025 9:00 AM;Aug 22, 2025 10:00 AM;3,791.77;2,198.44;4,972.52;8,096.03;19,415.70;100.48;-;7,032.50;1,348.25;2,920.00;1,078.50;1,424.75
Aug 22, 2025 10:00 AM;Aug 22, 2025 11:00 AM;3,551.04;2,336.79;4,185.65;10,106.54;26,282.70;99.92;-;5,216.75;815.75;2,296.25;234.75;1,455.75
Aug 22, 2025 11:00 AM;Aug 22, 2025 12:00 PM;3,484.06;2,418.98;3,847.79;11,651.17;29,360.22;100.04;-;4,751.25;689.75;1,757.75;718.50;1,474.00
Aug 22, 2025 12:00 PM;Aug 22, 2025 1:00 PM;3,394.45;2,232.22;3,627.10;13,248.77;30,390.46;99.58;-;3,943.50;815.50;1,561.25;91.75;1,525.50
Aug 22, 2025 1:00 PM;Aug 22, 2025 2:00 PM;3,363.44;2,123.92;3,577.33;15,307.37;30,164.12;98.75;-;3,904.00;726.75;1,543.50;74.50;1,475.75
Aug 22, 2025 2:00 PM;Aug 22, 2025 3:00 PM;3,332.77;1,939.46;4,950.47;16,978.19;29,113.84;98.25;-;3,870.25;594.75;1,454.00;13.25;1,396.75
Aug 22, 2025 3:00 PM;Aug 22, 2025 4:00 PM;3,369.42;1,977.23;4,694.85;17,572.64;25,905.04;97.74;-;4,144.00;584.75;1,531.00;47.50;1,391.50
Aug 22, 2025 4:00 PM;Aug 22, 2025 5:00 PM;3,513.82;2,026.18;4,240.47;17,338.02;20,966.36;97.73;-;5,289.00;593.25;1,603.50;71.50;1,395.75
Aug 22, 2025 5:00 PM;Aug 22, 2025 6:00 PM;3,668.84;2,035.77;4,726.12;17,288.29;14,612.69;98.08;-;6,243.50;832.00;1,893.25;429.75;1,390.25
Aug 22, 2025 6:00 PM;Aug 22, 2025 7:00 PM;4,033.43;2,281.67;4,567.80;15,990.95;7,459.89;98.10;-;7,084.25;1,130.00;2,537.00;1,655.50;1,442.00
Aug 22, 2025 7:00 PM;Aug 22, 2025 8:00 PM;4,361.64;2,300.57;4,790.08;13,731.10;2,073.55;100.83;-;7,937.50;1,238.50;2,766.75;3,621.75;1,454.25
Aug 22, 2025 8:00 PM;Aug 22, 2025 9:00 PM;4,489.22;2,521.72;4,950.56;10,737.90;145.78;102.21;-;7,966.50;1,258.50;2,943.50;4,457.50;1,455.75
Aug 22, 2025 9:00 PM;Aug 22, 2025 10:00 PM;4,433.07;2,356.03;4,999.54;9,654.04;61.53;104.03;-;7,963.75;1,170.50;2,982.75;3,528.00;1,440.25
Aug 22, 2025 10:00 PM;Aug 22, 2025 11:00 PM;4,201.64;2,158.37;5,013.46;9,659.18;14.40;104.68;-;7,863.50;1,033.50;2,930.50;2,110.00;1,436.00
Aug 22, 2025 11:00 PM;Aug 23, 2025 12:00 AM;4,021.74;2,039.39;4,827.25;9,600.05;10.33;105.32;-;7,812.00;939.25;2,886.00;1,436.00;1,410.25
Aug 23, 2025 12:00 AM;Aug 23, 2025 1:00 AM;3,881.48;1,958.30;5,174.51;10,132.68;15.36;101.44;-;7,561.25;846.50;2,678.00;465.00;1,378.00
Aug 23, 2025 1:00 AM;Aug 23, 2025 2:00 AM;3,794.46;2,087.47;5,498.40;10,535.40;8.35;103.11;-;7,039.00;774.00;2,369.50;83.50;1,402.75
Aug 23, 2025 2:00 AM;Aug 23, 2025 3:00 AM;3,739.24;2,111.74;5,526.61;10,247.88;6.63;101.89;-;6,091.00;684.00;2,330.50;90.75;1,427.75
Aug 23, 2025 3:00 AM;Aug 23, 2025 4:00 AM;3,724.51;2,063.66;5,082.07;10,676.74;7.32;102.15;-;6,012.00;252.75;2,319.00;102.75;1,426.75
Aug 23, 2025 4:00 AM;Aug 23, 2025 5:00 AM;3,762.84;2,115.04;4,919.73;10,550.97;9.88;101.59;-;6,144.50;221.50;2,461.00;254.00;1,432.75
Aug 23, 2025 5:00 AM;Aug 23, 2025 6:00 AM;3,863.98;1,984.03;5,042.94;10,840.77;14.87;98.31;-;6,267.50;224.50;2,421.75;198.25;1,435.50
Aug 23, 2025 6:00 AM;Aug 23, 2025 7:00 AM;4,003.28;2,045.20;5,152.86;12,262.89;335.50;99.12;-;6,287.75;225.25;2,407.00;413.00;1,423.25
Aug 23, 2025 7:00 AM;Aug 23, 2025 8:00 AM;3,976.78;2,039.30;5,530.64;11,778.87;3,310.85;99.45;-;5,898.75;230.75;2,307.25;583.50;1,419.75
Aug 23, 2025 8:00 AM;Aug 23, 2025 9:00 AM;3,884.83;2,038.02;5,393.71;11,398.15;9,237.57;99.03;-;5,518.75;236.00;1,855.25;430.75;1,378.25
Aug 23, 2025 9:00 AM;Aug 23, 2025 10:00 AM;3,727.13;1,982.88;4,726.19;12,317.93;16,507.33;98.57;-;4,376.00;223.25;1,530.00;331.50;1,381.50
Aug 23, 2025 10:00 AM;Aug 23, 2025 11:00 AM;3,552.33;1,979.29;4,487.73;14,057.25;22,812.64;98.17;-;3,842.75;223.00;1,320.75;118.00;1,410.25
Aug 23, 2025 11:00 AM;Aug 23, 2025 12:00 PM;3,445.46;1,965.96;3,776.92;15,470.43;26,927.47;96.86;-;3,774.75;212.25;1,307.50;24.00;1,410.75
Aug 23, 2025 12:00 PM;Aug 23, 2025 1:00 PM;3,372.55;2,015.99;3,293.99;16,118.76;29,263.54;96.40;-;3,769.25;216.75;1,379.50;114.25;1,419.75
Aug 23, 2025 1:00 PM;Aug 23, 2025 2:00 PM;3,349.92;1,969.76;2,816.26;15,328.27;30,002.21;95.96;-;3,770.25;218.50;1,426.00;12.50;1,431.00
Aug 23, 2025 2:00 PM;Aug 23, 2025 3:00 PM;3,357.51;1,966.63;2,626.45;14,535.04;29,174.74;98.49;-;3,781.75;236.00;1,366.25;7.00;1,423.75
Aug 23, 2025 3:00 PM;Aug 23, 2025 4:00 PM;3,405.25;1,981.55;2,552.86;14,395.68;26,667.39;99.42;-;3,395.75;266.00;1,374.75;55.00;1,443.50
Aug 23, 2025 4:00 PM;Aug 23, 2025 5:00 PM;3,526.08;1,896.96;2,890.57;15,831.34;22,173.24;101.39;-;3,334.75;271.75;1,376.50;76.00;1,456.75
Aug 23, 2025 5:00 PM;Aug 23, 2025 6:00 PM;3,676.19;1,972.86;3,393.77;15,180.50;15,876.56;101.35;-;4,022.25;263.75;1,710.25;95.00;1,444.25
Aug 23, 2025 6:00 PM;Aug 23, 2025 7:00 PM;4,040.07;2,069.58;3,768.31;12,451.59;8,410.87;101.51;-;5,842.75;322.50;2,711.75;1,243.75;1,444.50
Aug 23, 2025 7:00 PM;Aug 23, 2025 8:00 PM;4,330.26;2,019.02;3,780.60;8,715.87;2,389.54;102.07;-;7,039.50;352.50;3,778.25;3,192.50;1,449.75
Aug 23, 2025 8:00 PM;Aug 23, 2025 9:00 PM;4,485.49;2,263.00;3,602.46;6,795.75;181.20;101.40;-;7,086.00;337.50;3,970.25;4,896.50;1,427.50
Aug 23, 2025 9:00 PM;Aug 23, 2025 10:00 PM;4,443.26;2,017.94;3,354.77;6,631.73;55.44;103.00;-;7,132.50;331.00;3,989.25;3,890.50;1,424.50
Aug 23, 2025 10:00 PM;Aug 23, 2025 11:00 PM;4,256.86;1,915.16;3,053.87;7,070.48;14.55;103.40;-;7,073.25;319.50;3,889.25;3,022.50;1,438.50
Aug 23, 2025 11:00 PM;Aug 24, 2025 12:00 AM;4,075.32;1,948.46;2,913.67;7,300.20;8.98;103.93;-;6,838.75;296.00;3,852.75;1,722.00;1,414.00
Aug 24, 2025 12:00 AM;Aug 24, 2025 1:00 AM;3,921.18;1,940.16;2,685.80;7,006.73;12.39;102.32;-;6,716.25;218.00;3,346.50;1,356.75;1,443.75
Aug 24, 2025 1:00 AM;Aug 24, 2025 2:00 AM;3,855.84;1,838.77;2,217.69;6,234.09;12.34;105.65;-;6,701.75;201.75;2,868.75;966.00;1,430.50
Aug 24, 2025 2:00 AM;Aug 24, 2025 3:00 AM;3,823.40;1,858.43;1,871.87;5,793.86;15.70;105.95;-;6,805.75;200.75;2,652.25;1,485.75;1,387.75
Aug 24, 2025 3:00 AM;Aug 24, 2025 4:00 AM;3,801.53;1,843.31;1,953.14;5,533.11;5.94;106.18;-;6,894.50;195.75;2,616.00;660.75;1,393.75
Aug 24, 2025 4:00 AM;Aug 24, 2025 5:00 AM;3,820.74;1,823.83;2,015.47;5,491.36;12.62;106.20;-;6,889.25;193.25;2,642.50;542.75;1,412.25
Aug 24, 2025 5:00 AM;Aug 24, 2025 6:00 AM;3,920.13;1,792.26;1,943.02;5,728.26;15.35;105.38;-;6,883.75;197.75;2,694.50;618.25;1,484.25
Aug 24, 2025 6:00 AM;Aug 24, 2025 7:00 AM;3,996.90;1,802.96;2,393.00;6,539.18;506.73;106.39;-;6,435.00;196.00;2,840.50;423.50;1,476.50
Aug 24, 2025 7:00 AM;Aug 24, 2025 8:00 AM;3,934.53;1,786.51;2,367.13;6,268.49;5,142.57;106.41;-;5,501.50;198.25;2,682.00;447.25;1,458.00
Aug 24, 2025 8:00 AM;Aug 24, 2025 9:00 AM;3,794.01;1,937.91;2,064.63;4,195.72;14,328.16;104.89;-;4,170.00;198.00;2,257.00;456.25;1,420.75
Aug 24, 2025 9:00 AM;Aug 24, 2025 10:00 AM;3,651.35;1,923.46;2,117.43;3,713.16;24,678.12;103.89;-;3,485.75;180.50;1,787.75;99.00;1,422.00
Aug 24, 2025 10:00 AM;Aug 24, 2025 11:00 AM;3,459.99;1,807.09;1,560.37;4,990.70;32,084.41;103.01;-;3,405.00;166.50;1,745.25;42.25;1,388.00
Aug 24, 2025 11:00 AM;Aug 24, 2025 12:00 PM;3,378.93;1,836.23;1,085.70;6,340.32;34,191.35;98.40;-;3,431.00;152.00;1,723.25;2.25;1,381.25
Aug 24, 2025 12:00 PM;Aug 24, 2025 1:00 PM;3,322.43;1,743.15;1,514.77;7,336.32;33,452.12;97.77;-;3,394.50;152.00;1,721.00;114.25;1,368.50
Aug 24, 2025 1:00 PM;Aug 24, 2025 2:00 PM;3,311.96;1,639.17;1,495.30;7,644.06;32,656.22;97.45;-;3,172.25;170.25;1,720.00;81.00;1,362.25
Aug 24, 2025 2:00 PM;Aug 24, 2025 3:00 PM;3,322.11;1,658.94;1,326.87;7,777.40;31,016.43;98.10;-;3,132.00;227.75;1,394.75;18.50;1,356.25
Aug 24, 2025 3:00 PM;Aug 24, 2025 4:00 PM;3,345.97;1,732.27;1,203.91;8,583.61;28,717.52;100.81;-;3,110.75;435.00;1,334.25;61.00;1,364.00
Aug 24, 2025 4:00 PM;Aug 24, 2025 5:00 PM;3,513.22;1,794.71;2,056.56;8,745.41;25,405.86;100.78;-;3,049.25;575.50;1,347.75;156.25;1,379.25
Aug 24, 2025 5:00 PM;Aug 24, 2025 6:00 PM;3,680.41;1,786.84;2,394.77;9,399.38;18,674.06;97.85;-;4,048.50;599.50;1,610.00;207.00;1,382.25
Aug 24, 2025 6:00 PM;Aug 24, 2025 7:00 PM;4,011.62;1,988.94;2,395.94;8,512.90;10,176.95;98.15;-;6,318.00;825.50;2,904.75;906.25;1,382.75
Aug 24, 2025 7:00 PM;Aug 24, 2025 8:00 PM;4,344.14;2,024.04;2,334.24;6,750.94;2,783.20;98.83;-;7,750.00;1,085.50;4,053.75;3,315.50;1,387.25
Aug 24, 2025 8:00 PM;Aug 24, 2025 9:00 PM;4,464.14;2,246.62;2,159.04;5,695.25;138.76;98.89;-;7,813.25;1,131.50;4,547.25;4,440.75;1,384.50
Aug 24, 2025 9:00 PM;Aug 24, 2025 10:00 PM;4,411.41;2,136.29;2,068.89;5,569.67;36.27;101.35;-;7,947.00;1,107.00;4,714.75;3,822.75;1,384.75
Aug 24, 2025 10:00 PM;Aug 24, 2025 11:00 PM;4,208.72;1,862.50;2,237.12;6,189.24;11.94;102.01;-;8,092.25;953.75;4,721.75;2,909.75;1,387.25
Aug 24, 2025 11:00 PM;Aug 25, 2025 12:00 AM;4,011.68;1,807.81;2,297.48;6,606.90;7.87;102.63;-;8,022.00;825.25;4,557.00;845.25;1,408.25
Aug 25, 2025 12:00 AM;Aug 25, 2025 1:00 AM;3,756.24;1,732.44;2,401.07;6,494.70;7.44;106.19;-;7,507.00;765.50;4,312.00;276.75;1,472.75
Aug 25, 2025 1:00 AM;Aug 25, 2025 2:00 AM;3,679.51;1,669.33;2,193.65;6,001.25;7.00;106.24;-;7,113.75;764.00;3,980.75;160.75;1,470.25
Aug 25, 2025 2:00 AM;Aug 25, 2025 3:00 AM;3,649.44;1,680.23;1,968.40;5,625.20;6.14;106.49;-;7,048.00;759.75;4,107.25;179.50;1,473.00
Aug 25, 2025 3:00 AM;Aug 25, 2025 4:00 AM;3,645.18;1,672.77;2,101.17;5,301.09;6.26;106.68;-;7,230.00;757.00;4,102.75;150.25;1,453.50
Aug 25, 2025 4:00 AM;Aug 25, 2025 5:00 AM;3,723.20;1,724.02;2,038.09;5,230.71;15.12;106.90;-;7,516.25;796.50;4,200.00;226.00;1,439.75
Aug 25, 2025 5:00 AM;Aug 25, 2025 6:00 AM;3,907.35;1,847.99;1,820.25;5,116.66;20.98;105.78;-;7,640.00;874.75;4,595.00;693.50;1,413.00
Aug 25, 2025 6:00 AM;Aug 25, 2025 7:00 AM;4,150.68;1,901.66;1,769.85;5,225.98;442.83;107.02;-;8,016.75;1,020.50;4,718.50;2,313.75;1,423.00
Aug 25, 2025 7:00 AM;Aug 25, 2025 8:00 AM;4,221.71;2,083.31;1,557.33;5,238.31;5,045.03;106.98;-;7,864.75;1,057.25;4,839.50;3,815.25;1,424.75
Aug 25, 2025 8:00 AM;Aug 25, 2025 9:00 AM;4,023.47;2,012.82;1,235.32;4,564.81;14,537.71;103.21;-;7,183.75;1,007.75;4,604.00;2,192.00;1,424.50
Aug 25, 2025 9:00 AM;Aug 25, 2025 10:00 AM;3,780.66;2,125.91;694.59;3,596.34;23,131.01;101.08;-;6,639.25;886.50;3,795.25;1,005.75;1,469.50
Aug 25, 2025 10:00 AM;Aug 25, 2025 11:00 AM;3,541.37;1,867.57;666.70;4,383.55;31,119.14;99.98;-;5,953.75;735.75;3,414.25;1,137.75;1,469.75
Aug 25, 2025 11:00 AM;Aug 25, 2025 12:00 PM;3,423.35;1,798.04;495.44;5,441.01;36,143.38;98.81;-;4,492.50;577.50;2,842.00;155.25;1,472.75
Aug 25, 2025 12:00 PM;Aug 25, 2025 1:00 PM;3,308.55;1,740.62;363.76;6,105.55;39,874.22;97.79;-;3,780.75;543.75;2,518.50;109.00;1,489.00
Aug 25, 2025 1:00 PM;Aug 25, 2025 2:00 PM;3,300.89;1,686.22;293.88;6,292.96;41,231.23;97.29;-;3,583.00;527.00;2,551.00;119.25;1,470.25
Aug 25, 2025 2:00 PM;Aug 25, 2025 3:00 PM;3,332.83;1,674.38;447.41;6,760.04;40,929.94;95.32;-;3,734.25;653.75;2,406.25;137.75;1,475.50
Aug 25, 2025 3:00 PM;Aug 25, 2025 4:00 PM;3,386.80;1,751.32;646.21;6,922.51;37,507.42;93.45;-;3,588.25;810.50;2,140.25;183.00;1,473.25
Aug 25, 2025 4:00 PM;Aug 25, 2025 5:00 PM;3,480.59;1,828.19;805.41;6,783.62;31,021.64;93.22;-;4,518.75;1,476.75;2,764.00;169.75;1,443.75
Aug 25, 2025 5:00 PM;Aug 25, 2025 6:00 PM;3,675.21;1,869.96;663.56;6,383.06;21,895.06;91.06;-;7,618.25;2,446.75;3,758.00;175.00;1,469.25
Aug 25, 2025 6:00 PM;Aug 25, 2025 7:00 PM;4,048.96;1,963.06;392.87;5,211.84;10,882.94;90.76;-;8,993.50;3,648.00;5,621.50;993.50;1,493.00
Aug 25, 2025 7:00 PM;Aug 25, 2025 8:00 PM;4,354.93;2,050.20;239.28;3,412.23;2,720.25;90.73;-;9,791.75;4,738.00;7,420.75;2,674.25;1,507.50
Aug 25, 2025 8:00 PM;Aug 25, 2025 9:00 PM;4,462.04;2,199.06;178.39;2,563.89;192.35;91.72;-;9,923.00;4,941.75;8,034.25;4,147.75;1,535.50
Aug 25, 2025 9:00 PM;Aug 25, 2025 10:00 PM;4,396.11;2,128.92;134.23;2,609.73;48.13;93.05;-;9,840.25;4,956.00;7,887.75;3,709.50;1,483.75
Aug 25, 2025 10:00 PM;Aug 25, 2025 11:00 PM;4,219.12;2,028.91;77.50;2,568.50;12.36;93.89;-;9,472.25;4,904.50;7,048.00;1,626.50;1,467.25
Aug 25, 2025 11:00 PM;Aug 26, 2025 12:00 AM;3,976.53;1,857.20;71.40;2,579.79;12.10;94.46;-;9,430.50;4,493.75;6,907.00;597.25;1,489.25
Aug 26, 2025 12:00 AM;Aug 26, 2025 1:00 AM;3,750.81;1,851.37;98.79;2,613.74;9.56;100.69;-;9,284.25;4,356.25;6,705.75;133.25;1,529.50
Aug 26, 2025 1:00 AM;Aug 26, 2025 2:00 AM;3,674.73;1,661.38;73.73;2,766.57;8.21;94.79;-;9,197.25;4,287.25;6,656.75;30.75;1,518.50
Aug 26, 2025 2:00 AM;Aug 26, 2025 3:00 AM;3,625.55;1,630.70;50.07;2,830.47;7.22;94.77;-;9,195.50;4,291.25;6,411.50;23.75;1,522.25
Aug 26, 2025 3:00 AM;Aug 26, 2025 4:00 AM;3,615.37;1,629.57;49.43;2,725.38;7.03;94.99;-;9,206.75;4,282.75;6,279.75;18.00;1,533.00
Aug 26, 2025 4:00 AM;Aug 26, 2025 5:00 AM;3,677.37;1,644.27;104.27;2,599.38;12.23;95.15;-;9,402.00;4,252.50;6,465.75;155.50;1,495.25
Aug 26, 2025 5:00 AM;Aug 26, 2025 6:00 AM;3,870.80;1,793.07;220.44;2,601.54;14.87;95.16;-;9,453.75;4,436.25;6,701.75;407.25;1,477.50
Aug 26, 2025 6:00 AM;Aug 26, 2025 7:00 AM;4,137.59;2,199.42;398.61;3,037.51;449.30;94.86;-;9,470.50;4,647.50;6,915.25;2,303.25;1,489.75
Aug 26, 2025 7:00 AM;Aug 26, 2025 8:00 AM;4,160.54;2,052.35;510.16;3,461.47;5,212.45;94.35;-;9,475.25;4,693.50;6,919.25;2,202.25;1,475.25
Aug 26, 2025 8:00 AM;Aug 26, 2025 9:00 AM;3,918.62;1,672.33;613.53;3,110.43;15,866.76;92.81;-;8,869.75;4,585.25;6,016.00;418.00;1,456.25
Aug 26, 2025 9:00 AM;Aug 26, 2025 10:00 AM;3,689.45;1,748.38;790.96;1,749.52;28,366.84;91.48;-;7,376.50;2,991.25;3,143.50;265.75;1,479.00
Aug 26, 2025 10:00 AM;Aug 26, 2025 11:00 AM;3,519.62;1,773.28;806.35;1,367.65;36,564.04;90.55;-;6,407.25;1,978.25;2,538.50;105.50;1,574.50
Aug 26, 2025 11:00 AM;Aug 26, 2025 12:00 PM;3,426.62;1,699.87;908.54;1,854.74;42,253.94;89.84;-;5,381.25;1,558.75;2,189.25;128.00;1,547.75
Aug 26, 2025 12:00 PM;Aug 26, 2025 1:00 PM;3,317.88;1,691.94;936.53;2,162.79;45,545.99;88.90;-;4,556.75;1,426.00;2,240.50;107.00;1,563.50
Aug 26, 2025 1:00 PM;Aug 26, 2025 2:00 PM;3,310.56;1,669.46;828.12;2,318.72;46,057.44;88.30;-;4,481.00;1,442.75;2,215.00;56.25;1,592.75
Aug 26, 2025 2:00 PM;Aug 26, 2025 3:00 PM;3,310.81;1,728.71;931.48;2,358.40;44,169.49;87.77;-;4,576.75;1,364.00;2,309.75;116.00;1,481.00
Aug 26, 2025 3:00 PM;Aug 26, 2025 4:00 PM;3,390.73;1,834.47;1,142.49;2,348.45;37,815.46;87.35;-;5,519.25;1,528.00;2,491.75;381.50;1,436.75
Aug 26, 2025 4:00 PM;Aug 26, 2025 5:00 PM;3,520.26;1,735.14;1,288.29;2,105.40;29,215.67;87.10;-;8,547.00;2,821.00;4,074.75;612.00;1,428.25
Aug 26, 2025 5:00 PM;Aug 26, 2025 6:00 PM;3,742.31;1,787.37;1,685.53;1,775.51;18,450.34;87.66;-;8,991.00;4,144.50;6,670.50;891.25;1,437.00
Aug 26, 2025 6:00 PM;Aug 26, 2025 7:00 PM;4,204.56;2,006.96;2,122.55;1,534.93;7,922.51;85.91;-;9,203.50;4,303.25;8,506.75;3,495.50;1,504.00
Aug 26, 2025 7:00 PM;Aug 26, 2025 8:00 PM;4,396.58;2,097.85;2,403.16;2,304.80;1,995.00;87.83;-;9,345.00;3,807.50;9,281.00;4,251.50;1,775.00
Aug 26, 2025 8:00 PM;Aug 26, 2025 9:00 PM;4,440.71;2,054.41;2,685.75;4,172.79;130.62;89.73;-;9,329.50;3,806.00;9,360.00;4,275.25;1,745.75
Aug 26, 2025 9:00 PM;Aug 26, 2025 10:00 PM;4,310.42;1,933.79;3,107.48;7,701.82;23.69;90.84;-;9,243.50;3,811.50;8,692.75;2,382.00;1,497.50
Aug 26, 2025 10:00 PM;Aug 26, 2025 11:00 PM;4,076.16;1,880.73;3,306.74;11,644.42;12.16;91.98;-;8,917.25;3,776.50;7,215.50;813.75;1,442.50
Aug 26, 2025 11:00 PM;Aug 27, 2025 12:00 AM;3,848.81;1,614.74;3,311.63;13,697.51;8.72;92.28;-;8,352.00;3,700.75;6,440.00;267.00;1,438.00
Aug 27, 2025 12:00 AM;Aug 27, 2025 1:00 AM;3,654.65;1,565.92;2,641.02;14,718.51;7.67;93.47;-;8,230.25;3,616.25;6,305.75;123.25;1,424.50
Aug 27, 2025 1:00 AM;Aug 27, 2025 2:00 AM;3,586.41;1,593.60;1,637.26;14,488.54;6.61;93.66;-;8,092.75;3,506.00;5,984.50;62.25;1,406.25
Aug 27, 2025 2:00 AM;Aug 27, 2025 3:00 AM;3,550.12;1,564.49;1,466.87;13,594.39;6.45;93.35;-;8,142.25;3,588.75;6,137.75;69.75;1,406.25
Aug 27, 2025 3:00 AM;Aug 27, 2025 4:00 AM;3,524.33;1,544.53;1,635.62;12,843.00;8.19;92.56;-;8,294.00;3,557.25;5,838.75;31.50;1,413.50
Aug 27, 2025 4:00 AM;Aug 27, 2025 5:00 AM;3,592.89;1,575.59;1,487.13;11,712.10;8.01;73.52;-;8,537.25;3,432.25;5,770.50;57.75;1,407.75
Aug 27, 2025 5:00 AM;Aug 27, 2025 6:00 AM;3,763.15;1,754.29;1,061.55;10,565.50;9.40;73.70;-;8,812.50;3,585.50;6,349.75;206.25;1,380.75
Aug 27, 2025 6:00 AM;Aug 27, 2025 7:00 AM;4,047.45;2,125.08;467.53;10,418.88;222.50;76.75;-;8,861.50;3,777.75;6,482.00;1,293.75;1,385.00
Aug 27, 2025 7:00 AM;Aug 27, 2025 8:00 AM;4,133.21;2,285.39;466.49;9,580.45;2,926.43;77.35;-;8,905.00;3,974.25;6,074.50;2,507.25;1,393.00
Aug 27, 2025 8:00 AM;Aug 27, 2025 9:00 AM;3,984.91;2,263.88;940.89;7,009.36;9,163.22;76.76;-;8,601.50;4,069.50;5,965.50;2,362.50;1,409.75
Aug 27, 2025 9:00 AM;Aug 27, 2025 10:00 AM;3,726.16;1,750.15;1,104.54;4,949.27;18,842.73;75.37;-;7,952.50;3,977.00;5,276.75;662.50;1,408.50
Aug 27, 2025 10:00 AM;Aug 27, 2025 11:00 AM;3,487.32;1,655.17;1,262.99;4,612.76;28,634.61;69.69;-;7,241.25;2,500.00;3,480.50;246.50;1,430.00
Aug 27, 2025 11:00 AM;Aug 27, 2025 12:00 PM;3,363.57;1,620.68;1,625.20;5,837.04;34,766.01;68.33;-;5,021.75;2,071.00;2,952.50;165.50;1,433.75
Aug 27, 2025 12:00 PM;Aug 27, 2025 1:00 PM;3,248.06;1,635.98;2,117.47;6,647.45;37,557.23;81.00;-;4,027.50;2,124.25;2,724.00;128.50;1,453.50
Aug 27, 2025 1:00 PM;Aug 27, 2025 2:00 PM;3,236.32;1,544.97;2,378.65;7,173.12;38,049.36;90.37;-;3,988.75;2,399.75;2,627.00;330.25;1,449.25
Aug 27, 2025 2:00 PM;Aug 27, 2025 3:00 PM;3,229.61;1,628.98;2,656.18;7,315.26;35,484.42;90.09;-;4,141.50;2,171.75;2,666.75;252.75;1,443.25
Aug 27, 2025 3:00 PM;Aug 27, 2025 4:00 PM;3,292.19;1,622.00;3,014.55;7,368.88;30,962.30;91.06;-;4,823.00;2,335.75;3,413.00;72.75;1,414.25
Aug 27, 2025 4:00 PM;Aug 27, 2025 5:00 PM;3,426.13;1,708.52;2,565.52;6,800.64;22,988.24;91.34;-;7,740.50;3,368.25;4,518.50;383.00;1,431.25
Aug 27, 2025 5:00 PM;Aug 27, 2025 6:00 PM;3,673.35;1,951.06;1,808.11;5,860.89;14,165.21;95.64;-;8,684.00;4,055.25;7,478.50;634.75;1,439.00
Aug 27, 2025 6:00 PM;Aug 27, 2025 7:00 PM;4,077.93;2,262.81;1,268.04;4,304.09;6,449.40;96.33;-;9,195.50;4,013.75;9,655.50;2,291.25;1,460.75
Aug 27, 2025 7:00 PM;Aug 27, 2025 8:00 PM;4,333.62;2,306.45;1,095.87;3,787.76;1,625.36;96.83;-;9,471.00;4,033.75;10,252.75;3,636.00;1,502.00
Aug 27, 2025 8:00 PM;Aug 27, 2025 9:00 PM;4,324.76;2,335.05;667.55;3,953.60;85.03;97.89;-;9,544.75;4,019.25;9,761.00;3,996.50;1,468.50
Aug 27, 2025 9:00 PM;Aug 27, 2025 10:00 PM;4,234.65;2,096.45;373.62;5,274.62;41.01;99.10;-;9,260.75;4,017.25;9,264.50;3,115.00;1,483.25
Aug 27, 2025 10:00 PM;Aug 27, 2025 11:00 PM;3,995.34;1,879.77;296.25;6,446.31;10.31;99.73;-;9,006.75;3,839.25;8,288.50;954.50;1,475.50
Aug 27, 2025 11:00 PM;Aug 28, 2025 12:00 AM;3,764.53;1,667.14;405.96;6,657.84;10.48;99.46;-;8,813.75;3,684.75;7,580.75;440.75;1,467.50
Aug 28, 2025 12:00 AM;Aug 28, 2025 1:00 AM;3,565.81;1,576.29;617.98;5,686.66;8.84;95.19;-;8,722.50;3,744.75;7,409.25;48.75;1,480.75
Aug 28, 2025 1:00 AM;Aug 28, 2025 2:00 AM;3,487.81;1,598.05;819.66;4,729.34;5.96;97.03;-;8,722.75;3,624.50;7,315.25;24.00;1,429.75
Aug 28, 2025 2:00 AM;Aug 28, 2025 3:00 AM;3,470.85;1,567.65;886.18;4,393.70;6.88;99.19;-;8,733.00;3,602.25;7,508.75;18.50;1,445.75
Aug 28, 2025 3:00 AM;Aug 28, 2025 4:00 AM;3,436.15;1,562.26;1,036.98;3,803.82;5.65;99.56;-;8,749.25;3,601.00;7,452.25;47.25;1,494.00
Aug 28, 2025 4:00 AM;Aug 28, 2025 5:00 AM;3,519.28;1,557.81;1,411.74;3,732.49;5.72;99.83;-;8,810.25;3,605.75;7,549.75;29.75;1,489.50
Aug 28, 2025 5:00 AM;Aug 28, 2025 6:00 AM;3,642.45;1,557.81;1,059.85;4,104.07;10.79;99.76;-;9,010.75;3,660.50;7,520.25;91.00;1,432.75
Aug 28, 2025 6:00 AM;Aug 28, 2025 7:00 AM;3,960.34;1,732.89;853.20;4,305.32;220.43;99.75;-;9,154.25;3,959.75;8,411.00;500.00;1,389.25
Aug 28, 2025 7:00 AM;Aug 28, 2025 8:00 AM;4,112.61;2,003.35;1,053.60;4,443.62;2,287.22;98.92;-;9,195.75;3,990.25;8,647.75;2,179.25;1,378.75
Aug 28, 2025 8:00 AM;Aug 28, 2025 9:00 AM;4,004.80;2,024.59;895.04;4,322.97;5,782.06;98.17;-;9,141.50;4,000.50;8,592.50;1,990.00;1,374.75
Aug 28, 2025 9:00 AM;Aug 28, 2025 10:00 AM;3,858.18;1,806.65;661.57;3,740.08;10,411.44;97.22;-;8,661.75;3,994.25;8,526.75;808.50;1,349.75
Aug 28, 2025 10:00 AM;Aug 28, 2025 11:00 AM;3,699.01;1,798.13;741.58;2,986.36;14,526.08;96.53;-;8,277.50;3,848.25;8,168.50;270.50;1,346.25
Aug 28, 2025 11:00 AM;Aug 28, 2025 12:00 PM;3,566.12;1,759.63;905.38;2,740.20;17,290.25;87.10;-;8,052.25;3,680.50;8,010.00;166.00;1,345.50
Aug 28, 2025 12:00 PM;Aug 28, 2025 1:00 PM;3,476.82;1,768.05;749.33;3,133.14;17,984.71;80.95;-;7,847.25;3,502.75;7,331.50;282.75;1,350.25
Aug 28, 2025 1:00 PM;Aug 28, 2025 2:00 PM;3,396.22;1,803.24;542.34;3,374.66;17,216.64;83.58;-;7,779.50;3,539.00;7,780.50;565.00;1,386.00
Aug 28, 2025 2:00 PM;Aug 28, 2025 3:00 PM;3,268.33;1,647.97;433.71;3,571.39;16,164.15;87.30;-;7,942.00;3,454.50;7,431.75;302.75;1,420.00
Aug 28, 2025 3:00 PM;Aug 28, 2025 4:00 PM;3,305.88;1,635.75;393.32;4,233.74;14,620.93;94.22;-;7,949.50;3,436.75;7,683.50;176.75;1,519.75
Aug 28, 2025 4:00 PM;Aug 28, 2025 5:00 PM;3,453.08;1,722.43;504.80;4,815.15;11,388.65;94.56;-;8,009.00;3,524.25;8,139.00;563.50;1,528.75
Aug 28, 2025 5:00 PM;Aug 28, 2025 6:00 PM;3,785.71;1,981.54;364.63;5,377.83;7,769.94;94.92;-;8,285.50;3,755.50;9,017.75;1,179.75;1,452.00
Aug 28, 2025 6:00 PM;Aug 28, 2025 7:00 PM;4,161.66;2,247.56;272.11;5,121.70;4,420.30;97.45;-;8,359.00;3,973.00;9,534.25;3,138.25;1,451.75
Aug 28, 2025 7:00 PM;Aug 28, 2025 8:00 PM;4,345.02;2,355.04;298.59;4,581.97;1,352.42;98.52;-;8,439.25;4,026.25;9,715.75;3,805.75;1,459.25
Aug 28, 2025 8:00 PM;Aug 28, 2025 9:00 PM;4,365.43;2,261.33;416.00;4,345.43;112.52;98.92;-;8,448.75;4,023.25;9,607.75;3,791.50;1,453.25
Aug 28, 2025 9:00 PM;Aug 28, 2025 10:00 PM;4,200.84;1,876.82;434.04;4,912.94;17.65;102.83;-;8,440.00;3,903.25;9,064.50;1,589.50;1,445.25
Aug 28, 2025 10:00 PM;Aug 28, 2025 11:00 PM;3,951.08;2,079.20;600.05;4,159.07;6.94;100.57;-;8,376.50;3,571.75;8,131.50;627.75;1,440.75
Aug 28, 2025 11:00 PM;Aug 29, 2025 12:00 AM;3,774.61;1,813.71;1,027.63;4,061.80;14.89;99.73;-;8,334.00;3,461.50;7,471.50;596.00;1,428.75
Aug 29, 2025 12:00 AM;Aug 29, 2025 1:00 AM;3,611.91;1,738.64;1,290.14;4,128.73;6.43;99.79;-;8,368.25;3,510.00;6,852.75;204.75;1,507.50
Aug 29, 2025 1:00 AM;Aug 29, 2025 2:00 AM;3,544.63;1,840.98;1,231.66;4,085.74;8.49;99.83;-;8,344.50;3,681.25;6,597.50;151.75;1,489.50
Aug 29, 2025 2:00 AM;Aug 29, 2025 3:00 AM;3,489.23;1,839.06;1,397.28;4,221.43;6.12;99.64;-;8,451.75;3,710.25;6,268.75;66.50;1,492.25
Aug 29, 2025 3:00 AM;Aug 29, 2025 4:00 AM;3,476.93;1,781.21;1,768.86;4,326.64;6.30;99.85;-;8,576.75;3,706.50;6,152.50;22.25;1,487.50
Aug 29, 2025 4:00 AM;Aug 29, 2025 5:00 AM;3,522.76;1,799.08;2,195.12;4,692.96;11.52;99.84;-;8,635.50;3,688.75;6,152.75;31.00;1,501.75
Aug 29, 2025 5:00 AM;Aug 29, 2025 6:00 AM;3,681.50;1,919.69;2,561.10;5,025.09;14.29;99.76;-;8,726.00;3,525.25;6,755.00;135.00;1,441.25
Aug 29, 2025 6:00 AM;Aug 29, 2025 7:00 AM;4,025.08;2,100.99;2,580.22;5,658.71;137.45;99.74;-;8,824.00;3,487.75;7,093.50;1,146.25;1,447.25
Aug 29, 2025 7:00 AM;Aug 29, 2025 8:00 AM;4,138.52;2,597.38;2,480.57;6,220.52;1,948.24;100.09;-;8,811.00;3,507.00;7,187.50;3,233.50;1,468.75
Aug 29, 2025 8:00 AM;Aug 29, 2025 9:00 AM;4,016.96;2,120.69;2,753.63;5,429.05;7,353.99;99.97;-;8,849.75;3,497.00;7,087.25;1,877.25;1,515.00
Aug 29, 2025 9:00 AM;Aug 29, 2025 10:00 AM;3,763.83;1,965.32;2,336.40;3,832.18;15,506.63;99.85;-;8,620.25;3,000.25;5,856.00;467.75;1,499.75
Aug 29, 2025 10:00 AM;Aug 29, 2025 11:00 AM;3,496.43;2,023.74;2,026.43;3,223.13;24,713.11;99.24;-;7,128.50;1,973.00;3,741.25;249.50;1,512.50
Aug 29, 2025 11:00 AM;Aug 29, 2025 12:00 PM;3,367.47;1,941.99;1,466.07;4,142.62;31,584.36;98.94;-;4,764.75;1,117.75;2,777.75;148.00;1,400.50
Aug 29, 2025 12:00 PM;Aug 29, 2025 1:00 PM;3,307.59;1,886.76;1,167.12;5,824.85;34,133.06;98.58;-;4,356.25;872.25;2,612.25;74.25;1,417.50
Aug 29, 2025 1:00 PM;Aug 29, 2025 2:00 PM;3,300.02;2,176.83;1,058.03;6,202.74;35,298.62;98.12;-;4,438.75;659.75;2,621.25;1.50;1,413.00
Aug 29, 2025 2:00 PM;Aug 29, 2025 3:00 PM;3,314.99;1,963.62;911.16;6,212.27;34,332.51;97.87;-;5,344.50;661.50;2,508.75;111.25;1,419.25
Aug 29, 2025 3:00 PM;Aug 29, 2025 4:00 PM;3,375.99;1,992.30;649.65;6,508.54;30,155.94;97.64;-;6,096.50;797.75;2,576.50;185.50;1,399.25
Aug 29, 2025 4:00 PM;Aug 29, 2025 5:00 PM;3,517.39;1,976.24;471.63;7,199.05;23,082.16;97.50;-;6,711.75;1,256.25;3,145.25;203.50;1,397.75
Aug 29, 2025 5:00 PM;Aug 29, 2025 6:00 PM;3,763.04;2,101.29;475.07;7,986.96;15,152.23;97.80;-;7,750.50;1,952.00;5,316.00;902.75;1,389.50
Aug 29, 2025 6:00 PM;Aug 29, 2025 7:00 PM;4,177.37;2,205.96;962.09;8,033.83;7,363.61;98.94;-;8,212.25;2,450.75;6,343.25;2,776.25;1,356.25
Aug 29, 2025 7:00 PM;Aug 29, 2025 8:00 PM;4,362.88;2,458.65;1,902.55;8,215.85;1,625.25;97.52;-;8,488.25;2,593.25;6,974.00;3,870.75;1,457.75
Aug 29, 2025 8:00 PM;Aug 29, 2025 9:00 PM;4,351.16;2,460.29;2,897.90;9,711.99;73.87;95.94;-;8,460.00;2,562.50;6,993.00;3,741.00;1,420.00
Aug 29, 2025 9:00 PM;Aug 29, 2025 10:00 PM;4,217.71;2,297.00;2,992.14;11,178.84;33.87;96.01;-;8,464.50;2,537.00;6,961.50;1,050.00;1,418.50
Aug 29, 2025 10:00 PM;Aug 29, 2025 11:00 PM;4,005.21;2,055.39;2,662.74;11,282.44;15.06;96.14;-;8,141.00;2,420.25;6,772.75;752.75;1,425.75
Aug 29, 2025 11:00 PM;Aug 30, 2025 12:00 AM;3,867.17;2,215.01;2,090.00;10,915.21;24.05;96.41;-;7,385.00;2,080.75;6,337.00;1,060.75;1,414.75
Aug 30, 2025 12:00 AM;Aug 30, 2025 1:00 AM;3,726.79;2,141.18;1,738.70;11,073.49;12.22;100.42;-;7,017.75;1,576.25;4,935.50;529.75;1,396.00
Aug 30, 2025 1:00 AM;Aug 30, 2025 2:00 AM;3,668.86;2,026.84;1,978.73;10,737.96;9.58;100.51;-;7,266.50;1,170.75;4,414.75;193.50;1,382.75
Aug 30, 2025 2:00 AM;Aug 30, 2025 3:00 AM;3,603.63;1,950.24;2,257.69;10,342.64;8.94;96.95;-;7,359.50;826.50;3,580.25;130.25;1,382.75
Aug 30, 2025 3:00 AM;Aug 30, 2025 4:00 AM;3,586.28;1,967.46;2,427.54;9,602.08;6.73;98.08;-;7,366.75;841.75;3,399.25;217.75;1,412.25
Aug 30, 2025 4:00 AM;Aug 30, 2025 5:00 AM;3,639.25;1,971.45;2,264.67;9,060.33;8.07;98.91;-;7,367.75;847.75;3,434.00;271.25;1,415.50
Aug 30, 2025 5:00 AM;Aug 30, 2025 6:00 AM;3,771.28;1,893.98;2,314.56;8,809.45;9.81;98.85;-;7,392.25;841.00;3,487.25;209.50;1,394.75
Aug 30, 2025 6:00 AM;Aug 30, 2025 7:00 AM;3,938.73;1,895.92;2,323.23;9,175.45;122.10;98.86;-;7,071.75;851.75;3,511.25;233.00;1,389.25
Aug 30, 2025 7:00 AM;Aug 30, 2025 8:00 AM;3,965.25;2,138.25;2,096.52;8,769.18;2,395.38;97.45;-;6,785.50;863.75;3,150.50;688.00;1,396.00
Aug 30, 2025 8:00 AM;Aug 30, 2025 9:00 AM;3,803.86;2,128.23;2,175.94;7,605.84;8,156.42;96.90;-;6,726.25;701.25;2,807.75;721.25;1,425.50
Aug 30, 2025 9:00 AM;Aug 30, 2025 10:00 AM;3,647.74;1,962.32;2,474.85;7,033.14;16,185.09;96.70;-;5,994.75;451.00;2,201.25;258.00;1,387.50
Aug 30, 2025 10:00 AM;Aug 30, 2025 11:00 AM;3,480.20;2,031.52;2,531.04;7,424.58;24,244.62;96.25;-;4,866.25;318.75;1,783.75;131.25;1,330.75
Aug 30, 2025 11:00 AM;Aug 30, 2025 12:00 PM;3,368.70;1,998.23;2,522.60;8,414.75;31,587.07;95.88;-;3,784.50;295.50;1,590.25;17.00;1,335.75
Aug 30, 2025 12:00 PM;Aug 30, 2025 1:00 PM;3,270.26;1,990.83;2,176.30;9,342.12;35,472.97;95.52;-;3,582.00;279.50;1,523.75;15.75;1,323.25
Aug 30, 2025 1:00 PM;Aug 30, 2025 2:00 PM;3,239.23;1,857.65;2,544.75;9,940.83;35,301.65;95.48;-;3,586.50;261.75;1,517.75;14.75;1,389.50
Aug 30, 2025 2:00 PM;Aug 30, 2025 3:00 PM;3,229.15;1,932.76;2,204.82;9,761.44;33,356.08;95.08;-;3,579.25;261.50;1,548.25;48.25;1,388.00
Aug 30, 2025 3:00 PM;Aug 30, 2025 4:00 PM;3,267.61;1,943.08;1,513.80;9,084.45;29,663.66;94.93;-;3,590.50;278.50;1,558.00;19.25;1,349.50
Aug 30, 2025 4:00 PM;Aug 30, 2025 5:00 PM;3,403.19;1,999.68;1,238.16;8,734.05;25,411.45;95.86;-;3,843.00;293.75;1,649.00;47.25;1,373.75
Aug 30, 2025 5:00 PM;Aug 30, 2025 6:00 PM;3,614.24;2,121.07;1,052.76;7,291.13;18,218.44;92.76;-;5,131.75;537.00;2,230.50;326.25;1,431.75
Aug 30, 2025 6:00 PM;Aug 30, 2025 7:00 PM;4,043.01;2,177.78;809.42;5,285.17;9,051.73;94.01;-;6,802.75;763.00;3,677.75;2,574.00;1,422.75
Aug 30, 2025 7:00 PM;Aug 30, 2025 8:00 PM;4,381.14;2,457.03;598.53;3,654.87;1,919.52;96.83;-;7,048.50;975.75;4,948.00;5,182.50;1,415.50
Aug 30, 2025 8:00 PM;Aug 30, 2025 9:00 PM;4,435.89;2,381.54;652.38;3,378.42;121.72;97.66;-;7,055.50;1,004.25;5,100.25;5,342.50;1,412.75
Aug 30, 2025 9:00 PM;Aug 30, 2025 10:00 PM;4,316.94;2,160.89;776.71;4,501.25;54.75;103.15;-;7,041.75;967.50;4,921.50;4,404.50;1,407.00
Aug 30, 2025 10:00 PM;Aug 30, 2025 11:00 PM;4,079.95;1,923.74;1,250.66;6,218.04;11.84;103.49;-;6,866.00;759.50;4,465.75;2,867.25;1,420.75
Aug 30, 2025 11:00 PM;Aug 31, 2025 12:00 AM;3,884.30;1,879.89;2,034.73;7,863.09;8.20;103.79;-;6,509.25;397.25;3,810.75;1,453.50;1,413.25
Aug 31, 2025 12:00 AM;Aug 31, 2025 1:00 AM;3,732.31;1,826.01;2,919.91;8,858.64;19.04;98.92;-;6,401.00;307.25;3,053.25;761.00;1,436.75
Aug 31, 2025 1:00 AM;Aug 31, 2025 2:00 AM;3,668.25;1,768.52;3,156.73;10,055.61;10.43;95.79;-;6,196.50;296.25;2,544.25;211.00;1,439.00
Aug 31, 2025 2:00 AM;Aug 31, 2025 3:00 AM;3,605.96;1,730.59;3,792.46;10,841.02;10.23;95.88;-;5,692.75;289.25;2,475.75;142.00;1,406.00
Aug 31, 2025 3:00 AM;Aug 31, 2025 4:00 AM;3,573.52;1,717.00;4,144.72;11,468.03;8.50;96.07;-;4,653.00;287.75;2,451.25;172.50;1,400.00
Aug 31, 2025 4:00 AM;Aug 31, 2025 5:00 AM;3,584.58;1,718.80;4,286.76;11,644.25;7.90;96.16;-;4,352.50;287.50;2,411.50;76.75;1,416.50
Aug 31, 2025 5:00 AM;Aug 31, 2025 6:00 AM;3,673.40;1,749.74;4,320.62;11,651.09;17.80;97.49;-;4,163.25;281.50;2,510.00;108.00;1,403.00
Aug 31, 2025 6:00 AM;Aug 31, 2025 7:00 AM;3,791.28;1,940.53;3,873.05;11,905.62;284.83;98.67;-;4,237.75;274.00;2,576.00;833.25;1,400.00
Aug 31, 2025 7:00 AM;Aug 31, 2025 8:00 AM;3,763.96;1,756.49;4,323.87;11,860.86;4,523.38;98.47;-;4,117.00;276.75;2,339.25;121.75;1,438.75
Aug 31, 2025 8:00 AM;Aug 31, 2025 9:00 AM;3,663.62;1,791.93;4,033.29;10,010.64;14,178.53;97.11;-;3,515.00;276.75;1,706.75;10.25;1,446.50
Aug 31, 2025 9:00 AM;Aug 31, 2025 10:00 AM;3,568.27;1,849.73;4,033.64;7,542.85;24,644.01;95.69;-;3,402.75;296.00;1,479.50;58.75;1,419.75
Aug 31, 2025 10:00 AM;Aug 31, 2025 11:00 AM;3,378.76;1,839.02;3,276.58;6,494.02;30,968.23;94.73;-;3,398.50;328.50;1,468.75;52.75;1,406.50
Aug 31, 2025 11:00 AM;Aug 31, 2025 12:00 PM;3,298.56;1,744.96;2,861.55;7,012.68;35,927.27;94.05;-;3,411.50;350.00;1,470.25;0.50;1,402.25
Aug 31, 2025 12:00 PM;Aug 31, 2025 1:00 PM;3,244.89;1,700.11;2,444.97;6,750.25;37,007.65;93.60;-;3,522.25;289.25;1,517.50;23.25;1,328.00
Aug 31, 2025 1:00 PM;Aug 31, 2025 2:00 PM;3,213.26;1,685.44;2,041.21;5,838.46;36,528.48;93.26;-;3,542.50;249.00;1,514.25;41.00;1,351.25
Aug 31, 2025 2:00 PM;Aug 31, 2025 3:00 PM;3,197.86;1,660.08;1,616.22;5,519.36;34,862.66;92.02;-;3,424.50;238.25;1,467.75;81.00;1,322.00
Aug 31, 2025 3:00 PM;Aug 31, 2025 4:00 PM;3,235.46;1,669.58;1,168.36;4,697.03;32,608.66;92.58;-;3,515.25;232.50;1,501.75;144.75;1,324.75
Aug 31, 2025 4:00 PM;Aug 31, 2025 5:00 PM;3,379.73;1,698.56;870.85;4,243.29;26,730.65;91.92;-;3,790.25;323.75;1,642.00;142.00;1,333.50
Aug 31, 2025 5:00 PM;Aug 31, 2025 6:00 PM;3,612.90;1,743.02;1,043.43;4,344.42;18,563.65;90.27;-;6,109.75;893.50;2,540.00;143.50;1,362.00
Aug 31, 2025 6:00 PM;Aug 31, 2025 7:00 PM;3,962.40;1,812.03;1,480.55;4,060.15;8,357.54;87.30;-;7,351.00;1,390.25;4,359.75;1,807.50;1,368.25
Aug 31, 2025 7:00 PM;Aug 31, 2025 8:00 PM;4,227.51;2,112.56;1,938.16;3,628.01;1,471.99;87.73;-;7,844.25;2,034.50;5,284.00;4,428.25;1,388.75
Aug 31, 2025 8:00 PM;Aug 31, 2025 9:00 PM;4,323.01;2,232.82;2,378.53;4,458.87;84.38;88.94;-;7,978.25;2,247.25;5,493.25;4,851.50;1,381.75
Aug 31, 2025 9:00 PM;Aug 31, 2025 10:00 PM;4,216.19;1,917.01;3,161.25;6,778.47;31.72;91.62;-;7,951.25;2,296.75;5,470.25;2,111.25;1,366.00
Aug 31, 2025 10:00 PM;Aug 31, 2025 11:00 PM;3,958.96;1,734.06;4,238.74;9,039.69;7.42;95.88;-;7,681.50;2,114.75;5,329.50;566.25;1,368.00
Aug 31, 2025 11:00 PM;Sep 1, 2025 12:00 AM;3,762.61;1,649.80;4,784.68;11,221.31;7.69;97.62;-;7,103.00;1,777.75;4,733.00;277.75;1,374.00
Sep 1, 2025 12:00 AM;Sep 1, 2025 1:00 AM;3,552.27;1,632.67;4,774.56;12,740.28;7.38;100.30;-;7,031.50;1,664.75;4,596.50;22.00;1,363.25
Sep 1, 2025 1:00 AM;Sep 1, 2025 2:00 AM;3,478.34;1,622.75;3,709.63;13,182.18;7.49;100.94;-;6,791.75;1,616.25;4,538.50;12.50;1,366.25
Sep 1, 2025 2:00 AM;Sep 1, 2025 3:00 AM;3,455.61;1,632.35;2,375.40;12,593.54;8.50;101.41;-;6,920.00;1,627.25;4,705.75;39.25;1,358.25
Sep 1, 2025 3:00 AM;Sep 1, 2025 4:00 AM;3,467.22;1,545.54;1,490.00;12,599.03;7.91;101.57;-;7,185.50;1,632.00;4,701.50;117.75;1,330.75
Sep 1, 2025 4:00 AM;Sep 1, 2025 5:00 AM;3,537.74;1,556.14;765.38;12,846.25;7.47;101.49;-;7,308.50;1,725.00;4,962.75;52.00;1,339.50
Sep 1, 2025 5:00 AM;Sep 1, 2025 6:00 AM;3,698.98;1,575.77;569.39;12,945.15;8.93;100.10;-;7,984.25;2,158.00;5,504.25;237.25;1,349.25
Sep 1, 2025 6:00 AM;Sep 1, 2025 7:00 AM;3,998.73;1,881.97;551.22;13,325.47;277.39;98.67;-;8,532.75;2,276.75;6,089.50;2,154.00;1,320.75
Sep 1, 2025 7:00 AM;Sep 1, 2025 8:00 AM;4,069.72;1,962.53;645.84;12,935.05;3,746.51;97.25;-;8,570.50;2,287.75;5,954.50;2,853.50;1,326.50
Sep 1, 2025 8:00 AM;Sep 1, 2025 9:00 AM;3,971.65;1,803.86;720.31;9,846.75;11,019.99;96.89;-;8,154.25;2,274.00;6,060.75;2,323.00;1,454.50
Sep 1, 2025 9:00 AM;Sep 1, 2025 10:00 AM;3,800.98;1,943.70;451.87;6,321.05;16,463.12;95.09;-;7,534.00;2,144.25;6,066.50;1,610.25;1,616.00
Sep 1, 2025 10:00 AM;Sep 1, 2025 11:00 AM;3,577.98;2,027.37;444.55;5,352.41;20,256.59;95.23;-;7,503.50;2,071.75;5,389.25;2,462.00;1,688.75
Sep 1, 2025 11:00 AM;Sep 1, 2025 12:00 PM;3,422.86;2,082.02;568.36;5,625.83;22,468.91;90.83;-;6,677.75;2,087.75;3,931.75;937.00;1,639.00
Sep 1, 2025 12:00 PM;Sep 1, 2025 1:00 PM;3,307.78;1,818.89;869.88;6,377.62;24,648.40;79.99;-;6,731.50;1,924.75;3,081.50;267.75;1,750.00
Sep 1, 2025 1:00 PM;Sep 1, 2025 2:00 PM;3,297.86;1,811.42;1,026.22;6,529.81;25,680.28;90.56;-;6,355.00;1,757.00;2,971.00;147.75;1,752.75
Sep 1, 2025 2:00 PM;Sep 1, 2025 3:00 PM;3,246.57;1,640.77;1,115.39;6,049.65;24,970.66;99.07;-;6,392.25;2,225.25;2,721.00;11.00;1,617.75
Sep 1, 2025 3:00 PM;Sep 1, 2025 4:00 PM;3,254.66;1,551.97;2,186.45;5,935.80;21,379.30;99.84;-;6,556.25;2,388.50;2,983.00;8.00;1,453.75
Sep 1, 2025 4:00 PM;Sep 1, 2025 5:00 PM;3,414.70;1,712.36;2,558.69;5,254.78;16,383.18;103.27;-;8,201.50;2,831.00;4,336.75;155.75;1,369.75
Sep 1, 2025 5:00 PM;Sep 1, 2025 6:00 PM;3,727.67;2,029.07;2,209.10;4,468.20;10,780.29;104.23;-;8,707.25;3,200.25;6,758.25;646.50;1,373.00
Sep 1, 2025 6:00 PM;Sep 1, 2025 7:00 PM;4,227.93;2,176.45;1,917.49;3,408.38;5,095.85;107.03;-;9,061.00;3,591.75;8,242.25;3,331.25;1,428.25
Sep 1, 2025 7:00 PM;Sep 1, 2025 8:00 PM;4,441.13;2,450.74;2,046.59;2,504.39;1,192.86;106.45;-;9,326.00;3,617.00;8,901.75;4,576.00;1,446.75
Sep 1, 2025 8:00 PM;Sep 1, 2025 9:00 PM;4,451.48;2,484.24;2,142.64;2,798.66;107.27;107.12;-;9,430.75;3,626.25;8,934.00;4,427.00;1,453.25
Sep 1, 2025 9:00 PM;Sep 1, 2025 10:00 PM;4,263.67;2,158.12;2,074.04;4,189.37;13.96;107.32;-;9,405.00;3,650.25;8,642.00;2,908.00;1,405.25
Sep 1, 2025 10:00 PM;Sep 1, 2025 11:00 PM;4,004.80;1,861.33;2,175.25;5,326.90;7.02;107.72;-;9,094.50;3,346.50;7,860.50;968.50;1,387.75
Sep 1, 2025 11:00 PM;Sep 2, 2025 12:00 AM;3,838.22;1,816.05;2,070.39;5,916.86;5.80;108.13;-;8,615.25;3,326.25;7,385.50;288.00;1,362.25
Sep 2, 2025 12:00 AM;Sep 2, 2025 1:00 AM;3,663.76;1,668.16;1,892.17;6,282.04;7.06;107.37;-;8,119.75;3,297.25;7,240.00;83.00;1,424.50
Sep 2, 2025 1:00 AM;Sep 2, 2025 2:00 AM;3,600.77;1,653.89;1,590.80;6,014.62;5.98;108.11;-;7,940.50;3,160.00;7,250.75;101.25;1,479.50
Sep 2, 2025 2:00 AM;Sep 2, 2025 3:00 AM;3,584.32;1,619.81;1,437.00;5,418.73;5.82;109.98;-;7,927.25;3,301.00;7,247.00;64.50;1,433.00
Sep 2, 2025 3:00 AM;Sep 2, 2025 4:00 AM;3,584.26;1,618.09;1,231.64;5,242.24;5.86;108.77;-;7,927.25;3,336.00;7,278.50;63.25;1,376.25
Sep 2, 2025 4:00 AM;Sep 2, 2025 5:00 AM;3,639.82;1,704.41;1,040.90;5,280.16;5.93;108.56;-;7,957.50;3,357.50;7,386.75;237.25;1,382.75
Sep 2, 2025 5:00 AM;Sep 2, 2025 6:00 AM;3,792.25;1,831.44;987.59;5,520.59;6.29;108.56;-;8,354.25;3,430.75;7,900.75;373.00;1,379.50
Sep 2, 2025 6:00 AM;Sep 2, 2025 7:00 AM;4,112.55;2,202.94;969.91;5,880.36;61.61;108.26;-;8,414.75;3,520.50;8,487.00;2,932.75;1,376.75
Sep 2, 2025 7:00 AM;Sep 2, 2025 8:00 AM;4,238.83;2,283.52;1,078.76;6,295.58;1,640.55;105.78;-;8,356.00;3,510.25;8,889.25;3,917.25;1,400.00
Sep 2, 2025 8:00 AM;Sep 2, 2025 9:00 AM;4,096.69;1,981.68;1,246.94;5,300.04;6,150.87;104.95;-;8,339.75;3,493.00;8,275.00;2,297.50;1,434.00
Sep 2, 2025 9:00 AM;Sep 2, 2025 10:00 AM;3,916.69;1,858.65;1,550.36;4,182.35;12,469.18;105.47;-;8,355.75;3,362.00;7,664.75;896.75;1,392.50
Sep 2, 2025 10:00 AM;Sep 2, 2025 11:00 AM;3,587.70;1,797.66;2,316.25;4,271.86;18,802.71;105.49;-;7,846.50;2,808.25;5,650.25;590.25;1,387.50
Sep 2, 2025 11:00 AM;Sep 2, 2025 12:00 PM;3,477.69;1,882.92;2,556.64;4,993.40;24,153.35;106.67;-;6,517.00;2,282.25;4,152.00;566.25;1,369.00
Sep 2, 2025 12:00 PM;Sep 2, 2025 1:00 PM;3,351.95;1,804.82;2,669.62;5,852.92;27,605.00;106.57;-;5,312.75;1,951.25;4,015.50;52.75;1,371.00
Sep 2, 2025 1:00 PM;Sep 2, 2025 2:00 PM;3,395.75;1,847.52;2,714.25;6,454.07;28,867.48;107.61;-;4,636.75;1,510.50;3,861.75;26.00;1,380.50
Sep 2, 2025 2:00 PM;Sep 2, 2025 3:00 PM;3,469.80;1,792.27;2,968.55;6,988.26;28,959.16;106.83;-;4,864.25;1,458.50;3,869.50;9.75;1,379.25
Sep 2, 2025 3:00 PM;Sep 2, 2025 4:00 PM;3,509.92;1,776.56;2,500.69;7,215.48;27,300.64;105.98;-;5,648.00;1,519.25;4,227.00;20.50;1,361.50
Sep 2, 2025 4:00 PM;Sep 2, 2025 5:00 PM;3,661.92;1,777.35;1,794.74;6,938.67;23,586.87;105.74;-;7,048.25;2,326.50;5,429.50;54.00;1,363.50
Sep 2, 2025 5:00 PM;Sep 2, 2025 6:00 PM;3,931.44;1,924.02;1,397.98;6,671.49;16,148.66;105.49;-;7,953.25;2,796.50;6,706.75;304.25;1,397.75
Sep 2, 2025 6:00 PM;Sep 2, 2025 7:00 PM;4,372.58;1,957.61;989.39;6,550.63;7,243.71;105.96;-;8,607.75;3,605.25;8,407.50;2,773.25;1,387.00
Sep 2, 2025 7:00 PM;Sep 2, 2025 8:00 PM;4,558.89;2,314.50;576.79;5,570.55;1,323.16;105.83;-;8,755.75;3,798.00;9,119.75;4,377.50;1,435.75
Sep 2, 2025 8:00 PM;Sep 2, 2025 9:00 PM;4,543.09;2,277.11;621.24;5,801.71;110.52;107.36;-;8,785.25;3,731.75;9,118.75;4,638.25;1,425.50
Sep 2, 2025 9:00 PM;Sep 2, 2025 10:00 PM;4,374.97;1,851.76;724.95;7,867.05;20.77;107.38;-;8,681.25;3,678.50;8,529.50;2,688.25;1,397.25
Sep 2, 2025 10:00 PM;Sep 2, 2025 11:00 PM;4,148.42;1,784.00;1,063.38;9,627.00;13.56;108.19;-;8,055.25;3,553.50;8,045.75;831.50;1,393.25
Sep 2, 2025 11:00 PM;Sep 3, 2025 12:00 AM;3,953.14;1,843.50;2,171.42;10,498.04;11.29;108.47;-;7,975.75;3,222.00;7,237.00;441.75;1,353.00
Sep 3, 2025 12:00 AM;Sep 3, 2025 1:00 AM;3,810.80;1,816.08;2,342.57;11,445.38;11.67;110.04;-;7,836.25;2,800.00;5,859.00;610.50;1,270.00
Sep 3, 2025 1:00 AM;Sep 3, 2025 2:00 AM;3,742.44;1,754.51;3,122.08;12,982.96;12.25;110.32;-;7,572.25;2,788.00;4,780.50;884.00;1,270.25
Sep 3, 2025 2:00 AM;Sep 3, 2025 3:00 AM;3,675.69;1,676.00;2,936.76;14,248.23;7.85;110.94;-;7,397.50;2,646.50;4,249.25;69.50;1,265.00
Sep 3, 2025 3:00 AM;Sep 3, 2025 4:00 AM;3,649.91;1,670.25;3,346.84;16,023.39;8.27;109.86;-;7,406.50;2,444.25;4,227.25;29.25;1,234.00
Sep 3, 2025 4:00 AM;Sep 3, 2025 5:00 AM;3,703.45;1,666.15;3,592.92;17,357.86;7.58;108.78;-;7,544.00;2,456.25;4,213.00;19.75;1,237.50
Sep 3, 2025 5:00 AM;Sep 3, 2025 6:00 AM;3,847.85;1,684.72;4,148.83;18,159.30;8.71;108.42;-;7,649.25;2,382.25;4,740.00;72.50;1,240.00
Sep 3, 2025 6:00 AM;Sep 3, 2025 7:00 AM;4,159.62;1,982.29;4,444.66;19,191.96;181.39;107.29;-;7,604.75;2,544.25;5,300.50;1,043.25;1,235.75
Sep 3, 2025 7:00 AM;Sep 3, 2025 8:00 AM;4,277.22;1,978.60;4,588.87;19,397.74;3,629.78;104.13;-;7,310.50;2,571.25;5,521.75;1,860.75;1,263.50
Sep 3, 2025 8:00 AM;Sep 3, 2025 9:00 AM;4,100.83;1,864.50;4,685.71;17,655.71;12,095.55;103.62;-;6,966.50;2,477.75;4,817.00;532.75;1,235.50
Sep 3, 2025 9:00 AM;Sep 3, 2025 10:00 AM;3,805.30;1,751.91;4,485.86;16,741.10;22,659.69;100.95;-;5,737.25;2,289.75;3,700.25;136.25;1,238.75
Sep 3, 2025 10:00 AM;Sep 3, 2025 11:00 AM;3,540.62;1,774.56;3,608.25;17,623.05;30,148.53;98.67;-;3,883.00;2,052.75;3,194.75;62.50;1,321.75
Sep 3, 2025 11:00 AM;Sep 3, 2025 12:00 PM;3,419.92;1,817.34;2,907.78;19,300.08;33,497.42;95.35;-;3,754.25;1,820.75;3,025.75;16.25;1,328.00
Sep 3, 2025 12:00 PM;Sep 3, 2025 1:00 PM;3,306.52;1,721.49;3,085.14;20,050.95;32,841.68;95.96;-;3,691.25;1,542.25;2,951.75;71.75;1,327.75
Sep 3, 2025 1:00 PM;Sep 3, 2025 2:00 PM;3,240.20;1,701.11;3,047.75;20,402.26;31,973.22;98.13;-;3,714.50;1,492.25;2,916.00;101.25;1,342.50
Sep 3, 2025 2:00 PM;Sep 3, 2025 3:00 PM;3,262.16;1,717.52;3,134.77;19,688.68;30,193.77;98.11;-;3,714.00;1,104.50;2,759.75;147.50;1,345.50
Sep 3, 2025 3:00 PM;Sep 3, 2025 4:00 PM;3,351.13;1,694.58;3,354.48;19,843.78;28,254.58;98.25;-;3,713.25;1,328.00;3,137.25;152.75;1,344.25
Sep 3, 2025 4:00 PM;Sep 3, 2025 5:00 PM;3,488.10;1,677.18;4,018.13;21,057.84;22,741.07;101.04;-;3,706.75;1,476.50;3,364.00;176.50;1,349.25
Sep 3, 2025 5:00 PM;Sep 3, 2025 6:00 PM;3,705.55;1,686.12;5,192.74;24,512.60;15,486.98;101.57;-;4,306.25;1,466.50;3,516.25;250.25;1,387.00
Sep 3, 2025 6:00 PM;Sep 3, 2025 7:00 PM;4,131.72;1,759.02;6,485.17;23,434.56;7,143.39;102.22;-;5,949.75;2,062.25;4,136.75;1,546.00;1,398.50
Sep 3, 2025 7:00 PM;Sep 3, 2025 8:00 PM;4,375.90;2,060.70;5,716.48;22,204.36;1,310.87;102.27;-;6,409.50;2,643.50;4,588.00;4,355.25;1,445.75
Sep 3, 2025 8:00 PM;Sep 3, 2025 9:00 PM;4,435.02;1,877.44;5,763.35;23,848.29;80.13;103.60;-;6,680.75;2,705.00;4,724.00;3,323.50;1,417.75
Sep 3, 2025 9:00 PM;Sep 3, 2025 10:00 PM;4,241.38;1,657.40;6,244.77;26,490.21;12.76;104.62;-;6,265.75;2,507.75;4,551.75;1,131.00;1,376.50
Sep 3, 2025 10:00 PM;Sep 3, 2025 11:00 PM;4,002.08;1,675.87;5,431.86;26,821.90;9.70;105.09;-;5,162.25;2,206.75;3,687.75;229.25;1,380.00
Sep 3, 2025 11:00 PM;Sep 4, 2025 12:00 AM;3,790.69;1,557.61;5,486.59;27,370.12;9.23;105.06;-;4,653.50;2,050.50;3,289.25;101.50;1,373.50
Sep 4, 2025 12:00 AM;Sep 4, 2025 1:00 AM;3,604.42;1,574.95;4,907.57;27,134.30;9.19;105.86;-;4,039.00;2,322.00;3,276.00;42.00;1,365.00
Sep 4, 2025 1:00 AM;Sep 4, 2025 2:00 AM;3,553.58;1,623.16;4,960.63;25,531.30;8.96;106.01;-;4,419.50;2,057.00;3,248.50;7.75;1,378.50
Sep 4, 2025 2:00 AM;Sep 4, 2025 3:00 AM;3,543.57;1,586.59;5,268.96;23,931.82;7.94;105.91;-;4,924.75;2,107.75;3,310.00;3.75;1,382.25
Sep 4, 2025 3:00 AM;Sep 4, 2025 4:00 AM;3,550.68;1,530.75;5,191.55;22,583.69;8.76;106.32;-;5,070.75;2,112.50;3,245.25;3.75;1,368.25
Sep 4, 2025 4:00 AM;Sep 4, 2025 5:00 AM;3,619.73;1,576.68;5,117.63;21,018.89;10.10;106.16;-;5,387.25;2,186.25;3,825.00;17.75;1,298.00
Sep 4, 2025 5:00 AM;Sep 4, 2025 6:00 AM;3,791.38;1,601.89;5,492.86;19,435.47;11.42;106.50;-;5,287.25;2,119.50;4,348.25;613.00;1,377.25
Sep 4, 2025 6:00 AM;Sep 4, 2025 7:00 AM;4,041.71;1,640.47;5,246.27;18,860.91;182.27;105.79;-;6,002.25;2,191.75;5,322.50;1,732.25;1,364.50
Sep 4, 2025 7:00 AM;Sep 4, 2025 8:00 AM;4,194.98;1,863.90;4,969.05;16,485.72;3,392.01;105.00;-;5,626.25;2,117.50;5,357.75;3,061.25;1,361.25
Sep 4, 2025 8:00 AM;Sep 4, 2025 9:00 AM;4,095.31;1,893.21;4,797.07;13,515.11;11,460.40;102.14;-;5,945.50;1,991.50;4,974.25;2,543.00;1,357.00
Sep 4, 2025 9:00 AM;Sep 4, 2025 10:00 AM;3,845.89;1,952.65;4,645.49;11,189.47;22,208.14;100.65;-;5,036.25;1,605.00;4,346.50;1,090.75;1,344.00
Sep 4, 2025 10:00 AM;Sep 4, 2025 11:00 AM;3,534.68;1,742.71;4,045.37;10,536.77;31,741.62;100.09;-;3,938.50;1,312.75;2,728.25;120.00;1,339.25
Sep 4, 2025 11:00 AM;Sep 4, 2025 12:00 PM;3,430.38;1,752.94;3,613.63;10,242.54;36,374.58;99.43;-;3,734.25;1,082.00;2,311.00;75.00;1,306.00
Sep 4, 2025 12:00 PM;Sep 4, 2025 1:00 PM;3,369.29;1,698.08;3,102.64;10,678.16;36,543.51;100.69;-;3,605.25;987.75;2,338.00;29.00;1,287.00
Sep 4, 2025 1:00 PM;Sep 4, 2025 2:00 PM;3,372.54;1,655.25;3,068.40;10,643.78;35,514.20;100.00;-;3,608.50;983.75;2,350.50;19.75;1,290.75
Sep 4, 2025 2:00 PM;Sep 4, 2025 3:00 PM;3,406.95;1,749.57;2,343.83;10,191.31;32,206.15;100.86;-;3,830.50;972.25;2,447.50;35.75;1,211.75
Sep 4, 2025 3:00 PM;Sep 4, 2025 4:00 PM;3,483.02;1,753.26;1,878.36;10,331.61;26,742.24;100.32;-;4,666.50;1,264.00;2,917.00;25.00;1,221.50
Sep 4, 2025 4:00 PM;Sep 4, 2025 5:00 PM;3,649.28;1,887.60;1,361.19;8,956.41;19,170.44;96.72;-;7,463.25;2,445.75;4,294.25;302.50;1,319.50
Sep 4, 2025 5:00 PM;Sep 4, 2025 6:00 PM;3,946.22;2,043.29;785.75;6,445.38;11,363.46;99.57;-;8,157.50;3,401.50;7,872.25;1,513.25;1,407.50
Sep 4, 2025 6:00 PM;Sep 4, 2025 7:00 PM;4,434.52;2,335.86;691.05;4,871.28;4,280.54;100.33;-;8,402.75;3,916.50;9,548.50;4,609.75;1,487.25
Sep 4, 2025 7:00 PM;Sep 4, 2025 8:00 PM;4,590.46;2,409.76;633.72;4,439.35;657.34;101.43;-;8,578.75;4,101.50;9,951.00;4,981.00;1,494.25
Sep 4, 2025 8:00 PM;Sep 4, 2025 9:00 PM;4,579.21;2,395.34;1,167.26;4,941.44;81.68;102.82;-;8,633.00;4,112.75;9,940.25;5,049.75;1,492.50
Sep 4, 2025 9:00 PM;Sep 4, 2025 10:00 PM;4,388.06;1,821.66;2,333.60;5,861.33;20.91;102.85;-;8,664.75;4,111.50;9,412.50;2,750.75;1,430.25
Sep 4, 2025 10:00 PM;Sep 4, 2025 11:00 PM;4,123.83;1,702.90;3,265.78;6,889.06;9.80;104.44;-;8,501.25;4,011.75;8,485.25;831.00;1,428.75
Sep 4, 2025 11:00 PM;Sep 5, 2025 12:00 AM;3,922.64;1,699.96;2,372.02;7,123.24;6.70;105.59;-;8,646.75;3,953.00;7,869.50;510.50;1,365.50
Sep 5, 2025 12:00 AM;Sep 5, 2025 1:00 AM;3,745.12;1,697.93;2,784.47;7,324.59;6.84;106.22;-;8,913.75;3,621.75;6,954.75;338.25;1,297.50
Sep 5, 2025 1:00 AM;Sep 5, 2025 2:00 AM;3,687.83;1,646.49;2,844.53;8,347.11;5.93;106.80;-;8,498.75;3,178.25;6,509.25;69.00;1,266.25
Sep 5, 2025 2:00 AM;Sep 5, 2025 3:00 AM;3,653.29;1,648.10;2,564.44;9,009.05;5.33;105.86;-;8,226.00;2,818.75;6,562.25;54.00;1,263.25
Sep 5, 2025 3:00 AM;Sep 5, 2025 4:00 AM;3,646.55;1,646.70;2,414.01;9,755.00;5.94;105.83;-;8,082.25;2,750.50;6,470.75;95.00;1,237.00
Sep 5, 2025 4:00 AM;Sep 5, 2025 5:00 AM;3,697.61;1,687.93;2,327.85;9,712.35;6.17;106.61;-;8,494.00;2,992.50;6,425.50;212.25;1,239.25
Sep 5, 2025 5:00 AM;Sep 5, 2025 6:00 AM;3,848.24;1,740.15;2,101.07;9,234.17;6.82;106.06;-;9,474.75;3,444.25;7,282.00;249.00;1,253.25
Sep 5, 2025 6:00 AM;Sep 5, 2025 7:00 AM;4,219.20;1,854.15;2,204.78;9,148.83;82.06;104.97;-;10,106.00;3,918.25;7,931.75;1,202.25;1,266.75
Sep 5, 2025 7:00 AM;Sep 5, 2025 8:00 AM;4,340.55;2,053.59;2,192.53;8,845.76;1,758.90;104.72;-;10,219.00;3,963.00;7,995.50;2,369.75;1,282.75
Sep 5, 2025 8:00 AM;Sep 5, 2025 9:00 AM;4,237.43;1,971.77;2,530.93;7,791.64;6,180.88;103.89;-;10,174.25;3,925.25;7,798.00;1,429.50;1,305.50
Sep 5, 2025 9:00 AM;Sep 5, 2025 10:00 AM;3,995.38;1,862.32;2,514.57;7,174.12;11,866.76;102.99;-;10,004.25;3,433.75;6,841.25;427.75;1,282.75
Sep 5, 2025 10:00 AM;Sep 5, 2025 11:00 AM;3,695.19;1,825.37;2,514.79;8,146.52;17,840.80;104.02;-;9,264.25;2,405.25;4,842.50;178.50;1,259.25
Sep 5, 2025 11:00 AM;Sep 5, 2025 12:00 PM;3,560.37;1,815.93;2,435.18;9,145.88;23,365.81;105.15;-;8,107.50;2,098.00;3,913.25;56.75;1,235.00
Sep 5, 2025 12:00 PM;Sep 5, 2025 1:00 PM;3,488.67;1,906.13;2,095.18;9,860.22;25,233.86;105.63;-;7,009.25;1,652.25;3,406.00;12.50;1,230.00
Sep 5, 2025 1:00 PM;Sep 5, 2025 2:00 PM;3,476.18;1,873.17;1,696.00;9,648.33;26,063.40;106.07;-;7,321.75;1,533.75;3,409.50;38.25;1,244.75
Sep 5, 2025 2:00 PM;Sep 5, 2025 3:00 PM;3,480.54;1,969.51;1,534.90;9,443.41;25,717.48;105.45;-;7,432.00;1,412.25;3,124.50;51.25;1,243.00
Sep 5, 2025 3:00 PM;Sep 5, 2025 4:00 PM;3,536.28;1,885.35;1,388.05;9,434.78;23,961.32;107.66;-;8,097.75;1,415.25;3,629.50;93.50;1,245.75
Sep 5, 2025 4:00 PM;Sep 5, 2025 5:00 PM;3,672.41;1,940.22;1,379.51;8,711.28;20,384.34;104.48;-;8,485.75;2,283.00;3,706.75;125.00;1,234.00
Sep 5, 2025 5:00 PM;Sep 5, 2025 6:00 PM;3,907.19;1,978.24;1,631.54;7,031.24;14,217.57;95.36;-;8,895.50;3,208.25;5,639.00;327.25;1,264.75
Sep 5, 2025 6:00 PM;Sep 5, 2025 7:00 PM;4,325.68;2,038.82;1,854.81;5,090.41;6,583.69;104.16;-;9,919.00;3,791.00;8,054.50;2,463.00;1,273.25
Sep 5, 2025 7:00 PM;Sep 5, 2025 8:00 PM;4,591.55;2,274.32;1,731.30;3,666.82;1,201.01;105.08;-;9,994.75;3,973.25;8,515.00;5,293.25;1,359.75
Sep 5, 2025 8:00 PM;Sep 5, 2025 9:00 PM;4,592.61;2,118.16;1,549.26;3,157.01;68.48;105.88;-;9,986.00;3,937.50;8,452.75;4,330.50;1,285.75
Sep 5, 2025 9:00 PM;Sep 5, 2025 10:00 PM;4,464.15;1,978.65;1,367.20;3,490.09;44.66;104.54;-;10,008.00;3,950.75;8,285.25;3,630.00;1,247.25
Sep 5, 2025 10:00 PM;Sep 5, 2025 11:00 PM;4,224.72;1,860.58;1,222.14;3,752.23;13.08;104.80;-;10,046.50;3,920.50;7,870.75;1,404.00;1,213.50
Sep 5, 2025 11:00 PM;Sep 6, 2025 12:00 AM;4,058.97;1,854.51;959.64;3,596.66;13.06;106.58;-;10,029.25;3,889.75;6,987.00;642.75;1,180.50
Sep 6, 2025 12:00 AM;Sep 6, 2025 1:00 AM;3,910.10;1,829.07;783.24;3,286.60;7.79;106.77;-;9,949.00;3,831.75;6,076.75;219.00;1,335.00
Sep 6, 2025 1:00 AM;Sep 6, 2025 2:00 AM;3,865.37;1,831.20;656.85;2,718.63;7.86;106.84;-;9,864.75;3,672.75;6,015.50;477.50;1,364.00
Sep 6, 2025 2:00 AM;Sep 6, 2025 3:00 AM;3,834.17;1,838.17;524.13;2,081.44;7.73;107.70;-;9,842.00;3,449.75;5,913.75;107.75;1,464.00
Sep 6, 2025 3:00 AM;Sep 6, 2025 4:00 AM;3,822.42;1,843.57;392.27;1,615.90;7.72;107.52;-;9,865.00;3,390.25;5,513.00;439.25;1,501.00
Sep 6, 2025 4:00 AM;Sep 6, 2025 5:00 AM;3,846.80;1,842.06;400.37;1,461.50;6.78;107.68;-;9,863.00;3,403.75;5,525.25;26.50;1,474.75
Sep 6, 2025 5:00 AM;Sep 6, 2025 6:00 AM;3,968.99;1,881.00;365.71;1,462.63;8.18;107.36;-;9,987.50;3,397.25;5,474.25;128.25;1,489.00
Sep 6, 2025 6:00 AM;Sep 6, 2025 7:00 AM;4,156.74;1,884.69;308.53;1,629.12;82.89;104.61;-;10,017.75;3,016.25;5,145.25;1,619.00;1,482.00
Sep 6, 2025 7:00 AM;Sep 6, 2025 8:00 AM;4,200.86;1,912.18;262.00;1,725.52;3,229.03;105.25;-;9,559.00;2,265.25;5,164.75;1,811.25;1,468.75
Sep 6, 2025 8:00 AM;Sep 6, 2025 9:00 AM;4,043.48;1,905.68;234.42;1,381.55;12,750.45;105.75;-;8,800.25;1,462.25;4,437.75;481.50;1,481.00
Sep 6, 2025 9:00 AM;Sep 6, 2025 10:00 AM;3,863.21;1,966.73;199.73;807.18;24,802.19;104.53;-;6,002.25;678.25;2,329.75;15.75;1,467.50
Sep 6, 2025 10:00 AM;Sep 6, 2025 11:00 AM;3,657.99;2,000.12;242.85;568.36;35,221.87;101.71;-;4,193.00;374.25;1,843.25;2.50;1,470.50
Sep 6, 2025 11:00 AM;Sep 6, 2025 12:00 PM;3,570.38;2,003.19;185.63;713.76;42,104.16;93.79;-;3,946.25;358.00;1,701.75;1.50;1,479.25
Sep 6, 2025 12:00 PM;Sep 6, 2025 1:00 PM;3,496.41;2,007.47;158.74;862.46;44,916.81;95.58;-;3,959.00;350.75;1,678.50;28.00;1,469.25
Sep 6, 2025 1:00 PM;Sep 6, 2025 2:00 PM;3,465.55;1,990.34;108.70;965.20;45,395.56;96.51;-;3,949.00;356.25;1,635.00;9.00;1,462.75
Sep 6, 2025 2:00 PM;Sep 6, 2025 3:00 PM;3,474.48;1,974.08;114.37;1,108.03;42,980.11;96.78;-;3,964.00;343.75;1,636.25;15.75;1,474.25
Sep 6, 2025 3:00 PM;Sep 6, 2025 4:00 PM;3,508.09;1,979.50;131.69;1,361.10;38,327.74;96.67;-;4,201.50;350.25;1,650.00;57.25;1,471.75
Sep 6, 2025 4:00 PM;Sep 6, 2025 5:00 PM;3,667.14;1,998.39;175.97;1,637.97;30,795.56;95.83;-;4,707.50;600.00;1,779.25;150.50;1,471.50
Sep 6, 2025 5:00 PM;Sep 6, 2025 6:00 PM;3,953.55;1,977.55;282.73;1,818.31;19,511.03;95.56;-;6,911.50;1,520.00;2,942.75;706.50;1,547.50
Sep 6, 2025 6:00 PM;Sep 6, 2025 7:00 PM;4,434.78;2,148.34;519.64;2,057.21;7,544.39;96.51;-;8,334.00;2,598.25;4,574.00;3,337.00;1,548.50
Sep 6, 2025 7:00 PM;Sep 6, 2025 8:00 PM;4,605.58;2,287.94;737.60;2,872.16;1,055.88;96.64;-;8,458.75;3,111.75;4,960.50;4,792.75;1,542.25
Sep 6, 2025 8:00 PM;Sep 6, 2025 9:00 PM;4,579.19;2,015.70;1,001.77;4,866.63;64.34;97.21;-;8,360.50;3,191.25;4,763.75;4,292.25;1,546.75
Sep 6, 2025 9:00 PM;Sep 6, 2025 10:00 PM;4,411.45;1,924.09;1,466.13;8,761.28;27.48;97.98;-;7,943.50;2,957.50;4,194.00;2,938.00;1,538.00
Sep 6, 2025 10:00 PM;Sep 6, 2025 11:00 PM;4,212.06;1,812.00;1,703.20;11,378.90;10.30;98.35;-;7,323.50;2,234.50;3,815.75;2,600.50;1,534.50
Sep 6, 2025 11:00 PM;Sep 7, 2025 12:00 AM;4,038.70;1,748.71;2,091.56;12,867.83;10.64;98.75;-;6,528.75;1,360.25;3,407.25;1,366.50;1,487.00
Sep 7, 2025 12:00 AM;Sep 7, 2025 1:00 AM;3,960.18;1,732.05;2,633.86;13,138.83;22.93;99.22;-;6,050.75;809.75;2,678.50;997.50;1,175.75
Sep 7, 2025 1:00 AM;Sep 7, 2025 2:00 AM;3,901.36;1,698.79;3,001.80;12,935.55;15.41;99.62;-;4,900.00;657.75;2,563.25;394.00;1,203.50
Sep 7, 2025 2:00 AM;Sep 7, 2025 3:00 AM;3,846.93;1,713.81;3,298.04;12,564.29;10.81;99.97;-;4,697.25;583.25;2,501.75;221.00;1,189.50
Sep 7, 2025 3:00 AM;Sep 7, 2025 4:00 AM;3,832.39;1,698.30;3,509.51;12,402.62;8.42;100.65;-;4,528.50;550.25;2,476.25;141.50;1,190.75
Sep 7, 2025 4:00 AM;Sep 7, 2025 5:00 AM;3,871.00;1,678.75;3,328.60;12,460.28;10.88;100.33;-;4,602.00;389.25;2,488.75;20.25;1,183.75
Sep 7, 2025 5:00 AM;Sep 7, 2025 6:00 AM;3,964.73;1,669.42;3,402.74;12,943.70;15.07;100.52;-;4,634.00;235.50;2,480.50;449.25;1,175.75
Sep 7, 2025 6:00 AM;Sep 7, 2025 7:00 AM;4,049.85;1,725.78;3,204.07;14,078.00;142.05;101.10;-;4,653.00;245.00;2,477.75;501.50;1,182.50
Sep 7, 2025 7:00 AM;Sep 7, 2025 8:00 AM;4,027.85;1,675.27;3,219.15;14,414.83;3,588.62;101.52;-;4,262.50;247.25;2,161.25;120.00;1,157.75
Sep 7, 2025 8:00 AM;Sep 7, 2025 9:00 AM;3,868.60;1,643.65;3,339.03;12,528.90;12,931.59;97.62;-;3,910.50;250.75;1,680.75;154.75;1,174.25
Sep 7, 2025 9:00 AM;Sep 7, 2025 10:00 AM;3,739.55;1,662.00;2,770.92;8,237.94;24,140.77;96.73;-;3,741.25;247.00;1,599.25;250.00;1,197.25
Sep 7, 2025 10:00 AM;Sep 7, 2025 11:00 AM;3,586.26;1,617.88;2,357.39;6,857.81;33,388.64;96.26;-;3,690.75;236.25;1,580.75;118.25;1,226.25
Sep 7, 2025 11:00 AM;Sep 7, 2025 12:00 PM;3,497.51;1,431.42;1,618.49;6,729.04;38,399.77;95.67;-;3,548.75;221.75;1,558.00;113.00;1,235.00
Sep 7, 2025 12:00 PM;Sep 7, 2025 1:00 PM;3,419.52;1,385.35;1,458.48;5,493.96;40,646.49;95.60;-;3,489.00;207.25;1,543.50;73.00;1,214.75
Sep 7, 2025 1:00 PM;Sep 7, 2025 2:00 PM;3,395.10;1,327.16;1,511.50;4,225.50;39,993.56;94.75;-;3,460.75;201.25;1,532.25;49.25;1,188.50
Sep 7, 2025 2:00 PM;Sep 7, 2025 3:00 PM;3,394.47;1,321.72;1,636.82;4,227.15;38,143.34;93.87;-;3,556.75;199.75;1,527.00;32.75;1,191.00
Sep 7, 2025 3:00 PM;Sep 7, 2025 4:00 PM;3,427.09;1,333.66;1,944.42;6,681.43;34,501.72;93.20;-;3,584.00;207.75;1,649.25;65.00;1,205.25
Sep 7, 2025 4:00 PM;Sep 7, 2025 5:00 PM;3,556.57;1,523.76;2,803.04;10,124.52;28,256.21;92.50;-;3,727.00;222.25;1,806.25;86.50;1,175.25
Sep 7, 2025 5:00 PM;Sep 7, 2025 6:00 PM;3,760.54;1,679.04;5,128.55;13,072.30;19,362.56;93.58;-;4,012.50;250.00;2,189.50;144.75;1,206.25
Sep 7, 2025 6:00 PM;Sep 7, 2025 7:00 PM;4,189.19;1,820.97;6,003.50;13,660.23;7,864.24;93.61;-;6,485.25;284.00;3,154.00;728.75;1,271.75
Sep 7, 2025 7:00 PM;Sep 7, 2025 8:00 PM;4,438.34;1,845.94;6,230.14;14,582.76;1,059.39;94.49;-;8,245.00;303.25;3,599.75;2,425.00;1,313.00
Sep 7, 2025 8:00 PM;Sep 7, 2025 9:00 PM;4,465.74;1,706.08;6,278.80;18,896.42;18.71;95.78;-;8,620.25;309.25;3,776.25;2,134.00;1,333.00
Sep 7, 2025 9:00 PM;Sep 7, 2025 10:00 PM;4,333.27;1,659.41;5,912.62;21,362.48;8.67;96.34;-;8,244.25;303.50;4,198.00;608.00;1,259.50
Sep 7, 2025 10:00 PM;Sep 7, 2025 11:00 PM;4,140.24;1,569.32;5,575.90;20,862.24;6.58;97.45;-;8,177.00;294.25;4,434.75;330.50;1,304.75
Sep 7, 2025 11:00 PM;Sep 8, 2025 12:00 AM;3,980.35;1,557.48;5,396.48;19,703.09;6.53;98.52;-;7,563.75;283.00;4,754.25;13.75;1,261.25
Sep 8, 2025 12:00 AM;Sep 8, 2025 1:00 AM;3,769.94;1,509.93;5,482.13;18,037.62;6.80;98.88;-;7,345.00;273.00;4,583.50;107.25;1,212.50
Sep 8, 2025 1:00 AM;Sep 8, 2025 2:00 AM;3,720.51;1,490.71;5,451.48;16,378.55;5.78;98.35;-;7,316.25;259.00;4,659.50;1.00;1,230.00
Sep 8, 2025 2:00 AM;Sep 8, 2025 3:00 AM;3,684.17;1,475.17;5,453.34;14,940.21;6.79;99.09;-;7,250.50;339.00;4,740.50;2.50;1,242.00
Sep 8, 2025 3:00 AM;Sep 8, 2025 4:00 AM;3,681.95;1,466.33;5,381.53;13,922.57;5.52;99.01;-;7,357.25;590.50;4,814.25;1.00;1,211.75
Sep 8, 2025 4:00 AM;Sep 8, 2025 5:00 AM;3,728.28;1,489.41;5,626.32;13,044.47;5.72;98.74;-;8,226.00;1,111.75;4,905.00;1.50;1,205.25
Sep 8, 2025 5:00 AM;Sep 8, 2025 6:00 AM;3,880.81;1,590.91;5,506.77;12,224.93;8.52;96.94;-;9,443.00;1,884.25;5,898.00;362.75;1,188.25
Sep 8, 2025 6:00 AM;Sep 8, 2025 7:00 AM;4,178.80;1,742.20;5,567.64;11,812.72;134.25;96.45;-;10,076.25;2,654.75;7,068.75;1,546.25;1,178.25
Sep 8, 2025 7:00 AM;Sep 8, 2025 8:00 AM;4,371.05;1,889.36;4,556.66;10,292.43;3,475.67;73.20;-;10,010.00;2,903.00;7,122.75;4,094.25;1,189.50
Sep 8, 2025 8:00 AM;Sep 8, 2025 9:00 AM;4,244.89;1,691.95;3,998.10;7,601.29;11,865.90;75.37;-;9,872.50;2,937.00;6,826.25;3,067.00;1,198.25
Sep 8, 2025 9:00 AM;Sep 8, 2025 10:00 AM;4,000.19;1,682.14;3,258.52;4,676.43;21,257.04;75.49;-;9,567.25;2,866.75;6,231.75;575.00;1,191.50
Sep 8, 2025 10:00 AM;Sep 8, 2025 11:00 AM;3,704.57;1,730.99;2,629.99;4,514.88;28,455.25;74.25;-;8,438.50;2,654.50;4,879.00;7.25;1,163.00
Sep 8, 2025 11:00 AM;Sep 8, 2025 12:00 PM;3,550.56;1,779.33;1,503.06;5,415.75;32,172.30;73.76;-;7,672.75;2,570.75;3,912.75;29.75;1,143.00
Sep 8, 2025 12:00 PM;Sep 8, 2025 1:00 PM;3,426.61;1,802.78;685.42;5,403.80;32,539.71;93.16;-;7,542.75;2,447.00;3,790.50;24.25;1,109.00
Sep 8, 2025 1:00 PM;Sep 8, 2025 2:00 PM;3,418.15;1,879.42;523.85;4,658.62;30,301.79;92.53;-;7,301.25;2,728.00;4,113.00;115.25;1,105.75
Sep 8, 2025 2:00 PM;Sep 8, 2025 3:00 PM;3,510.92;2,036.73;438.75;3,698.46;26,612.54;93.75;-;7,584.50;2,995.00;4,335.50;262.00;1,109.75
Sep 8, 2025 3:00 PM;Sep 8, 2025 4:00 PM;3,594.01;1,847.56;402.95;2,649.88;22,086.12;94.60;-;9,061.00;3,299.50;5,129.25;102.25;1,111.00
Sep 8, 2025 4:00 PM;Sep 8, 2025 5:00 PM;3,799.23;2,002.99;534.79;1,977.60;16,447.15;96.43;-;10,441.50;3,759.00;6,634.50;329.00;1,113.00
Sep 8, 2025 5:00 PM;Sep 8, 2025 6:00 PM;4,180.72;2,244.62;487.34;1,582.08;9,722.03;96.76;-;10,698.00;4,102.75;9,025.00;2,776.75;1,214.75
Sep 8, 2025 6:00 PM;Sep 8, 2025 7:00 PM;4,593.04;2,448.74;447.16;1,838.60;3,856.07;97.41;-;10,758.00;4,216.75;10,511.00;4,593.50;1,444.50
Sep 8, 2025 7:00 PM;Sep 8, 2025 8:00 PM;4,741.02;2,480.49;432.72;2,216.81;571.27;98.36;-;10,761.50;4,234.50;11,007.00;5,066.25;1,484.75
Sep 8, 2025 8:00 PM;Sep 8, 2025 9:00 PM;4,735.56;2,496.68;527.65;2,768.79;57.00;98.60;-;10,758.25;4,254.50;10,623.75;4,853.50;1,483.25
Sep 8, 2025 9:00 PM;Sep 8, 2025 10:00 PM;4,526.86;2,169.45;493.64;3,464.96;13.16;99.11;-;10,942.50;4,166.50;10,529.00;3,208.25;1,322.50
Sep 8, 2025 10:00 PM;Sep 8, 2025 11:00 PM;4,230.50;1,958.06;512.77;3,492.28;8.33;98.48;-;10,974.25;3,867.75;9,501.25;1,023.75;1,183.75
Sep 8, 2025 11:00 PM;Sep 9, 2025 12:00 AM;3,985.98;1,820.60;444.72;3,024.77;6.67;98.46;-;10,622.50;3,817.00;8,444.75;56.75;1,120.25
Sep 9, 2025 12:00 AM;Sep 9, 2025 1:00 AM;3,804.24;1,705.84;357.55;2,676.67;6.64;99.29;-;10,567.25;3,895.00;8,516.50;6.00;1,363.00
Sep 9, 2025 1:00 AM;Sep 9, 2025 2:00 AM;3,747.45;1,682.52;216.95;2,276.71;6.28;99.53;-;10,570.50;3,903.00;8,621.50;1.00;1,329.00
Sep 9, 2025 2:00 AM;Sep 9, 2025 3:00 AM;3,714.19;1,695.70;157.75;2,128.87;8.09;99.82;-;10,586.75;3,887.75;8,621.75;1.00;1,313.00
Sep 9, 2025 3:00 AM;Sep 9, 2025 4:00 AM;3,714.27;1,710.03;110.11;2,056.83;6.86;100.00;-;10,534.00;3,887.50;8,634.50;1.00;1,315.75
Sep 9, 2025 4:00 AM;Sep 9, 2025 5:00 AM;3,771.95;1,706.24;69.32;2,275.88;6.80;99.90;-;10,171.25;4,002.50;8,808.25;84.50;1,316.75
Sep 9, 2025 5:00 AM;Sep 9, 2025 6:00 AM;3,945.27;1,826.45;132.68;2,751.00;7.37;99.77;-;10,433.25;4,231.50;8,958.00;291.75;1,277.75
Sep 9, 2025 6:00 AM;Sep 9, 2025 7:00 AM;4,320.88;2,349.18;218.05;3,356.90;97.21;98.97;-;10,865.00;4,299.00;10,019.00;2,784.50;1,304.25
Sep 9, 2025 7:00 AM;Sep 9, 2025 8:00 AM;4,462.74;2,466.33;380.21;4,746.77;2,416.66;97.74;-;10,987.00;4,339.50;10,436.75;3,774.50;1,327.50
Sep 9, 2025 8:00 AM;Sep 9, 2025 9:00 AM;4,324.19;2,091.02;578.40;5,070.88;7,307.77;96.48;-;10,971.25;4,261.75;10,267.25;2,489.25;1,266.50
Sep 9, 2025 9:00 AM;Sep 9, 2025 10:00 AM;4,061.76;2,224.16;805.95;4,241.96;12,281.79;95.30;-;9,602.50;4,255.75;9,618.00;1,088.75;1,257.75
Sep 9, 2025 10:00 AM;Sep 9, 2025 11:00 AM;3,778.91;2,279.93;745.74;3,424.72;16,320.13;94.72;-;8,205.75;4,190.00;9,341.50;1,806.25;1,277.75
Sep 9, 2025 11:00 AM;Sep 9, 2025 12:00 PM;3,592.29;2,247.43;819.05;2,779.58;20,189.25;95.48;-;8,389.75;4,097.50;9,151.25;779.25;1,333.25
Sep 9, 2025 12:00 PM;Sep 9, 2025 1:00 PM;3,457.50;2,026.95;948.98;3,080.04;21,880.45;96.22;-;8,535.25;3,988.50;8,681.25;314.25;1,353.75
Sep 9, 2025 1:00 PM;Sep 9, 2025 2:00 PM;3,397.20;1,910.64;762.06;3,640.40;21,621.01;95.55;-;8,479.00;3,965.25;8,599.75;407.50;1,351.25
Sep 9, 2025 2:00 PM;Sep 9, 2025 3:00 PM;3,328.41;2,060.98;768.25;3,371.23;19,539.09;95.27;-;8,653.75;3,851.25;8,573.75;706.00;1,289.00
Sep 9, 2025 3:00 PM;Sep 9, 2025 4:00 PM;3,368.51;2,061.42;944.80;3,284.40;16,408.38;97.63;-;9,170.75;3,869.25;8,846.75;309.25;1,288.75
Sep 9, 2025 4:00 PM;Sep 9, 2025 5:00 PM;3,548.45;2,017.33;1,550.31;3,541.80;12,712.69;98.75;-;10,389.50;4,009.50;8,584.25;291.00;1,280.75
Sep 9, 2025 5:00 PM;Sep 9, 2025 6:00 PM;3,904.46;2,134.50;1,955.13;3,542.95;7,950.16;99.52;-;10,968.75;4,333.25;9,914.50;561.75;1,340.75
Sep 9, 2025 6:00 PM;Sep 9, 2025 7:00 PM;4,368.85;2,338.09;2,009.82;3,242.47;3,368.46;98.97;-;10,925.25;4,499.75;11,172.00;3,072.75;1,593.75
Sep 9, 2025 7:00 PM;Sep 9, 2025 8:00 PM;4,519.24;2,347.86;2,120.82;3,074.40;503.80;100.63;-;10,992.00;4,493.75;11,476.50;4,138.00;1,674.25
Sep 9, 2025 8:00 PM;Sep 9, 2025 9:00 PM;4,477.44;2,274.29;2,032.85;3,581.36;45.67;101.43;-;11,111.25;4,480.00;11,254.00;3,654.25;1,557.25
Sep 9, 2025 9:00 PM;Sep 9, 2025 10:00 PM;4,196.00;1,944.65;1,676.34;4,527.54;11.72;102.50;-;10,982.25;4,372.00;9,545.00;866.75;1,373.75
Sep 9, 2025 10:00 PM;Sep 9, 2025 11:00 PM;3,945.65;2,011.75;1,512.92;4,318.28;8.18;102.96;-;10,800.75;4,032.75;8,814.25;251.00;1,328.50
Sep 9, 2025 11:00 PM;Sep 10, 2025 12:00 AM;3,752.80;1,780.78;1,658.37;3,990.84;9.52;103.24;-;10,829.50;3,931.50;8,354.50;31.25;1,283.00
Sep 10, 2025 12:00 AM;Sep 10, 2025 1:00 AM;3,576.50;1,731.14;1,940.56;2,997.52;5.08;103.72;-;10,615.75;3,814.25;8,198.25;14.25;1,360.75
Sep 10, 2025 1:00 AM;Sep 10, 2025 2:00 AM;3,514.97;1,753.82;1,894.39;2,480.84;5.04;103.83;-;9,870.00;3,817.00;8,148.25;13.25;1,380.75
Sep 10, 2025 2:00 AM;Sep 10, 2025 3:00 AM;3,475.76;1,667.55;1,657.13;1,935.04;5.26;103.95;-;9,671.00;3,816.25;8,129.00;9.00;1,310.75
Sep 10, 2025 3:00 AM;Sep 10, 2025 4:00 AM;3,482.65;1,770.45;1,391.01;1,589.24;5.55;104.30;-;9,960.25;3,787.75;8,119.75;9.00;1,318.25
Sep 10, 2025 4:00 AM;Sep 10, 2025 5:00 AM;3,523.18;1,712.41;1,262.95;1,627.70;5.60;104.46;-;10,795.50;3,780.00;8,321.50;10.50;1,310.50
Sep 10, 2025 5:00 AM;Sep 10, 2025 6:00 AM;3,669.59;1,806.48;1,216.21;1,622.53;7.90;103.39;-;10,893.00;3,898.75;8,785.00;51.50;1,304.75
Sep 10, 2025 6:00 AM;Sep 10, 2025 7:00 AM;4,070.86;2,084.46;1,168.88;1,617.41;54.16;101.05;-;11,128.75;4,006.50;9,572.75;2,131.25;1,288.00
Sep 10, 2025 7:00 AM;Sep 10, 2025 8:00 AM;4,266.45;2,250.82;1,150.39;1,722.03;1,656.77;99.48;-;11,193.25;4,030.50;9,932.00;4,655.50;1,279.25
Sep 10, 2025 8:00 AM;Sep 10, 2025 9:00 AM;4,184.33;2,066.91;1,095.30;1,387.31;5,912.87;93.20;-;10,832.75;3,958.00;9,808.25;3,372.50;1,282.00
Sep 10, 2025 9:00 AM;Sep 10, 2025 10:00 AM;3,940.85;1,973.73;796.54;780.79;11,282.67;74.69;-;9,742.00;3,843.25;9,608.50;1,762.25;1,343.25
Sep 10, 2025 10:00 AM;Sep 10, 2025 11:00 AM;3,647.43;1,860.08;715.41;644.71;15,645.90;75.37;-;9,544.25;3,754.00;9,096.50;836.50;1,338.00
Sep 10, 2025 11:00 AM;Sep 10, 2025 12:00 PM;3,517.62;1,985.08;908.63;643.28;18,566.51;76.79;-;9,606.00;3,713.00;8,682.50;1,066.00;1,332.00
Sep 10, 2025 12:00 PM;Sep 10, 2025 1:00 PM;3,382.69;1,657.09;896.77;913.08;20,554.39;77.57;-;9,802.75;3,847.50;7,924.50;177.50;1,338.75
Sep 10, 2025 1:00 PM;Sep 10, 2025 2:00 PM;3,337.93;1,667.73;938.73;1,315.99;20,932.46;79.43;-;10,062.75;3,924.75;7,831.50;119.00;1,267.75
Sep 10, 2025 2:00 PM;Sep 10, 2025 3:00 PM;3,308.15;1,673.80;1,047.94;1,695.82;19,932.68;98.74;-;10,401.25;3,831.75;7,764.25;74.50;1,276.75
Sep 10, 2025 3:00 PM;Sep 10, 2025 4:00 PM;3,377.62;1,715.41;1,280.98;1,981.48;17,905.98;101.87;-;10,524.00;3,663.25;7,570.00;86.75;1,300.50
Sep 10, 2025 4:00 PM;Sep 10, 2025 5:00 PM;3,589.39;1,688.01;1,154.69;2,184.09;14,404.49;102.52;-;10,724.00;3,871.75;8,134.25;181.50;1,271.00
Sep 10, 2025 5:00 PM;Sep 10, 2025 6:00 PM;3,974.75;1,870.55;1,268.96;2,109.11;9,674.19;101.93;-;10,766.25;4,327.50;9,037.75;1,235.25;1,305.75
Sep 10, 2025 6:00 PM;Sep 10, 2025 7:00 PM;4,341.34;1,985.71;1,460.08;1,981.87;4,249.72;101.76;-;11,085.50;4,364.00;9,599.00;2,883.75;1,406.00
Sep 10, 2025 7:00 PM;Sep 10, 2025 8:00 PM;4,491.62;2,120.72;1,548.40;2,307.38;648.97;101.76;-;11,124.75;4,534.00;9,756.25;4,484.25;1,345.25
Sep 10, 2025 8:00 PM;Sep 10, 2025 9:00 PM;4,427.99;2,040.14;2,139.92;3,404.61;53.62;101.49;-;11,085.75;4,649.00;9,392.50;3,513.25;1,292.00
Sep 10, 2025 9:00 PM;Sep 10, 2025 10:00 PM;4,180.88;1,797.46;2,440.27;5,836.31;11.44;101.06;-;10,634.75;4,004.25;8,666.00;622.75;1,286.50
Sep 10, 2025 10:00 PM;Sep 10, 2025 11:00 PM;3,926.01;1,817.73;2,836.37;8,213.09;12.02;102.41;-;10,331.75;3,132.25;7,824.00;375.75;1,286.25
Sep 10, 2025 11:00 PM;Sep 11, 2025 12:00 AM;3,751.84;1,736.75;2,748.06;9,951.33;7.11;102.24;-;9,466.75;2,300.50;6,509.50;316.50;1,295.00
Sep 11, 2025 12:00 AM;Sep 11, 2025 1:00 AM;3,615.14;1,669.21;4,112.69;11,138.18;8.72;105.09;-;8,444.50;1,784.00;5,050.00;93.50;1,351.00
Sep 11, 2025 1:00 AM;Sep 11, 2025 2:00 AM;3,551.77;1,636.96;4,936.63;11,651.68;8.46;104.34;-;7,650.75;1,369.00;4,184.25;14.00;1,372.00
Sep 11, 2025 2:00 AM;Sep 11, 2025 3:00 AM;3,518.22;1,635.87;4,943.73;12,438.68;8.29;104.03;-;6,988.50;1,293.25;4,198.50;12.50;1,408.25
Sep 11, 2025 3:00 AM;Sep 11, 2025 4:00 AM;3,488.78;1,652.13;4,724.77;13,461.28;8.80;104.19;-;6,766.75;1,229.50;4,332.50;3.50;1,431.50
Sep 11, 2025 4:00 AM;Sep 11, 2025 5:00 AM;3,543.73;1,683.04;4,554.01;13,767.97;8.28;103.58;-;6,910.00;1,291.00;4,359.25;58.00;1,421.75
Sep 11, 2025 5:00 AM;Sep 11, 2025 6:00 AM;3,702.44;1,689.58;4,435.64;14,630.62;8.09;102.23;-;7,740.50;1,347.25;4,752.75;160.25;1,409.00
Sep 11, 2025 6:00 AM;Sep 11, 2025 7:00 AM;4,097.80;1,715.87;5,324.31;15,971.17;45.70;101.79;-;9,694.75;1,465.25;5,577.00;1,624.25;1,423.75
Sep 11, 2025 7:00 AM;Sep 11, 2025 8:00 AM;4,226.06;1,929.84;5,181.43;16,575.98;1,910.40;101.62;-;9,896.25;1,171.75;5,753.50;4,060.00;1,450.00
Sep 11, 2025 8:00 AM;Sep 11, 2025 9:00 AM;4,140.94;1,874.64;4,963.06;16,558.14;7,635.05;98.90;-;9,722.50;1,219.25;4,986.75;2,859.25;1,447.75
Sep 11, 2025 9:00 AM;Sep 11, 2025 10:00 AM;3,824.26;1,690.59;5,158.27;16,482.40;15,303.17;95.15;-;7,587.25;894.00;4,162.25;737.75;1,421.50
Sep 11, 2025 10:00 AM;Sep 11, 2025 11:00 AM;3,493.26;1,672.00;4,928.59;18,030.73;22,637.66;95.05;-;4,717.00;536.25;3,371.00;322.25;1,336.50
Sep 11, 2025 11:00 AM;Sep 11, 2025 12:00 PM;3,343.23;1,595.14;4,698.25;21,129.65;28,127.65;96.80;-;3,893.00;430.00;3,072.00;26.25;1,311.25
Sep 11, 2025 12:00 PM;Sep 11, 2025 1:00 PM;3,243.39;1,660.67;4,204.65;21,525.06;29,004.45;93.31;-;3,866.00;451.75;2,651.00;1.50;1,305.75
Sep 11, 2025 1:00 PM;Sep 11, 2025 2:00 PM;3,228.19;1,681.14;4,266.82;22,810.09;28,530.48;94.15;-;3,867.25;469.50;2,384.50;27.75;1,294.00
Sep 11, 2025 2:00 PM;Sep 11, 2025 3:00 PM;3,231.91;1,654.69;3,886.25;23,154.60;25,864.42;95.74;-;3,992.00;465.75;2,382.75;53.25;1,242.25
Sep 11, 2025 3:00 PM;Sep 11, 2025 4:00 PM;3,262.02;1,625.25;3,955.14;23,018.32;23,361.39;97.46;-;4,012.75;454.50;2,414.50;94.00;1,250.25
Sep 11, 2025 4:00 PM;Sep 11, 2025 5:00 PM;3,410.94;1,735.38;4,568.08;23,605.27;17,938.28;101.36;-;4,273.25;443.25;2,549.00;41.50;1,260.25
Sep 11, 2025 5:00 PM;Sep 11, 2025 6:00 PM;3,697.97;1,677.61;4,475.45;21,260.73;11,118.51;101.30;-;5,919.25;470.75;3,829.50;363.50;1,297.00
Sep 11, 2025 6:00 PM;Sep 11, 2025 7:00 PM;4,221.63;1,686.82;4,731.61;19,074.85;4,332.40;101.27;-;8,421.25;538.00;5,693.00;2,241.00;1,302.00
Sep 11, 2025 7:00 PM;Sep 11, 2025 8:00 PM;4,436.04;1,811.43;4,754.99;18,651.82;490.44;100.27;-;8,809.00;564.00;6,071.00;3,966.50;1,319.25
Sep 11, 2025 8:00 PM;Sep 11, 2025 9:00 PM;4,445.49;2,180.76;5,308.76;18,471.78;84.84;99.74;-;8,843.75;552.00;5,909.00;3,732.75;1,332.75
Sep 11, 2025 9:00 PM;Sep 11, 2025 10:00 PM;4,266.67;1,806.16;5,905.14;21,102.03;40.79;101.05;-;8,599.00;476.25;6,056.00;2,003.50;1,358.75
Sep 11, 2025 10:00 PM;Sep 11, 2025 11:00 PM;3,952.52;1,790.02;5,218.20;21,886.81;14.94;100.90;-;7,033.50;439.00;5,460.50;1,152.75;1,390.75
Sep 11, 2025 11:00 PM;Sep 12, 2025 12:00 AM;3,738.36;1,700.12;5,858.72;23,499.58;9.97;102.29;-;5,432.00;422.25;4,467.25;262.00;1,374.00
Sep 12, 2025 12:00 AM;Sep 12, 2025 1:00 AM;3,569.68;1,554.52;5,610.32;24,151.46;9.54;103.05;-;4,045.75;405.25;3,938.25;3.00;1,314.50
Sep 12, 2025 1:00 AM;Sep 12, 2025 2:00 AM;3,508.73;1,603.27;4,757.47;23,876.74;10.44;102.40;-;3,735.25;429.25;4,417.00;32.00;1,304.00
Sep 12, 2025 2:00 AM;Sep 12, 2025 3:00 AM;3,484.18;1,574.95;5,155.00;23,565.69;10.07;102.25;-;3,864.50;663.25;3,866.00;5.75;1,349.50
Sep 12, 2025 3:00 AM;Sep 12, 2025 4:00 AM;3,469.88;1,589.50;5,054.01;23,223.97;10.48;102.30;-;4,049.50;680.25;3,856.00;3.00;1,369.75
Sep 12, 2025 4:00 AM;Sep 12, 2025 5:00 AM;3,519.05;1,547.77;4,760.38;23,048.96;11.57;102.52;-;4,314.00;680.50;4,154.75;1.25;1,393.00
Sep 12, 2025 5:00 AM;Sep 12, 2025 6:00 AM;3,683.63;1,622.52;4,908.29;22,731.87;11.28;101.13;-;4,498.50;717.00;4,283.75;220.75;1,398.25
Sep 12, 2025 6:00 AM;Sep 12, 2025 7:00 AM;4,054.38;1,690.03;5,953.42;22,197.36;73.32;99.87;-;4,972.75;877.50;5,088.50;2,240.00;1,434.75
Sep 12, 2025 7:00 AM;Sep 12, 2025 8:00 AM;4,225.20;1,881.06;5,706.85;20,995.89;2,251.55;101.14;-;5,711.25;893.00;5,333.50;4,571.00;1,439.75
Sep 12, 2025 8:00 AM;Sep 12, 2025 9:00 AM;4,144.79;1,758.06;5,099.92;19,764.31;8,890.96;95.46;-;5,788.75;907.50;5,263.50;3,331.50;1,429.50
Sep 12, 2025 9:00 AM;Sep 12, 2025 10:00 AM;3,791.03;1,733.16;4,494.11;19,898.88;17,242.66;97.86;-;4,837.00;764.00;5,037.25;708.25;1,446.25
Sep 12, 2025 10:00 AM;Sep 12, 2025 11:00 AM;3,476.73;1,920.12;4,719.80;22,749.81;23,982.64;97.93;-;3,544.25;461.50;3,303.25;86.75;1,451.25
Sep 12, 2025 11:00 AM;Sep 12, 2025 12:00 PM;3,329.11;1,892.56;4,151.15;22,710.70;27,041.29;95.76;-;2,729.75;461.25;2,303.25;6.25;1,419.75
Sep 12, 2025 12:00 PM;Sep 12, 2025 1:00 PM;3,238.85;1,603.40;3,150.77;21,551.34;29,537.10;95.55;-;2,703.75;453.25;2,198.00;5.75;1,354.50
Sep 12, 2025 1:00 PM;Sep 12, 2025 2:00 PM;3,218.92;1,556.67;2,362.77;20,801.84;30,049.62;85.14;-;2,739.75;432.00;2,189.50;39.50;1,388.50
Sep 12, 2025 2:00 PM;Sep 12, 2025 3:00 PM;3,223.83;1,443.19;2,831.97;20,567.65;28,872.29;75.06;-;2,748.75;409.25;2,199.75;28.25;1,361.00
Sep 12, 2025 3:00 PM;Sep 12, 2025 4:00 PM;3,253.29;1,529.11;3,676.93;20,210.98;26,016.01;75.46;-;2,740.25;420.00;2,204.50;17.25;1,336.75
Sep 12, 2025 4:00 PM;Sep 12, 2025 5:00 PM;3,420.16;1,603.29;4,066.88;19,867.39;21,585.18;76.29;-;2,846.25;689.75;2,727.50;27.75;1,322.25
Sep 12, 2025 5:00 PM;Sep 12, 2025 6:00 PM;3,690.88;1,690.55;5,752.15;18,921.25;13,680.33;77.95;-;3,709.00;801.75;4,173.00;132.50;1,365.50
Sep 12, 2025 6:00 PM;Sep 12, 2025 7:00 PM;4,295.01;1,909.91;5,555.44;14,554.65;4,914.10;78.66;-;5,725.25;1,004.25;6,025.50;2,662.75;1,375.50
Sep 12, 2025 7:00 PM;Sep 12, 2025 8:00 PM;4,733.99;2,125.57;5,482.64;11,467.54;536.04;78.65;-;5,918.75;1,414.25;7,364.75;5,274.75;1,455.25
Sep 12, 2025 8:00 PM;Sep 12, 2025 9:00 PM;4,639.22;1,974.40;5,176.29;12,347.71;66.13;78.99;-;6,001.00;1,410.25;7,269.75;4,181.75;1,382.75
Sep 12, 2025 9:00 PM;Sep 12, 2025 10:00 PM;4,464.59;1,796.84;5,102.47;13,620.22;30.83;80.12;-;6,031.00;1,342.00;7,045.75;2,731.50;1,374.25
Sep 12, 2025 10:00 PM;Sep 12, 2025 11:00 PM;4,310.54;1,736.88;5,129.36;13,873.01;37.96;79.83;-;5,882.25;1,282.50;6,525.00;2,432.50;1,383.50
Sep 12, 2025 11:00 PM;Sep 13, 2025 12:00 AM;4,112.50;1,600.37;5,165.81;15,336.56;14.43;80.32;-;5,667.00;1,359.00;5,518.00;1,118.75;1,371.00
Sep 13, 2025 12:00 AM;Sep 13, 2025 1:00 AM;3,968.88;1,516.59;5,758.79;16,897.18;14.05;80.24;-;4,878.50;1,143.25;4,067.50;357.75;1,341.00
Sep 13, 2025 1:00 AM;Sep 13, 2025 2:00 AM;3,840.24;1,516.57;5,301.95;17,948.41;11.34;80.46;-;3,416.25;1,109.25;3,872.25;162.00;1,363.75
Sep 13, 2025 2:00 AM;Sep 13, 2025 3:00 AM;3,770.04;1,501.05;5,738.22;17,546.03;10.51;80.61;-;3,263.50;1,092.00;3,704.50;121.00;1,385.50
Sep 13, 2025 3:00 AM;Sep 13, 2025 4:00 AM;3,754.13;1,546.29;5,610.03;16,719.87;10.14;80.90;-;3,254.00;1,082.00;3,660.00;253.50;1,392.75
Sep 13, 2025 4:00 AM;Sep 13, 2025 5:00 AM;3,801.13;1,494.85;5,840.16;16,348.56;9.77;80.67;-;3,203.25;1,082.75;3,667.25;150.50;1,373.50
Sep 13, 2025 5:00 AM;Sep 13, 2025 6:00 AM;3,922.34;1,511.57;5,603.48;16,436.24;9.26;80.58;-;3,332.75;1,091.50;3,743.75;40.00;1,423.50
Sep 13, 2025 6:00 AM;Sep 13, 2025 7:00 AM;4,122.82;1,511.37;5,918.84;17,070.65;39.78;80.45;-;3,226.75;1,105.00;3,757.25;100.00;1,452.75
Sep 13, 2025 7:00 AM;Sep 13, 2025 8:00 AM;4,195.99;1,513.22;6,180.31;17,467.95;1,681.83;80.62;-;3,050.00;1,109.50;3,464.50;453.75;1,451.00
Sep 13, 2025 8:00 AM;Sep 13, 2025 9:00 AM;4,098.52;1,519.94;6,449.87;16,469.09;7,526.13;79.14;-;2,855.00;1,027.25;3,460.50;30.00;1,447.75
Sep 13, 2025 9:00 AM;Sep 13, 2025 10:00 AM;3,829.13;1,524.75;6,109.57;12,833.83;16,107.91;77.82;-;2,784.50;954.50;2,994.75;48.75;1,460.25
Sep 13, 2025 10:00 AM;Sep 13, 2025 11:00 AM;3,672.09;1,523.81;4,960.96;9,990.33;25,821.05;77.81;-;2,713.00;944.75;2,569.50;79.25;1,453.00
Sep 13, 2025 11:00 AM;Sep 13, 2025 12:00 PM;3,576.28;1,588.35;4,633.77;10,102.24;32,707.38;75.24;-;2,728.75;620.25;1,802.50;71.50;1,441.75
Sep 13, 2025 12:00 PM;Sep 13, 2025 1:00 PM;3,510.21;1,580.89;4,888.68;10,425.42;34,873.05;72.93;-;2,772.25;621.75;1,739.75;75.50;1,462.50
Sep 13, 2025 1:00 PM;Sep 13, 2025 2:00 PM;3,459.37;1,577.03;4,784.67;12,439.71;33,091.34;74.27;-;2,826.25;589.25;1,730.00;123.50;1,467.50
Sep 13, 2025 2:00 PM;Sep 13, 2025 3:00 PM;3,460.13;1,555.17;4,888.28;14,767.18;29,947.18;73.10;-;2,814.75;593.25;1,725.00;107.50;1,446.75
Sep 13, 2025 3:00 PM;Sep 13, 2025 4:00 PM;3,502.98;1,551.89;4,989.26;14,335.78;25,480.10;74.32;-;2,836.00;596.75;1,661.50;107.25;1,424.50
Sep 13, 2025 4:00 PM;Sep 13, 2025 5:00 PM;3,669.97;1,559.37;4,799.59;14,639.99;20,469.90;77.72;-;2,991.00;311.75;1,716.75;148.50;1,376.25
Sep 13, 2025 5:00 PM;Sep 13, 2025 6:00 PM;3,948.32;1,681.28;4,898.76;15,158.09;12,032.07;77.80;-;4,021.50;333.00;2,201.50;411.25;1,385.75
Sep 13, 2025 6:00 PM;Sep 13, 2025 7:00 PM;4,455.34;1,762.83;4,953.88;13,092.48;3,985.75;78.00;-;6,214.25;434.25;2,818.50;3,199.50;1,410.25
Sep 13, 2025 7:00 PM;Sep 13, 2025 8:00 PM;4,674.00;2,345.77;4,229.68;12,644.42;350.35;78.39;-;6,346.00;484.25;3,085.75;4,952.50;1,422.25
Sep 13, 2025 8:00 PM;Sep 13, 2025 9:00 PM;4,662.09;2,041.67;3,171.96;14,102.67;81.62;78.71;-;6,213.75;478.25;3,060.75;5,147.25;1,435.50
Sep 13, 2025 9:00 PM;Sep 13, 2025 10:00 PM;4,530.29;1,770.64;3,811.88;14,769.56;26.27;78.79;-;6,191.00;388.00;3,112.50;3,961.75;1,422.25
Sep 13, 2025 10:00 PM;Sep 13, 2025 11:00 PM;4,308.70;1,629.28;3,625.49;14,588.50;11.35;79.48;-;6,175.75;321.00;3,249.75;2,303.00;1,417.00
Sep 13, 2025 11:00 PM;Sep 14, 2025 12:00 AM;4,135.86;1,522.85;3,270.33;14,350.39;11.99;79.94;-;6,125.75;304.50;3,121.75;1,530.75;1,410.25
Sep 14, 2025 12:00 AM;Sep 14, 2025 1:00 AM;4,015.87;1,508.15;3,636.60;13,703.24;10.44;78.63;-;5,886.75;298.50;3,103.50;1,278.50;1,460.00
Sep 14, 2025 1:00 AM;Sep 14, 2025 2:00 AM;3,923.30;1,432.44;2,339.98;13,346.90;10.05;78.45;-;5,962.75;291.00;3,093.50;934.25;1,474.75
Sep 14, 2025 2:00 AM;Sep 14, 2025 3:00 AM;3,844.28;1,411.62;2,266.70;12,825.40;7.76;79.77;-;5,954.00;287.25;2,952.25;769.25;1,443.75
Sep 14, 2025 3:00 AM;Sep 14, 2025 4:00 AM;3,775.20;1,403.56;2,414.72;11,700.58;9.41;81.60;-;5,684.50;287.75;2,930.25;578.75;1,434.25
Sep 14, 2025 4:00 AM;Sep 14, 2025 5:00 AM;3,855.74;1,420.10;2,371.27;11,041.98;8.61;81.67;-;5,994.75;286.50;2,967.25;287.25;1,414.25
Sep 14, 2025 5:00 AM;Sep 14, 2025 6:00 AM;4,003.48;1,474.00;2,057.02;10,405.27;7.29;81.41;-;6,073.25;284.25;3,041.00;479.25;1,364.50
Sep 14, 2025 6:00 AM;Sep 14, 2025 7:00 AM;4,171.77;1,522.26;1,904.36;10,118.10;16.25;80.97;-;5,922.50;284.25;3,166.25;931.50;1,338.25
Sep 14, 2025 7:00 AM;Sep 14, 2025 8:00 AM;4,236.48;1,570.50;2,044.69;9,957.82;742.22;80.68;-;5,759.50;319.75;2,953.75;2,201.50;1,362.50
Sep 14, 2025 8:00 AM;Sep 14, 2025 9:00 AM;4,147.78;1,610.90;1,679.10;9,393.37;4,506.23;80.36;-;5,483.25;328.75;2,657.50;2,406.00;1,367.25
Sep 14, 2025 9:00 AM;Sep 14, 2025 10:00 AM;3,977.58;1,533.75;1,433.88;8,708.21;10,970.40;79.64;-;4,782.75;288.25;2,236.00;354.50;1,360.75
Sep 14, 2025 10:00 AM;Sep 14, 2025 11:00 AM;3,759.86;1,532.46;1,502.60;8,501.64;18,376.17;79.12;-;3,879.00;273.75;1,897.50;86.50;1,349.75
Sep 14, 2025 11:00 AM;Sep 14, 2025 12:00 PM;3,629.39;1,631.93;1,226.05;8,336.28;26,311.65;79.63;-;2,969.75;269.75;1,817.00;90.50;1,327.75
Sep 14, 2025 12:00 PM;Sep 14, 2025 1:00 PM;3,533.19;1,555.74;1,077.57;9,058.51;31,954.00;80.86;-;2,665.50;249.50;1,757.25;41.25;1,320.50
Sep 14, 2025 1:00 PM;Sep 14, 2025 2:00 PM;3,484.79;1,586.60;1,302.07;9,549.15;34,410.59;79.06;-;2,628.50;254.25;1,739.00;4.00;1,330.75
Sep 14, 2025 2:00 PM;Sep 14, 2025 3:00 PM;3,478.51;1,611.57;2,014.20;9,488.06;34,121.48;76.81;-;2,610.25;238.75;1,713.50;10.00;1,310.50
Sep 14, 2025 3:00 PM;Sep 14, 2025 4:00 PM;3,521.09;1,678.33;1,325.79;9,356.89;31,176.76;76.05;-;2,661.00;314.25;1,795.75;11.25;1,317.50
Sep 14, 2025 4:00 PM;Sep 14, 2025 5:00 PM;3,674.38;1,675.41;1,672.11;8,731.58;24,524.17;78.30;-;3,451.75;653.50;2,581.00;51.75;1,323.50
Sep 14, 2025 5:00 PM;Sep 14, 2025 6:00 PM;3,980.71;1,728.32;2,127.75;7,161.16;14,493.13;78.07;-;4,702.75;1,107.50;4,616.25;1,207.25;1,332.75
Sep 14, 2025 6:00 PM;Sep 14, 2025 7:00 PM;4,456.20;1,975.67;1,715.55;5,536.64;4,363.10;77.63;-;5,393.00;1,285.75;6,389.75;4,186.25;1,338.50
Sep 14, 2025 7:00 PM;Sep 14, 2025 8:00 PM;4,621.37;2,180.48;2,049.74;4,749.96;332.19;78.11;-;5,529.50;1,301.00;6,750.50;4,899.50;1,547.50
Sep 14, 2025 8:00 PM;Sep 14, 2025 9:00 PM;4,591.85;1,856.14;2,815.71;6,561.42;61.35;78.93;-;5,401.75;1,303.75;6,434.25;4,847.25;1,496.25
Sep 14, 2025 9:00 PM;Sep 14, 2025 10:00 PM;4,450.67;1,762.62;3,549.29;10,550.94;19.87;80.89;-;5,097.25;1,219.00;5,860.25;3,630.75;1,332.75
Sep 14, 2025 10:00 PM;Sep 14, 2025 11:00 PM;4,218.58;1,673.98;4,144.26;15,302.64;22.70;82.08;-;4,442.00;887.50;4,506.00;2,514.50;1,342.00
Sep 14, 2025 11:00 PM;Sep 15, 2025 12:00 AM;3,968.25;1,589.31;5,428.58;19,669.16;17.75;82.53;-;2,913.75;530.25;2,883.50;1,215.00;1,333.25
Sep 15, 2025 12:00 AM;Sep 15, 2025 1:00 AM;3,816.52;1,527.24;6,074.05;22,361.46;13.69;82.62;-;2,366.00;582.00;2,531.50;155.50;1,316.75
Sep 15, 2025 1:00 AM;Sep 15, 2025 2:00 AM;3,737.13;1,528.06;6,377.01;24,814.99;13.51;82.04;-;2,358.50;550.00;2,147.50;11.25;1,351.50
Sep 15, 2025 2:00 AM;Sep 15, 2025 3:00 AM;3,665.82;1,505.91;6,497.79;26,803.08;13.65;82.10;-;2,360.25;531.75;2,018.00;51.50;1,389.25
Sep 15, 2025 3:00 AM;Sep 15, 2025 4:00 AM;3,644.26;1,553.73;6,005.84;28,719.40;13.86;79.70;-;2,363.00;565.50;1,970.50;49.25;1,402.00
Sep 15, 2025 4:00 AM;Sep 15, 2025 5:00 AM;3,650.16;1,592.73;5,901.68;30,243.30;12.73;79.12;-;2,353.75;701.75;1,952.50;69.75;1,410.25
Sep 15, 2025 5:00 AM;Sep 15, 2025 6:00 AM;3,752.94;1,596.71;5,810.46;32,340.53;13.43;78.99;-;2,356.50;843.50;1,985.00;99.25;1,417.00
Sep 15, 2025 6:00 AM;Sep 15, 2025 7:00 AM;4,003.87;1,606.94;6,515.79;34,491.55;25.63;80.62;-;2,303.25;1,123.50;2,080.50;820.25;1,433.00
Sep 15, 2025 7:00 AM;Sep 15, 2025 8:00 AM;4,158.42;1,599.06;6,678.31;35,202.16;1,041.25;79.87;-;2,309.75;1,394.75;2,235.50;3,153.50;1,418.50
Sep 15, 2025 8:00 AM;Sep 15, 2025 9:00 AM;4,076.37;1,530.37;6,096.28;34,602.93;5,888.06;76.05;-;2,333.75;1,630.50;2,744.50;3,574.00;1,399.75
Sep 15, 2025 9:00 AM;Sep 15, 2025 10:00 AM;3,774.24;1,519.02;5,492.93;34,834.66;13,966.51;70.85;-;2,240.50;1,782.25;2,611.50;948.25;1,456.75
Sep 15, 2025 10:00 AM;Sep 15, 2025 11:00 AM;3,540.48;1,699.02;4,522.89;31,726.20;20,849.78;69.04;-;2,176.50;1,702.00;2,264.50;225.50;1,467.25
Sep 15, 2025 11:00 AM;Sep 15, 2025 12:00 PM;3,485.79;1,707.74;3,584.14;31,954.63;27,285.90;70.32;-;2,152.75;1,417.50;1,904.25;145.25;1,464.50
Sep 15, 2025 12:00 PM;Sep 15, 2025 1:00 PM;3,426.70;1,542.25;2,585.36;30,683.99;29,840.48;72.22;-;2,163.50;1,194.75;1,931.25;23.50;1,479.25
Sep 15, 2025 1:00 PM;Sep 15, 2025 2:00 PM;3,363.41;1,494.71;2,788.09;28,899.26;30,725.81;87.98;-;2,174.75;950.25;1,973.50;44.00;1,477.50
Sep 15, 2025 2:00 PM;Sep 15, 2025 3:00 PM;3,350.08;1,424.20;1,777.36;28,397.67;29,880.36;94.81;-;2,157.00;864.00;1,951.00;49.75;1,477.00
Sep 15, 2025 3:00 PM;Sep 15, 2025 4:00 PM;3,384.25;1,454.85;2,510.03;29,899.13;26,779.70;95.91;-;2,161.50;903.00;1,928.25;64.00;1,381.00
Sep 15, 2025 4:00 PM;Sep 15, 2025 5:00 PM;3,374.01;1,495.53;2,950.81;30,190.83;20,866.62;95.62;-;2,199.50;1,105.25;1,927.50;146.50;1,356.25
Sep 15, 2025 5:00 PM;Sep 15, 2025 6:00 PM;3,536.19;1,546.33;4,551.96;33,989.24;12,708.57;95.07;-;2,191.25;1,214.50;2,055.75;756.75;1,308.75
Sep 15, 2025 6:00 PM;Sep 15, 2025 7:00 PM;4,015.83;1,601.60;4,693.11;34,169.52;4,303.91;99.45;-;2,833.50;1,462.25;2,628.25;3,283.25;1,333.00
Sep 15, 2025 7:00 PM;Sep 15, 2025 8:00 PM;4,270.46;1,641.24;5,140.90;33,704.73;351.47;100.18;-;3,959.00;1,623.25;3,144.50;4,425.25;1,338.50
Sep 15, 2025 8:00 PM;Sep 15, 2025 9:00 PM;4,247.74;1,527.09;5,154.60;34,648.12;73.24;100.95;-;2,877.50;1,480.25;2,838.00;4,278.50;1,305.25
Sep 15, 2025 9:00 PM;Sep 15, 2025 10:00 PM;4,102.72;1,456.82;5,050.51;36,636.46;36.07;101.50;-;2,576.25;1,368.25;2,425.25;2,210.00;1,297.75
Sep 15, 2025 10:00 PM;Sep 15, 2025 11:00 PM;3,867.72;1,453.16;5,551.88;36,724.41;14.48;102.54;-;2,553.50;1,431.00;2,153.75;965.25;1,291.50
Sep 15, 2025 11:00 PM;Sep 16, 2025 12:00 AM;3,645.32;1,442.72;5,736.11;38,220.86;11.36;100.40;-;2,368.00;1,239.00;2,129.50;389.25;1,275.75
Sep 16, 2025 12:00 AM;Sep 16, 2025 1:00 AM;3,460.79;1,458.68;5,603.54;37,356.11;11.04;100.74;-;2,184.25;1,031.00;1,848.50;57.00;1,218.50
Sep 16, 2025 1:00 AM;Sep 16, 2025 2:00 AM;3,398.15;1,464.56;4,686.64;38,029.70;10.95;101.12;-;2,150.75;986.75;1,676.50;61.00;1,232.00
Sep 16, 2025 2:00 AM;Sep 16, 2025 3:00 AM;3,383.85;1,468.23;4,596.28;36,764.93;6.41;101.59;-;2,163.75;981.50;1,668.50;82.50;1,235.25
Sep 16, 2025 3:00 AM;Sep 16, 2025 4:00 AM;3,374.91;1,502.46;4,395.38;36,555.21;6.51;99.59;-;2,186.25;980.75;1,694.50;68.50;1,256.25
Sep 16, 2025 4:00 AM;Sep 16, 2025 5:00 AM;3,417.78;1,481.81;4,362.56;37,122.91;6.32;99.21;-;2,194.50;982.75;1,682.50;73.25;1,276.00
Sep 16, 2025 5:00 AM;Sep 16, 2025 6:00 AM;3,505.23;1,533.44;4,370.02;39,725.75;8.18;98.61;-;2,210.00;1,367.25;1,694.25;79.75;1,254.25
Sep 16, 2025 6:00 AM;Sep 16, 2025 7:00 AM;3,764.08;1,562.37;5,293.40;42,477.14;25.77;101.05;-;2,329.00;1,705.50;1,847.75;781.25;1,258.50
Sep 16, 2025 7:00 AM;Sep 16, 2025 8:00 AM;3,924.68;1,673.24;5,197.49;40,453.46;1,485.53;101.63;-;2,790.50;1,829.75;2,267.75;2,798.00;1,244.50
Sep 16, 2025 8:00 AM;Sep 16, 2025 9:00 AM;3,874.20;1,620.85;5,662.95;39,713.82;6,880.33;100.92;-;3,007.00;1,743.00;2,464.00;2,464.25;1,207.25
Sep 16, 2025 9:00 AM;Sep 16, 2025 10:00 AM;3,543.68;1,492.53;6,051.42;38,746.98;14,139.62;97.86;-;2,500.50;1,248.50;2,455.25;427.50;1,267.50
Sep 16, 2025 10:00 AM;Sep 16, 2025 11:00 AM;3,276.88;1,449.67;4,849.58;35,863.22;20,165.39;96.83;-;2,206.75;1,110.25;2,252.75;312.25;1,281.50
Sep 16, 2025 11:00 AM;Sep 16, 2025 12:00 PM;3,209.24;1,608.03;3,735.83;33,469.37;23,353.10;96.30;-;2,190.75;1,066.25;2,232.00;329.50;1,316.00
Sep 16, 2025 12:00 PM;Sep 16, 2025 1:00 PM;3,172.27;1,580.82;2,916.00;31,820.29;24,875.02;94.33;-;2,172.00;1,034.00;2,239.50;346.25;1,398.50
Sep 16, 2025 1:00 PM;Sep 16, 2025 2:00 PM;3,161.57;1,616.39;2,649.55;32,702.03;25,783.30;98.27;-;2,197.25;840.75;2,232.75;300.50;1,414.50
Sep 16, 2025 2:00 PM;Sep 16, 2025 3:00 PM;3,177.63;1,568.97;2,861.07;32,239.49;24,243.54;98.28;-;2,451.25;773.75;2,108.75;261.00;1,386.00
Sep 16, 2025 3:00 PM;Sep 16, 2025 4:00 PM;3,219.19;1,535.43;3,423.90;30,437.36;20,909.46;98.40;-;2,622.00;814.50;2,096.00;307.00;1,388.25
Sep 16, 2025 4:00 PM;Sep 16, 2025 5:00 PM;3,356.55;1,646.10;4,831.25;31,969.64;16,431.75;98.66;-;2,809.75;816.75;2,129.50;285.75;1,381.50
Sep 16, 2025 5:00 PM;Sep 16, 2025 6:00 PM;3,639.30;1,744.82;6,829.72;33,142.28;10,137.11;99.26;-;3,386.00;902.00;2,248.25;992.25;1,328.00
Sep 16, 2025 6:00 PM;Sep 16, 2025 7:00 PM;4,127.31;1,692.87;6,073.14;30,426.71;3,197.41;102.45;-;4,667.75;1,387.50;3,084.50;2,856.00;1,323.75
Sep 16, 2025 7:00 PM;Sep 16, 2025 8:00 PM;4,332.66;1,662.12;6,384.68;30,177.90;179.71;101.88;-;5,034.25;1,536.75;3,816.00;3,690.00;1,324.25
Sep 16, 2025 8:00 PM;Sep 16, 2025 9:00 PM;4,354.50;1,619.77;6,262.94;29,668.62;29.92;102.96;-;4,620.75;1,602.75;3,705.50;3,129.75;1,315.25
Sep 16, 2025 9:00 PM;Sep 16, 2025 10:00 PM;4,230.14;1,542.72;5,853.57;29,841.76;19.44;103.90;-;3,337.00;1,607.50;3,221.75;2,159.75;1,339.75
Sep 16, 2025 10:00 PM;Sep 16, 2025 11:00 PM;4,005.31;1,569.50;5,742.65;28,163.55;14.80;104.27;-;3,077.75;1,444.50;3,243.25;1,296.50;1,339.25
Sep 16, 2025 11:00 PM;Sep 17, 2025 12:00 AM;3,801.24;1,533.83;5,912.57;27,454.63;14.34;103.82;-;3,785.50;1,189.75;3,096.00;631.75;1,335.00
Sep 17, 2025 12:00 AM;Sep 17, 2025 1:00 AM;3,594.67;1,444.66;6,669.27;26,514.41;12.52;104.37;-;2,872.75;1,069.25;2,969.75;83.75;1,313.25
Sep 17, 2025 1:00 AM;Sep 17, 2025 2:00 AM;3,524.69;1,421.41;6,838.26;25,964.27;12.00;104.56;-;4,331.50;873.25;3,284.50;7.00;1,376.50
Sep 17, 2025 2:00 AM;Sep 17, 2025 3:00 AM;3,501.59;1,423.58;6,653.98;25,496.95;7.65;104.48;-;4,699.50;1,248.25;2,918.25;2.75;1,394.75
Sep 17, 2025 3:00 AM;Sep 17, 2025 4:00 AM;3,484.71;1,446.30;6,263.70;24,687.00;8.26;104.71;-;4,612.00;1,576.75;2,967.50;16.25;1,348.50
Sep 17, 2025 4:00 AM;Sep 17, 2025 5:00 AM;3,546.59;1,446.91;5,824.07;23,968.60;8.76;104.46;-;4,813.00;1,992.25;3,089.50;43.25;1,288.00
Sep 17, 2025 5:00 AM;Sep 17, 2025 6:00 AM;3,697.66;1,473.89;6,109.74;23,291.25;9.19;104.26;-;5,111.25;2,598.75;3,539.50;215.50;1,269.25
Sep 17, 2025 6:00 AM;Sep 17, 2025 7:00 AM;4,036.03;1,551.55;6,980.25;23,174.44;34.89;104.29;-;5,764.00;2,716.25;4,381.25;1,848.00;1,257.25
Sep 17, 2025 7:00 AM;Sep 17, 2025 8:00 AM;4,219.63;1,452.28;7,075.06;22,026.02;1,775.16;104.08;-;5,676.00;2,863.25;4,829.00;3,950.25;1,286.50
Sep 17, 2025 8:00 AM;Sep 17, 2025 9:00 AM;4,208.20;1,521.51;6,677.55;20,163.72;8,540.00;104.38;-;5,490.75;2,702.75;4,953.25;3,767.25;1,248.00
Sep 17, 2025 9:00 AM;Sep 17, 2025 10:00 AM;3,943.32;1,525.41;6,027.23;18,746.92;17,337.49;100.41;-;4,940.75;2,526.75;4,677.25;1,470.75;1,266.75
Sep 17, 2025 10:00 AM;Sep 17, 2025 11:00 AM;3,623.58;1,581.58;5,328.17;18,430.84;24,140.65;98.84;-;3,885.00;2,210.50;3,396.00;322.00;1,291.75
Sep 17, 2025 11:00 AM;Sep 17, 2025 12:00 PM;3,431.40;1,625.91;5,134.24;19,395.79;27,254.78;99.97;-;3,499.25;2,202.50;3,234.00;202.00;1,320.00
Sep 17, 2025 12:00 PM;Sep 17, 2025 1:00 PM;3,317.86;1,624.29;5,224.36;20,143.41;27,374.33;101.26;-;3,327.75;1,781.00;3,089.50;79.25;1,300.50
Sep 17, 2025 1:00 PM;Sep 17, 2025 2:00 PM;3,294.27;1,665.81;4,688.29;20,465.92;24,780.39;100.43;-;3,096.25;1,350.50;3,019.25;114.25;1,310.00
Sep 17, 2025 2:00 PM;Sep 17, 2025 3:00 PM;3,300.50;1,569.62;4,618.30;21,678.78;22,321.72;100.80;-;3,065.25;1,301.75;3,147.25;89.50;1,337.50
Sep 17, 2025 3:00 PM;Sep 17, 2025 4:00 PM;3,372.03;1,535.64;4,854.01;20,955.21;19,261.17;100.97;-;3,764.00;1,294.00;3,136.25;123.50;1,346.00
Sep 17, 2025 4:00 PM;Sep 17, 2025 5:00 PM;3,605.53;1,639.34;5,656.29;19,507.77;15,243.79;101.55;-;4,844.25;1,360.75;3,460.75;113.75;1,350.25
Sep 17, 2025 5:00 PM;Sep 17, 2025 6:00 PM;3,986.21;1,586.63;5,734.49;17,687.98;8,949.70;101.85;-;5,906.75;1,566.25;4,503.25;1,468.00;1,352.00
Sep 17, 2025 6:00 PM;Sep 17, 2025 7:00 PM;4,344.36;1,658.56;6,248.87;15,837.41;2,789.23;101.95;-;6,437.75;2,182.75;5,632.00;3,699.25;1,375.00
Sep 17, 2025 7:00 PM;Sep 17, 2025 8:00 PM;4,489.43;1,820.91;5,929.70;14,915.75;208.95;102.78;-;6,575.00;2,586.00;6,151.00;5,106.50;1,567.25
Sep 17, 2025 8:00 PM;Sep 17, 2025 9:00 PM;4,423.83;1,672.44;6,558.21;16,559.14;51.53;103.38;-;6,855.25;2,539.75;5,803.00;3,676.00;1,385.25
Sep 17, 2025 9:00 PM;Sep 17, 2025 10:00 PM;4,158.58;1,459.85;6,173.46;19,492.89;14.94;103.86;-;7,262.00;1,948.00;5,249.50;1,080.00;1,342.50
Sep 17, 2025 10:00 PM;Sep 17, 2025 11:00 PM;3,908.37;1,404.13;6,556.74;21,845.53;11.86;104.19;-;6,885.75;1,490.50;4,587.75;345.75;1,348.50
Sep 17, 2025 11:00 PM;Sep 18, 2025 12:00 AM;3,704.49;1,390.71;6,302.23;24,153.69;7.28;104.62;-;5,100.25;1,356.50;4,007.25;91.00;1,329.00
Sep 18, 2025 12:00 AM;Sep 18, 2025 1:00 AM;3,531.62;1,422.14;6,856.13;25,265.75;7.73;105.23;-;3,563.75;1,221.75;3,673.00;4.00;1,314.50
Sep 18, 2025 1:00 AM;Sep 18, 2025 2:00 AM;3,469.59;1,451.10;6,745.03;25,798.10;7.37;105.26;-;3,387.50;1,103.25;3,676.50;16.00;1,366.75
Sep 18, 2025 2:00 AM;Sep 18, 2025 3:00 AM;3,440.23;1,462.31;6,311.83;25,415.25;7.31;105.04;-;3,368.00;1,124.00;3,728.75;53.50;1,384.25
Sep 18, 2025 3:00 AM;Sep 18, 2025 4:00 AM;3,439.94;1,514.83;6,327.41;24,745.48;7.41;105.54;-;3,379.50;1,134.75;3,643.75;80.00;1,371.00
Sep 18, 2025 4:00 AM;Sep 18, 2025 5:00 AM;3,475.90;1,466.76;6,373.99;24,643.89;7.37;105.13;-;3,543.25;1,142.00;3,612.50;24.25;1,371.75
Sep 18, 2025 5:00 AM;Sep 18, 2025 6:00 AM;3,604.62;1,551.97;6,798.88;23,923.36;7.97;104.77;-;3,911.00;1,188.25;3,812.75;48.25;1,326.75
Sep 18, 2025 6:00 AM;Sep 18, 2025 7:00 AM;3,984.21;1,534.81;7,002.73;24,401.52;17.18;104.43;-;5,352.75;1,340.75;4,697.25;1,656.50;1,368.50
Sep 18, 2025 7:00 AM;Sep 18, 2025 8:00 AM;4,167.05;1,508.87;7,010.73;23,777.62;1,275.68;103.17;-;5,975.25;1,296.75;4,527.00;2,989.75;1,368.75
Sep 18, 2025 8:00 AM;Sep 18, 2025 9:00 AM;4,105.48;1,552.29;6,664.78;22,699.75;7,394.43;101.41;-;5,802.00;1,022.00;3,687.75;2,796.25;1,349.50
Sep 18, 2025 9:00 AM;Sep 18, 2025 10:00 AM;3,842.02;1,542.51;6,627.97;21,123.97;16,057.22;99.03;-;4,567.00;990.75;3,398.00;841.75;1,360.00
Sep 18, 2025 10:00 AM;Sep 18, 2025 11:00 AM;3,521.31;1,656.64;6,360.17;20,359.98;23,938.27;97.15;-;3,318.25;863.25;2,839.00;199.50;1,403.50
Sep 18, 2025 11:00 AM;Sep 18, 2025 12:00 PM;3,360.70;1,717.10;5,851.02;19,960.23;29,331.66;96.79;-;3,151.00;842.50;2,511.50;174.75;1,380.00
Sep 18, 2025 12:00 PM;Sep 18, 2025 1:00 PM;3,255.40;1,724.00;5,772.36;20,060.10;33,022.14;91.65;-;3,107.25;847.00;2,501.75;72.75;1,376.00
Sep 18, 2025 1:00 PM;Sep 18, 2025 2:00 PM;3,222.48;1,581.69;5,188.07;18,803.40;34,414.79;96.68;-;3,137.50;842.50;2,608.50;37.25;1,367.25
Sep 18, 2025 2:00 PM;Sep 18, 2025 3:00 PM;3,243.31;1,632.74;5,069.08;18,288.01;32,584.11;95.25;-;3,149.00;827.75;2,646.50;6.00;1,365.75
Sep 18, 2025 3:00 PM;Sep 18, 2025 4:00 PM;3,324.55;1,653.80;5,088.51;18,833.96;28,738.19;94.90;-;3,152.50;837.00;2,779.25;45.50;1,410.25
Sep 18, 2025 4:00 PM;Sep 18, 2025 5:00 PM;3,471.24;1,652.12;5,924.63;18,712.99;21,774.44;98.81;-;3,521.25;959.50;3,504.75;121.25;1,390.50
Sep 18, 2025 5:00 PM;Sep 18, 2025 6:00 PM;3,720.21;1,536.93;6,611.28;19,205.80;12,847.99;99.13;-;4,608.75;1,298.75;4,671.75;428.25;1,410.75
Sep 18, 2025 6:00 PM;Sep 18, 2025 7:00 PM;4,165.90;1,595.85;5,905.88;17,794.67;3,695.18;98.86;-;6,631.50;1,515.50;5,751.00;2,689.75;1,447.25
Sep 18, 2025 7:00 PM;Sep 18, 2025 8:00 PM;4,380.99;1,518.99;5,428.36;18,192.42;194.63;99.79;-;6,917.50;1,701.75;6,732.75;4,849.25;1,425.75
Sep 18, 2025 8:00 PM;Sep 18, 2025 9:00 PM;4,382.85;1,480.69;4,917.66;19,670.92;35.42;101.68;-;6,506.75;1,526.50;6,419.00;3,463.25;1,406.75
Sep 18, 2025 9:00 PM;Sep 18, 2025 10:00 PM;4,223.40;1,367.40;4,938.60;20,415.22;9.75;102.33;-;6,357.25;1,379.00;6,613.50;2,252.00;1,363.50
Sep 18, 2025 10:00 PM;Sep 18, 2025 11:00 PM;4,001.97;1,331.96;4,972.98;19,558.33;8.72;103.13;-;6,344.50;1,059.00;6,438.25;1,504.75;1,344.25
Sep 18, 2025 11:00 PM;Sep 19, 2025 12:00 AM;3,775.30;1,313.62;5,417.19;19,446.83;7.24;103.79;-;6,206.25;963.00;5,771.00;375.50;1,364.25
Sep 19, 2025 12:00 AM;Sep 19, 2025 1:00 AM;3,553.87;1,309.23;5,520.70;19,346.45;7.40;104.22;-;6,181.50;948.25;5,576.75;9.75;1,366.25
Sep 19, 2025 1:00 AM;Sep 19, 2025 2:00 AM;3,499.36;1,308.28;5,516.79;18,358.88;7.28;104.48;-;6,677.50;935.75;5,668.50;7.50;1,344.00
Sep 19, 2025 2:00 AM;Sep 19, 2025 3:00 AM;3,485.68;1,310.93;5,258.29;17,136.03;7.40;103.71;-;6,794.25;727.75;5,194.25;6.25;1,346.75
Sep 19, 2025 3:00 AM;Sep 19, 2025 4:00 AM;3,497.78;1,327.24;5,532.98;15,456.29;7.63;103.87;-;6,699.75;911.50;5,227.50;22.00;1,352.50
Sep 19, 2025 4:00 AM;Sep 19, 2025 5:00 AM;3,588.99;1,328.10;5,975.02;14,072.41;7.61;104.43;-;6,757.00;1,025.25;5,327.25;12.75;1,369.00
Sep 19, 2025 5:00 AM;Sep 19, 2025 6:00 AM;3,803.61;1,365.53;5,858.11;12,933.52;8.18;103.77;-;7,245.75;1,251.50;6,170.00;747.25;1,347.25
Sep 19, 2025 6:00 AM;Sep 19, 2025 7:00 AM;4,134.24;1,416.25;5,342.39;12,423.66;45.29;103.30;-;7,432.00;1,548.00;7,128.00;2,955.50;1,415.25
Sep 19, 2025 7:00 AM;Sep 19, 2025 8:00 AM;4,294.75;1,569.58;4,944.38;11,910.63;1,810.90;102.07;-;7,397.00;1,668.00;6,589.50;4,772.75;1,394.75
Sep 19, 2025 8:00 AM;Sep 19, 2025 9:00 AM;4,160.80;1,370.10;4,731.11;10,282.13;9,595.15;101.09;-;7,436.50;1,719.00;6,044.25;2,356.00;1,385.50
Sep 19, 2025 9:00 AM;Sep 19, 2025 10:00 AM;3,854.77;1,407.92;4,865.00;8,381.20;20,636.14;99.65;-;6,911.25;1,489.25;4,380.50;728.00;1,409.75
Sep 19, 2025 10:00 AM;Sep 19, 2025 11:00 AM;3,524.35;1,420.70;5,384.48;7,453.08;30,413.07;97.68;-;4,439.00;1,026.50;2,366.00;246.50;1,351.25
Sep 19, 2025 11:00 AM;Sep 19, 2025 12:00 PM;3,375.69;1,549.80;5,258.42;6,845.54;37,142.13;97.39;-;3,620.75;936.50;2,008.75;200.75;1,295.25
Sep 19, 2025 12:00 PM;Sep 19, 2025 1:00 PM;3,241.76;1,465.64;5,440.38;6,393.75;41,887.52;95.54;-;3,477.00;931.75;1,994.50;62.50;1,288.75
Sep 19, 2025 1:00 PM;Sep 19, 2025 2:00 PM;3,209.78;1,418.30;4,204.68;5,295.44;43,233.61;96.11;-;3,499.00;839.50;2,031.75;15.50;1,272.50
Sep 19, 2025 2:00 PM;Sep 19, 2025 3:00 PM;3,219.56;1,352.58;4,165.58;4,902.03;41,543.44;97.10;-;3,556.00;853.75;2,134.00;28.50;1,257.75
Sep 19, 2025 3:00 PM;Sep 19, 2025 4:00 PM;3,299.83;1,390.32;4,141.91;4,956.14;36,352.96;98.71;-;3,754.75;1,179.50;2,288.75;27.25;1,270.50
Sep 19, 2025 4:00 PM;Sep 19, 2025 5:00 PM;3,521.16;1,444.94;3,579.23;4,583.64;27,517.86;97.56;-;5,343.75;1,831.75;3,326.50;129.50;1,273.75
Sep 19, 2025 5:00 PM;Sep 19, 2025 6:00 PM;3,869.45;1,417.96;2,710.49;4,278.47;15,534.14;97.15;-;7,951.50;3,016.25;6,803.75;1,953.00;1,317.00
Sep 19, 2025 6:00 PM;Sep 19, 2025 7:00 PM;4,334.61;1,597.10;2,174.81;4,235.69;4,384.30;97.04;-;8,809.75;3,762.50;8,917.25;4,456.25;1,360.75
Sep 19, 2025 7:00 PM;Sep 19, 2025 8:00 PM;4,477.14;1,606.25;1,931.15;6,015.87;234.04;100.09;-;9,150.75;3,801.50;9,358.75;4,755.75;1,399.25
Sep 19, 2025 8:00 PM;Sep 19, 2025 9:00 PM;4,418.61;1,716.62;1,998.20;8,922.22;75.11;104.00;-;8,953.00;3,801.25;8,645.00;4,051.00;1,372.00
Sep 19, 2025 9:00 PM;Sep 19, 2025 10:00 PM;4,225.21;1,421.46;2,767.87;13,253.93;18.04;105.31;-;8,466.50;3,533.00;7,377.00;2,744.50;1,231.75
Sep 19, 2025 10:00 PM;Sep 19, 2025 11:00 PM;3,981.91;1,296.14;3,695.11;16,615.14;9.96;106.15;-;7,715.75;2,587.25;5,150.50;1,048.75;1,240.25
Sep 19, 2025 11:00 PM;Sep 20, 2025 12:00 AM;3,777.95;1,300.74;4,319.73;19,328.43;6.78;106.67;-;7,713.75;1,332.00;4,043.75;540.25;1,242.00
Sep 20, 2025 12:00 AM;Sep 20, 2025 1:00 AM;3,647.77;1,214.38;4,256.56;21,183.32;9.69;107.08;-;6,512.00;1,039.25;2,573.00;160.75;1,332.50
Sep 20, 2025 1:00 AM;Sep 20, 2025 2:00 AM;3,595.74;1,203.29;4,683.16;21,337.36;6.26;105.56;-;5,831.25;574.75;2,513.50;112.25;1,342.00
Sep 20, 2025 2:00 AM;Sep 20, 2025 3:00 AM;3,541.65;1,197.96;4,641.35;20,797.23;5.01;106.08;-;5,254.00;590.50;2,485.50;33.00;1,337.25
Sep 20, 2025 3:00 AM;Sep 20, 2025 4:00 AM;3,546.50;1,223.81;4,002.47;20,413.07;5.39;106.29;-;5,282.00;343.50;2,482.50;183.25;1,348.25
Sep 20, 2025 4:00 AM;Sep 20, 2025 5:00 AM;3,616.73;1,193.67;4,253.72;19,704.83;5.48;106.32;-;5,511.50;287.75;2,506.50;200.75;1,357.25
Sep 20, 2025 5:00 AM;Sep 20, 2025 6:00 AM;3,759.90;1,193.02;4,563.90;19,640.26;6.32;106.28;-;5,930.25;287.50;2,556.50;159.00;1,332.00
Sep 20, 2025 6:00 AM;Sep 20, 2025 7:00 AM;3,987.91;1,253.13;4,683.63;20,094.03;23.63;105.19;-;6,191.75;297.50;2,502.75;316.00;1,322.50
Sep 20, 2025 7:00 AM;Sep 20, 2025 8:00 AM;4,070.19;1,236.10;4,705.74;19,700.78;1,960.08;105.93;-;5,988.50;310.25;2,302.50;442.25;1,341.00
Sep 20, 2025 8:00 AM;Sep 20, 2025 9:00 AM;3,878.27;1,296.81;4,549.97;18,084.07;10,909.73;105.71;-;4,375.75;315.25;2,194.00;217.25;1,328.50
Sep 20, 2025 9:00 AM;Sep 20, 2025 10:00 AM;3,612.42;1,486.95;4,720.30;13,554.57;22,674.62;103.73;-;3,231.75;313.50;1,737.50;4.25;1,320.50
Sep 20, 2025 10:00 AM;Sep 20, 2025 11:00 AM;3,456.78;1,528.57;4,481.55;9,018.75;32,456.66;101.23;-;3,247.75;302.00;1,658.50;83.50;1,339.50
Sep 20, 2025 11:00 AM;Sep 20, 2025 12:00 PM;3,315.36;1,461.43;4,017.19;6,569.60;38,591.89;97.30;-;3,147.25;288.25;1,615.75;5.25;1,337.00
Sep 20, 2025 12:00 PM;Sep 20, 2025 1:00 PM;3,219.68;1,371.07;3,472.40;6,197.11;40,744.06;96.51;-;3,116.25;277.75;1,585.50;6.25;1,310.75
Sep 20, 2025 1:00 PM;Sep 20, 2025 2:00 PM;3,191.16;1,303.67;3,399.19;7,132.52;39,374.77;94.79;-;3,114.00;277.50;1,583.75;10.25;1,310.00
Sep 20, 2025 2:00 PM;Sep 20, 2025 3:00 PM;3,180.27;1,355.36;3,963.80;9,311.52;35,504.89;95.40;-;3,068.75;281.75;1,589.75;12.75;1,302.75
Sep 20, 2025 3:00 PM;Sep 20, 2025 4:00 PM;3,218.34;1,352.86;5,272.66;11,659.66;29,898.77;96.03;-;3,116.75;290.50;1,630.25;16.75;1,324.25
Sep 20, 2025 4:00 PM;Sep 20, 2025 5:00 PM;3,423.02;1,447.39;3,806.96;13,227.59;22,213.62;96.32;-;3,606.00;307.75;1,777.00;125.00;1,368.25
Sep 20, 2025 5:00 PM;Sep 20, 2025 6:00 PM;3,818.86;1,392.28;3,093.57;12,319.14;11,486.06;96.70;-;5,856.25;367.00;2,369.25;2,971.00;1,357.25
Sep 20, 2025 6:00 PM;Sep 20, 2025 7:00 PM;4,245.62;1,534.37;3,772.53;10,115.07;2,982.70;98.78;-;6,620.00;438.50;2,616.50;4,700.00;1,360.50
Sep 20, 2025 7:00 PM;Sep 20, 2025 8:00 PM;4,377.78;1,486.44;4,309.38;10,741.74;143.25;100.86;-;6,642.00;466.25;2,793.25;4,899.75;1,359.50
Sep 20, 2025 8:00 PM;Sep 20, 2025 9:00 PM;4,321.66;1,412.59;5,065.76;12,643.77;39.72;103.35;-;6,492.25;393.75;2,641.75;3,889.75;1,350.00
Sep 20, 2025 9:00 PM;Sep 20, 2025 10:00 PM;4,175.72;1,337.28;5,556.81;14,745.76;22.47;103.41;-;5,980.75;334.50;2,696.25;2,725.50;1,357.50
Sep 20, 2025 10:00 PM;Sep 20, 2025 11:00 PM;3,987.80;1,314.06;5,734.40;15,606.21;13.11;104.66;-;5,233.50;310.25;2,811.00;1,913.75;1,371.25
Sep 20, 2025 11:00 PM;Sep 21, 2025 12:00 AM;3,818.33;1,401.94;5,260.77;16,755.36;13.68;103.13;-;4,751.00;423.50;2,558.00;754.00;1,372.75
Sep 21, 2025 12:00 AM;Sep 21, 2025 1:00 AM;3,673.05;1,191.74;5,670.37;18,155.51;11.33;101.97;-;3,825.50;421.00;2,632.75;51.50;1,381.75
Sep 21, 2025 1:00 AM;Sep 21, 2025 2:00 AM;3,592.17;1,247.77;5,714.05;18,847.89;5.69;101.13;-;3,185.50;411.50;2,422.00;74.50;1,381.00
Sep 21, 2025 2:00 AM;Sep 21, 2025 3:00 AM;3,550.80;1,241.76;5,748.88;18,909.57;5.53;102.06;-;3,163.25;387.50;2,489.00;133.50;1,365.50
Sep 21, 2025 3:00 AM;Sep 21, 2025 4:00 AM;3,543.91;1,294.99;5,546.32;18,753.84;7.57;102.76;-;3,196.00;412.75;2,669.25;179.25;1,366.25
Sep 21, 2025 4:00 AM;Sep 21, 2025 5:00 AM;3,541.23;1,257.45;4,736.32;19,518.62;6.08;103.52;-;3,288.25;758.00;3,059.75;137.75;1,372.00
Sep 21, 2025 5:00 AM;Sep 21, 2025 6:00 AM;3,619.19;1,216.56;4,626.23;19,696.32;8.11;103.29;-;3,537.25;882.50;3,028.00;92.00;1,366.75
Sep 21, 2025 6:00 AM;Sep 21, 2025 7:00 AM;3,721.06;1,278.58;4,873.00;22,008.66;14.57;104.41;-;3,568.50;986.50;2,993.25;67.50;1,367.25
Sep 21, 2025 7:00 AM;Sep 21, 2025 8:00 AM;3,751.70;1,250.17;5,226.42;23,095.25;1,471.88;103.51;-;3,504.50;987.75;2,871.00;26.25;1,368.50
Sep 21, 2025 8:00 AM;Sep 21, 2025 9:00 AM;3,665.54;1,349.31;5,272.76;23,317.39;7,089.78;103.06;-;3,242.25;1,130.50;2,504.00;40.50;1,374.50
Sep 21, 2025 9:00 AM;Sep 21, 2025 10:00 AM;3,513.45;1,413.83;4,423.43;23,362.02;13,826.40;103.79;-;3,066.00;1,518.00;2,012.50;129.75;1,372.00
Sep 21, 2025 10:00 AM;Sep 21, 2025 11:00 AM;3,379.36;1,389.34;4,413.69;21,249.83;20,713.34;99.68;-;3,062.00;1,377.50;1,924.50;156.00;1,385.50
Sep 21, 2025 11:00 AM;Sep 21, 2025 12:00 PM;3,295.22;1,519.08;4,822.54;19,234.47;24,207.55;94.28;-;3,050.25;943.25;1,855.50;109.00;1,369.50
Sep 21, 2025 12:00 PM;Sep 21, 2025 1:00 PM;3,216.24;1,420.22;4,771.88;18,005.68;25,222.55;93.14;-;3,039.25;747.00;1,845.25;128.75;1,380.75
Sep 21, 2025 1:00 PM;Sep 21, 2025 2:00 PM;3,199.18;1,423.97;4,959.16;17,645.06;23,551.23;97.28;-;3,298.25;712.50;1,838.00;158.00;1,384.50
Sep 21, 2025 2:00 PM;Sep 21, 2025 3:00 PM;3,224.40;1,345.13;4,734.62;18,276.77;20,382.60;96.68;-;3,376.50;998.00;1,838.25;131.50;1,376.25
Sep 21, 2025 3:00 PM;Sep 21, 2025 4:00 PM;3,278.07;1,339.88;4,730.11;20,057.80;15,798.35;96.55;-;3,494.25;1,215.25;1,899.00;281.75;1,368.00
Sep 21, 2025 4:00 PM;Sep 21, 2025 5:00 PM;3,469.47;1,535.07;5,399.70;20,420.17;10,563.47;99.90;-;3,722.75;1,327.25;2,054.00;423.50;1,379.25
Sep 21, 2025 5:00 PM;Sep 21, 2025 6:00 PM;3,679.05;1,377.69;6,295.79;18,373.32;4,890.81;99.93;-;5,057.25;1,369.50;2,440.00;1,079.00;1,372.75
Sep 21, 2025 6:00 PM;Sep 21, 2025 7:00 PM;4,114.70;1,315.25;6,749.83;16,087.58;1,238.79;99.95;-;6,280.50;1,368.50;3,239.25;2,093.00;1,378.25
Sep 21, 2025 7:00 PM;Sep 21, 2025 8:00 PM;4,301.85;1,330.60;6,506.41;14,617.03;69.15;100.52;-;7,028.50;1,182.00;3,506.50;2,617.50;1,382.75
Sep 21, 2025 8:00 PM;Sep 21, 2025 9:00 PM;4,296.05;1,330.38;6,201.24;12,849.90;17.09;100.67;-;7,459.75;1,132.00;3,574.25;1,773.75;1,375.00
Sep 21, 2025 9:00 PM;Sep 21, 2025 10:00 PM;4,170.68;1,256.11;6,083.12;12,023.99;9.46;100.27;-;7,598.75;1,073.50;3,531.00;805.00;1,389.50
Sep 21, 2025 10:00 PM;Sep 21, 2025 11:00 PM;3,983.20;1,306.86;6,326.08;10,927.21;8.82;99.43;-;7,954.25;933.25;3,367.25;280.00;1,397.00
Sep 21, 2025 11:00 PM;Sep 22, 2025 12:00 AM;3,792.88;1,308.19;6,315.57;10,640.10;6.98;98.70;-;7,595.75;797.25;3,148.25;81.50;1,380.50
Sep 22, 2025 12:00 AM;Sep 22, 2025 1:00 AM;3,567.36;1,270.68;5,885.82;10,387.02;7.06;99.18;-;7,366.50;786.75;2,708.25;17.50;1,294.50
Sep 22, 2025 1:00 AM;Sep 22, 2025 2:00 AM;3,508.22;1,231.82;6,047.52;10,088.31;7.01;99.18;-;7,363.25;783.00;2,388.50;3.75;1,390.00
Sep 22, 2025 2:00 AM;Sep 22, 2025 3:00 AM;3,498.76;1,227.48;6,349.86;10,201.08;8.86;99.04;-;7,150.25;778.75;2,419.00;3.00;1,371.00
Sep 22, 2025 3:00 AM;Sep 22, 2025 4:00 AM;3,497.93;1,271.89;6,362.29;11,181.66;7.15;99.59;-;7,117.00;791.50;2,456.25;34.00;1,374.25
Sep 22, 2025 4:00 AM;Sep 22, 2025 5:00 AM;3,549.41;1,344.92;6,376.67;11,577.64;6.73;99.15;-;7,320.75;1,261.75;2,511.75;49.00;1,357.75
Sep 22, 2025 5:00 AM;Sep 22, 2025 6:00 AM;3,667.49;1,270.38;6,537.97;11,984.90;7.21;98.08;-;8,194.75;1,648.25;2,850.00;54.75;1,362.00
Sep 22, 2025 6:00 AM;Sep 22, 2025 7:00 AM;4,015.39;1,406.37;5,951.29;12,238.17;23.12;98.52;-;9,261.25;2,051.25;4,176.50;1,657.25;1,396.25
Sep 22, 2025 7:00 AM;Sep 22, 2025 8:00 AM;4,222.92;1,471.67;5,889.12;12,283.37;627.48;99.57;-;9,990.75;2,297.75;4,822.50;3,720.50;1,433.50
Sep 22, 2025 8:00 AM;Sep 22, 2025 9:00 AM;4,165.49;1,486.56;5,590.24;11,900.80;3,281.70;100.61;-;10,177.75;2,370.50;4,996.25;3,143.75;1,441.25
Sep 22, 2025 9:00 AM;Sep 22, 2025 10:00 AM;3,955.21;1,429.01;5,028.71;10,759.59;7,634.30;99.02;-;9,832.00;2,157.50;4,836.25;835.25;1,484.75
Sep 22, 2025 10:00 AM;Sep 22, 2025 11:00 AM;3,694.69;1,487.50;4,420.31;10,636.31;12,418.74;96.99;-;9,050.50;1,823.25;4,061.25;197.50;1,478.25
Sep 22, 2025 11:00 AM;Sep 22, 2025 12:00 PM;3,480.49;1,461.34;4,503.06;12,493.02;16,453.74;98.40;-;7,454.75;1,194.75;3,393.75;10.00;1,468.50
Sep 22, 2025 12:00 PM;Sep 22, 2025 1:00 PM;3,452.74;1,519.86;4,377.34;14,472.05;17,814.95;100.00;-;5,457.25;1,168.75;3,185.25;36.25;1,474.00
Sep 22, 2025 1:00 PM;Sep 22, 2025 2:00 PM;3,457.71;1,451.83;4,329.84;15,843.77;17,235.06;99.60;-;5,292.75;1,223.50;3,148.25;4.25;1,445.75
Sep 22, 2025 2:00 PM;Sep 22, 2025 3:00 PM;3,531.40;1,480.54;4,758.47;16,611.77;15,953.18;100.47;-;5,619.25;1,336.25;3,222.75;169.25;1,425.25
Sep 22, 2025 3:00 PM;Sep 22, 2025 4:00 PM;3,613.69;1,501.89;4,401.55;16,429.05;13,605.04;102.08;-;6,180.00;1,698.50;3,363.25;17.75;1,395.00
Sep 22, 2025 4:00 PM;Sep 22, 2025 5:00 PM;3,817.60;1,547.92;4,489.95;15,605.87;9,812.86;103.25;-;8,129.50;2,715.00;4,230.00;262.75;1,425.00
Sep 22, 2025 5:00 PM;Sep 22, 2025 6:00 PM;4,108.37;1,680.65;4,243.57;13,707.44;5,573.70;103.83;-;9,566.75;3,471.50;6,531.50;636.00;1,424.25
Sep 22, 2025 6:00 PM;Sep 22, 2025 7:00 PM;4,501.20;1,834.06;4,175.20;11,255.16;1,566.78;102.76;-;9,883.75;3,908.25;8,097.75;2,643.00;1,491.50
Sep 22, 2025 7:00 PM;Sep 22, 2025 8:00 PM;4,605.92;1,801.57;4,442.52;10,355.68;80.07;103.93;-;9,796.75;4,009.00;8,765.25;4,537.75;1,532.75
Sep 22, 2025 8:00 PM;Sep 22, 2025 9:00 PM;4,536.19;1,724.80;4,283.57;10,583.13;13.74;103.19;-;9,737.50;3,940.50;8,822.75;2,331.00;1,521.00
Sep 22, 2025 9:00 PM;Sep 22, 2025 10:00 PM;4,380.46;1,673.52;3,822.19;10,374.51;9.63;102.92;-;9,751.00;3,874.25;8,785.00;683.25;1,503.50
Sep 22, 2025 10:00 PM;Sep 22, 2025 11:00 PM;4,161.81;1,648.86;3,790.64;10,421.28;6.91;103.72;-;9,432.25;3,745.50;8,546.50;24.25;1,472.50
Sep 22, 2025 11:00 PM;Sep 23, 2025 12:00 AM;3,952.54;1,643.18;3,664.11;9,896.72;6.04;102.58;-;9,279.50;3,525.50;7,054.25;34.00;1,381.50
Sep 23, 2025 12:00 AM;Sep 23, 2025 1:00 AM;3,811.20;1,630.15;3,496.18;8,636.52;6.74;103.24;-;9,253.25;3,534.75;7,093.25;140.50;1,351.00
Sep 23, 2025 1:00 AM;Sep 23, 2025 2:00 AM;3,760.44;1,648.40;3,220.79;8,119.62;6.76;105.35;-;9,528.50;3,554.75;6,735.50;20.00;1,426.00
Sep 23, 2025 2:00 AM;Sep 23, 2025 3:00 AM;3,753.31;1,622.71;3,187.31;8,189.29;6.11;105.83;-;9,649.00;3,542.75;6,687.00;16.25;1,438.00
Sep 23, 2025 3:00 AM;Sep 23, 2025 4:00 AM;3,748.96;1,608.77;2,943.86;7,893.63;6.05;105.53;-;9,627.50;3,535.00;6,883.75;19.00;1,476.25
Sep 23, 2025 4:00 AM;Sep 23, 2025 5:00 AM;3,813.69;1,613.64;2,798.62;7,804.18;5.97;105.14;-;9,624.25;3,481.25;7,432.00;41.25;1,497.00
Sep 23, 2025 5:00 AM;Sep 23, 2025 6:00 AM;3,932.02;1,639.30;2,229.88;7,469.93;6.36;103.90;-;9,773.00;3,555.75;8,615.00;445.25;1,490.50
Sep 23, 2025 6:00 AM;Sep 23, 2025 7:00 AM;4,325.28;1,765.75;1,928.78;7,612.05;15.37;102.26;-;10,142.25;3,873.50;9,761.75;3,161.25;1,481.75
Sep 23, 2025 7:00 AM;Sep 23, 2025 8:00 AM;4,513.31;1,966.17;1,674.32;7,315.35;1,113.93;100.13;-;10,177.00;3,922.25;11,156.50;4,872.75;1,471.00
Sep 23, 2025 8:00 AM;Sep 23, 2025 9:00 AM;4,455.64;1,971.30;1,306.01;6,258.23;6,742.51;98.15;-;10,122.00;3,941.50;10,993.50;2,936.25;1,439.00
Sep 23, 2025 9:00 AM;Sep 23, 2025 10:00 AM;4,229.17;1,727.55;1,240.94;5,034.92;15,307.45;99.15;-;10,025.00;3,880.00;10,039.00;880.25;1,455.75
Sep 23, 2025 10:00 AM;Sep 23, 2025 11:00 AM;3,898.74;1,813.04;1,047.31;4,988.07;22,742.39;101.10;-;9,515.25;2,858.50;7,995.50;179.50;1,491.50
Sep 23, 2025 11:00 AM;Sep 23, 2025 12:00 PM;3,664.78;1,762.25;918.80;5,885.11;26,641.32;102.27;-;8,554.75;1,858.00;6,452.25;78.50;1,439.75
Sep 23, 2025 12:00 PM;Sep 23, 2025 1:00 PM;3,504.09;1,647.56;882.08;6,811.63;27,719.67;101.82;-;7,623.25;1,872.00;5,444.50;17.00;1,444.25
Sep 23, 2025 1:00 PM;Sep 23, 2025 2:00 PM;3,505.56;1,641.09;909.31;7,870.23;27,083.19;103.20;-;7,685.50;1,844.00;5,672.75;31.25;1,474.00
Sep 23, 2025 2:00 PM;Sep 23, 2025 3:00 PM;3,546.76;1,706.06;907.13;9,239.93;24,053.58;103.30;-;7,801.75;1,977.00;5,914.50;4.25;1,450.75
Sep 23, 2025 3:00 PM;Sep 23, 2025 4:00 PM;3,651.49;1,657.97;807.87;10,828.15;19,785.52;104.27;-;8,261.25;2,611.75;6,835.00;10.50;1,465.25
Sep 23, 2025 4:00 PM;Sep 23, 2025 5:00 PM;3,893.79;1,549.95;683.38;11,919.56;13,834.06;105.35;-;9,685.25;3,163.25;6,600.50;386.00;1,492.00
Sep 23, 2025 5:00 PM;Sep 23, 2025 6:00 PM;4,264.74;1,683.37;751.51;12,762.75;7,230.40;105.89;-;10,124.50;3,854.75;9,137.00;844.25;1,481.75
Sep 23, 2025 6:00 PM;Sep 23, 2025 7:00 PM;4,581.21;2,129.18;990.95;12,567.51;1,849.50;106.76;-;10,372.50;4,166.75;10,575.50;2,683.75;1,487.00
Sep 23, 2025 7:00 PM;Sep 23, 2025 8:00 PM;4,655.04;2,302.78;1,164.42;13,644.14;131.97;106.96;-;10,418.25;4,274.00;10,745.25;3,887.50;1,474.50
Sep 23, 2025 8:00 PM;Sep 23, 2025 9:00 PM;4,557.88;1,804.29;1,235.59;16,811.37;32.07;107.75;-;10,222.00;4,243.50;10,076.00;2,433.75;1,457.50
Sep 23, 2025 9:00 PM;Sep 23, 2025 10:00 PM;4,347.98;1,614.92;1,380.62;19,424.29;13.70;108.63;-;9,784.75;3,450.25;9,236.75;686.00;1,453.75
Sep 23, 2025 10:00 PM;Sep 23, 2025 11:00 PM;4,087.29;1,596.53;1,346.88;20,698.46;12.26;108.62;-;9,248.25;2,673.00;6,635.25;476.00;1,483.75
Sep 23, 2025 11:00 PM;Sep 24, 2025 12:00 AM;3,913.68;1,601.30;1,211.47;21,128.10;12.86;108.62;-;8,931.75;2,192.50;5,600.75;348.25;1,438.00
Sep 24, 2025 12:00 AM;Sep 24, 2025 1:00 AM;3,808.43;1,547.68;1,218.10;20,757.70;10.51;108.26;-;8,488.50;1,714.75;4,550.00;54.50;1,343.25
Sep 24, 2025 1:00 AM;Sep 24, 2025 2:00 AM;3,758.45;1,532.71;1,215.19;20,398.18;10.21;108.05;-;8,116.25;1,434.50;4,246.25;69.75;1,350.75
Sep 24, 2025 2:00 AM;Sep 24, 2025 3:00 AM;3,741.53;1,510.11;1,259.85;20,382.53;9.35;108.12;-;8,089.25;1,377.75;4,266.75;4.50;1,341.25
Sep 24, 2025 3:00 AM;Sep 24, 2025 4:00 AM;3,726.93;1,496.02;1,182.05;20,510.56;10.10;108.63;-;7,857.50;1,107.50;4,306.25;3.50;1,328.75
Sep 24, 2025 4:00 AM;Sep 24, 2025 5:00 AM;3,763.61;1,507.49;1,045.45;20,948.08;9.46;108.55;-;8,033.50;1,128.25;4,327.75;48.00;1,334.75
Sep 24, 2025 5:00 AM;Sep 24, 2025 6:00 AM;3,911.20;1,526.41;1,173.19;21,420.64;10.40;107.88;-;8,482.50;1,376.00;4,599.25;187.00;1,350.00
Sep 24, 2025 6:00 AM;Sep 24, 2025 7:00 AM;4,297.11;1,608.84;1,354.15;22,638.97;21.72;106.50;-;9,637.00;2,008.50;5,406.00;918.00;1,343.75
Sep 24, 2025 7:00 AM;Sep 24, 2025 8:00 AM;4,458.41;1,748.07;1,510.42;22,919.59;866.10;104.99;-;10,003.75;2,210.25;5,883.25;3,377.00;1,283.50
Sep 24, 2025 8:00 AM;Sep 24, 2025 9:00 AM;4,390.06;1,793.14;1,683.24;21,281.72;5,529.05;105.27;-;9,746.00;2,194.00;5,972.25;1,813.75;1,310.75
Sep 24, 2025 9:00 AM;Sep 24, 2025 10:00 AM;4,179.16;1,647.01;1,684.13;18,311.57;12,158.28;104.05;-;8,806.25;2,285.25;5,601.75;651.00;1,293.75
Sep 24, 2025 10:00 AM;Sep 24, 2025 11:00 AM;3,891.23;1,542.45;1,354.59;18,419.81;17,934.00;103.65;-;7,804.50;2,197.75;4,942.75;272.75;1,277.50
Sep 24, 2025 11:00 AM;Sep 24, 2025 12:00 PM;3,707.62;1,579.42;506.91;21,920.19;21,534.22;104.61;-;5,941.50;1,931.25;4,036.25;68.00;1,238.00
Sep 24, 2025 12:00 PM;Sep 24, 2025 1:00 PM;3,561.76;1,717.88;1,139.25;23,937.60;22,965.78;106.03;-;5,167.00;1,435.75;3,166.00;288.50;1,220.00
Sep 24, 2025 1:00 PM;Sep 24, 2025 2:00 PM;3,555.58;1,723.04;1,619.15;24,931.65;22,245.15;107.03;-;5,099.00;1,418.00;2,848.25;158.25;1,292.00
Sep 24, 2025 2:00 PM;Sep 24, 2025 3:00 PM;3,575.92;1,646.82;1,854.58;26,316.81;20,154.20;108.84;-;5,541.50;1,220.75;2,900.00;40.50;1,309.25
Sep 24, 2025 3:00 PM;Sep 24, 2025 4:00 PM;3,614.89;1,608.41;2,275.86;27,904.54;17,065.64;108.65;-;5,893.25;1,450.00;2,953.25;40.25;1,274.75
Sep 24, 2025 4:00 PM;Sep 24, 2025 5:00 PM;3,821.54;1,629.24;2,786.56;29,955.31;12,259.43;107.40;-;6,711.25;1,538.75;3,370.75;210.25;1,316.50
Sep 24, 2025 5:00 PM;Sep 24, 2025 6:00 PM;4,172.09;1,820.61;3,635.70;29,447.51;6,106.88;107.03;-;8,303.75;1,654.50;4,106.75;1,006.25;1,394.00
Sep 24, 2025 6:00 PM;Sep 24, 2025 7:00 PM;4,584.31;1,890.62;4,738.36;27,103.23;1,306.81;108.43;-;9,355.50;2,032.00;5,038.75;3,125.50;1,446.75
Sep 24, 2025 7:00 PM;Sep 24, 2025 8:00 PM;4,637.58;1,756.20;5,377.71;28,632.07;57.50;108.85;-;9,394.25;2,078.25;5,134.25;4,095.50;1,449.50
Sep 24, 2025 8:00 PM;Sep 24, 2025 9:00 PM;4,521.65;1,639.47;5,774.42;30,989.81;16.53;110.62;-;9,039.25;2,033.00;5,271.75;1,164.00;1,457.25
Sep 24, 2025 9:00 PM;Sep 24, 2025 10:00 PM;4,304.62;1,611.52;5,915.31;32,027.53;11.87;111.19;-;8,443.25;1,378.25;4,850.75;264.00;1,516.50
Sep 24, 2025 10:00 PM;Sep 24, 2025 11:00 PM;4,088.98;1,633.17;5,956.46;30,717.31;8.01;111.41;-;7,565.00;1,086.50;4,167.00;365.25;1,532.25
Sep 24, 2025 11:00 PM;Sep 25, 2025 12:00 AM;3,836.91;1,635.10;5,703.85;30,420.42;10.12;111.87;-;6,421.00;1,088.50;3,091.75;311.25;1,448.00
Sep 25, 2025 12:00 AM;Sep 25, 2025 1:00 AM;3,736.50;1,563.28;6,086.46;30,070.64;10.10;111.68;-;5,286.00;1,065.25;2,752.75;3.25;1,370.25
Sep 25, 2025 1:00 AM;Sep 25, 2025 2:00 AM;3,690.02;1,559.47;6,010.14;29,078.35;10.22;112.23;-;4,753.75;1,105.50;2,661.25;3.00;1,338.25
Sep 25, 2025 2:00 AM;Sep 25, 2025 3:00 AM;3,681.87;1,562.06;5,817.08;27,875.15;9.85;112.70;-;4,689.50;1,040.25;2,633.50;3.00;1,340.50
Sep 25, 2025 3:00 AM;Sep 25, 2025 4:00 AM;3,700.60;1,569.07;5,734.15;27,179.58;9.89;112.96;-;4,739.25;847.25;2,674.00;3.00;1,332.50
Sep 25, 2025 4:00 AM;Sep 25, 2025 5:00 AM;3,755.48;1,581.95;5,582.10;26,916.87;8.93;113.26;-;5,291.25;846.00;2,840.50;3.00;1,357.50
Sep 25, 2025 5:00 AM;Sep 25, 2025 6:00 AM;3,892.69;1,605.61;5,183.60;26,985.89;12.45;113.41;-;6,934.75;859.50;3,148.25;10.50;1,332.75
Sep 25, 2025 6:00 AM;Sep 25, 2025 7:00 AM;4,268.89;1,728.45;5,166.58;27,919.41;25.94;111.48;-;8,360.00;1,022.00;4,173.00;1,196.50;1,353.00
Sep 25, 2025 7:00 AM;Sep 25, 2025 8:00 AM;4,463.38;1,869.57;5,242.69;26,988.34;580.66;110.57;-;8,337.25;1,223.50;4,809.75;3,433.50;1,337.00
Sep 25, 2025 8:00 AM;Sep 25, 2025 9:00 AM;4,452.55;1,896.16;5,006.35;24,785.41;3,648.02;109.11;-;7,859.25;1,328.25;5,262.75;4,639.50;1,365.75
Sep 25, 2025 9:00 AM;Sep 25, 2025 10:00 AM;4,312.45;1,697.58;4,369.71;23,055.41;7,892.99;106.68;-;7,526.50;1,475.75;5,575.50;3,606.25;1,371.00
Sep 25, 2025 10:00 AM;Sep 25, 2025 11:00 AM;3,978.06;1,733.19;3,791.87;22,941.00;11,802.91;106.88;-;7,534.75;1,490.50;4,995.50;1,756.50;1,370.00
Sep 25, 2025 11:00 AM;Sep 25, 2025 12:00 PM;3,756.47;1,754.94;2,520.76;23,758.08;14,554.72;105.51;-;7,787.50;1,494.25;4,868.00;1,078.75;1,411.50
Sep 25, 2025 12:00 PM;Sep 25, 2025 1:00 PM;3,612.72;1,732.71;2,856.15;25,459.53;16,211.83;104.99;-;7,535.25;1,505.50;4,361.00;18.75;1,402.00
Sep 25, 2025 1:00 PM;Sep 25, 2025 2:00 PM;3,592.22;1,784.56;2,849.19;26,205.94;16,571.08;107.62;-;7,185.00;1,616.00;4,138.50;57.75;1,415.25
Sep 25, 2025 2:00 PM;Sep 25, 2025 3:00 PM;3,626.32;1,895.76;2,340.89;26,368.74;15,150.43;109.37;-;7,505.50;1,803.50;4,135.75;216.00;1,406.50
Sep 25, 2025 3:00 PM;Sep 25, 2025 4:00 PM;3,702.31;1,933.15;2,905.26;27,015.63;12,482.14;109.18;-;7,665.00;1,863.75;3,920.00;164.25;1,388.50
Sep 25, 2025 4:00 PM;Sep 25, 2025 5:00 PM;3,886.96;1,765.79;3,578.67;27,029.51;8,678.03;102.51;-;7,890.00;1,923.50;4,419.25;673.75;1,386.25
Sep 25, 2025 5:00 PM;Sep 25, 2025 6:00 PM;4,186.65;1,799.82;4,190.92;25,212.29;4,336.93;110.95;-;8,594.00;2,145.25;5,940.50;1,128.00;1,369.00
Sep 25, 2025 6:00 PM;Sep 25, 2025 7:00 PM;4,618.12;2,120.35;5,232.29;23,639.43;981.25;111.25;-;8,735.75;2,262.50;6,601.00;3,336.75;1,371.25
Sep 25, 2025 7:00 PM;Sep 25, 2025 8:00 PM;4,722.73;2,023.39;6,062.30;23,090.60;51.93;111.27;-;8,724.75;2,195.00;7,127.50;3,646.50;1,401.00
Sep 25, 2025 8:00 PM;Sep 25, 2025 9:00 PM;4,624.17;1,874.33;6,625.00;22,479.13;19.82;112.11;-;8,754.75;1,960.00;6,980.50;2,841.50;1,363.25
Sep 25, 2025 9:00 PM;Sep 25, 2025 10:00 PM;4,431.63;1,804.34;6,581.81;22,471.84;13.24;112.34;-;8,721.00;2,011.00;6,309.75;1,505.25;1,390.25
Sep 25, 2025 10:00 PM;Sep 25, 2025 11:00 PM;4,161.39;1,744.67;6,844.26;20,642.98;9.50;110.80;-;8,589.75;2,033.25;5,541.50;268.50;1,407.25
Sep 25, 2025 11:00 PM;Sep 26, 2025 12:00 AM;3,975.72;1,694.37;6,900.08;19,453.31;6.84;110.38;-;8,422.25;1,941.25;4,268.25;37.50;1,429.75
Sep 26, 2025 12:00 AM;Sep 26, 2025 1:00 AM;3,794.65;1,697.70;7,246.45;17,823.85;6.54;111.20;-;8,081.75;1,488.50;3,989.00;79.50;1,458.00
Sep 26, 2025 1:00 AM;Sep 26, 2025 2:00 AM;3,742.63;1,662.38;6,927.89;16,324.45;5.91;110.74;-;7,992.25;1,223.75;4,064.00;16.25;1,409.25
Sep 26, 2025 2:00 AM;Sep 26, 2025 3:00 AM;3,740.64;1,658.65;6,725.97;15,264.45;6.23;110.77;-;7,857.00;1,313.00;3,929.50;5.25;1,420.75
Sep 26, 2025 3:00 AM;Sep 26, 2025 4:00 AM;3,736.88;1,665.32;6,423.32;14,911.15;6.69;110.15;-;7,992.75;1,241.25;4,017.25;31.75;1,409.75
Sep 26, 2025 4:00 AM;Sep 26, 2025 5:00 AM;3,806.88;1,704.65;6,169.33;14,584.70;6.86;109.31;-;8,335.75;1,583.00;3,953.25;34.75;1,407.25
Sep 26, 2025 5:00 AM;Sep 26, 2025 6:00 AM;3,956.31;1,754.49;6,274.71;14,415.47;7.49;109.39;-;8,936.75;1,862.75;5,056.00;58.75;1,388.25
Sep 26, 2025 6:00 AM;Sep 26, 2025 7:00 AM;4,346.99;1,775.63;6,476.81;14,958.46;11.96;107.36;-;9,098.75;1,971.75;7,048.00;822.75;1,366.25
Sep 26, 2025 7:00 AM;Sep 26, 2025 8:00 AM;4,571.19;1,916.76;6,380.00;15,081.90;411.65;108.53;-;9,172.50;2,084.00;8,269.25;3,084.00;1,409.25
Sep 26, 2025 8:00 AM;Sep 26, 2025 9:00 AM;4,501.09;2,120.63;6,348.97;14,325.36;3,071.87;108.84;-;9,154.00;2,055.25;7,967.75;3,933.25;1,405.25
Sep 26, 2025 9:00 AM;Sep 26, 2025 10:00 AM;4,272.69;1,804.13;6,399.69;14,045.91;7,634.47;107.53;-;9,017.50;2,051.00;7,839.00;1,710.25;1,437.50
Sep 26, 2025 10:00 AM;Sep 26, 2025 11:00 AM;3,927.97;1,742.05;5,485.87;14,948.30;12,381.57;107.17;-;8,863.75;1,992.75;7,090.25;430.25;1,468.00
Sep 26, 2025 11:00 AM;Sep 26, 2025 12:00 PM;3,774.78;1,774.38;4,773.37;15,720.99;15,590.31;108.02;-;7,961.25;1,695.75;6,630.00;550.25;1,453.75
Sep 26, 2025 12:00 PM;Sep 26, 2025 1:00 PM;3,710.57;1,864.74;4,156.98;15,276.95;17,811.59;107.27;-;7,846.25;1,573.75;6,726.00;928.50;1,445.75
Sep 26, 2025 1:00 PM;Sep 26, 2025 2:00 PM;3,662.52;1,687.64;4,212.62;15,122.78;18,432.88;105.53;-;7,822.50;1,658.50;6,461.00;403.00;1,442.00
Sep 26, 2025 2:00 PM;Sep 26, 2025 3:00 PM;3,659.52;1,667.70;4,155.72;16,051.22;17,280.14;105.22;-;7,482.75;1,616.75;6,670.75;162.25;1,447.25
Sep 26, 2025 3:00 PM;Sep 26, 2025 4:00 PM;3,703.79;1,761.80;4,533.37;16,576.49;15,229.48;105.96;-;7,988.50;1,669.50;6,296.50;209.50;1,453.25
Sep 26, 2025 4:00 PM;Sep 26, 2025 5:00 PM;3,944.18;1,864.47;4,922.07;16,504.88;10,594.85;106.56;-;8,662.50;1,865.75;7,285.00;309.25;1,468.25
Sep 26, 2025 5:00 PM;Sep 26, 2025 6:00 PM;4,281.80;1,753.09;5,279.58;15,996.33;4,800.16;107.71;-;9,195.50;1,872.75;8,172.50;1,152.25;1,482.25
Sep 26, 2025 6:00 PM;Sep 26, 2025 7:00 PM;4,665.56;1,854.12;6,308.83;14,736.14;1,038.36;108.05;-;9,111.50;1,897.25;7,860.75;3,098.25;1,470.75
Sep 26, 2025 7:00 PM;Sep 26, 2025 8:00 PM;4,762.19;1,960.67;6,905.62;15,105.44;78.32;108.54;-;8,965.75;1,922.75;7,434.50;3,368.50;1,472.50
Sep 26, 2025 8:00 PM;Sep 26, 2025 9:00 PM;4,714.36;1,814.18;6,679.42;15,714.22;52.01;108.99;-;9,204.75;2,018.00;7,385.00;2,331.50;1,451.25
Sep 26, 2025 9:00 PM;Sep 26, 2025 10:00 PM;4,547.73;1,762.70;6,438.12;15,696.61;14.17;109.44;-;9,206.25;2,099.25;7,144.50;695.75;1,453.00
Sep 26, 2025 10:00 PM;Sep 26, 2025 11:00 PM;4,282.38;1,719.79;6,377.01;14,607.74;11.62;108.26;-;8,857.50;2,138.25;6,635.50;417.00;1,430.00
Sep 26, 2025 11:00 PM;Sep 27, 2025 12:00 AM;4,080.68;1,597.38;6,045.10;13,788.73;6.90;107.99;-;8,753.50;2,087.00;5,529.75;94.75;1,417.75
Sep 27, 2025 12:00 AM;Sep 27, 2025 1:00 AM;3,918.55;1,628.32;5,527.96;12,664.39;6.73;105.77;-;8,590.25;1,338.00;4,821.00;95.25;1,445.00
Sep 27, 2025 1:00 AM;Sep 27, 2025 2:00 AM;3,876.33;1,606.15;4,498.65;11,685.81;7.06;106.02;-;8,548.75;1,215.00;4,211.25;55.25;1,424.25
Sep 27, 2025 2:00 AM;Sep 27, 2025 3:00 AM;3,834.05;1,622.17;4,035.39;10,718.07;6.14;106.43;-;8,232.25;1,194.25;4,173.75;23.00;1,440.25
Sep 27, 2025 3:00 AM;Sep 27, 2025 4:00 AM;3,832.69;1,623.54;3,529.65;10,274.43;6.71;106.37;-;7,587.75;1,191.00;4,457.75;4.50;1,417.00
Sep 27, 2025 4:00 AM;Sep 27, 2025 5:00 AM;3,870.34;1,596.94;3,561.03;9,834.14;6.34;106.43;-;7,653.00;1,200.00;4,384.75;4.00;1,425.25
Sep 27, 2025 5:00 AM;Sep 27, 2025 6:00 AM;3,962.55;1,659.84;3,410.60;9,001.90;6.49;106.98;-;7,915.25;1,167.25;4,751.50;4.25;1,393.00
Sep 27, 2025 6:00 AM;Sep 27, 2025 7:00 AM;4,239.33;1,630.12;3,700.11;9,111.21;9.30;103.70;-;8,072.50;1,141.25;4,967.50;152.75;1,399.75
Sep 27, 2025 7:00 AM;Sep 27, 2025 8:00 AM;4,388.33;1,676.29;3,476.30;9,436.43;533.01;103.63;-;7,678.25;1,219.75;5,753.00;287.50;1,402.25
Sep 27, 2025 8:00 AM;Sep 27, 2025 9:00 AM;4,332.92;1,779.63;3,560.63;8,632.60;3,713.09;104.84;-;7,381.25;1,340.50;5,782.25;372.25;1,395.50
Sep 27, 2025 9:00 AM;Sep 27, 2025 10:00 AM;4,146.56;1,811.08;2,525.72;6,775.96;8,985.59;105.08;-;7,070.25;1,433.50;5,603.00;454.00;1,394.00
Sep 27, 2025 10:00 AM;Sep 27, 2025 11:00 AM;3,901.60;1,765.65;2,828.28;5,413.61;14,599.53;105.03;-;6,571.00;1,229.25;4,688.75;65.50;1,371.50
Sep 27, 2025 11:00 AM;Sep 27, 2025 12:00 PM;3,764.26;1,885.45;2,438.48;4,969.16;18,596.71;104.78;-;6,235.00;1,039.50;4,415.00;82.50;1,510.00
Sep 27, 2025 12:00 PM;Sep 27, 2025 1:00 PM;3,706.53;1,859.68;2,468.09;4,705.87;20,864.63;104.79;-;6,267.25;969.00;4,588.25;13.75;1,679.00
Sep 27, 2025 1:00 PM;Sep 27, 2025 2:00 PM;3,707.96;1,888.27;2,152.46;4,406.40;21,079.33;104.51;-;6,225.75;887.50;4,551.25;6.75;1,569.25
Sep 27, 2025 2:00 PM;Sep 27, 2025 3:00 PM;3,708.90;1,835.01;2,081.44;4,189.23;20,849.49;103.86;-;6,208.25;864.75;4,081.00;12.75;1,652.25
Sep 27, 2025 3:00 PM;Sep 27, 2025 4:00 PM;3,736.10;1,878.79;2,812.93;4,382.26;18,191.11;103.83;-;6,496.50;963.75;4,375.75;3.50;1,789.25
Sep 27, 2025 4:00 PM;Sep 27, 2025 5:00 PM;3,960.37;1,851.99;3,123.44;4,869.28;12,844.50;103.96;-;7,315.50;1,204.75;5,687.75;16.75;1,726.50
Sep 27, 2025 5:00 PM;Sep 27, 2025 6:00 PM;4,305.66;1,711.73;3,001.44;4,983.19;6,299.69;104.02;-;8,437.25;1,465.75;7,042.50;1,502.25;1,756.50
Sep 27, 2025 6:00 PM;Sep 27, 2025 7:00 PM;4,674.00;1,848.11;2,843.54;4,946.05;1,282.86;104.08;-;8,596.00;1,629.50;7,525.00;3,161.75;1,750.50
Sep 27, 2025 7:00 PM;Sep 27, 2025 8:00 PM;4,726.59;1,876.19;2,819.70;5,520.37;77.73;105.92;-;8,706.75;1,630.00;7,788.25;4,079.25;1,747.50
Sep 27, 2025 8:00 PM;Sep 27, 2025 9:00 PM;4,659.23;1,770.61;2,481.60;6,051.70;50.20;106.87;-;8,725.25;1,623.00;7,682.00;2,498.25;1,747.00
Sep 27, 2025 9:00 PM;Sep 27, 2025 10:00 PM;4,516.00;1,677.13;2,246.09;6,245.08;15.44;107.11;-;8,724.75;1,620.75;7,555.00;1,621.75;1,760.00
Sep 27, 2025 10:00 PM;Sep 27, 2025 11:00 PM;4,308.10;1,633.46;1,880.09;5,937.29;8.01;107.48;-;8,766.25;1,500.50;7,516.50;1,234.00;1,779.00
Sep 27, 2025 11:00 PM;Sep 28, 2025 12:00 AM;4,150.04;1,601.33;1,766.91;5,625.73;7.45;108.15;-;8,565.25;1,526.25;6,933.50;262.75;1,755.50
Sep 28, 2025 12:00 AM;Sep 28, 2025 1:00 AM;3,998.30;1,608.44;1,492.82;5,033.78;10.03;108.49;-;8,343.25;1,538.00;6,719.75;164.75;1,658.50
Sep 28, 2025 1:00 AM;Sep 28, 2025 2:00 AM;3,903.35;1,556.15;1,242.19;4,469.54;7.06;108.51;-;8,048.50;1,546.75;6,635.75;7.25;1,644.75
Sep 28, 2025 2:00 AM;Sep 28, 2025 3:00 AM;3,857.24;1,570.23;904.61;3,839.67;5.91;108.87;-;8,048.00;1,548.75;6,620.25;3.50;1,645.75
Sep 28, 2025 3:00 AM;Sep 28, 2025 4:00 AM;3,872.34;1,554.46;696.17;3,224.62;6.03;108.92;-;7,985.00;1,558.75;6,594.25;119.00;1,631.00
Sep 28, 2025 4:00 AM;Sep 28, 2025 5:00 AM;3,922.79;1,523.57;641.03;3,019.81;5.79;109.38;-;8,007.50;1,562.00;6,759.00;74.25;1,630.25
Sep 28, 2025 5:00 AM;Sep 28, 2025 6:00 AM;4,006.10;1,513.99;604.36;2,744.07;6.17;109.39;-;8,022.50;1,566.25;6,870.25;183.00;1,612.75
Sep 28, 2025 6:00 AM;Sep 28, 2025 7:00 AM;4,213.98;1,526.97;682.80;2,662.17;10.94;108.39;-;8,024.00;1,585.50;7,024.75;203.25;1,609.50
Sep 28, 2025 7:00 AM;Sep 28, 2025 8:00 AM;4,298.19;1,526.90;696.53;3,037.74;662.76;108.69;-;8,022.50;1,590.00;7,104.00;269.75;1,641.00
Sep 28, 2025 8:00 AM;Sep 28, 2025 9:00 AM;4,163.62;1,551.05;784.61;2,969.17;5,676.06;109.06;-;7,997.75;1,481.25;6,598.50;120.50;1,691.75
Sep 28, 2025 9:00 AM;Sep 28, 2025 10:00 AM;4,024.63;1,649.46;717.19;1,909.88;13,585.21;108.52;-;7,136.75;1,183.75;4,233.25;119.25;1,670.75
Sep 28, 2025 10:00 AM;Sep 28, 2025 11:00 AM;3,868.99;1,659.90;547.82;1,115.66;21,388.36;107.92;-;6,019.50;602.00;3,362.25;64.25;1,672.50
Sep 28, 2025 11:00 AM;Sep 28, 2025 12:00 PM;3,749.15;1,607.19;529.44;1,552.33;27,820.34;106.81;-;4,722.75;540.00;2,716.50;3.25;1,625.25
Sep 28, 2025 12:00 PM;Sep 28, 2025 1:00 PM;3,680.13;1,503.39;343.39;2,324.90;31,020.26;106.21;-;4,208.25;518.25;2,267.00;4.75;1,574.00
Sep 28, 2025 1:00 PM;Sep 28, 2025 2:00 PM;3,673.07;1,629.57;261.63;2,139.92;31,443.10;105.58;-;4,209.75;505.75;2,209.50;4.50;1,582.75
Sep 28, 2025 2:00 PM;Sep 28, 2025 3:00 PM;3,679.29;1,694.00;355.30;1,576.30;29,653.76;106.17;-;4,287.50;507.75;2,250.00;4.00;1,607.00
Sep 28, 2025 3:00 PM;Sep 28, 2025 4:00 PM;3,734.00;1,698.60;551.30;1,450.35;25,704.35;105.86;-;5,197.75;664.00;2,414.75;6.25;1,604.25
Sep 28, 2025 4:00 PM;Sep 28, 2025 5:00 PM;3,891.12;1,751.69;658.43;1,805.91;18,440.98;105.45;-;7,446.00;1,251.50;4,269.50;9.25;1,709.50
Sep 28, 2025 5:00 PM;Sep 28, 2025 6:00 PM;4,219.22;1,632.01;792.61;2,531.21;9,078.78;105.62;-;8,735.25;2,010.50;8,047.25;642.75;1,716.50
Sep 28, 2025 6:00 PM;Sep 28, 2025 7:00 PM;4,608.72;1,853.40;939.77;3,394.67;1,701.30;106.15;-;9,903.50;2,294.00;9,596.00;2,511.50;1,755.50
Sep 28, 2025 7:00 PM;Sep 28, 2025 8:00 PM;4,711.73;1,989.09;1,180.18;5,844.05;31.29;106.44;-;10,152.25;2,421.50;9,838.25;3,952.25;1,707.00
Sep 28, 2025 8:00 PM;Sep 28, 2025 9:00 PM;4,636.85;1,613.91;1,720.39;8,632.12;9.95;107.05;-;10,402.50;2,371.25;9,666.75;1,223.75;1,683.75
Sep 28, 2025 9:00 PM;Sep 28, 2025 10:00 PM;4,450.65;1,518.85;1,908.98;9,566.70;8.42;107.43;-;10,433.50;2,337.50;9,708.75;287.50;1,691.75
Sep 28, 2025 10:00 PM;Sep 28, 2025 11:00 PM;4,251.92;1,514.62;1,983.84;8,745.95;6.68;107.87;-;10,421.50;2,272.00;9,790.75;455.75;1,717.25
Sep 28, 2025 11:00 PM;Sep 29, 2025 12:00 AM;4,075.75;1,471.92;1,756.24;7,351.33;6.81;108.66;-;10,301.25;2,091.50;9,471.25;51.50;1,723.50
Sep 29, 2025 12:00 AM;Sep 29, 2025 1:00 AM;3,878.07;1,452.53;1,350.89;6,101.64;8.06;108.97;-;10,223.50;2,086.00;9,238.75;40.25;1,745.00
Sep 29, 2025 1:00 AM;Sep 29, 2025 2:00 AM;3,772.99;1,438.08;1,093.06;5,124.00;7.95;109.57;-;9,941.00;2,078.25;8,678.50;4.00;1,729.50
Sep 29, 2025 2:00 AM;Sep 29, 2025 3:00 AM;3,715.96;1,436.49;842.94;4,530.35;6.04;109.84;-;9,904.00;2,054.25;9,375.75;3.25;1,745.75
Sep 29, 2025 3:00 AM;Sep 29, 2025 4:00 AM;3,771.71;1,443.18;659.24;4,009.45;5.95;109.87;-;9,892.50;2,270.50;9,541.00;95.75;1,757.25
Sep 29, 2025 4:00 AM;Sep 29, 2025 5:00 AM;3,801.74;1,457.83;465.17;3,592.81;5.80;110.27;-;9,901.75;2,529.25;9,966.00;113.00;1,769.25
Sep 29, 2025 5:00 AM;Sep 29, 2025 6:00 AM;4,017.11;1,555.84;451.66;3,416.11;6.30;110.68;-;10,484.25;2,927.50;10,811.00;217.50;1,710.25
Sep 29, 2025 6:00 AM;Sep 29, 2025 7:00 AM;4,426.77;1,711.11;498.17;3,472.55;15.25;107.75;-;10,895.25;3,485.75;12,473.25;2,568.50;1,675.25
Sep 29, 2025 7:00 AM;Sep 29, 2025 8:00 AM;4,542.15;2,176.64;516.61;3,625.02;773.96;107.80;-;11,031.75;3,735.50;13,068.00;4,814.50;1,677.75
Sep 29, 2025 8:00 AM;Sep 29, 2025 9:00 AM;4,525.25;1,841.01;619.39;3,510.55;5,608.94;86.96;-;10,923.00;4,087.25;12,933.50;3,697.00;1,714.50
Sep 29, 2025 9:00 AM;Sep 29, 2025 10:00 AM;4,268.25;1,590.61;764.37;2,368.57;13,504.52;96.63;-;10,132.00;4,178.00;12,139.50;1,732.25;1,696.75
Sep 29, 2025 10:00 AM;Sep 29, 2025 11:00 AM;3,948.62;1,498.02;943.44;1,366.89;21,839.60;105.38;-;9,936.75;3,976.25;10,814.25;275.00;1,828.75
Sep 29, 2025 11:00 AM;Sep 29, 2025 12:00 PM;3,773.10;1,479.88;926.22;1,740.19;28,358.95;104.79;-;8,231.00;3,697.25;9,128.75;70.50;1,700.50
Sep 29, 2025 12:00 PM;Sep 29, 2025 1:00 PM;3,684.18;1,544.56;899.85;2,603.99;31,997.09;106.07;-;6,612.00;2,988.75;6,807.25;48.25;1,664.00
Sep 29, 2025 1:00 PM;Sep 29, 2025 2:00 PM;3,705.59;1,569.30;929.23;2,897.53;32,020.96;106.17;-;6,319.75;2,475.50;6,685.75;20.50;1,682.00
Sep 29, 2025 2:00 PM;Sep 29, 2025 3:00 PM;3,671.50;1,607.60;1,066.32;2,583.24;28,905.19;106.74;-;6,910.25;2,674.50;7,585.00;9.25;1,683.25
Sep 29, 2025 3:00 PM;Sep 29, 2025 4:00 PM;3,763.32;1,601.44;1,083.87;2,430.06;23,163.80;108.23;-;8,538.50;3,473.25;8,566.00;10.00;1,719.25
Sep 29, 2025 4:00 PM;Sep 29, 2025 5:00 PM;3,993.12;1,531.90;1,135.40;2,560.82;15,209.38;108.05;-;10,064.75;3,933.00;10,282.00;246.75;1,757.75
Sep 29, 2025 5:00 PM;Sep 29, 2025 6:00 PM;4,390.53;1,570.14;1,384.32;2,819.15;7,164.65;107.24;-;10,769.75;4,209.00;12,272.00;1,435.00;1,813.50
Sep 29, 2025 6:00 PM;Sep 29, 2025 7:00 PM;4,758.61;1,715.23;1,451.27;3,379.62;1,245.87;108.55;-;10,954.50;4,276.00;13,286.00;3,669.50;1,847.50
Sep 29, 2025 7:00 PM;Sep 29, 2025 8:00 PM;4,794.51;1,747.49;1,348.79;4,695.34;54.92;109.10;-;10,971.75;4,289.50;13,215.25;4,060.00;1,752.50
Sep 29, 2025 8:00 PM;Sep 29, 2025 9:00 PM;4,647.02;1,639.41;1,077.69;6,538.53;11.70;109.94;-;10,670.25;4,297.25;11,942.25;2,548.00;1,776.25
Sep 29, 2025 9:00 PM;Sep 29, 2025 10:00 PM;4,460.77;1,606.73;896.87;7,298.99;8.20;109.84;-;10,325.25;4,169.75;11,392.00;824.25;1,778.25
Sep 29, 2025 10:00 PM;Sep 29, 2025 11:00 PM;4,218.16;1,574.77;790.32;6,776.63;6.87;110.36;-;10,277.50;4,046.75;11,303.75;233.75;1,781.50
Sep 29, 2025 11:00 PM;Sep 30, 2025 12:00 AM;4,035.44;1,489.21;811.79;6,337.99;5.95;110.67;-;10,392.50;3,761.25;10,808.25;122.50;1,783.00
Sep 30, 2025 12:00 AM;Sep 30, 2025 1:00 AM;3,876.63;1,525.63;873.59;5,453.88;6.73;110.94;-;9,648.25;3,821.25;10,777.00;52.75;1,853.75
Sep 30, 2025 1:00 AM;Sep 30, 2025 2:00 AM;3,833.22;1,488.77;855.90;5,003.20;6.14;111.30;-;9,140.50;3,822.50;10,734.00;3.25;1,897.75
Sep 30, 2025 2:00 AM;Sep 30, 2025 3:00 AM;3,817.17;1,480.38;686.47;4,638.17;5.99;111.44;-;8,813.00;3,814.00;10,737.75;3.00;1,932.50
Sep 30, 2025 3:00 AM;Sep 30, 2025 4:00 AM;3,786.37;1,473.12;638.25;4,171.95;6.14;111.83;-;8,791.50;3,807.75;10,775.50;72.75;1,899.25
Sep 30, 2025 4:00 AM;Sep 30, 2025 5:00 AM;3,875.82;1,471.09;672.07;3,900.28;6.34;112.02;-;9,267.00;3,808.50;11,119.75;76.75;1,931.75
Sep 30, 2025 5:00 AM;Sep 30, 2025 6:00 AM;4,018.30;1,521.01;571.28;4,027.22;7.10;111.63;-;9,946.50;3,877.25;11,517.50;153.50;1,945.00
Sep 30, 2025 6:00 AM;Sep 30, 2025 7:00 AM;4,440.02;1,640.57;548.31;4,551.29;13.55;111.20;-;10,856.75;4,051.50;12,709.25;1,733.25;1,923.00
Sep 30, 2025 7:00 AM;Sep 30, 2025 8:00 AM;4,669.82;1,929.74;627.79;5,077.57;556.56;108.23;-;10,751.25;4,184.25;13,507.75;4,476.75;1,942.25
Sep 30, 2025 8:00 AM;Sep 30, 2025 9:00 AM;4,584.34;1,673.45;641.80;4,823.40;4,156.80;108.59;-;10,684.25;4,234.75;13,268.25;3,404.75;1,917.25
Sep 30, 2025 9:00 AM;Sep 30, 2025 10:00 AM;4,275.91;1,559.43;516.03;3,330.80;10,684.88;107.83;-;10,527.00;4,307.00;12,227.25;2,373.25;1,896.25
Sep 30, 2025 10:00 AM;Sep 30, 2025 11:00 AM;3,859.58;1,497.29;438.22;2,572.12;17,776.33;106.56;-;9,173.25;4,281.00;10,151.25;459.50;1,913.00
Sep 30, 2025 11:00 AM;Sep 30, 2025 12:00 PM;3,709.80;1,493.81;348.70;3,317.17;23,413.77;108.42;-;8,324.00;4,229.50;8,873.75;161.00;1,886.25
Sep 30, 2025 12:00 PM;Sep 30, 2025 1:00 PM;3,613.40;1,568.11;347.41;3,874.22;26,294.25;109.97;-;7,243.50;3,834.50;7,877.50;8.75;1,797.25
Sep 30, 2025 1:00 PM;Sep 30, 2025 2:00 PM;3,676.74;1,491.40;417.81;3,612.79;25,752.09;107.86;-;7,604.50;3,590.50;8,144.75;38.25;1,779.00
Sep 30, 2025 2:00 PM;Sep 30, 2025 3:00 PM;3,639.32;1,432.99;462.53;3,268.12;23,111.79;107.28;-;7,782.50;3,412.50;7,860.25;4.50;1,811.75
Sep 30, 2025 3:00 PM;Sep 30, 2025 4:00 PM;3,776.94;1,442.34;335.53;3,387.59;18,890.48;107.21;-;8,771.00;4,015.75;8,835.00;43.00;1,791.25
Sep 30, 2025 4:00 PM;Sep 30, 2025 5:00 PM;4,082.76;1,485.72;469.21;4,127.34;12,894.25;110.10;-;10,109.75;4,564.50;9,611.75;196.25;1,788.75
Sep 30, 2025 5:00 PM;Sep 30, 2025 6:00 PM;4,526.93;1,658.26;577.19;4,933.34;6,038.90;110.92;-;11,121.00;4,793.50;11,083.00;1,982.00;1,799.50
Sep 30, 2025 6:00 PM;Sep 30, 2025 7:00 PM;4,814.14;1,764.19;833.12;5,811.21;1,102.96;110.15;-;11,492.25;4,866.75;12,402.75;4,208.25;1,855.50
Sep 30, 2025 7:00 PM;Sep 30, 2025 8:00 PM;4,858.37;1,785.99;1,160.57;7,511.63;51.06;110.11;-;11,716.25;4,862.25;11,980.00;4,220.75;1,889.75
Sep 30, 2025 8:00 PM;Sep 30, 2025 9:00 PM;4,711.66;1,626.93;1,618.24;9,298.54;11.88;110.95;-;11,444.75;4,846.75;11,165.50;2,747.00;1,926.75
Sep 30, 2025 9:00 PM;Sep 30, 2025 10:00 PM;4,507.87;1,516.20;1,968.50;10,167.91;8.82;111.32;-;11,494.50;4,783.50;10,600.25;1,163.00;1,888.25
Sep 30, 2025 10:00 PM;Sep 30, 2025 11:00 PM;4,225.78;1,514.32;2,398.17;9,815.84;6.80;113.19;-;11,332.50;4,609.50;10,030.75;246.50;1,909.25
Sep 30, 2025 11:00 PM;Oct 1, 2025 12:00 AM;4,058.69;1,501.77;2,363.79;9,284.76;6.64;112.97;-;11,068.50;4,607.75;9,185.50;90.00;1,938.25
