Start date;End date;grid load [MWh] Calculated resolutions;Grid load incl. hydro pumped storage [MWh] Calculated resolutions;Hydro pumped storage [MWh] Calculated resolutions;Residual load [MWh] Calculated resolutions
Jul 1, 2025 12:00 AM;Jul 1, 2025 1:00 AM;45,529.14;45,580.39;51.25;32,027.85
Jul 1, 2025 1:00 AM;Jul 1, 2025 2:00 AM;44,302.39;44,499.14;196.75;30,232.47
Jul 1, 2025 2:00 AM;Jul 1, 2025 3:00 AM;43,104.11;43,398.11;294.00;28,744.47
Jul 1, 2025 3:00 AM;Jul 1, 2025 4:00 AM;43,521.80;44,552.80;1,031.00;29,173.24
Jul 1, 2025 4:00 AM;Jul 1, 2025 5:00 AM;44,568.28;45,271.53;703.25;30,306.05
Jul 1, 2025 5:00 AM;Jul 1, 2025 6:00 AM;46,883.02;47,289.02;406.00;32,979.15
Jul 1, 2025 6:00 AM;Jul 1, 2025 7:00 AM;53,307.03;53,333.03;26.00;37,701.31
Jul 1, 2025 7:00 AM;Jul 1, 2025 8:00 AM;58,055.62;58,114.12;58.50;38,568.99
Jul 1, 2025 8:00 AM;Jul 1, 2025 9:00 AM;60,734.72;61,115.72;381.00;33,936.70
Jul 1, 2025 9:00 AM;Jul 1, 2025 10:00 AM;60,845.43;62,288.18;1,442.75;25,272.42
Jul 1, 2025 10:00 AM;Jul 1, 2025 11:00 AM;59,696.40;62,875.65;3,179.25;17,634.01
Jul 1, 2025 11:00 AM;Jul 1, 2025 12:00 PM;60,168.41;64,095.16;3,926.75;13,589.58
Jul 1, 2025 12:00 PM;Jul 1, 2025 1:00 PM;59,404.80;63,158.05;3,753.25;10,804.86
Jul 1, 2025 1:00 PM;Jul 1, 2025 2:00 PM;58,718.47;62,969.72;4,251.25;10,605.98
Jul 1, 2025 2:00 PM;Jul 1, 2025 3:00 PM;58,321.69;61,084.44;2,762.75;12,606.49
Jul 1, 2025 3:00 PM;Jul 1, 2025 4:00 PM;57,774.84;60,605.34;2,830.50;16,250.10
Jul 1, 2025 4:00 PM;Jul 1, 2025 5:00 PM;58,570.31;61,056.56;2,486.25;21,823.07
Jul 1, 2025 5:00 PM;Jul 1, 2025 6:00 PM;59,257.97;61,135.22;1,877.25;29,748.30
Jul 1, 2025 6:00 PM;Jul 1, 2025 7:00 PM;58,853.91;59,298.91;445.00;39,281.45
Jul 1, 2025 7:00 PM;Jul 1, 2025 8:00 PM;58,660.93;58,688.68;27.75;48,335.46
Jul 1, 2025 8:00 PM;Jul 1, 2025 9:00 PM;57,554.15;57,559.15;5.00;52,302.22
Jul 1, 2025 9:00 PM;Jul 1, 2025 10:00 PM;55,244.37;55,244.87;0.50;50,567.68
Jul 1, 2025 10:00 PM;Jul 1, 2025 11:00 PM;53,706.58;53,758.58;52.00;47,019.20
Jul 1, 2025 11:00 PM;Jul 2, 2025 12:00 AM;50,219.16;50,357.91;138.75;40,319.42
Jul 2, 2025 12:00 AM;Jul 2, 2025 1:00 AM;47,340.12;47,399.62;59.50;34,985.23
Jul 2, 2025 1:00 AM;Jul 2, 2025 2:00 AM;45,846.88;45,933.38;86.50;32,194.57
Jul 2, 2025 2:00 AM;Jul 2, 2025 3:00 AM;45,030.19;45,265.69;235.50;31,239.19
Jul 2, 2025 3:00 AM;Jul 2, 2025 4:00 AM;44,785.41;44,967.16;181.75;31,346.98
Jul 2, 2025 4:00 AM;Jul 2, 2025 5:00 AM;45,091.89;45,376.39;284.50;32,111.74
Jul 2, 2025 5:00 AM;Jul 2, 2025 6:00 AM;48,002.53;48,361.53;359.00;34,430.07
Jul 2, 2025 6:00 AM;Jul 2, 2025 7:00 AM;54,795.00;54,944.25;149.25;39,011.82
Jul 2, 2025 7:00 AM;Jul 2, 2025 8:00 AM;59,837.23;59,866.98;29.75;39,138.37
Jul 2, 2025 8:00 AM;Jul 2, 2025 9:00 AM;61,982.21;62,182.96;200.75;34,866.03
Jul 2, 2025 9:00 AM;Jul 2, 2025 10:00 AM;61,253.36;61,950.36;697.00;27,120.10
Jul 2, 2025 10:00 AM;Jul 2, 2025 11:00 AM;61,711.42;64,089.92;2,378.50;19,695.38
Jul 2, 2025 11:00 AM;Jul 2, 2025 12:00 PM;60,638.63;64,422.88;3,784.25;13,902.95
Jul 2, 2025 12:00 PM;Jul 2, 2025 1:00 PM;59,965.32;64,167.82;4,202.50;11,673.39
Jul 2, 2025 1:00 PM;Jul 2, 2025 2:00 PM;59,802.90;64,460.65;4,657.75;11,265.37
Jul 2, 2025 2:00 PM;Jul 2, 2025 3:00 PM;58,435.45;62,493.95;4,058.50;12,243.35
Jul 2, 2025 3:00 PM;Jul 2, 2025 4:00 PM;58,722.67;61,619.17;2,896.50;16,788.94
Jul 2, 2025 4:00 PM;Jul 2, 2025 5:00 PM;59,095.13;62,626.63;3,531.50;21,901.61
Jul 2, 2025 5:00 PM;Jul 2, 2025 6:00 PM;60,066.95;61,066.70;999.75;28,333.31
Jul 2, 2025 6:00 PM;Jul 2, 2025 7:00 PM;59,354.16;59,470.41;116.25;34,116.61
Jul 2, 2025 7:00 PM;Jul 2, 2025 8:00 PM;58,826.54;58,832.79;6.25;38,728.13
Jul 2, 2025 8:00 PM;Jul 2, 2025 9:00 PM;58,948.80;59,029.55;80.75;40,494.77
Jul 2, 2025 9:00 PM;Jul 2, 2025 10:00 PM;57,916.90;58,206.40;289.50;41,248.39
Jul 2, 2025 10:00 PM;Jul 2, 2025 11:00 PM;55,286.53;55,303.78;17.25;37,630.68
Jul 2, 2025 11:00 PM;Jul 3, 2025 12:00 AM;52,037.00;52,080.75;43.75;31,739.54
Jul 3, 2025 12:00 AM;Jul 3, 2025 1:00 AM;48,936.96;49,036.21;99.25;26,485.11
Jul 3, 2025 1:00 AM;Jul 3, 2025 2:00 AM;47,097.39;47,135.89;38.50;23,961.13
Jul 3, 2025 2:00 AM;Jul 3, 2025 3:00 AM;44,983.65;45,091.90;108.25;25,209.63
Jul 3, 2025 3:00 AM;Jul 3, 2025 4:00 AM;43,869.11;44,103.11;234.00;24,845.13
Jul 3, 2025 4:00 AM;Jul 3, 2025 5:00 AM;44,900.70;45,402.45;501.75;25,845.36
Jul 3, 2025 5:00 AM;Jul 3, 2025 6:00 AM;48,820.28;49,493.53;673.25;26,867.96
Jul 3, 2025 6:00 AM;Jul 3, 2025 7:00 AM;56,070.83;56,220.08;149.25;31,593.83
Jul 3, 2025 7:00 AM;Jul 3, 2025 8:00 AM;59,821.08;59,830.08;9.00;32,191.94
Jul 3, 2025 8:00 AM;Jul 3, 2025 9:00 AM;62,759.40;63,289.65;530.25;29,127.02
Jul 3, 2025 9:00 AM;Jul 3, 2025 10:00 AM;63,595.19;65,251.94;1,656.75;23,932.36
Jul 3, 2025 10:00 AM;Jul 3, 2025 11:00 AM;63,980.58;65,726.33;1,745.75;20,810.04
Jul 3, 2025 11:00 AM;Jul 3, 2025 12:00 PM;64,026.38;67,724.13;3,697.75;18,473.51
Jul 3, 2025 12:00 PM;Jul 3, 2025 1:00 PM;61,948.10;65,880.10;3,932.00;14,986.75
Jul 3, 2025 1:00 PM;Jul 3, 2025 2:00 PM;60,822.44;64,859.19;4,036.75;12,525.49
Jul 3, 2025 2:00 PM;Jul 3, 2025 3:00 PM;59,666.11;64,457.36;4,791.25;10,860.85
Jul 3, 2025 3:00 PM;Jul 3, 2025 4:00 PM;58,138.74;63,010.24;4,871.50;10,739.20
Jul 3, 2025 4:00 PM;Jul 3, 2025 5:00 PM;56,942.39;61,332.39;4,390.00;11,843.60
Jul 3, 2025 5:00 PM;Jul 3, 2025 6:00 PM;58,355.31;61,335.31;2,980.00;18,828.33
Jul 3, 2025 6:00 PM;Jul 3, 2025 7:00 PM;59,767.30;61,235.05;1,467.75;28,691.77
Jul 3, 2025 7:00 PM;Jul 3, 2025 8:00 PM;59,463.40;59,498.15;34.75;38,691.16
Jul 3, 2025 8:00 PM;Jul 3, 2025 9:00 PM;57,515.41;57,545.16;29.75;45,082.85
Jul 3, 2025 9:00 PM;Jul 3, 2025 10:00 PM;54,804.71;54,814.96;10.25;46,215.38
Jul 3, 2025 10:00 PM;Jul 3, 2025 11:00 PM;52,203.76;52,225.26;21.50;44,326.71
Jul 3, 2025 11:00 PM;Jul 4, 2025 12:00 AM;49,001.01;49,046.76;45.75;40,942.12
Jul 4, 2025 12:00 AM;Jul 4, 2025 1:00 AM;46,793.55;46,980.80;187.25;38,982.85
Jul 4, 2025 1:00 AM;Jul 4, 2025 2:00 AM;44,576.42;44,811.42;235.00;37,436.96
Jul 4, 2025 2:00 AM;Jul 4, 2025 3:00 AM;43,410.38;43,466.38;56.00;37,041.86
Jul 4, 2025 3:00 AM;Jul 4, 2025 4:00 AM;43,292.83;43,314.33;21.50;37,115.87
Jul 4, 2025 4:00 AM;Jul 4, 2025 5:00 AM;43,927.64;44,019.89;92.25;38,067.27
Jul 4, 2025 5:00 AM;Jul 4, 2025 6:00 AM;46,823.30;46,839.80;16.50;40,626.11
Jul 4, 2025 6:00 AM;Jul 4, 2025 7:00 AM;52,674.89;52,683.14;8.25;43,913.04
Jul 4, 2025 7:00 AM;Jul 4, 2025 8:00 AM;57,279.91;57,288.16;8.25;43,003.90
Jul 4, 2025 8:00 AM;Jul 4, 2025 9:00 AM;60,129.65;60,229.40;99.75;36,456.05
Jul 4, 2025 9:00 AM;Jul 4, 2025 10:00 AM;59,433.40;60,247.90;814.50;24,044.66
Jul 4, 2025 10:00 AM;Jul 4, 2025 11:00 AM;59,124.93;62,061.18;2,936.25;14,179.84
Jul 4, 2025 11:00 AM;Jul 4, 2025 12:00 PM;58,947.51;63,554.26;4,606.75;8,178.87
Jul 4, 2025 12:00 PM;Jul 4, 2025 1:00 PM;58,050.13;63,426.88;5,376.75;4,562.14
Jul 4, 2025 1:00 PM;Jul 4, 2025 2:00 PM;56,493.05;61,767.55;5,274.50;3,911.28
Jul 4, 2025 2:00 PM;Jul 4, 2025 3:00 PM;55,682.39;60,675.14;4,992.75;3,120.80
Jul 4, 2025 3:00 PM;Jul 4, 2025 4:00 PM;55,226.93;60,016.18;4,789.25;3,645.91
Jul 4, 2025 4:00 PM;Jul 4, 2025 5:00 PM;54,900.84;59,337.34;4,436.50;8,172.68
Jul 4, 2025 5:00 PM;Jul 4, 2025 6:00 PM;54,893.18;57,410.68;2,517.50;16,685.94
Jul 4, 2025 6:00 PM;Jul 4, 2025 7:00 PM;55,082.28;55,505.78;423.50;27,682.07
Jul 4, 2025 7:00 PM;Jul 4, 2025 8:00 PM;55,015.36;55,071.86;56.50;38,247.13
Jul 4, 2025 8:00 PM;Jul 4, 2025 9:00 PM;53,861.35;53,871.60;10.25;43,745.13
Jul 4, 2025 9:00 PM;Jul 4, 2025 10:00 PM;51,505.22;51,516.22;11.00;43,660.65
Jul 4, 2025 10:00 PM;Jul 4, 2025 11:00 PM;49,698.60;49,729.10;30.50;40,809.80
Jul 4, 2025 11:00 PM;Jul 5, 2025 12:00 AM;47,212.37;47,267.37;55.00;37,184.47
Jul 5, 2025 12:00 AM;Jul 5, 2025 1:00 AM;44,110.97;44,204.47;93.50;33,358.30
Jul 5, 2025 1:00 AM;Jul 5, 2025 2:00 AM;41,551.05;41,593.80;42.75;29,399.03
Jul 5, 2025 2:00 AM;Jul 5, 2025 3:00 AM;39,794.41;39,821.41;27.00;26,592.70
Jul 5, 2025 3:00 AM;Jul 5, 2025 4:00 AM;39,437.86;39,493.11;55.25;24,229.24
Jul 5, 2025 4:00 AM;Jul 5, 2025 5:00 AM;39,560.90;39,688.65;127.75;22,649.64
Jul 5, 2025 5:00 AM;Jul 5, 2025 6:00 AM;39,521.13;39,570.88;49.75;21,050.59
Jul 5, 2025 6:00 AM;Jul 5, 2025 7:00 AM;42,230.54;42,902.54;672.00;19,388.83
Jul 5, 2025 7:00 AM;Jul 5, 2025 8:00 AM;44,605.95;46,807.70;2,201.75;16,455.27
Jul 5, 2025 8:00 AM;Jul 5, 2025 9:00 AM;47,268.00;50,041.50;2,773.50;11,347.54
Jul 5, 2025 9:00 AM;Jul 5, 2025 10:00 AM;49,260.48;52,707.48;3,447.00;5,252.18
Jul 5, 2025 10:00 AM;Jul 5, 2025 11:00 AM;50,175.78;54,829.53;4,653.75;331.24
Jul 5, 2025 11:00 AM;Jul 5, 2025 12:00 PM;50,260.98;54,965.98;4,705.00;-2,242.76
Jul 5, 2025 12:00 PM;Jul 5, 2025 1:00 PM;48,500.49;53,236.49;4,736.00;-5,666.05
Jul 5, 2025 1:00 PM;Jul 5, 2025 2:00 PM;46,950.58;52,118.08;5,167.50;-7,225.61
Jul 5, 2025 2:00 PM;Jul 5, 2025 3:00 PM;46,115.09;51,143.34;5,028.25;-8,248.33
Jul 5, 2025 3:00 PM;Jul 5, 2025 4:00 PM;45,859.15;50,654.40;4,795.25;-5,461.50
Jul 5, 2025 4:00 PM;Jul 5, 2025 5:00 PM;46,118.95;50,306.45;4,187.50;-1,013.51
Jul 5, 2025 5:00 PM;Jul 5, 2025 6:00 PM;47,431.15;51,175.15;3,744.00;2,695.83
Jul 5, 2025 6:00 PM;Jul 5, 2025 7:00 PM;48,492.30;50,564.55;2,072.25;11,186.97
Jul 5, 2025 7:00 PM;Jul 5, 2025 8:00 PM;48,870.23;49,763.98;893.75;20,069.31
Jul 5, 2025 8:00 PM;Jul 5, 2025 9:00 PM;47,279.85;47,470.60;190.75;26,457.45
Jul 5, 2025 9:00 PM;Jul 5, 2025 10:00 PM;45,302.48;45,381.23;78.75;28,646.97
Jul 5, 2025 10:00 PM;Jul 5, 2025 11:00 PM;44,302.93;44,357.43;54.50;29,076.20
Jul 5, 2025 11:00 PM;Jul 6, 2025 12:00 AM;42,137.64;42,187.39;49.75;27,423.07
Jul 6, 2025 12:00 AM;Jul 6, 2025 1:00 AM;40,424.45;40,432.20;7.75;26,353.61
Jul 6, 2025 1:00 AM;Jul 6, 2025 2:00 AM;38,557.99;38,563.99;6.00;24,041.27
Jul 6, 2025 2:00 AM;Jul 6, 2025 3:00 AM;37,258.92;37,269.92;11.00;23,247.20
Jul 6, 2025 3:00 AM;Jul 6, 2025 4:00 AM;36,435.41;36,452.91;17.50;23,074.63
Jul 6, 2025 4:00 AM;Jul 6, 2025 5:00 AM;35,856.62;35,916.37;59.75;22,285.24
Jul 6, 2025 5:00 AM;Jul 6, 2025 6:00 AM;35,561.11;35,641.36;80.25;21,320.09
Jul 6, 2025 6:00 AM;Jul 6, 2025 7:00 AM;36,580.60;36,671.85;91.25;19,415.92
Jul 6, 2025 7:00 AM;Jul 6, 2025 8:00 AM;38,257.27;38,517.77;260.50;16,773.60
Jul 6, 2025 8:00 AM;Jul 6, 2025 9:00 AM;40,956.55;41,642.05;685.50;13,236.55
Jul 6, 2025 9:00 AM;Jul 6, 2025 10:00 AM;43,760.39;47,646.89;3,886.50;8,360.32
Jul 6, 2025 10:00 AM;Jul 6, 2025 11:00 AM;46,080.28;51,112.28;5,032.00;4,623.13
Jul 6, 2025 11:00 AM;Jul 6, 2025 12:00 PM;47,532.42;52,891.92;5,359.50;4,342.16
Jul 6, 2025 12:00 PM;Jul 6, 2025 1:00 PM;47,206.78;52,330.78;5,124.00;2,834.96
Jul 6, 2025 1:00 PM;Jul 6, 2025 2:00 PM;46,483.23;51,340.73;4,857.50;4,392.63
Jul 6, 2025 2:00 PM;Jul 6, 2025 3:00 PM;45,199.41;49,167.41;3,968.00;6,408.90
Jul 6, 2025 3:00 PM;Jul 6, 2025 4:00 PM;45,397.19;50,116.19;4,719.00;11,052.92
Jul 6, 2025 4:00 PM;Jul 6, 2025 5:00 PM;45,708.00;48,305.50;2,597.50;15,776.68
Jul 6, 2025 5:00 PM;Jul 6, 2025 6:00 PM;45,884.01;46,550.01;666.00;22,504.59
Jul 6, 2025 6:00 PM;Jul 6, 2025 7:00 PM;47,330.70;47,402.95;72.25;29,739.26
Jul 6, 2025 7:00 PM;Jul 6, 2025 8:00 PM;47,456.50;47,466.75;10.25;33,852.49
Jul 6, 2025 8:00 PM;Jul 6, 2025 9:00 PM;46,427.13;46,469.38;42.25;35,833.44
Jul 6, 2025 9:00 PM;Jul 6, 2025 10:00 PM;45,783.85;45,854.85;71.00;36,696.79
Jul 6, 2025 10:00 PM;Jul 6, 2025 11:00 PM;45,879.16;46,020.41;141.25;37,458.94
Jul 6, 2025 11:00 PM;Jul 7, 2025 12:00 AM;43,437.70;43,463.95;26.25;35,552.51
Jul 7, 2025 12:00 AM;Jul 7, 2025 1:00 AM;41,507.57;41,535.07;27.50;34,207.09
Jul 7, 2025 1:00 AM;Jul 7, 2025 2:00 AM;39,820.23;39,870.73;50.50;33,010.48
Jul 7, 2025 2:00 AM;Jul 7, 2025 3:00 AM;39,617.28;40,300.53;683.25;32,635.85
Jul 7, 2025 3:00 AM;Jul 7, 2025 4:00 AM;40,133.28;41,184.28;1,051.00;33,114.63
Jul 7, 2025 4:00 AM;Jul 7, 2025 5:00 AM;41,427.94;41,821.94;394.00;34,455.21
Jul 7, 2025 5:00 AM;Jul 7, 2025 6:00 AM;43,947.58;44,313.83;366.25;37,128.35
Jul 7, 2025 6:00 AM;Jul 7, 2025 7:00 AM;51,065.17;51,075.92;10.75;43,056.70
Jul 7, 2025 7:00 AM;Jul 7, 2025 8:00 AM;56,107.84;56,114.34;6.50;45,464.44
Jul 7, 2025 8:00 AM;Jul 7, 2025 9:00 AM;59,407.75;59,412.25;4.50;43,734.36
Jul 7, 2025 9:00 AM;Jul 7, 2025 10:00 AM;60,795.19;60,818.44;23.25;38,855.75
Jul 7, 2025 10:00 AM;Jul 7, 2025 11:00 AM;61,005.96;61,577.21;571.25;32,299.81
Jul 7, 2025 11:00 AM;Jul 7, 2025 12:00 PM;61,323.59;62,635.34;1,311.75;26,989.26
Jul 7, 2025 12:00 PM;Jul 7, 2025 1:00 PM;61,267.22;64,064.97;2,797.75;22,786.16
Jul 7, 2025 1:00 PM;Jul 7, 2025 2:00 PM;60,085.81;64,135.31;4,049.50;19,586.62
Jul 7, 2025 2:00 PM;Jul 7, 2025 3:00 PM;58,224.77;62,512.02;4,287.25;17,774.66
Jul 7, 2025 3:00 PM;Jul 7, 2025 4:00 PM;57,372.69;61,369.44;3,996.75;17,755.95
Jul 7, 2025 4:00 PM;Jul 7, 2025 5:00 PM;57,149.30;61,007.05;3,857.75;20,153.81
Jul 7, 2025 5:00 PM;Jul 7, 2025 6:00 PM;58,578.56;60,592.56;2,014.00;24,639.12
Jul 7, 2025 6:00 PM;Jul 7, 2025 7:00 PM;58,720.72;59,306.22;585.50;29,484.26
Jul 7, 2025 7:00 PM;Jul 7, 2025 8:00 PM;57,471.20;57,512.20;41.00;33,286.89
Jul 7, 2025 8:00 PM;Jul 7, 2025 9:00 PM;55,519.28;55,750.53;231.25;34,672.88
Jul 7, 2025 9:00 PM;Jul 7, 2025 10:00 PM;53,612.80;53,711.80;99.00;35,092.30
Jul 7, 2025 10:00 PM;Jul 7, 2025 11:00 PM;50,620.26;50,632.26;12.00;33,184.61
Jul 7, 2025 11:00 PM;Jul 8, 2025 12:00 AM;47,242.69;47,377.44;134.75;29,984.97
Jul 8, 2025 12:00 AM;Jul 8, 2025 1:00 AM;44,773.65;45,029.15;255.50;28,119.90
Jul 8, 2025 1:00 AM;Jul 8, 2025 2:00 AM;43,159.82;43,553.82;394.00;26,985.13
Jul 8, 2025 2:00 AM;Jul 8, 2025 3:00 AM;42,181.18;42,877.43;696.25;26,083.55
Jul 8, 2025 3:00 AM;Jul 8, 2025 4:00 AM;42,113.72;43,081.47;967.75;25,756.95
Jul 8, 2025 4:00 AM;Jul 8, 2025 5:00 AM;43,164.26;43,720.76;556.50;26,669.21
Jul 8, 2025 5:00 AM;Jul 8, 2025 6:00 AM;46,234.38;46,630.63;396.25;29,028.51
Jul 8, 2025 6:00 AM;Jul 8, 2025 7:00 AM;52,241.46;52,263.46;22.00;33,902.08
Jul 8, 2025 7:00 AM;Jul 8, 2025 8:00 AM;56,835.98;56,844.98;9.00;35,639.29
Jul 8, 2025 8:00 AM;Jul 8, 2025 9:00 AM;59,216.15;59,222.90;6.75;32,744.76
Jul 8, 2025 9:00 AM;Jul 8, 2025 10:00 AM;59,986.83;60,287.08;300.25;26,965.00
Jul 8, 2025 10:00 AM;Jul 8, 2025 11:00 AM;60,473.85;61,472.85;999.00;22,468.36
Jul 8, 2025 11:00 AM;Jul 8, 2025 12:00 PM;60,637.05;62,454.30;1,817.25;19,288.91
Jul 8, 2025 12:00 PM;Jul 8, 2025 1:00 PM;59,810.95;63,463.95;3,653.00;16,929.94
Jul 8, 2025 1:00 PM;Jul 8, 2025 2:00 PM;59,104.53;63,584.53;4,480.00;14,754.82
Jul 8, 2025 2:00 PM;Jul 8, 2025 3:00 PM;57,681.01;63,001.76;5,320.75;12,548.70
Jul 8, 2025 3:00 PM;Jul 8, 2025 4:00 PM;56,429.43;61,532.93;5,103.50;13,118.54
Jul 8, 2025 4:00 PM;Jul 8, 2025 5:00 PM;55,679.40;60,150.40;4,471.00;13,232.42
Jul 8, 2025 5:00 PM;Jul 8, 2025 6:00 PM;56,658.03;59,528.28;2,870.25;17,139.76
Jul 8, 2025 6:00 PM;Jul 8, 2025 7:00 PM;57,114.52;58,404.77;1,290.25;24,144.37
Jul 8, 2025 7:00 PM;Jul 8, 2025 8:00 PM;56,553.34;57,082.59;529.25;31,039.64
Jul 8, 2025 8:00 PM;Jul 8, 2025 9:00 PM;54,594.40;55,037.90;443.50;35,387.75
Jul 8, 2025 9:00 PM;Jul 8, 2025 10:00 PM;51,907.87;52,129.12;221.25;35,791.88
Jul 8, 2025 10:00 PM;Jul 8, 2025 11:00 PM;49,747.10;49,914.10;167.00;34,765.25
Jul 8, 2025 11:00 PM;Jul 9, 2025 12:00 AM;46,313.81;46,506.31;192.50;31,498.45
Jul 9, 2025 12:00 AM;Jul 9, 2025 1:00 AM;43,913.33;44,148.58;235.25;29,489.67
Jul 9, 2025 1:00 AM;Jul 9, 2025 2:00 AM;42,202.19;42,906.69;704.50;28,255.94
Jul 9, 2025 2:00 AM;Jul 9, 2025 3:00 AM;40,645.46;41,828.71;1,183.25;27,349.72
Jul 9, 2025 3:00 AM;Jul 9, 2025 4:00 AM;40,623.17;41,460.92;837.75;27,725.68
Jul 9, 2025 4:00 AM;Jul 9, 2025 5:00 AM;41,719.48;42,276.73;557.25;28,792.86
Jul 9, 2025 5:00 AM;Jul 9, 2025 6:00 AM;44,997.51;45,436.26;438.75;31,701.45
Jul 9, 2025 6:00 AM;Jul 9, 2025 7:00 AM;51,226.40;51,291.90;65.50;36,393.42
Jul 9, 2025 7:00 AM;Jul 9, 2025 8:00 AM;56,078.33;56,082.58;4.25;37,725.15
Jul 9, 2025 8:00 AM;Jul 9, 2025 9:00 AM;58,764.38;58,850.88;86.50;33,078.05
Jul 9, 2025 9:00 AM;Jul 9, 2025 10:00 AM;59,453.94;60,189.44;735.50;26,264.96
Jul 9, 2025 10:00 AM;Jul 9, 2025 11:00 AM;59,733.80;60,787.05;1,053.25;22,080.74
Jul 9, 2025 11:00 AM;Jul 9, 2025 12:00 PM;59,860.05;61,170.80;1,310.75;20,105.18
Jul 9, 2025 12:00 PM;Jul 9, 2025 1:00 PM;59,910.45;62,669.45;2,759.00;18,583.81
Jul 9, 2025 1:00 PM;Jul 9, 2025 2:00 PM;58,437.80;61,788.05;3,350.25;16,299.36
Jul 9, 2025 2:00 PM;Jul 9, 2025 3:00 PM;56,981.07;61,207.07;4,226.00;14,233.48
Jul 9, 2025 3:00 PM;Jul 9, 2025 4:00 PM;56,447.32;60,901.07;4,453.75;15,588.67
Jul 9, 2025 4:00 PM;Jul 9, 2025 5:00 PM;55,116.11;59,025.86;3,909.75;17,996.46
Jul 9, 2025 5:00 PM;Jul 9, 2025 6:00 PM;55,411.13;57,307.38;1,896.25;23,054.16
Jul 9, 2025 6:00 PM;Jul 9, 2025 7:00 PM;56,328.29;58,028.54;1,700.25;30,942.05
Jul 9, 2025 7:00 PM;Jul 9, 2025 8:00 PM;55,538.37;55,713.87;175.50;38,668.04
Jul 9, 2025 8:00 PM;Jul 9, 2025 9:00 PM;54,283.50;54,288.50;5.00;44,244.86
Jul 9, 2025 9:00 PM;Jul 9, 2025 10:00 PM;52,296.66;52,301.66;5.00;45,510.14
Jul 9, 2025 10:00 PM;Jul 9, 2025 11:00 PM;49,972.01;49,978.01;6.00;43,911.08
Jul 9, 2025 11:00 PM;Jul 10, 2025 12:00 AM;46,443.10;46,506.60;63.50;40,119.48
Jul 10, 2025 12:00 AM;Jul 10, 2025 1:00 AM;43,323.36;43,387.36;64.00;37,426.25
Jul 10, 2025 1:00 AM;Jul 10, 2025 2:00 AM;41,742.01;41,814.01;72.00;36,267.42
Jul 10, 2025 2:00 AM;Jul 10, 2025 3:00 AM;40,792.55;41,013.30;220.75;35,826.98
Jul 10, 2025 3:00 AM;Jul 10, 2025 4:00 AM;40,821.97;41,054.47;232.50;36,369.62
Jul 10, 2025 4:00 AM;Jul 10, 2025 5:00 AM;41,724.77;41,775.77;51.00;37,454.54
Jul 10, 2025 5:00 AM;Jul 10, 2025 6:00 AM;44,515.46;44,529.21;13.75;39,972.62
Jul 10, 2025 6:00 AM;Jul 10, 2025 7:00 AM;51,077.36;51,087.86;10.50;44,142.39
Jul 10, 2025 7:00 AM;Jul 10, 2025 8:00 AM;55,577.15;55,581.65;4.50;43,482.47
Jul 10, 2025 8:00 AM;Jul 10, 2025 9:00 AM;57,963.03;58,162.03;199.00;37,233.02
Jul 10, 2025 9:00 AM;Jul 10, 2025 10:00 AM;57,678.00;58,885.25;1,207.25;27,226.01
Jul 10, 2025 10:00 AM;Jul 10, 2025 11:00 AM;58,050.68;61,005.68;2,955.00;20,158.68
Jul 10, 2025 11:00 AM;Jul 10, 2025 12:00 PM;57,702.45;61,049.95;3,347.50;16,184.16
Jul 10, 2025 12:00 PM;Jul 10, 2025 1:00 PM;56,795.27;60,720.52;3,925.25;13,338.00
Jul 10, 2025 1:00 PM;Jul 10, 2025 2:00 PM;55,841.61;59,676.86;3,835.25;11,924.11
Jul 10, 2025 2:00 PM;Jul 10, 2025 3:00 PM;55,122.29;59,398.79;4,276.50;11,661.39
Jul 10, 2025 3:00 PM;Jul 10, 2025 4:00 PM;54,738.64;59,109.14;4,370.50;13,087.97
Jul 10, 2025 4:00 PM;Jul 10, 2025 5:00 PM;54,995.17;59,191.17;4,196.00;17,616.08
Jul 10, 2025 5:00 PM;Jul 10, 2025 6:00 PM;55,438.55;57,324.30;1,885.75;24,236.28
Jul 10, 2025 6:00 PM;Jul 10, 2025 7:00 PM;55,689.26;56,372.76;683.50;32,323.39
Jul 10, 2025 7:00 PM;Jul 10, 2025 8:00 PM;55,153.92;55,164.42;10.50;39,928.13
Jul 10, 2025 8:00 PM;Jul 10, 2025 9:00 PM;54,058.63;54,064.38;5.75;44,922.41
Jul 10, 2025 9:00 PM;Jul 10, 2025 10:00 PM;52,220.28;52,225.28;5.00;45,883.85
Jul 10, 2025 10:00 PM;Jul 10, 2025 11:00 PM;50,428.41;50,434.66;6.25;44,473.91
Jul 10, 2025 11:00 PM;Jul 11, 2025 12:00 AM;46,949.35;47,021.35;72.00;40,215.76
Jul 11, 2025 12:00 AM;Jul 11, 2025 1:00 AM;44,703.62;44,796.62;93.00;37,636.13
Jul 11, 2025 1:00 AM;Jul 11, 2025 2:00 AM;42,904.05;42,970.30;66.25;35,984.00
Jul 11, 2025 2:00 AM;Jul 11, 2025 3:00 AM;41,633.64;41,748.64;115.00;34,869.48
Jul 11, 2025 3:00 AM;Jul 11, 2025 4:00 AM;41,895.74;42,070.24;174.50;34,838.84
Jul 11, 2025 4:00 AM;Jul 11, 2025 5:00 AM;42,725.98;42,891.23;165.25;35,542.08
Jul 11, 2025 5:00 AM;Jul 11, 2025 6:00 AM;45,285.02;45,346.52;61.50;37,441.01
Jul 11, 2025 6:00 AM;Jul 11, 2025 7:00 AM;51,822.42;51,833.17;10.75;41,607.95
Jul 11, 2025 7:00 AM;Jul 11, 2025 8:00 AM;56,961.52;56,967.52;6.00;42,916.50
Jul 11, 2025 8:00 AM;Jul 11, 2025 9:00 AM;60,274.47;60,285.47;11.00;39,246.73
Jul 11, 2025 9:00 AM;Jul 11, 2025 10:00 AM;60,586.17;60,894.17;308.00;31,123.19
Jul 11, 2025 10:00 AM;Jul 11, 2025 11:00 AM;59,637.07;60,530.07;893.00;24,313.04
Jul 11, 2025 11:00 AM;Jul 11, 2025 12:00 PM;59,844.38;61,828.63;1,984.25;18,887.14
Jul 11, 2025 12:00 PM;Jul 11, 2025 1:00 PM;58,754.92;63,106.42;4,351.50;13,514.67
Jul 11, 2025 1:00 PM;Jul 11, 2025 2:00 PM;56,761.58;61,683.33;4,921.75;9,225.94
Jul 11, 2025 2:00 PM;Jul 11, 2025 3:00 PM;55,539.66;60,484.91;4,945.25;7,776.27
Jul 11, 2025 3:00 PM;Jul 11, 2025 4:00 PM;55,362.21;60,335.21;4,973.00;8,761.85
Jul 11, 2025 4:00 PM;Jul 11, 2025 5:00 PM;55,471.84;60,221.84;4,750.00;11,777.75
Jul 11, 2025 5:00 PM;Jul 11, 2025 6:00 PM;55,916.18;59,093.93;3,177.75;17,358.52
Jul 11, 2025 6:00 PM;Jul 11, 2025 7:00 PM;55,793.88;57,709.63;1,915.75;24,474.10
Jul 11, 2025 7:00 PM;Jul 11, 2025 8:00 PM;54,447.08;54,638.58;191.50;31,604.81
Jul 11, 2025 8:00 PM;Jul 11, 2025 9:00 PM;52,775.26;52,785.76;10.50;36,865.34
Jul 11, 2025 9:00 PM;Jul 11, 2025 10:00 PM;50,418.59;50,429.84;11.25;37,650.74
Jul 11, 2025 10:00 PM;Jul 11, 2025 11:00 PM;47,980.83;47,989.83;9.00;36,511.92
Jul 11, 2025 11:00 PM;Jul 12, 2025 12:00 AM;44,552.44;44,564.69;12.25;33,431.38
Jul 12, 2025 12:00 AM;Jul 12, 2025 1:00 AM;42,498.68;42,511.68;13.00;32,436.68
Jul 12, 2025 1:00 AM;Jul 12, 2025 2:00 AM;40,303.18;40,322.43;19.25;31,426.26
Jul 12, 2025 2:00 AM;Jul 12, 2025 3:00 AM;39,321.38;39,341.88;20.50;31,015.27
Jul 12, 2025 3:00 AM;Jul 12, 2025 4:00 AM;38,976.93;39,004.93;28.00;30,372.16
Jul 12, 2025 4:00 AM;Jul 12, 2025 5:00 AM;38,455.14;38,534.64;79.50;29,138.87
Jul 12, 2025 5:00 AM;Jul 12, 2025 6:00 AM;38,468.19;38,605.44;137.25;27,583.45
Jul 12, 2025 6:00 AM;Jul 12, 2025 7:00 AM;40,221.20;40,362.20;141.00;26,624.94
Jul 12, 2025 7:00 AM;Jul 12, 2025 8:00 AM;43,151.98;43,211.98;60.00;25,220.53
Jul 12, 2025 8:00 AM;Jul 12, 2025 9:00 AM;46,899.63;47,598.88;699.25;22,381.52
Jul 12, 2025 9:00 AM;Jul 12, 2025 10:00 AM;49,202.56;52,281.31;3,078.75;17,246.68
Jul 12, 2025 10:00 AM;Jul 12, 2025 11:00 AM;50,486.56;55,510.06;5,023.50;12,011.05
Jul 12, 2025 11:00 AM;Jul 12, 2025 12:00 PM;50,186.50;55,619.25;5,432.75;9,070.20
Jul 12, 2025 12:00 PM;Jul 12, 2025 1:00 PM;48,569.72;53,511.22;4,941.50;8,039.80
Jul 12, 2025 1:00 PM;Jul 12, 2025 2:00 PM;47,164.04;52,287.54;5,123.50;8,868.42
Jul 12, 2025 2:00 PM;Jul 12, 2025 3:00 PM;46,700.18;51,767.18;5,067.00;9,975.41
Jul 12, 2025 3:00 PM;Jul 12, 2025 4:00 PM;46,265.65;51,071.90;4,806.25;11,109.94
Jul 12, 2025 4:00 PM;Jul 12, 2025 5:00 PM;46,734.60;51,119.10;4,384.50;15,797.37
Jul 12, 2025 5:00 PM;Jul 12, 2025 6:00 PM;47,125.21;49,198.96;2,073.75;22,005.25
Jul 12, 2025 6:00 PM;Jul 12, 2025 7:00 PM;48,333.81;48,760.81;427.00;29,307.08
Jul 12, 2025 7:00 PM;Jul 12, 2025 8:00 PM;48,204.12;48,223.87;19.75;34,165.34
Jul 12, 2025 8:00 PM;Jul 12, 2025 9:00 PM;47,211.30;47,235.55;24.25;36,930.12
Jul 12, 2025 9:00 PM;Jul 12, 2025 10:00 PM;45,528.83;45,534.08;5.25;37,106.58
Jul 12, 2025 10:00 PM;Jul 12, 2025 11:00 PM;44,285.38;44,285.88;0.50;36,262.04
Jul 12, 2025 11:00 PM;Jul 13, 2025 12:00 AM;41,871.74;41,875.74;4.00;34,136.43
Jul 13, 2025 12:00 AM;Jul 13, 2025 1:00 AM;39,278.17;39,292.92;14.75;32,241.47
Jul 13, 2025 1:00 AM;Jul 13, 2025 2:00 AM;37,549.16;37,625.91;76.75;31,017.50
Jul 13, 2025 2:00 AM;Jul 13, 2025 3:00 AM;36,513.91;36,602.16;88.25;30,456.55
Jul 13, 2025 3:00 AM;Jul 13, 2025 4:00 AM;35,808.86;35,925.11;116.25;30,232.62
Jul 13, 2025 4:00 AM;Jul 13, 2025 5:00 AM;35,639.01;35,722.76;83.75;30,217.64
Jul 13, 2025 5:00 AM;Jul 13, 2025 6:00 AM;35,668.77;35,903.27;234.50;29,667.00
Jul 13, 2025 6:00 AM;Jul 13, 2025 7:00 AM;36,296.48;36,637.73;341.25;28,076.00
Jul 13, 2025 7:00 AM;Jul 13, 2025 8:00 AM;37,944.62;38,451.62;507.00;26,131.20
Jul 13, 2025 8:00 AM;Jul 13, 2025 9:00 AM;40,975.26;41,797.51;822.25;23,996.03
Jul 13, 2025 9:00 AM;Jul 13, 2025 10:00 AM;43,339.60;44,611.35;1,271.75;20,135.91
Jul 13, 2025 10:00 AM;Jul 13, 2025 11:00 AM;45,314.62;49,189.12;3,874.50;14,583.59
Jul 13, 2025 11:00 AM;Jul 13, 2025 12:00 PM;46,423.64;51,533.14;5,109.50;9,865.16
Jul 13, 2025 12:00 PM;Jul 13, 2025 1:00 PM;45,874.08;50,905.58;5,031.50;6,274.23
Jul 13, 2025 1:00 PM;Jul 13, 2025 2:00 PM;44,215.83;49,351.33;5,135.50;3,791.08
Jul 13, 2025 2:00 PM;Jul 13, 2025 3:00 PM;42,848.78;47,683.53;4,834.75;2,968.96
Jul 13, 2025 3:00 PM;Jul 13, 2025 4:00 PM;41,820.15;46,919.90;5,099.75;3,235.64
Jul 13, 2025 4:00 PM;Jul 13, 2025 5:00 PM;42,203.98;47,166.73;4,962.75;7,727.58
Jul 13, 2025 5:00 PM;Jul 13, 2025 6:00 PM;42,956.92;46,208.42;3,251.50;14,155.74
Jul 13, 2025 6:00 PM;Jul 13, 2025 7:00 PM;44,794.97;45,533.47;738.50;25,175.70
Jul 13, 2025 7:00 PM;Jul 13, 2025 8:00 PM;45,874.54;45,887.54;13.00;35,452.38
Jul 13, 2025 8:00 PM;Jul 13, 2025 9:00 PM;45,448.46;45,457.71;9.25;40,754.89
Jul 13, 2025 9:00 PM;Jul 13, 2025 10:00 PM;45,011.46;45,022.96;11.50;42,249.03
Jul 13, 2025 10:00 PM;Jul 13, 2025 11:00 PM;44,828.58;44,837.58;9.00;42,346.78
Jul 13, 2025 11:00 PM;Jul 14, 2025 12:00 AM;42,145.52;42,170.02;24.50;39,899.03
Jul 14, 2025 12:00 AM;Jul 14, 2025 1:00 AM;39,924.07;40,013.82;89.75;37,806.43
Jul 14, 2025 1:00 AM;Jul 14, 2025 2:00 AM;38,146.96;38,174.21;27.25;35,833.45
Jul 14, 2025 2:00 AM;Jul 14, 2025 3:00 AM;37,422.95;37,509.95;87.00;34,901.26
Jul 14, 2025 3:00 AM;Jul 14, 2025 4:00 AM;37,266.68;37,312.43;45.75;34,544.71
Jul 14, 2025 4:00 AM;Jul 14, 2025 5:00 AM;38,161.94;38,187.94;26.00;34,625.51
Jul 14, 2025 5:00 AM;Jul 14, 2025 6:00 AM;40,930.71;40,954.96;24.25;36,101.27
Jul 14, 2025 6:00 AM;Jul 14, 2025 7:00 AM;47,999.89;48,034.89;35.00;39,946.61
Jul 14, 2025 7:00 AM;Jul 14, 2025 8:00 AM;53,604.70;53,612.70;8.00;40,199.64
Jul 14, 2025 8:00 AM;Jul 14, 2025 9:00 AM;57,336.56;57,347.56;11.00;37,626.19
Jul 14, 2025 9:00 AM;Jul 14, 2025 10:00 AM;58,509.97;58,843.47;333.50;31,598.00
Jul 14, 2025 10:00 AM;Jul 14, 2025 11:00 AM;59,304.50;61,194.50;1,890.00;27,687.28
Jul 14, 2025 11:00 AM;Jul 14, 2025 12:00 PM;59,355.50;61,838.50;2,483.00;26,282.76
Jul 14, 2025 12:00 PM;Jul 14, 2025 1:00 PM;59,272.68;63,210.18;3,937.50;24,864.32
Jul 14, 2025 1:00 PM;Jul 14, 2025 2:00 PM;58,527.69;63,400.19;4,872.50;22,682.25
Jul 14, 2025 2:00 PM;Jul 14, 2025 3:00 PM;57,332.92;62,506.67;5,173.75;20,775.24
Jul 14, 2025 3:00 PM;Jul 14, 2025 4:00 PM;56,150.50;61,195.25;5,044.75;20,325.44
Jul 14, 2025 4:00 PM;Jul 14, 2025 5:00 PM;55,247.07;58,922.07;3,675.00;23,001.81
Jul 14, 2025 5:00 PM;Jul 14, 2025 6:00 PM;55,611.60;56,602.35;990.75;28,741.78
Jul 14, 2025 6:00 PM;Jul 14, 2025 7:00 PM;55,959.72;56,288.47;328.75;36,343.34
Jul 14, 2025 7:00 PM;Jul 14, 2025 8:00 PM;55,667.64;55,734.64;67.00;42,904.02
Jul 14, 2025 8:00 PM;Jul 14, 2025 9:00 PM;53,923.31;53,933.31;10.00;46,685.83
Jul 14, 2025 9:00 PM;Jul 14, 2025 10:00 PM;51,637.44;51,646.19;8.75;46,764.94
Jul 14, 2025 10:00 PM;Jul 14, 2025 11:00 PM;49,243.36;49,250.36;7.00;45,118.95
Jul 14, 2025 11:00 PM;Jul 15, 2025 12:00 AM;45,978.74;46,034.24;55.50;41,626.94
Jul 15, 2025 12:00 AM;Jul 15, 2025 1:00 AM;43,705.35;43,722.35;17.00;38,808.89
Jul 15, 2025 1:00 AM;Jul 15, 2025 2:00 AM;41,351.48;41,430.73;79.25;35,640.40
Jul 15, 2025 2:00 AM;Jul 15, 2025 3:00 AM;39,864.89;39,890.39;25.50;33,316.78
Jul 15, 2025 3:00 AM;Jul 15, 2025 4:00 AM;39,975.33;40,091.83;116.50;32,067.27
Jul 15, 2025 4:00 AM;Jul 15, 2025 5:00 AM;40,934.66;41,040.91;106.25;31,403.26
Jul 15, 2025 5:00 AM;Jul 15, 2025 6:00 AM;43,229.09;43,345.59;116.50;32,352.25
Jul 15, 2025 6:00 AM;Jul 15, 2025 7:00 AM;49,057.14;49,097.14;40.00;35,088.77
Jul 15, 2025 7:00 AM;Jul 15, 2025 8:00 AM;54,195.95;54,249.95;54.00;36,380.46
Jul 15, 2025 8:00 AM;Jul 15, 2025 9:00 AM;56,891.80;57,038.80;147.00;33,426.26
Jul 15, 2025 9:00 AM;Jul 15, 2025 10:00 AM;57,568.14;58,658.89;1,090.75;27,274.32
Jul 15, 2025 10:00 AM;Jul 15, 2025 11:00 AM;58,664.39;61,840.89;3,176.50;23,139.06
Jul 15, 2025 11:00 AM;Jul 15, 2025 12:00 PM;59,177.57;63,262.57;4,085.00;19,758.54
Jul 15, 2025 12:00 PM;Jul 15, 2025 1:00 PM;57,042.27;62,026.27;4,984.00;14,237.25
Jul 15, 2025 1:00 PM;Jul 15, 2025 2:00 PM;56,257.99;61,274.99;5,017.00;13,499.96
Jul 15, 2025 2:00 PM;Jul 15, 2025 3:00 PM;54,528.37;58,044.12;3,515.75;12,654.92
Jul 15, 2025 3:00 PM;Jul 15, 2025 4:00 PM;55,820.71;60,697.71;4,877.00;14,168.49
Jul 15, 2025 4:00 PM;Jul 15, 2025 5:00 PM;54,359.75;58,552.50;4,192.75;16,489.36
Jul 15, 2025 5:00 PM;Jul 15, 2025 6:00 PM;54,981.75;57,397.50;2,415.75;22,430.42
Jul 15, 2025 6:00 PM;Jul 15, 2025 7:00 PM;55,391.01;55,879.51;488.50;30,887.70
Jul 15, 2025 7:00 PM;Jul 15, 2025 8:00 PM;55,997.88;56,133.38;135.50;39,708.56
Jul 15, 2025 8:00 PM;Jul 15, 2025 9:00 PM;54,065.10;54,110.60;45.50;44,471.07
Jul 15, 2025 9:00 PM;Jul 15, 2025 10:00 PM;51,917.84;51,928.84;11.00;45,422.46
Jul 15, 2025 10:00 PM;Jul 15, 2025 11:00 PM;49,210.32;49,224.32;14.00;42,729.06
Jul 15, 2025 11:00 PM;Jul 16, 2025 12:00 AM;45,965.52;45,984.77;19.25;38,634.91
Jul 16, 2025 12:00 AM;Jul 16, 2025 1:00 AM;43,536.50;43,653.75;117.25;35,842.72
Jul 16, 2025 1:00 AM;Jul 16, 2025 2:00 AM;42,341.10;42,691.10;350.00;34,046.66
Jul 16, 2025 2:00 AM;Jul 16, 2025 3:00 AM;41,278.26;41,620.51;342.25;31,716.57
Jul 16, 2025 3:00 AM;Jul 16, 2025 4:00 AM;40,999.20;41,345.45;346.25;30,608.53
Jul 16, 2025 4:00 AM;Jul 16, 2025 5:00 AM;41,587.76;41,952.76;365.00;30,372.17
Jul 16, 2025 5:00 AM;Jul 16, 2025 6:00 AM;44,872.41;45,251.66;379.25;32,888.25
Jul 16, 2025 6:00 AM;Jul 16, 2025 7:00 AM;51,613.53;51,739.78;126.25;37,335.82
Jul 16, 2025 7:00 AM;Jul 16, 2025 8:00 AM;56,539.65;56,566.40;26.75;39,029.80
Jul 16, 2025 8:00 AM;Jul 16, 2025 9:00 AM;59,502.61;59,530.86;28.25;38,589.23
Jul 16, 2025 9:00 AM;Jul 16, 2025 10:00 AM;60,530.35;60,538.35;8.00;35,134.35
Jul 16, 2025 10:00 AM;Jul 16, 2025 11:00 AM;61,183.85;61,702.60;518.75;30,563.38
Jul 16, 2025 11:00 AM;Jul 16, 2025 12:00 PM;60,883.06;63,137.06;2,254.00;26,195.89
Jul 16, 2025 12:00 PM;Jul 16, 2025 1:00 PM;59,692.43;63,433.43;3,741.00;22,176.40
Jul 16, 2025 1:00 PM;Jul 16, 2025 2:00 PM;58,559.98;62,986.48;4,426.50;19,097.19
Jul 16, 2025 2:00 PM;Jul 16, 2025 3:00 PM;57,408.48;61,569.23;4,160.75;17,941.31
Jul 16, 2025 3:00 PM;Jul 16, 2025 4:00 PM;56,232.97;60,252.22;4,019.25;18,731.16
Jul 16, 2025 4:00 PM;Jul 16, 2025 5:00 PM;55,709.68;59,025.43;3,315.75;21,656.35
Jul 16, 2025 5:00 PM;Jul 16, 2025 6:00 PM;56,193.30;57,586.05;1,392.75;27,387.79
Jul 16, 2025 6:00 PM;Jul 16, 2025 7:00 PM;56,335.90;56,694.15;358.25;34,201.46
Jul 16, 2025 7:00 PM;Jul 16, 2025 8:00 PM;54,887.77;54,914.27;26.50;39,302.93
Jul 16, 2025 8:00 PM;Jul 16, 2025 9:00 PM;52,804.65;52,809.65;5.00;42,136.83
Jul 16, 2025 9:00 PM;Jul 16, 2025 10:00 PM;50,876.72;50,880.47;3.75;41,872.70
Jul 16, 2025 10:00 PM;Jul 16, 2025 11:00 PM;48,538.03;48,569.28;31.25;38,922.09
Jul 16, 2025 11:00 PM;Jul 17, 2025 12:00 AM;45,474.05;45,534.30;60.25;34,624.22
Jul 17, 2025 12:00 AM;Jul 17, 2025 1:00 AM;43,066.72;43,170.47;103.75;31,393.02
Jul 17, 2025 1:00 AM;Jul 17, 2025 2:00 AM;41,429.70;41,457.45;27.75;29,360.73
Jul 17, 2025 2:00 AM;Jul 17, 2025 3:00 AM;40,760.16;40,956.16;196.00;29,060.33
Jul 17, 2025 3:00 AM;Jul 17, 2025 4:00 AM;41,015.01;41,221.76;206.75;29,555.61
Jul 17, 2025 4:00 AM;Jul 17, 2025 5:00 AM;42,003.18;42,179.93;176.75;29,827.57
Jul 17, 2025 5:00 AM;Jul 17, 2025 6:00 AM;45,003.94;45,237.19;233.25;31,000.84
Jul 17, 2025 6:00 AM;Jul 17, 2025 7:00 AM;51,088.00;51,455.75;367.75;34,275.81
Jul 17, 2025 7:00 AM;Jul 17, 2025 8:00 AM;55,618.17;55,633.17;15.00;35,540.86
Jul 17, 2025 8:00 AM;Jul 17, 2025 9:00 AM;58,759.76;58,913.76;154.00;32,811.28
Jul 17, 2025 9:00 AM;Jul 17, 2025 10:00 AM;59,173.97;60,094.97;921.00;26,170.02
Jul 17, 2025 10:00 AM;Jul 17, 2025 11:00 AM;59,527.23;61,859.98;2,332.75;20,595.10
Jul 17, 2025 11:00 AM;Jul 17, 2025 12:00 PM;60,043.24;63,475.24;3,432.00;17,552.92
Jul 17, 2025 12:00 PM;Jul 17, 2025 1:00 PM;59,148.88;64,029.88;4,881.00;14,833.99
Jul 17, 2025 1:00 PM;Jul 17, 2025 2:00 PM;58,149.86;63,417.61;5,267.75;12,491.78
Jul 17, 2025 2:00 PM;Jul 17, 2025 3:00 PM;56,301.28;61,677.53;5,376.25;11,396.87
Jul 17, 2025 3:00 PM;Jul 17, 2025 4:00 PM;55,488.85;60,543.85;5,055.00;11,850.00
Jul 17, 2025 4:00 PM;Jul 17, 2025 5:00 PM;54,406.30;58,059.55;3,653.25;14,730.52
Jul 17, 2025 5:00 PM;Jul 17, 2025 6:00 PM;54,863.40;56,668.40;1,805.00;20,999.94
Jul 17, 2025 6:00 PM;Jul 17, 2025 7:00 PM;55,371.84;56,805.84;1,434.00;28,794.09
Jul 17, 2025 7:00 PM;Jul 17, 2025 8:00 PM;54,894.19;55,161.69;267.50;36,164.10
Jul 17, 2025 8:00 PM;Jul 17, 2025 9:00 PM;53,205.42;53,281.17;75.75;40,736.71
Jul 17, 2025 9:00 PM;Jul 17, 2025 10:00 PM;51,148.27;51,154.27;6.00;41,730.65
Jul 17, 2025 10:00 PM;Jul 17, 2025 11:00 PM;48,626.69;48,636.19;9.50;40,657.93
Jul 17, 2025 11:00 PM;Jul 18, 2025 12:00 AM;45,160.25;45,173.25;13.00;38,071.67
Jul 18, 2025 12:00 AM;Jul 18, 2025 1:00 AM;42,666.73;42,736.73;70.00;36,641.34
Jul 18, 2025 1:00 AM;Jul 18, 2025 2:00 AM;40,911.45;40,943.45;32.00;35,973.37
Jul 18, 2025 2:00 AM;Jul 18, 2025 3:00 AM;39,835.48;39,868.73;33.25;35,966.84
Jul 18, 2025 3:00 AM;Jul 18, 2025 4:00 AM;39,641.93;39,683.43;41.50;36,454.85
Jul 18, 2025 4:00 AM;Jul 18, 2025 5:00 AM;40,481.87;40,623.87;142.00;37,939.31
Jul 18, 2025 5:00 AM;Jul 18, 2025 6:00 AM;43,397.32;43,416.07;18.75;41,301.86
Jul 18, 2025 6:00 AM;Jul 18, 2025 7:00 AM;49,206.49;49,210.74;4.25;45,721.11
Jul 18, 2025 7:00 AM;Jul 18, 2025 8:00 AM;53,893.56;53,896.81;3.25;46,003.86
Jul 18, 2025 8:00 AM;Jul 18, 2025 9:00 AM;56,694.00;56,769.50;75.50;41,501.89
Jul 18, 2025 9:00 AM;Jul 18, 2025 10:00 AM;57,091.76;57,312.76;221.00;34,432.00
Jul 18, 2025 10:00 AM;Jul 18, 2025 11:00 AM;57,188.94;58,282.19;1,093.25;28,208.12
Jul 18, 2025 11:00 AM;Jul 18, 2025 12:00 PM;56,987.79;59,763.79;2,776.00;23,766.76
Jul 18, 2025 12:00 PM;Jul 18, 2025 1:00 PM;56,044.00;60,200.50;4,156.50;20,002.43
Jul 18, 2025 1:00 PM;Jul 18, 2025 2:00 PM;54,817.11;59,564.61;4,747.50;17,274.34
Jul 18, 2025 2:00 PM;Jul 18, 2025 3:00 PM;52,957.08;57,060.83;4,103.75;15,214.67
Jul 18, 2025 3:00 PM;Jul 18, 2025 4:00 PM;52,130.58;56,422.08;4,291.50;17,013.46
Jul 18, 2025 4:00 PM;Jul 18, 2025 5:00 PM;51,992.08;54,737.08;2,745.00;20,768.80
Jul 18, 2025 5:00 PM;Jul 18, 2025 6:00 PM;52,143.36;52,988.36;845.00;26,852.24
Jul 18, 2025 6:00 PM;Jul 18, 2025 7:00 PM;51,966.31;52,322.06;355.75;34,988.95
Jul 18, 2025 7:00 PM;Jul 18, 2025 8:00 PM;51,723.25;51,730.00;6.75;43,229.13
Jul 18, 2025 8:00 PM;Jul 18, 2025 9:00 PM;50,324.53;50,332.03;7.50;47,291.68
Jul 18, 2025 9:00 PM;Jul 18, 2025 10:00 PM;48,458.61;48,465.61;7.00;47,344.60
Jul 18, 2025 10:00 PM;Jul 18, 2025 11:00 PM;46,165.52;46,173.02;7.50;45,079.51
Jul 18, 2025 11:00 PM;Jul 19, 2025 12:00 AM;43,219.44;43,227.44;8.00;41,826.47
Jul 19, 2025 12:00 AM;Jul 19, 2025 1:00 AM;41,053.70;41,064.70;11.00;39,468.40
Jul 19, 2025 1:00 AM;Jul 19, 2025 2:00 AM;39,152.53;39,166.28;13.75;37,300.01
Jul 19, 2025 2:00 AM;Jul 19, 2025 3:00 AM;37,819.53;37,843.03;23.50;35,527.47
Jul 19, 2025 3:00 AM;Jul 19, 2025 4:00 AM;37,266.51;37,365.26;98.75;34,759.27
Jul 19, 2025 4:00 AM;Jul 19, 2025 5:00 AM;37,140.08;37,220.33;80.25;34,420.21
Jul 19, 2025 5:00 AM;Jul 19, 2025 6:00 AM;37,293.74;37,468.49;174.75;33,700.78
Jul 19, 2025 6:00 AM;Jul 19, 2025 7:00 AM;38,792.85;38,947.60;154.75;32,025.76
Jul 19, 2025 7:00 AM;Jul 19, 2025 8:00 AM;41,214.65;41,565.40;350.75;27,335.10
Jul 19, 2025 8:00 AM;Jul 19, 2025 9:00 AM;44,546.36;45,149.61;603.25;20,976.30
Jul 19, 2025 9:00 AM;Jul 19, 2025 10:00 AM;46,514.08;49,671.58;3,157.50;12,365.56
Jul 19, 2025 10:00 AM;Jul 19, 2025 11:00 AM;47,182.24;51,795.49;4,613.25;4,426.34
Jul 19, 2025 11:00 AM;Jul 19, 2025 12:00 PM;47,328.15;52,110.90;4,782.75;-596.03
Jul 19, 2025 12:00 PM;Jul 19, 2025 1:00 PM;46,449.36;51,554.86;5,105.50;-3,585.86
Jul 19, 2025 1:00 PM;Jul 19, 2025 2:00 PM;45,628.86;50,749.86;5,121.00;-4,216.09
Jul 19, 2025 2:00 PM;Jul 19, 2025 3:00 PM;45,374.00;50,547.25;5,173.25;-2,867.89
Jul 19, 2025 3:00 PM;Jul 19, 2025 4:00 PM;45,066.65;50,223.15;5,156.50;716.02
Jul 19, 2025 4:00 PM;Jul 19, 2025 5:00 PM;44,900.15;49,059.90;4,159.75;6,538.24
Jul 19, 2025 5:00 PM;Jul 19, 2025 6:00 PM;45,972.73;47,056.98;1,084.25;16,029.04
Jul 19, 2025 6:00 PM;Jul 19, 2025 7:00 PM;46,489.78;46,608.03;118.25;25,417.45
Jul 19, 2025 7:00 PM;Jul 19, 2025 8:00 PM;46,572.22;46,578.72;6.50;32,093.94
Jul 19, 2025 8:00 PM;Jul 19, 2025 9:00 PM;45,480.49;45,486.99;6.50;33,843.24
Jul 19, 2025 9:00 PM;Jul 19, 2025 10:00 PM;44,127.04;44,158.79;31.75;30,890.93
Jul 19, 2025 10:00 PM;Jul 19, 2025 11:00 PM;43,555.89;43,713.14;157.25;27,352.62
Jul 19, 2025 11:00 PM;Jul 20, 2025 12:00 AM;41,154.26;41,205.26;51.00;23,953.74
Jul 20, 2025 12:00 AM;Jul 20, 2025 1:00 AM;38,476.10;38,497.85;21.75;20,812.85
Jul 20, 2025 1:00 AM;Jul 20, 2025 2:00 AM;36,429.61;36,511.86;82.25;20,043.87
Jul 20, 2025 2:00 AM;Jul 20, 2025 3:00 AM;35,594.60;35,653.35;58.75;20,725.45
Jul 20, 2025 3:00 AM;Jul 20, 2025 4:00 AM;34,849.30;34,957.30;108.00;21,895.81
Jul 20, 2025 4:00 AM;Jul 20, 2025 5:00 AM;34,610.76;34,677.01;66.25;23,753.80
Jul 20, 2025 5:00 AM;Jul 20, 2025 6:00 AM;34,477.46;34,551.96;74.50;24,434.41
Jul 20, 2025 6:00 AM;Jul 20, 2025 7:00 AM;34,992.94;35,280.69;287.75;23,891.31
Jul 20, 2025 7:00 AM;Jul 20, 2025 8:00 AM;37,003.64;37,899.64;896.00;21,700.63
Jul 20, 2025 8:00 AM;Jul 20, 2025 9:00 AM;40,025.85;42,039.10;2,013.25;16,952.39
Jul 20, 2025 9:00 AM;Jul 20, 2025 10:00 AM;42,695.11;47,332.36;4,637.25;11,339.99
Jul 20, 2025 10:00 AM;Jul 20, 2025 11:00 AM;43,636.35;48,884.35;5,248.00;6,562.35
Jul 20, 2025 11:00 AM;Jul 20, 2025 12:00 PM;44,500.04;49,712.29;5,212.25;3,502.16
Jul 20, 2025 12:00 PM;Jul 20, 2025 1:00 PM;43,706.89;48,890.14;5,183.25;471.26
Jul 20, 2025 1:00 PM;Jul 20, 2025 2:00 PM;42,216.87;46,988.87;4,772.00;-1,063.81
Jul 20, 2025 2:00 PM;Jul 20, 2025 3:00 PM;41,904.41;46,745.16;4,840.75;118.34
Jul 20, 2025 3:00 PM;Jul 20, 2025 4:00 PM;42,314.95;47,252.20;4,937.25;5,010.36
Jul 20, 2025 4:00 PM;Jul 20, 2025 5:00 PM;42,267.53;45,599.28;3,331.75;9,812.01
Jul 20, 2025 5:00 PM;Jul 20, 2025 6:00 PM;43,688.25;45,752.50;2,064.25;17,407.26
Jul 20, 2025 6:00 PM;Jul 20, 2025 7:00 PM;45,999.00;46,310.25;311.25;27,808.78
Jul 20, 2025 7:00 PM;Jul 20, 2025 8:00 PM;46,870.67;46,885.42;14.75;33,845.90
Jul 20, 2025 8:00 PM;Jul 20, 2025 9:00 PM;46,509.72;46,758.72;249.00;35,780.52
Jul 20, 2025 9:00 PM;Jul 20, 2025 10:00 PM;46,407.10;46,923.85;516.75;35,109.02
Jul 20, 2025 10:00 PM;Jul 20, 2025 11:00 PM;45,381.23;45,406.73;25.50;33,176.24
Jul 20, 2025 11:00 PM;Jul 21, 2025 12:00 AM;42,287.69;42,415.94;128.25;28,513.75
Jul 21, 2025 12:00 AM;Jul 21, 2025 1:00 AM;40,482.13;40,720.38;238.25;27,704.45
Jul 21, 2025 1:00 AM;Jul 21, 2025 2:00 AM;39,641.60;39,812.10;170.50;27,770.18
Jul 21, 2025 2:00 AM;Jul 21, 2025 3:00 AM;38,723.28;38,846.78;123.50;28,027.40
Jul 21, 2025 3:00 AM;Jul 21, 2025 4:00 AM;38,584.86;38,897.86;313.00;29,061.83
Jul 21, 2025 4:00 AM;Jul 21, 2025 5:00 AM;39,599.70;39,776.20;176.50;30,566.13
Jul 21, 2025 5:00 AM;Jul 21, 2025 6:00 AM;42,632.65;42,720.90;88.25;34,609.36
Jul 21, 2025 6:00 AM;Jul 21, 2025 7:00 AM;49,666.54;49,678.54;12.00;41,299.78
Jul 21, 2025 7:00 AM;Jul 21, 2025 8:00 AM;54,874.85;54,878.60;3.75;45,709.84
Jul 21, 2025 8:00 AM;Jul 21, 2025 9:00 AM;58,210.14;58,212.39;2.25;47,190.59
Jul 21, 2025 9:00 AM;Jul 21, 2025 10:00 AM;60,082.91;60,089.41;6.50;47,322.48
Jul 21, 2025 10:00 AM;Jul 21, 2025 11:00 AM;60,722.88;60,728.13;5.25;45,583.96
Jul 21, 2025 11:00 AM;Jul 21, 2025 12:00 PM;61,078.84;61,086.09;7.25;43,611.20
Jul 21, 2025 12:00 PM;Jul 21, 2025 1:00 PM;60,991.94;61,119.19;127.25;41,744.24
Jul 21, 2025 1:00 PM;Jul 21, 2025 2:00 PM;60,186.95;61,252.95;1,066.00;38,479.61
Jul 21, 2025 2:00 PM;Jul 21, 2025 3:00 PM;58,821.25;61,047.50;2,226.25;33,770.17
Jul 21, 2025 3:00 PM;Jul 21, 2025 4:00 PM;57,583.17;59,662.92;2,079.75;30,535.13
Jul 21, 2025 4:00 PM;Jul 21, 2025 5:00 PM;56,347.57;57,638.32;1,290.75;28,872.53
Jul 21, 2025 5:00 PM;Jul 21, 2025 6:00 PM;56,870.63;58,036.38;1,165.75;29,749.25
Jul 21, 2025 6:00 PM;Jul 21, 2025 7:00 PM;56,836.53;57,070.28;233.75;34,154.04
Jul 21, 2025 7:00 PM;Jul 21, 2025 8:00 PM;55,615.44;55,622.69;7.25;38,689.55
Jul 21, 2025 8:00 PM;Jul 21, 2025 9:00 PM;53,953.01;53,953.51;0.50;42,582.38
Jul 21, 2025 9:00 PM;Jul 21, 2025 10:00 PM;51,625.62;51,625.62;0.00;43,216.48
Jul 21, 2025 10:00 PM;Jul 21, 2025 11:00 PM;48,793.39;48,797.64;4.25;40,108.10
Jul 21, 2025 11:00 PM;Jul 22, 2025 12:00 AM;44,982.74;45,005.99;23.25;35,191.10
Jul 22, 2025 12:00 AM;Jul 22, 2025 1:00 AM;42,188.65;42,240.65;52.00;31,772.48
Jul 22, 2025 1:00 AM;Jul 22, 2025 2:00 AM;40,566.41;40,698.91;132.50;29,186.58
Jul 22, 2025 2:00 AM;Jul 22, 2025 3:00 AM;39,827.22;40,621.22;794.00;27,739.25
Jul 22, 2025 3:00 AM;Jul 22, 2025 4:00 AM;40,248.28;40,998.03;749.75;27,661.76
Jul 22, 2025 4:00 AM;Jul 22, 2025 5:00 AM;40,964.71;41,256.21;291.50;28,164.65
Jul 22, 2025 5:00 AM;Jul 22, 2025 6:00 AM;44,049.84;44,087.59;37.75;31,018.99
Jul 22, 2025 6:00 AM;Jul 22, 2025 7:00 AM;49,936.67;49,970.92;34.25;35,075.06
Jul 22, 2025 7:00 AM;Jul 22, 2025 8:00 AM;54,869.79;55,008.29;138.50;36,942.93
Jul 22, 2025 8:00 AM;Jul 22, 2025 9:00 AM;58,081.50;58,202.25;120.75;35,336.29
Jul 22, 2025 9:00 AM;Jul 22, 2025 10:00 AM;58,590.96;59,012.21;421.25;31,147.93
Jul 22, 2025 10:00 AM;Jul 22, 2025 11:00 AM;58,844.30;60,052.05;1,207.75;25,719.92
Jul 22, 2025 11:00 AM;Jul 22, 2025 12:00 PM;59,642.24;63,037.74;3,395.50;19,446.70
Jul 22, 2025 12:00 PM;Jul 22, 2025 1:00 PM;58,893.91;63,667.66;4,773.75;12,728.27
Jul 22, 2025 1:00 PM;Jul 22, 2025 2:00 PM;57,452.56;62,577.81;5,125.25;8,968.80
Jul 22, 2025 2:00 PM;Jul 22, 2025 3:00 PM;56,953.04;62,200.79;5,247.75;8,312.15
Jul 22, 2025 3:00 PM;Jul 22, 2025 4:00 PM;56,761.20;61,800.20;5,039.00;9,325.67
Jul 22, 2025 4:00 PM;Jul 22, 2025 5:00 PM;57,072.99;62,163.74;5,090.75;13,413.48
Jul 22, 2025 5:00 PM;Jul 22, 2025 6:00 PM;56,906.33;59,702.58;2,796.25;19,195.33
Jul 22, 2025 6:00 PM;Jul 22, 2025 7:00 PM;56,604.22;57,484.22;880.00;26,705.49
Jul 22, 2025 7:00 PM;Jul 22, 2025 8:00 PM;56,127.91;56,272.66;144.75;33,078.15
Jul 22, 2025 8:00 PM;Jul 22, 2025 9:00 PM;54,252.11;54,358.61;106.50;35,036.39
Jul 22, 2025 9:00 PM;Jul 22, 2025 10:00 PM;52,132.08;52,137.33;5.25;32,625.30
Jul 22, 2025 10:00 PM;Jul 22, 2025 11:00 PM;48,984.55;48,990.80;6.25;27,089.27
Jul 22, 2025 11:00 PM;Jul 23, 2025 12:00 AM;46,453.63;47,247.88;794.25;21,311.89
Jul 23, 2025 12:00 AM;Jul 23, 2025 1:00 AM;43,655.04;44,178.29;523.25;17,356.15
Jul 23, 2025 1:00 AM;Jul 23, 2025 2:00 AM;42,442.71;42,971.21;528.50;15,045.68
Jul 23, 2025 2:00 AM;Jul 23, 2025 3:00 AM;41,221.00;42,283.50;1,062.50;13,881.96
Jul 23, 2025 3:00 AM;Jul 23, 2025 4:00 AM;41,169.71;42,606.96;1,437.25;14,250.70
Jul 23, 2025 4:00 AM;Jul 23, 2025 5:00 AM;42,078.31;43,562.81;1,484.50;15,449.83
Jul 23, 2025 5:00 AM;Jul 23, 2025 6:00 AM;44,760.65;45,409.15;648.50;18,446.10
Jul 23, 2025 6:00 AM;Jul 23, 2025 7:00 AM;50,863.78;51,037.03;173.25;22,228.99
Jul 23, 2025 7:00 AM;Jul 23, 2025 8:00 AM;55,572.71;55,586.21;13.50;22,500.48
Jul 23, 2025 8:00 AM;Jul 23, 2025 9:00 AM;58,517.93;58,764.68;246.75;18,334.69
Jul 23, 2025 9:00 AM;Jul 23, 2025 10:00 AM;59,097.57;60,276.82;1,179.25;11,441.19
Jul 23, 2025 10:00 AM;Jul 23, 2025 11:00 AM;59,836.62;63,262.87;3,426.25;6,678.55
Jul 23, 2025 11:00 AM;Jul 23, 2025 12:00 PM;59,449.44;63,510.19;4,060.75;3,303.24
Jul 23, 2025 12:00 PM;Jul 23, 2025 1:00 PM;58,902.56;63,092.56;4,190.00;1,722.72
Jul 23, 2025 1:00 PM;Jul 23, 2025 2:00 PM;58,289.30;61,633.30;3,344.00;1,672.90
Jul 23, 2025 2:00 PM;Jul 23, 2025 3:00 PM;56,593.18;60,926.68;4,333.50;1,066.11
Jul 23, 2025 3:00 PM;Jul 23, 2025 4:00 PM;55,603.68;60,429.43;4,825.75;2,490.97
Jul 23, 2025 4:00 PM;Jul 23, 2025 5:00 PM;55,313.25;59,150.75;3,837.50;8,115.55
Jul 23, 2025 5:00 PM;Jul 23, 2025 6:00 PM;55,562.36;57,485.36;1,923.00;15,831.46
Jul 23, 2025 6:00 PM;Jul 23, 2025 7:00 PM;56,346.27;56,942.02;595.75;26,002.23
Jul 23, 2025 7:00 PM;Jul 23, 2025 8:00 PM;56,379.58;56,865.08;485.50;35,667.57
Jul 23, 2025 8:00 PM;Jul 23, 2025 9:00 PM;54,300.22;54,311.47;11.25;40,678.23
Jul 23, 2025 9:00 PM;Jul 23, 2025 10:00 PM;52,480.17;52,485.92;5.75;42,188.69
Jul 23, 2025 10:00 PM;Jul 23, 2025 11:00 PM;49,591.26;49,599.26;8.00;40,497.88
Jul 23, 2025 11:00 PM;Jul 24, 2025 12:00 AM;46,413.19;46,476.69;63.50;38,031.04
Jul 24, 2025 12:00 AM;Jul 24, 2025 1:00 AM;43,463.66;43,711.16;247.50;35,929.89
Jul 24, 2025 1:00 AM;Jul 24, 2025 2:00 AM;41,807.46;42,193.21;385.75;35,304.59
Jul 24, 2025 2:00 AM;Jul 24, 2025 3:00 AM;40,646.47;41,067.97;421.50;35,106.04
Jul 24, 2025 3:00 AM;Jul 24, 2025 4:00 AM;40,457.90;40,858.65;400.75;35,620.50
Jul 24, 2025 4:00 AM;Jul 24, 2025 5:00 AM;41,049.66;41,327.16;277.50;36,355.48
Jul 24, 2025 5:00 AM;Jul 24, 2025 6:00 AM;43,941.76;44,104.26;162.50;39,249.22
Jul 24, 2025 6:00 AM;Jul 24, 2025 7:00 AM;49,490.27;49,496.02;5.75;43,518.06
Jul 24, 2025 7:00 AM;Jul 24, 2025 8:00 AM;54,453.02;54,458.02;5.00;46,086.42
Jul 24, 2025 8:00 AM;Jul 24, 2025 9:00 AM;57,711.42;57,715.42;4.00;45,311.57
Jul 24, 2025 9:00 AM;Jul 24, 2025 10:00 AM;58,834.15;58,968.40;134.25;40,640.41
Jul 24, 2025 10:00 AM;Jul 24, 2025 11:00 AM;59,659.15;60,151.90;492.75;35,905.44
Jul 24, 2025 11:00 AM;Jul 24, 2025 12:00 PM;59,984.24;60,838.74;854.50;32,745.63
Jul 24, 2025 12:00 PM;Jul 24, 2025 1:00 PM;58,719.17;60,845.67;2,126.50;28,968.45
Jul 24, 2025 1:00 PM;Jul 24, 2025 2:00 PM;57,774.15;61,203.65;3,429.50;27,095.51
Jul 24, 2025 2:00 PM;Jul 24, 2025 3:00 PM;56,722.17;60,033.92;3,311.75;26,544.84
Jul 24, 2025 3:00 PM;Jul 24, 2025 4:00 PM;55,660.53;57,583.53;1,923.00;27,886.85
Jul 24, 2025 4:00 PM;Jul 24, 2025 5:00 PM;55,075.85;55,686.85;611.00;29,484.14
Jul 24, 2025 5:00 PM;Jul 24, 2025 6:00 PM;55,654.27;56,391.02;736.75;34,198.75
Jul 24, 2025 6:00 PM;Jul 24, 2025 7:00 PM;55,984.74;56,244.24;259.50;40,796.91
Jul 24, 2025 7:00 PM;Jul 24, 2025 8:00 PM;55,220.83;55,224.83;4.00;45,953.42
Jul 24, 2025 8:00 PM;Jul 24, 2025 9:00 PM;54,068.86;54,071.11;2.25;49,072.00
Jul 24, 2025 9:00 PM;Jul 24, 2025 10:00 PM;52,417.68;52,420.68;3.00;48,668.04
Jul 24, 2025 10:00 PM;Jul 24, 2025 11:00 PM;49,739.55;49,745.05;5.50;45,508.51
Jul 24, 2025 11:00 PM;Jul 25, 2025 12:00 AM;46,019.04;46,029.04;10.00;41,830.29
Jul 25, 2025 12:00 AM;Jul 25, 2025 1:00 AM;43,050.84;43,092.59;41.75;39,229.21
Jul 25, 2025 1:00 AM;Jul 25, 2025 2:00 AM;41,420.50;41,461.50;41.00;37,876.37
Jul 25, 2025 2:00 AM;Jul 25, 2025 3:00 AM;40,571.53;40,653.28;81.75;37,067.71
Jul 25, 2025 3:00 AM;Jul 25, 2025 4:00 AM;40,569.33;40,756.83;187.50;36,406.38
Jul 25, 2025 4:00 AM;Jul 25, 2025 5:00 AM;41,688.98;42,206.98;518.00;36,850.60
Jul 25, 2025 5:00 AM;Jul 25, 2025 6:00 AM;44,223.83;44,529.08;305.25;39,143.89
Jul 25, 2025 6:00 AM;Jul 25, 2025 7:00 AM;49,544.59;49,557.09;12.50;43,146.96
Jul 25, 2025 7:00 AM;Jul 25, 2025 8:00 AM;54,369.60;54,372.85;3.25;44,416.80
Jul 25, 2025 8:00 AM;Jul 25, 2025 9:00 AM;57,531.24;57,550.49;19.25;41,845.99
Jul 25, 2025 9:00 AM;Jul 25, 2025 10:00 AM;58,468.36;59,360.86;892.50;35,707.85
Jul 25, 2025 10:00 AM;Jul 25, 2025 11:00 AM;58,998.32;60,529.82;1,531.50;30,428.41
Jul 25, 2025 11:00 AM;Jul 25, 2025 12:00 PM;59,172.48;60,231.98;1,059.50;28,314.46
Jul 25, 2025 12:00 PM;Jul 25, 2025 1:00 PM;58,456.20;60,190.95;1,734.75;26,662.09
Jul 25, 2025 1:00 PM;Jul 25, 2025 2:00 PM;56,592.47;59,086.47;2,494.00;22,346.89
Jul 25, 2025 2:00 PM;Jul 25, 2025 3:00 PM;55,004.33;59,215.08;4,210.75;19,405.28
Jul 25, 2025 3:00 PM;Jul 25, 2025 4:00 PM;54,018.14;58,019.14;4,001.00;19,401.96
Jul 25, 2025 4:00 PM;Jul 25, 2025 5:00 PM;52,648.03;54,685.78;2,037.75;21,479.82
Jul 25, 2025 5:00 PM;Jul 25, 2025 6:00 PM;53,466.79;53,738.79;272.00;28,517.58
Jul 25, 2025 6:00 PM;Jul 25, 2025 7:00 PM;53,551.82;53,633.57;81.75;35,237.74
Jul 25, 2025 7:00 PM;Jul 25, 2025 8:00 PM;53,190.67;53,200.92;10.25;40,931.32
Jul 25, 2025 8:00 PM;Jul 25, 2025 9:00 PM;51,613.25;51,619.25;6.00;44,019.88
Jul 25, 2025 9:00 PM;Jul 25, 2025 10:00 PM;49,723.43;49,726.18;2.75;44,471.38
Jul 25, 2025 10:00 PM;Jul 25, 2025 11:00 PM;47,230.99;47,233.49;2.50;42,546.54
Jul 25, 2025 11:00 PM;Jul 26, 2025 12:00 AM;44,034.60;44,095.10;60.50;39,742.39
Jul 26, 2025 12:00 AM;Jul 26, 2025 1:00 AM;41,521.06;41,548.81;27.75;37,285.10
Jul 26, 2025 1:00 AM;Jul 26, 2025 2:00 AM;39,580.33;39,706.83;126.50;35,380.13
Jul 26, 2025 2:00 AM;Jul 26, 2025 3:00 AM;38,234.06;38,721.31;487.25;34,068.21
Jul 26, 2025 3:00 AM;Jul 26, 2025 4:00 AM;37,651.52;38,069.52;418.00;33,990.92
Jul 26, 2025 4:00 AM;Jul 26, 2025 5:00 AM;37,667.98;37,762.48;94.50;34,026.69
Jul 26, 2025 5:00 AM;Jul 26, 2025 6:00 AM;38,172.41;38,370.16;197.75;34,243.04
Jul 26, 2025 6:00 AM;Jul 26, 2025 7:00 AM;39,492.94;39,634.94;142.00;34,465.88
Jul 26, 2025 7:00 AM;Jul 26, 2025 8:00 AM;41,422.64;41,539.89;117.25;33,162.42
Jul 26, 2025 8:00 AM;Jul 26, 2025 9:00 AM;43,887.18;43,972.93;85.75;30,763.33
Jul 26, 2025 9:00 AM;Jul 26, 2025 10:00 AM;46,539.78;47,103.53;563.75;28,244.70
Jul 26, 2025 10:00 AM;Jul 26, 2025 11:00 AM;47,706.42;49,903.92;2,197.50;24,674.89
Jul 26, 2025 11:00 AM;Jul 26, 2025 12:00 PM;48,424.06;51,618.56;3,194.50;21,991.11
Jul 26, 2025 12:00 PM;Jul 26, 2025 1:00 PM;47,596.18;52,075.43;4,479.25;18,502.03
Jul 26, 2025 1:00 PM;Jul 26, 2025 2:00 PM;46,610.04;52,131.29;5,521.25;15,696.65
Jul 26, 2025 2:00 PM;Jul 26, 2025 3:00 PM;45,163.28;50,565.03;5,401.75;13,509.00
Jul 26, 2025 3:00 PM;Jul 26, 2025 4:00 PM;44,913.50;49,922.25;5,008.75;15,204.79
Jul 26, 2025 4:00 PM;Jul 26, 2025 5:00 PM;44,681.55;47,726.55;3,045.00;19,036.87
Jul 26, 2025 5:00 PM;Jul 26, 2025 6:00 PM;45,696.16;46,533.41;837.25;25,884.13
Jul 26, 2025 6:00 PM;Jul 26, 2025 7:00 PM;46,724.13;47,071.63;347.50;33,947.82
Jul 26, 2025 7:00 PM;Jul 26, 2025 8:00 PM;46,932.67;47,128.67;196.00;40,413.53
Jul 26, 2025 8:00 PM;Jul 26, 2025 9:00 PM;45,498.48;45,616.48;118.00;42,733.50
Jul 26, 2025 9:00 PM;Jul 26, 2025 10:00 PM;44,265.53;44,452.53;187.00;42,712.90
Jul 26, 2025 10:00 PM;Jul 26, 2025 11:00 PM;42,920.10;43,088.85;168.75;41,174.85
Jul 26, 2025 11:00 PM;Jul 27, 2025 12:00 AM;40,330.81;40,493.81;163.00;38,454.49
Jul 27, 2025 12:00 AM;Jul 27, 2025 1:00 AM;37,985.86;38,007.11;21.25;35,727.91
Jul 27, 2025 1:00 AM;Jul 27, 2025 2:00 AM;36,152.40;36,250.40;98.00;33,494.56
Jul 27, 2025 2:00 AM;Jul 27, 2025 3:00 AM;34,820.57;34,919.07;98.50;31,566.44
Jul 27, 2025 3:00 AM;Jul 27, 2025 4:00 AM;34,169.10;34,391.35;222.25;30,537.81
Jul 27, 2025 4:00 AM;Jul 27, 2025 5:00 AM;34,008.88;34,260.63;251.75;30,103.67
Jul 27, 2025 5:00 AM;Jul 27, 2025 6:00 AM;34,101.77;34,440.27;338.50;30,022.56
Jul 27, 2025 6:00 AM;Jul 27, 2025 7:00 AM;34,595.41;35,174.41;579.00;29,016.94
Jul 27, 2025 7:00 AM;Jul 27, 2025 8:00 AM;36,333.58;37,562.83;1,229.25;27,689.84
Jul 27, 2025 8:00 AM;Jul 27, 2025 9:00 AM;39,479.19;41,033.19;1,554.00;26,212.25
Jul 27, 2025 9:00 AM;Jul 27, 2025 10:00 AM;42,756.73;45,336.98;2,580.25;23,446.52
Jul 27, 2025 10:00 AM;Jul 27, 2025 11:00 AM;44,782.59;48,427.09;3,644.50;19,389.90
Jul 27, 2025 11:00 AM;Jul 27, 2025 12:00 PM;45,646.07;51,053.82;5,407.75;16,016.35
Jul 27, 2025 12:00 PM;Jul 27, 2025 1:00 PM;45,110.60;50,710.85;5,600.25;12,844.11
Jul 27, 2025 1:00 PM;Jul 27, 2025 2:00 PM;43,693.16;49,213.16;5,520.00;11,144.13
Jul 27, 2025 2:00 PM;Jul 27, 2025 3:00 PM;42,606.66;47,982.16;5,375.50;10,725.81
Jul 27, 2025 3:00 PM;Jul 27, 2025 4:00 PM;41,971.87;47,002.37;5,030.50;11,173.63
Jul 27, 2025 4:00 PM;Jul 27, 2025 5:00 PM;41,957.80;46,081.55;4,123.75;14,289.37
Jul 27, 2025 5:00 PM;Jul 27, 2025 6:00 PM;43,202.07;44,746.82;1,544.75;19,584.05
Jul 27, 2025 6:00 PM;Jul 27, 2025 7:00 PM;44,939.80;45,360.05;420.25;27,368.22
Jul 27, 2025 7:00 PM;Jul 27, 2025 8:00 PM;44,849.50;45,006.75;157.25;33,481.68
Jul 27, 2025 8:00 PM;Jul 27, 2025 9:00 PM;43,979.67;43,986.67;7.00;36,681.70
Jul 27, 2025 9:00 PM;Jul 27, 2025 10:00 PM;43,516.35;43,523.35;7.00;37,878.20
Jul 27, 2025 10:00 PM;Jul 27, 2025 11:00 PM;42,285.52;42,294.02;8.50;36,790.50
Jul 27, 2025 11:00 PM;Jul 28, 2025 12:00 AM;39,456.86;39,480.86;24.00;33,500.12
Jul 28, 2025 12:00 AM;Jul 28, 2025 1:00 AM;37,897.12;38,013.37;116.25;31,210.46
Jul 28, 2025 1:00 AM;Jul 28, 2025 2:00 AM;36,980.53;37,267.03;286.50;29,430.98
Jul 28, 2025 2:00 AM;Jul 28, 2025 3:00 AM;36,109.77;36,535.77;426.00;27,934.30
Jul 28, 2025 3:00 AM;Jul 28, 2025 4:00 AM;36,358.26;37,183.01;824.75;27,626.52
Jul 28, 2025 4:00 AM;Jul 28, 2025 5:00 AM;37,714.59;38,969.09;1,254.50;28,429.41
Jul 28, 2025 5:00 AM;Jul 28, 2025 6:00 AM;40,899.05;41,385.80;486.75;31,068.18
Jul 28, 2025 6:00 AM;Jul 28, 2025 7:00 AM;47,493.65;47,518.90;25.25;36,196.40
Jul 28, 2025 7:00 AM;Jul 28, 2025 8:00 AM;52,910.95;52,918.45;7.50;39,082.00
Jul 28, 2025 8:00 AM;Jul 28, 2025 9:00 AM;56,279.52;56,289.77;10.25;38,625.29
Jul 28, 2025 9:00 AM;Jul 28, 2025 10:00 AM;57,044.77;57,280.77;236.00;33,286.26
Jul 28, 2025 10:00 AM;Jul 28, 2025 11:00 AM;58,138.52;59,139.02;1,000.50;27,641.87
Jul 28, 2025 11:00 AM;Jul 28, 2025 12:00 PM;59,105.76;60,982.76;1,877.00;22,777.79
Jul 28, 2025 12:00 PM;Jul 28, 2025 1:00 PM;58,919.83;62,336.33;3,416.50;19,709.46
Jul 28, 2025 1:00 PM;Jul 28, 2025 2:00 PM;57,876.83;62,398.58;4,521.75;16,428.28
Jul 28, 2025 2:00 PM;Jul 28, 2025 3:00 PM;56,404.66;61,628.41;5,223.75;13,785.70
Jul 28, 2025 3:00 PM;Jul 28, 2025 4:00 PM;55,289.76;60,779.76;5,490.00;13,004.42
Jul 28, 2025 4:00 PM;Jul 28, 2025 5:00 PM;55,013.31;59,974.06;4,960.75;14,353.20
Jul 28, 2025 5:00 PM;Jul 28, 2025 6:00 PM;55,581.01;57,861.76;2,280.75;18,797.24
Jul 28, 2025 6:00 PM;Jul 28, 2025 7:00 PM;55,900.57;56,613.57;713.00;25,579.67
Jul 28, 2025 7:00 PM;Jul 28, 2025 8:00 PM;55,307.25;55,565.25;258.00;32,406.83
Jul 28, 2025 8:00 PM;Jul 28, 2025 9:00 PM;53,249.71;53,389.71;140.00;35,634.31
Jul 28, 2025 9:00 PM;Jul 28, 2025 10:00 PM;52,104.47;52,245.72;141.25;35,293.95
Jul 28, 2025 10:00 PM;Jul 28, 2025 11:00 PM;49,588.37;49,856.12;267.75;30,824.88
Jul 28, 2025 11:00 PM;Jul 29, 2025 12:00 AM;46,412.37;47,881.62;1,469.25;26,274.32
Jul 29, 2025 12:00 AM;Jul 29, 2025 1:00 AM;44,248.80;44,802.30;553.50;23,413.41
Jul 29, 2025 1:00 AM;Jul 29, 2025 2:00 AM;42,135.28;42,927.03;791.75;21,013.29
Jul 29, 2025 2:00 AM;Jul 29, 2025 3:00 AM;41,052.73;41,740.48;687.75;20,660.12
Jul 29, 2025 3:00 AM;Jul 29, 2025 4:00 AM;41,031.91;41,849.66;817.75;21,425.25
Jul 29, 2025 4:00 AM;Jul 29, 2025 5:00 AM;41,914.22;42,296.97;382.75;23,216.34
Jul 29, 2025 5:00 AM;Jul 29, 2025 6:00 AM;45,065.48;45,439.23;373.75;26,593.89
Jul 29, 2025 6:00 AM;Jul 29, 2025 7:00 AM;51,174.03;51,466.28;292.25;31,823.22
Jul 29, 2025 7:00 AM;Jul 29, 2025 8:00 AM;55,385.31;55,477.56;92.25;33,644.68
Jul 29, 2025 8:00 AM;Jul 29, 2025 9:00 AM;59,117.57;59,209.57;92.00;30,845.73
Jul 29, 2025 9:00 AM;Jul 29, 2025 10:00 AM;59,424.78;59,808.03;383.25;23,775.83
Jul 29, 2025 10:00 AM;Jul 29, 2025 11:00 AM;59,138.91;61,766.16;2,627.25;16,093.13
Jul 29, 2025 11:00 AM;Jul 29, 2025 12:00 PM;59,189.39;64,215.39;5,026.00;11,022.96
Jul 29, 2025 12:00 PM;Jul 29, 2025 1:00 PM;58,655.79;64,312.04;5,656.25;7,335.93
Jul 29, 2025 1:00 PM;Jul 29, 2025 2:00 PM;57,265.46;62,842.21;5,576.75;5,164.65
Jul 29, 2025 2:00 PM;Jul 29, 2025 3:00 PM;55,945.70;61,355.45;5,409.75;4,355.95
Jul 29, 2025 3:00 PM;Jul 29, 2025 4:00 PM;55,394.97;60,735.22;5,340.25;5,753.25
Jul 29, 2025 4:00 PM;Jul 29, 2025 5:00 PM;55,698.98;60,082.48;4,383.50;11,211.39
Jul 29, 2025 5:00 PM;Jul 29, 2025 6:00 PM;55,546.81;57,057.31;1,510.50;18,904.45
Jul 29, 2025 6:00 PM;Jul 29, 2025 7:00 PM;55,813.85;56,056.10;242.25;27,227.08
Jul 29, 2025 7:00 PM;Jul 29, 2025 8:00 PM;55,059.99;55,168.49;108.50;35,455.14
Jul 29, 2025 8:00 PM;Jul 29, 2025 9:00 PM;53,507.49;53,510.24;2.75;40,057.41
Jul 29, 2025 9:00 PM;Jul 29, 2025 10:00 PM;51,910.13;51,915.13;5.00;39,738.95
Jul 29, 2025 10:00 PM;Jul 29, 2025 11:00 PM;49,070.12;49,078.62;8.50;36,376.92
Jul 29, 2025 11:00 PM;Jul 30, 2025 12:00 AM;45,923.98;46,047.48;123.50;31,697.42
Jul 30, 2025 12:00 AM;Jul 30, 2025 1:00 AM;42,755.70;42,864.45;108.75;28,035.25
Jul 30, 2025 1:00 AM;Jul 30, 2025 2:00 AM;41,174.05;41,362.55;188.50;26,504.42
Jul 30, 2025 2:00 AM;Jul 30, 2025 3:00 AM;39,855.25;40,022.25;167.00;24,681.07
Jul 30, 2025 3:00 AM;Jul 30, 2025 4:00 AM;40,234.48;40,450.73;216.25;24,375.47
Jul 30, 2025 4:00 AM;Jul 30, 2025 5:00 AM;40,847.93;41,107.68;259.75;25,301.16
Jul 30, 2025 5:00 AM;Jul 30, 2025 6:00 AM;43,961.27;44,095.52;134.25;28,455.06
Jul 30, 2025 6:00 AM;Jul 30, 2025 7:00 AM;49,841.28;49,851.78;10.50;32,122.88
Jul 30, 2025 7:00 AM;Jul 30, 2025 8:00 AM;54,157.60;54,162.85;5.25;33,020.07
Jul 30, 2025 8:00 AM;Jul 30, 2025 9:00 AM;56,843.21;56,910.96;67.75;30,680.74
Jul 30, 2025 9:00 AM;Jul 30, 2025 10:00 AM;58,036.25;58,481.50;445.25;25,317.98
Jul 30, 2025 10:00 AM;Jul 30, 2025 11:00 AM;58,942.47;60,807.47;1,865.00;20,545.77
Jul 30, 2025 11:00 AM;Jul 30, 2025 12:00 PM;60,132.43;63,462.68;3,330.25;17,693.66
Jul 30, 2025 12:00 PM;Jul 30, 2025 1:00 PM;59,612.54;65,195.04;5,582.50;12,742.27
Jul 30, 2025 1:00 PM;Jul 30, 2025 2:00 PM;58,852.56;64,595.56;5,743.00;11,559.08
Jul 30, 2025 2:00 PM;Jul 30, 2025 3:00 PM;57,754.84;63,619.84;5,865.00;10,319.34
Jul 30, 2025 3:00 PM;Jul 30, 2025 4:00 PM;55,678.30;61,429.05;5,750.75;9,163.31
Jul 30, 2025 4:00 PM;Jul 30, 2025 5:00 PM;54,565.04;59,703.29;5,138.25;11,587.46
Jul 30, 2025 5:00 PM;Jul 30, 2025 6:00 PM;54,906.33;57,082.83;2,176.50;16,065.41
Jul 30, 2025 6:00 PM;Jul 30, 2025 7:00 PM;54,587.97;54,958.22;370.25;22,888.57
Jul 30, 2025 7:00 PM;Jul 30, 2025 8:00 PM;54,279.37;54,292.37;13.00;30,298.24
Jul 30, 2025 8:00 PM;Jul 30, 2025 9:00 PM;52,637.04;52,645.29;8.25;33,007.97
Jul 30, 2025 9:00 PM;Jul 30, 2025 10:00 PM;51,284.88;51,292.63;7.75;33,022.13
Jul 30, 2025 10:00 PM;Jul 30, 2025 11:00 PM;48,191.76;48,286.76;95.00;29,991.78
Jul 30, 2025 11:00 PM;Jul 31, 2025 12:00 AM;44,597.44;44,792.69;195.25;25,281.35
Jul 31, 2025 12:00 AM;Jul 31, 2025 1:00 AM;42,326.12;42,505.87;179.75;22,195.54
Jul 31, 2025 1:00 AM;Jul 31, 2025 2:00 AM;40,988.21;41,272.46;284.25;20,822.69
Jul 31, 2025 2:00 AM;Jul 31, 2025 3:00 AM;40,255.33;40,630.58;375.25;19,923.28
Jul 31, 2025 3:00 AM;Jul 31, 2025 4:00 AM;39,982.45;40,347.45;365.00;19,521.43
Jul 31, 2025 4:00 AM;Jul 31, 2025 5:00 AM;40,882.86;41,130.86;248.00;20,347.77
Jul 31, 2025 5:00 AM;Jul 31, 2025 6:00 AM;43,406.82;43,526.57;119.75;23,358.84
Jul 31, 2025 6:00 AM;Jul 31, 2025 7:00 AM;49,107.16;49,131.66;24.50;27,809.36
Jul 31, 2025 7:00 AM;Jul 31, 2025 8:00 AM;54,012.50;54,200.00;187.50;29,505.20
Jul 31, 2025 8:00 AM;Jul 31, 2025 9:00 AM;57,010.82;57,195.57;184.75;27,945.26
Jul 31, 2025 9:00 AM;Jul 31, 2025 10:00 AM;58,096.23;58,849.48;753.25;22,771.19
Jul 31, 2025 10:00 AM;Jul 31, 2025 11:00 AM;59,449.88;62,284.13;2,834.25;18,614.40
Jul 31, 2025 11:00 AM;Jul 31, 2025 12:00 PM;59,382.17;63,409.42;4,027.25;15,181.33
Jul 31, 2025 12:00 PM;Jul 31, 2025 1:00 PM;58,392.28;63,884.03;5,491.75;12,509.94
Jul 31, 2025 1:00 PM;Jul 31, 2025 2:00 PM;56,827.30;62,162.80;5,335.50;10,211.92
Jul 31, 2025 2:00 PM;Jul 31, 2025 3:00 PM;55,605.37;61,424.37;5,819.00;9,401.69
Jul 31, 2025 3:00 PM;Jul 31, 2025 4:00 PM;55,480.05;60,656.05;5,176.00;11,834.03
Jul 31, 2025 4:00 PM;Jul 31, 2025 5:00 PM;54,552.18;57,913.93;3,361.75;15,020.70
Jul 31, 2025 5:00 PM;Jul 31, 2025 6:00 PM;54,539.17;55,605.67;1,066.50;21,627.36
Jul 31, 2025 6:00 PM;Jul 31, 2025 7:00 PM;54,911.98;55,114.48;202.50;30,655.23
Jul 31, 2025 7:00 PM;Jul 31, 2025 8:00 PM;54,959.57;54,974.82;15.25;38,658.31
Jul 31, 2025 8:00 PM;Jul 31, 2025 9:00 PM;52,922.76;52,927.76;5.00;41,524.22
Jul 31, 2025 9:00 PM;Jul 31, 2025 10:00 PM;51,411.08;51,415.33;4.25;41,635.33
Jul 31, 2025 10:00 PM;Jul 31, 2025 11:00 PM;48,166.86;48,177.61;10.75;38,217.63
Jul 31, 2025 11:00 PM;Aug 1, 2025 12:00 AM;44,964.06;45,038.56;74.50;34,708.48
Aug 1, 2025 12:00 AM;Aug 1, 2025 1:00 AM;42,608.73;42,794.73;186.00;32,291.31
Aug 1, 2025 1:00 AM;Aug 1, 2025 2:00 AM;41,219.29;41,390.29;171.00;31,715.18
Aug 1, 2025 2:00 AM;Aug 1, 2025 3:00 AM;40,067.62;40,153.62;86.00;31,216.18
Aug 1, 2025 3:00 AM;Aug 1, 2025 4:00 AM;39,931.97;40,095.22;163.25;31,593.36
Aug 1, 2025 4:00 AM;Aug 1, 2025 5:00 AM;40,883.99;40,943.49;59.50;32,544.46
Aug 1, 2025 5:00 AM;Aug 1, 2025 6:00 AM;43,846.48;43,910.73;64.25;34,960.59
Aug 1, 2025 6:00 AM;Aug 1, 2025 7:00 AM;48,933.42;48,962.67;29.25;38,685.83
Aug 1, 2025 7:00 AM;Aug 1, 2025 8:00 AM;53,449.75;53,461.75;12.00;41,082.24
Aug 1, 2025 8:00 AM;Aug 1, 2025 9:00 AM;56,945.72;56,963.47;17.75;40,843.41
Aug 1, 2025 9:00 AM;Aug 1, 2025 10:00 AM;58,026.53;58,264.03;237.50;35,841.23
Aug 1, 2025 10:00 AM;Aug 1, 2025 11:00 AM;58,248.96;59,772.71;1,523.75;29,111.57
Aug 1, 2025 11:00 AM;Aug 1, 2025 12:00 PM;57,078.35;59,653.85;2,575.50;21,965.15
Aug 1, 2025 12:00 PM;Aug 1, 2025 1:00 PM;56,385.60;61,199.60;4,814.00;17,308.27
Aug 1, 2025 1:00 PM;Aug 1, 2025 2:00 PM;54,604.24;59,656.24;5,052.00;14,358.08
Aug 1, 2025 2:00 PM;Aug 1, 2025 3:00 PM;52,873.69;57,745.44;4,871.75;11,422.83
Aug 1, 2025 3:00 PM;Aug 1, 2025 4:00 PM;51,742.18;56,616.43;4,874.25;10,830.69
Aug 1, 2025 4:00 PM;Aug 1, 2025 5:00 PM;51,300.35;55,981.85;4,681.50;12,919.30
Aug 1, 2025 5:00 PM;Aug 1, 2025 6:00 PM;51,978.29;54,723.04;2,744.75;20,648.08
Aug 1, 2025 6:00 PM;Aug 1, 2025 7:00 PM;52,067.10;52,481.35;414.25;29,824.01
Aug 1, 2025 7:00 PM;Aug 1, 2025 8:00 PM;51,330.44;51,448.19;117.75;37,462.75
Aug 1, 2025 8:00 PM;Aug 1, 2025 9:00 PM;49,814.94;49,823.44;8.50;41,875.58
Aug 1, 2025 9:00 PM;Aug 1, 2025 10:00 PM;47,853.04;47,859.29;6.25;41,510.55
Aug 1, 2025 10:00 PM;Aug 1, 2025 11:00 PM;44,921.49;44,930.99;9.50;37,926.25
Aug 1, 2025 11:00 PM;Aug 2, 2025 12:00 AM;41,915.60;41,930.85;15.25;33,888.96
Aug 2, 2025 12:00 AM;Aug 2, 2025 1:00 AM;39,410.62;39,431.62;21.00;30,847.92
Aug 2, 2025 1:00 AM;Aug 2, 2025 2:00 AM;37,825.79;37,853.79;28.00;28,389.10
Aug 2, 2025 2:00 AM;Aug 2, 2025 3:00 AM;36,374.41;36,413.16;38.75;27,305.84
Aug 2, 2025 3:00 AM;Aug 2, 2025 4:00 AM;35,924.60;36,001.60;77.00;26,871.49
Aug 2, 2025 4:00 AM;Aug 2, 2025 5:00 AM;36,109.07;36,416.82;307.75;26,444.24
Aug 2, 2025 5:00 AM;Aug 2, 2025 6:00 AM;36,981.82;37,432.07;450.25;27,021.20
Aug 2, 2025 6:00 AM;Aug 2, 2025 7:00 AM;38,594.27;39,059.27;465.00;27,186.13
Aug 2, 2025 7:00 AM;Aug 2, 2025 8:00 AM;40,616.45;41,339.95;723.50;26,282.05
Aug 2, 2025 8:00 AM;Aug 2, 2025 9:00 AM;43,916.76;45,182.26;1,265.50;24,364.05
Aug 2, 2025 9:00 AM;Aug 2, 2025 10:00 AM;46,207.21;48,466.96;2,259.75;20,189.84
Aug 2, 2025 10:00 AM;Aug 2, 2025 11:00 AM;48,151.13;52,398.38;4,247.25;16,710.27
Aug 2, 2025 11:00 AM;Aug 2, 2025 12:00 PM;48,965.75;54,078.75;5,113.00;13,369.85
Aug 2, 2025 12:00 PM;Aug 2, 2025 1:00 PM;48,001.86;53,834.36;5,832.50;9,092.11
Aug 2, 2025 1:00 PM;Aug 2, 2025 2:00 PM;46,089.10;51,807.85;5,718.75;5,110.14
Aug 2, 2025 2:00 PM;Aug 2, 2025 3:00 PM;45,183.98;50,953.73;5,769.75;3,882.69
Aug 2, 2025 3:00 PM;Aug 2, 2025 4:00 PM;44,288.34;49,994.09;5,705.75;3,586.98
Aug 2, 2025 4:00 PM;Aug 2, 2025 5:00 PM;44,247.41;49,337.16;5,089.75;6,270.82
Aug 2, 2025 5:00 PM;Aug 2, 2025 6:00 PM;45,032.08;46,912.58;1,880.50;10,930.89
Aug 2, 2025 6:00 PM;Aug 2, 2025 7:00 PM;45,690.90;45,967.90;277.00;18,135.20
Aug 2, 2025 7:00 PM;Aug 2, 2025 8:00 PM;45,448.31;45,459.31;11.00;24,593.32
Aug 2, 2025 8:00 PM;Aug 2, 2025 9:00 PM;44,044.20;44,049.95;5.75;28,037.60
Aug 2, 2025 9:00 PM;Aug 2, 2025 10:00 PM;43,000.52;43,006.02;5.50;28,598.65
Aug 2, 2025 10:00 PM;Aug 2, 2025 11:00 PM;41,410.77;41,416.77;6.00;26,801.70
Aug 2, 2025 11:00 PM;Aug 3, 2025 12:00 AM;38,863.87;38,900.87;37.00;23,146.16
Aug 3, 2025 12:00 AM;Aug 3, 2025 1:00 AM;36,677.19;36,695.94;18.75;20,408.91
Aug 3, 2025 1:00 AM;Aug 3, 2025 2:00 AM;35,480.12;35,504.87;24.75;19,005.12
Aug 3, 2025 2:00 AM;Aug 3, 2025 3:00 AM;34,208.81;34,420.31;211.50;16,983.15
Aug 3, 2025 3:00 AM;Aug 3, 2025 4:00 AM;33,914.95;34,677.20;762.25;16,413.77
Aug 3, 2025 4:00 AM;Aug 3, 2025 5:00 AM;33,853.55;34,780.30;926.75;16,050.56
Aug 3, 2025 5:00 AM;Aug 3, 2025 6:00 AM;34,227.04;35,291.04;1,064.00;16,313.25
Aug 3, 2025 6:00 AM;Aug 3, 2025 7:00 AM;34,592.72;36,442.47;1,849.75;15,610.49
Aug 3, 2025 7:00 AM;Aug 3, 2025 8:00 AM;36,778.55;39,280.55;2,502.00;15,360.03
Aug 3, 2025 8:00 AM;Aug 3, 2025 9:00 AM;39,808.15;42,921.40;3,113.25;14,589.97
Aug 3, 2025 9:00 AM;Aug 3, 2025 10:00 AM;42,535.08;46,502.08;3,967.00;13,805.18
Aug 3, 2025 10:00 AM;Aug 3, 2025 11:00 AM;43,908.10;47,991.85;4,083.75;10,573.54
Aug 3, 2025 11:00 AM;Aug 3, 2025 12:00 PM;45,307.51;50,430.76;5,123.25;9,202.73
Aug 3, 2025 12:00 PM;Aug 3, 2025 1:00 PM;45,324.42;50,759.67;5,435.25;6,899.98
Aug 3, 2025 1:00 PM;Aug 3, 2025 2:00 PM;44,175.83;49,684.83;5,509.00;5,714.49
Aug 3, 2025 2:00 PM;Aug 3, 2025 3:00 PM;43,095.62;48,428.12;5,332.50;6,870.14
Aug 3, 2025 3:00 PM;Aug 3, 2025 4:00 PM;42,175.39;47,513.89;5,338.50;5,617.05
Aug 3, 2025 4:00 PM;Aug 3, 2025 5:00 PM;41,441.90;46,297.15;4,855.25;6,237.29
Aug 3, 2025 5:00 PM;Aug 3, 2025 6:00 PM;42,966.98;46,540.48;3,573.50;9,592.30
Aug 3, 2025 6:00 PM;Aug 3, 2025 7:00 PM;44,220.56;45,776.81;1,556.25;15,924.14
Aug 3, 2025 7:00 PM;Aug 3, 2025 8:00 PM;44,883.48;45,310.23;426.75;22,432.10
Aug 3, 2025 8:00 PM;Aug 3, 2025 9:00 PM;44,428.98;44,435.98;7.00;26,641.44
Aug 3, 2025 9:00 PM;Aug 3, 2025 10:00 PM;43,811.41;43,819.41;8.00;25,695.82
Aug 3, 2025 10:00 PM;Aug 3, 2025 11:00 PM;41,762.06;41,773.06;11.00;22,524.46
Aug 3, 2025 11:00 PM;Aug 4, 2025 12:00 AM;39,646.97;39,684.47;37.50;19,082.90
Aug 4, 2025 12:00 AM;Aug 4, 2025 1:00 AM;38,232.19;38,466.44;234.25;15,676.94
Aug 4, 2025 1:00 AM;Aug 4, 2025 2:00 AM;37,353.31;38,022.31;669.00;14,391.35
Aug 4, 2025 2:00 AM;Aug 4, 2025 3:00 AM;37,181.21;37,813.21;632.00;14,387.94
Aug 4, 2025 3:00 AM;Aug 4, 2025 4:00 AM;37,325.38;38,190.13;864.75;15,512.69
Aug 4, 2025 4:00 AM;Aug 4, 2025 5:00 AM;38,171.28;38,413.78;242.50;17,373.81
Aug 4, 2025 5:00 AM;Aug 4, 2025 6:00 AM;41,285.66;41,374.91;89.25;22,168.45
Aug 4, 2025 6:00 AM;Aug 4, 2025 7:00 AM;47,343.25;47,353.00;9.75;29,502.17
Aug 4, 2025 7:00 AM;Aug 4, 2025 8:00 AM;52,211.00;52,217.25;6.25;34,392.21
Aug 4, 2025 8:00 AM;Aug 4, 2025 9:00 AM;55,779.22;55,885.97;106.75;35,999.14
Aug 4, 2025 9:00 AM;Aug 4, 2025 10:00 AM;57,839.20;58,062.20;223.00;33,430.74
Aug 4, 2025 10:00 AM;Aug 4, 2025 11:00 AM;58,412.01;58,969.76;557.75;28,171.90
Aug 4, 2025 11:00 AM;Aug 4, 2025 12:00 PM;57,928.51;60,364.01;2,435.50;22,915.85
Aug 4, 2025 12:00 PM;Aug 4, 2025 1:00 PM;56,357.33;61,078.33;4,721.00;16,763.06
Aug 4, 2025 1:00 PM;Aug 4, 2025 2:00 PM;54,943.88;59,625.63;4,681.75;10,580.06
Aug 4, 2025 2:00 PM;Aug 4, 2025 3:00 PM;53,337.20;58,668.20;5,331.00;7,292.61
Aug 4, 2025 3:00 PM;Aug 4, 2025 4:00 PM;52,593.51;57,905.26;5,311.75;6,954.48
Aug 4, 2025 4:00 PM;Aug 4, 2025 5:00 PM;52,937.60;57,814.10;4,876.50;11,059.20
Aug 4, 2025 5:00 PM;Aug 4, 2025 6:00 PM;53,472.67;55,284.42;1,811.75;17,600.56
Aug 4, 2025 6:00 PM;Aug 4, 2025 7:00 PM;54,392.53;54,529.78;137.25;24,873.15
Aug 4, 2025 7:00 PM;Aug 4, 2025 8:00 PM;53,938.32;53,945.32;7.00;30,044.60
Aug 4, 2025 8:00 PM;Aug 4, 2025 9:00 PM;51,683.38;51,687.38;4.00;28,956.40
Aug 4, 2025 9:00 PM;Aug 4, 2025 10:00 PM;50,886.58;50,974.33;87.75;24,670.11
Aug 4, 2025 10:00 PM;Aug 4, 2025 11:00 PM;47,713.11;47,771.86;58.75;18,993.30
Aug 4, 2025 11:00 PM;Aug 5, 2025 12:00 AM;44,948.17;46,103.17;1,155.00;13,921.45
Aug 5, 2025 12:00 AM;Aug 5, 2025 1:00 AM;41,985.76;45,560.01;3,574.25;10,075.60
Aug 5, 2025 1:00 AM;Aug 5, 2025 2:00 AM;41,256.51;45,372.26;4,115.75;10,461.20
Aug 5, 2025 2:00 AM;Aug 5, 2025 3:00 AM;41,157.14;45,374.64;4,217.50;11,726.09
Aug 5, 2025 3:00 AM;Aug 5, 2025 4:00 AM;41,244.62;45,385.37;4,140.75;13,756.11
Aug 5, 2025 4:00 AM;Aug 5, 2025 5:00 AM;41,690.57;43,743.32;2,052.75;16,718.94
Aug 5, 2025 5:00 AM;Aug 5, 2025 6:00 AM;44,135.93;44,340.43;204.50;21,470.17
Aug 5, 2025 6:00 AM;Aug 5, 2025 7:00 AM;49,033.64;49,233.39;199.75;26,761.70
Aug 5, 2025 7:00 AM;Aug 5, 2025 8:00 AM;53,243.97;53,445.47;201.50;28,654.89
Aug 5, 2025 8:00 AM;Aug 5, 2025 9:00 AM;56,360.89;56,607.89;247.00;27,197.45
Aug 5, 2025 9:00 AM;Aug 5, 2025 10:00 AM;57,745.51;59,114.26;1,368.75;22,279.93
Aug 5, 2025 10:00 AM;Aug 5, 2025 11:00 AM;58,399.60;60,410.35;2,010.75;17,971.72
Aug 5, 2025 11:00 AM;Aug 5, 2025 12:00 PM;59,267.92;62,337.92;3,070.00;14,894.00
Aug 5, 2025 12:00 PM;Aug 5, 2025 1:00 PM;58,243.45;62,501.20;4,257.75;11,056.06
Aug 5, 2025 1:00 PM;Aug 5, 2025 2:00 PM;56,380.24;61,527.74;5,147.50;8,504.25
Aug 5, 2025 2:00 PM;Aug 5, 2025 3:00 PM;55,930.13;61,100.88;5,170.75;8,079.70
Aug 5, 2025 3:00 PM;Aug 5, 2025 4:00 PM;53,811.39;59,152.89;5,341.50;5,116.58
Aug 5, 2025 4:00 PM;Aug 5, 2025 5:00 PM;53,240.27;58,547.52;5,307.25;6,140.73
Aug 5, 2025 5:00 PM;Aug 5, 2025 6:00 PM;54,420.01;59,263.26;4,843.25;7,861.94
Aug 5, 2025 6:00 PM;Aug 5, 2025 7:00 PM;55,744.48;59,313.23;3,568.75;12,091.12
Aug 5, 2025 7:00 PM;Aug 5, 2025 8:00 PM;55,141.51;55,599.51;458.00;20,246.51
Aug 5, 2025 8:00 PM;Aug 5, 2025 9:00 PM;53,276.93;53,296.18;19.25;24,791.72
Aug 5, 2025 9:00 PM;Aug 5, 2025 10:00 PM;51,699.74;51,707.24;7.50;24,135.21
Aug 5, 2025 10:00 PM;Aug 5, 2025 11:00 PM;47,891.40;47,899.40;8.00;20,977.52
Aug 5, 2025 11:00 PM;Aug 6, 2025 12:00 AM;44,978.59;45,235.84;257.25;17,242.84
Aug 6, 2025 12:00 AM;Aug 6, 2025 1:00 AM;42,780.68;43,324.68;544.00;15,805.71
Aug 6, 2025 1:00 AM;Aug 6, 2025 2:00 AM;41,904.36;43,047.61;1,143.25;15,578.59
Aug 6, 2025 2:00 AM;Aug 6, 2025 3:00 AM;40,982.74;42,682.99;1,700.25;15,810.47
Aug 6, 2025 3:00 AM;Aug 6, 2025 4:00 AM;40,550.82;41,563.07;1,012.25;15,735.20
Aug 6, 2025 4:00 AM;Aug 6, 2025 5:00 AM;41,669.67;42,320.67;651.00;17,840.64
Aug 6, 2025 5:00 AM;Aug 6, 2025 6:00 AM;44,643.58;44,979.83;336.25;21,277.27
Aug 6, 2025 6:00 AM;Aug 6, 2025 7:00 AM;50,430.93;50,450.18;19.25;26,344.26
Aug 6, 2025 7:00 AM;Aug 6, 2025 8:00 AM;54,621.41;54,671.91;50.50;27,766.14
Aug 6, 2025 8:00 AM;Aug 6, 2025 9:00 AM;57,266.39;57,383.64;117.25;23,402.08
Aug 6, 2025 9:00 AM;Aug 6, 2025 10:00 AM;56,498.21;58,114.46;1,616.25;13,242.62
Aug 6, 2025 10:00 AM;Aug 6, 2025 11:00 AM;56,433.21;60,092.71;3,659.50;6,979.54
Aug 6, 2025 11:00 AM;Aug 6, 2025 12:00 PM;55,904.84;60,115.59;4,210.75;4,498.23
Aug 6, 2025 12:00 PM;Aug 6, 2025 1:00 PM;55,314.43;59,508.18;4,193.75;2,157.55
Aug 6, 2025 1:00 PM;Aug 6, 2025 2:00 PM;54,249.52;58,586.02;4,336.50;1,144.45
Aug 6, 2025 2:00 PM;Aug 6, 2025 3:00 PM;52,591.99;56,976.49;4,384.50;2,209.93
Aug 6, 2025 3:00 PM;Aug 6, 2025 4:00 PM;51,976.61;55,998.86;4,022.25;3,901.78
Aug 6, 2025 4:00 PM;Aug 6, 2025 5:00 PM;51,371.86;54,949.86;3,578.00;9,399.17
Aug 6, 2025 5:00 PM;Aug 6, 2025 6:00 PM;52,949.06;55,309.56;2,360.50;16,424.62
Aug 6, 2025 6:00 PM;Aug 6, 2025 7:00 PM;54,120.10;54,761.85;641.75;28,015.38
Aug 6, 2025 7:00 PM;Aug 6, 2025 8:00 PM;54,069.93;54,078.18;8.25;39,449.14
Aug 6, 2025 8:00 PM;Aug 6, 2025 9:00 PM;53,175.55;53,181.55;6.00;45,600.38
Aug 6, 2025 9:00 PM;Aug 6, 2025 10:00 PM;51,763.02;51,786.77;23.75;46,344.50
Aug 6, 2025 10:00 PM;Aug 6, 2025 11:00 PM;48,336.55;48,396.55;60.00;43,447.28
Aug 6, 2025 11:00 PM;Aug 7, 2025 12:00 AM;45,348.93;45,371.93;23.00;41,005.58
Aug 7, 2025 12:00 AM;Aug 7, 2025 1:00 AM;42,810.76;42,858.26;47.50;38,601.87
Aug 7, 2025 1:00 AM;Aug 7, 2025 2:00 AM;41,191.02;41,231.77;40.75;36,746.37
Aug 7, 2025 2:00 AM;Aug 7, 2025 3:00 AM;39,805.56;39,856.31;50.75;34,892.89
Aug 7, 2025 3:00 AM;Aug 7, 2025 4:00 AM;39,593.24;39,647.24;54.00;33,791.68
Aug 7, 2025 4:00 AM;Aug 7, 2025 5:00 AM;40,296.55;40,434.30;137.75;33,686.89
Aug 7, 2025 5:00 AM;Aug 7, 2025 6:00 AM;43,322.29;43,399.29;77.00;35,729.31
Aug 7, 2025 6:00 AM;Aug 7, 2025 7:00 AM;49,035.07;49,052.57;17.50;38,647.67
Aug 7, 2025 7:00 AM;Aug 7, 2025 8:00 AM;53,526.47;53,537.72;11.25;37,559.22
Aug 7, 2025 8:00 AM;Aug 7, 2025 9:00 AM;56,181.85;56,359.60;177.75;32,281.59
Aug 7, 2025 9:00 AM;Aug 7, 2025 10:00 AM;55,736.22;57,043.97;1,307.75;23,020.62
Aug 7, 2025 10:00 AM;Aug 7, 2025 11:00 AM;55,246.22;58,405.47;3,159.25;14,345.37
Aug 7, 2025 11:00 AM;Aug 7, 2025 12:00 PM;54,566.68;59,502.18;4,935.50;7,331.15
Aug 7, 2025 12:00 PM;Aug 7, 2025 1:00 PM;53,181.90;58,502.15;5,320.25;2,367.20
Aug 7, 2025 1:00 PM;Aug 7, 2025 2:00 PM;52,148.39;57,427.39;5,279.00;1,387.22
Aug 7, 2025 2:00 PM;Aug 7, 2025 3:00 PM;51,158.02;56,348.02;5,190.00;450.55
Aug 7, 2025 3:00 PM;Aug 7, 2025 4:00 PM;50,902.93;56,198.43;5,295.50;2,388.15
Aug 7, 2025 4:00 PM;Aug 7, 2025 5:00 PM;51,514.71;56,359.96;4,845.25;6,733.62
Aug 7, 2025 5:00 PM;Aug 7, 2025 6:00 PM;52,828.00;54,993.75;2,165.75;18,127.04
Aug 7, 2025 6:00 PM;Aug 7, 2025 7:00 PM;54,277.60;54,814.10;536.50;32,313.15
Aug 7, 2025 7:00 PM;Aug 7, 2025 8:00 PM;54,558.14;54,559.14;1.00;42,577.62
Aug 7, 2025 8:00 PM;Aug 7, 2025 9:00 PM;53,488.89;53,488.89;0.00;46,995.76
Aug 7, 2025 9:00 PM;Aug 7, 2025 10:00 PM;52,025.94;52,026.94;1.00;46,953.81
Aug 7, 2025 10:00 PM;Aug 7, 2025 11:00 PM;48,700.32;48,803.82;103.50;43,212.27
Aug 7, 2025 11:00 PM;Aug 8, 2025 12:00 AM;45,108.84;45,132.34;23.50;38,646.59
Aug 8, 2025 12:00 AM;Aug 8, 2025 1:00 AM;42,773.71;43,031.46;257.75;35,129.81
Aug 8, 2025 1:00 AM;Aug 8, 2025 2:00 AM;40,696.92;40,760.17;63.25;32,883.50
Aug 8, 2025 2:00 AM;Aug 8, 2025 3:00 AM;39,581.48;39,639.23;57.75;31,269.53
Aug 8, 2025 3:00 AM;Aug 8, 2025 4:00 AM;39,323.73;39,399.98;76.25;30,706.82
Aug 8, 2025 4:00 AM;Aug 8, 2025 5:00 AM;39,981.59;40,038.84;57.25;30,960.30
Aug 8, 2025 5:00 AM;Aug 8, 2025 6:00 AM;43,191.09;43,237.59;46.50;33,344.19
Aug 8, 2025 6:00 AM;Aug 8, 2025 7:00 AM;48,699.25;48,729.25;30.00;36,379.74
Aug 8, 2025 7:00 AM;Aug 8, 2025 8:00 AM;53,126.21;53,138.71;12.50;36,104.19
Aug 8, 2025 8:00 AM;Aug 8, 2025 9:00 AM;56,076.73;56,260.23;183.50;32,247.82
Aug 8, 2025 9:00 AM;Aug 8, 2025 10:00 AM;56,016.39;56,809.14;792.75;24,270.04
Aug 8, 2025 10:00 AM;Aug 8, 2025 11:00 AM;55,440.98;58,169.73;2,728.75;15,086.27
Aug 8, 2025 11:00 AM;Aug 8, 2025 12:00 PM;55,386.17;59,265.17;3,879.00;9,167.39
Aug 8, 2025 12:00 PM;Aug 8, 2025 1:00 PM;54,082.81;57,984.56;3,901.75;4,510.86
Aug 8, 2025 1:00 PM;Aug 8, 2025 2:00 PM;52,607.56;56,754.56;4,147.00;1,858.25
Aug 8, 2025 2:00 PM;Aug 8, 2025 3:00 PM;51,176.81;55,977.56;4,800.75;1,055.35
Aug 8, 2025 3:00 PM;Aug 8, 2025 4:00 PM;51,094.04;56,249.79;5,155.75;4,067.46
Aug 8, 2025 4:00 PM;Aug 8, 2025 5:00 PM;51,142.34;55,283.34;4,141.00;10,133.49
Aug 8, 2025 5:00 PM;Aug 8, 2025 6:00 PM;51,770.12;53,177.87;1,407.75;19,985.86
Aug 8, 2025 6:00 PM;Aug 8, 2025 7:00 PM;52,697.63;52,802.38;104.75;31,940.51
Aug 8, 2025 7:00 PM;Aug 8, 2025 8:00 PM;52,737.83;52,743.58;5.75;42,128.39
Aug 8, 2025 8:00 PM;Aug 8, 2025 9:00 PM;50,800.13;50,802.88;2.75;45,901.88
Aug 8, 2025 9:00 PM;Aug 8, 2025 10:00 PM;49,518.20;49,521.45;3.25;46,009.43
Aug 8, 2025 10:00 PM;Aug 8, 2025 11:00 PM;46,537.90;46,543.15;5.25;43,363.12
Aug 8, 2025 11:00 PM;Aug 9, 2025 12:00 AM;43,191.62;43,197.87;6.25;40,652.90
Aug 9, 2025 12:00 AM;Aug 9, 2025 1:00 AM;41,047.42;41,060.67;13.25;38,997.12
Aug 9, 2025 1:00 AM;Aug 9, 2025 2:00 AM;39,041.09;39,067.84;26.75;37,164.84
Aug 9, 2025 2:00 AM;Aug 9, 2025 3:00 AM;37,821.24;37,994.24;173.00;35,956.68
Aug 9, 2025 3:00 AM;Aug 9, 2025 4:00 AM;37,474.82;37,941.57;466.75;35,722.30
Aug 9, 2025 4:00 AM;Aug 9, 2025 5:00 AM;37,183.85;37,435.10;251.25;35,291.68
Aug 9, 2025 5:00 AM;Aug 9, 2025 6:00 AM;37,946.63;38,123.38;176.75;35,699.40
Aug 9, 2025 6:00 AM;Aug 9, 2025 7:00 AM;39,133.57;39,303.57;170.00;34,847.61
Aug 9, 2025 7:00 AM;Aug 9, 2025 8:00 AM;41,538.80;41,869.30;330.50;30,950.13
Aug 9, 2025 8:00 AM;Aug 9, 2025 9:00 AM;43,823.78;44,280.78;457.00;24,306.81
Aug 9, 2025 9:00 AM;Aug 9, 2025 10:00 AM;46,015.33;47,977.33;1,962.00;18,109.99
Aug 9, 2025 10:00 AM;Aug 9, 2025 11:00 AM;46,463.14;49,630.14;3,167.00;11,016.85
Aug 9, 2025 11:00 AM;Aug 9, 2025 12:00 PM;45,704.94;50,590.19;4,885.25;5,088.59
Aug 9, 2025 12:00 PM;Aug 9, 2025 1:00 PM;44,600.92;50,130.17;5,529.25;1,412.22
Aug 9, 2025 1:00 PM;Aug 9, 2025 2:00 PM;43,484.05;48,896.55;5,412.50;-1,494.14
Aug 9, 2025 2:00 PM;Aug 9, 2025 3:00 PM;42,570.69;48,142.94;5,572.25;-1,663.17
Aug 9, 2025 3:00 PM;Aug 9, 2025 4:00 PM;41,820.47;47,237.72;5,417.25;-816.17
Aug 9, 2025 4:00 PM;Aug 9, 2025 5:00 PM;42,445.83;47,414.58;4,968.75;3,061.54
Aug 9, 2025 5:00 PM;Aug 9, 2025 6:00 PM;44,017.91;48,241.91;4,224.00;9,907.75
Aug 9, 2025 6:00 PM;Aug 9, 2025 7:00 PM;44,971.69;46,215.69;1,244.00;19,248.80
Aug 9, 2025 7:00 PM;Aug 9, 2025 8:00 PM;45,727.16;45,734.91;7.75;28,860.00
Aug 9, 2025 8:00 PM;Aug 9, 2025 9:00 PM;44,717.10;44,719.35;2.25;32,384.45
Aug 9, 2025 9:00 PM;Aug 9, 2025 10:00 PM;43,890.54;43,891.54;1.00;31,520.29
Aug 9, 2025 10:00 PM;Aug 9, 2025 11:00 PM;41,861.02;41,866.02;5.00;28,917.89
Aug 9, 2025 11:00 PM;Aug 10, 2025 12:00 AM;39,405.72;39,412.97;7.25;26,078.66
Aug 10, 2025 12:00 AM;Aug 10, 2025 1:00 AM;37,316.77;37,445.52;128.75;22,910.51
Aug 10, 2025 1:00 AM;Aug 10, 2025 2:00 AM;35,915.61;36,211.61;296.00;20,649.83
Aug 10, 2025 2:00 AM;Aug 10, 2025 3:00 AM;35,287.56;35,572.31;284.75;18,979.08
Aug 10, 2025 3:00 AM;Aug 10, 2025 4:00 AM;34,743.65;35,144.90;401.25;18,230.42
Aug 10, 2025 4:00 AM;Aug 10, 2025 5:00 AM;35,025.61;35,508.11;482.50;18,960.19
Aug 10, 2025 5:00 AM;Aug 10, 2025 6:00 AM;35,747.03;36,193.53;446.50;20,714.91
Aug 10, 2025 6:00 AM;Aug 10, 2025 7:00 AM;36,153.31;36,471.31;318.00;21,510.39
Aug 10, 2025 7:00 AM;Aug 10, 2025 8:00 AM;37,743.39;38,569.39;826.00;19,446.65
Aug 10, 2025 8:00 AM;Aug 10, 2025 9:00 AM;40,238.78;42,840.03;2,601.25;14,138.39
Aug 10, 2025 9:00 AM;Aug 10, 2025 10:00 AM;42,183.23;45,638.23;3,455.00;5,884.98
Aug 10, 2025 10:00 AM;Aug 10, 2025 11:00 AM;42,065.01;46,655.26;4,590.25;-1,189.98
Aug 10, 2025 11:00 AM;Aug 10, 2025 12:00 PM;41,819.13;47,027.63;5,208.50;-5,644.53
Aug 10, 2025 12:00 PM;Aug 10, 2025 1:00 PM;40,963.32;46,342.57;5,379.25;-8,037.14
Aug 10, 2025 1:00 PM;Aug 10, 2025 2:00 PM;39,808.18;45,398.18;5,590.00;-8,095.02
Aug 10, 2025 2:00 PM;Aug 10, 2025 3:00 PM;39,120.95;44,620.70;5,499.75;-7,776.23
Aug 10, 2025 3:00 PM;Aug 10, 2025 4:00 PM;38,495.62;43,798.12;5,302.50;-7,401.50
Aug 10, 2025 4:00 PM;Aug 10, 2025 5:00 PM;39,156.26;43,452.26;4,296.00;-2,862.32
Aug 10, 2025 5:00 PM;Aug 10, 2025 6:00 PM;41,498.58;44,860.08;3,361.50;6,056.51
Aug 10, 2025 6:00 PM;Aug 10, 2025 7:00 PM;43,534.75;44,424.25;889.50;20,396.72
Aug 10, 2025 7:00 PM;Aug 10, 2025 8:00 PM;44,325.72;44,449.97;124.25;33,165.16
Aug 10, 2025 8:00 PM;Aug 10, 2025 9:00 PM;44,221.28;44,232.53;11.25;38,753.83
Aug 10, 2025 9:00 PM;Aug 10, 2025 10:00 PM;44,304.61;44,316.11;11.50;39,231.99
Aug 10, 2025 10:00 PM;Aug 10, 2025 11:00 PM;42,653.39;43,007.64;354.25;36,727.71
Aug 10, 2025 11:00 PM;Aug 11, 2025 12:00 AM;40,232.34;40,546.84;314.50;33,912.86
Aug 11, 2025 12:00 AM;Aug 11, 2025 1:00 AM;37,970.34;38,336.84;366.50;32,058.34
Aug 11, 2025 1:00 AM;Aug 11, 2025 2:00 AM;36,583.97;37,002.72;418.75;31,092.71
Aug 11, 2025 2:00 AM;Aug 11, 2025 3:00 AM;35,542.37;35,935.87;393.50;30,427.73
Aug 11, 2025 3:00 AM;Aug 11, 2025 4:00 AM;35,428.19;36,183.69;755.50;30,632.70
Aug 11, 2025 4:00 AM;Aug 11, 2025 5:00 AM;36,640.60;36,998.10;357.50;32,232.23
Aug 11, 2025 5:00 AM;Aug 11, 2025 6:00 AM;40,157.74;40,329.49;171.75;35,932.19
Aug 11, 2025 6:00 AM;Aug 11, 2025 7:00 AM;45,940.81;45,988.06;47.25;40,131.59
Aug 11, 2025 7:00 AM;Aug 11, 2025 8:00 AM;50,745.13;50,913.13;168.00;38,954.67
Aug 11, 2025 8:00 AM;Aug 11, 2025 9:00 AM;53,758.61;54,013.36;254.75;31,900.12
Aug 11, 2025 9:00 AM;Aug 11, 2025 10:00 AM;54,322.10;55,235.10;913.00;21,833.56
Aug 11, 2025 10:00 AM;Aug 11, 2025 11:00 AM;54,138.70;57,733.45;3,594.75;12,262.48
Aug 11, 2025 11:00 AM;Aug 11, 2025 12:00 PM;53,511.43;58,362.43;4,851.00;5,653.13
Aug 11, 2025 12:00 PM;Aug 11, 2025 1:00 PM;52,775.60;57,846.60;5,071.00;1,174.46
Aug 11, 2025 1:00 PM;Aug 11, 2025 2:00 PM;51,878.90;57,160.40;5,281.50;89.41
Aug 11, 2025 2:00 PM;Aug 11, 2025 3:00 PM;51,157.41;56,466.91;5,309.50;862.32
Aug 11, 2025 3:00 PM;Aug 11, 2025 4:00 PM;50,597.59;55,378.34;4,780.75;4,985.22
Aug 11, 2025 4:00 PM;Aug 11, 2025 5:00 PM;50,416.20;54,237.45;3,821.25;12,226.26
Aug 11, 2025 5:00 PM;Aug 11, 2025 6:00 PM;51,286.17;52,617.17;1,331.00;23,026.34
Aug 11, 2025 6:00 PM;Aug 11, 2025 7:00 PM;52,959.39;53,026.14;66.75;36,574.63
Aug 11, 2025 7:00 PM;Aug 11, 2025 8:00 PM;53,547.98;53,551.98;4.00;46,951.66
Aug 11, 2025 8:00 PM;Aug 11, 2025 9:00 PM;52,331.37;52,333.62;2.25;49,054.12
Aug 11, 2025 9:00 PM;Aug 11, 2025 10:00 PM;50,556.24;50,559.49;3.25;46,594.34
Aug 11, 2025 10:00 PM;Aug 11, 2025 11:00 PM;46,842.86;46,851.86;9.00;41,196.21
Aug 11, 2025 11:00 PM;Aug 12, 2025 12:00 AM;43,404.05;43,438.30;34.25;36,494.87
Aug 12, 2025 12:00 AM;Aug 12, 2025 1:00 AM;41,242.96;41,417.96;175.00;33,876.89
Aug 12, 2025 1:00 AM;Aug 12, 2025 2:00 AM;39,879.15;40,157.15;278.00;32,507.51
Aug 12, 2025 2:00 AM;Aug 12, 2025 3:00 AM;39,112.88;39,445.38;332.50;32,239.83
Aug 12, 2025 3:00 AM;Aug 12, 2025 4:00 AM;38,748.12;39,176.12;428.00;32,216.66
Aug 12, 2025 4:00 AM;Aug 12, 2025 5:00 AM;39,610.23;39,875.98;265.75;33,541.11
Aug 12, 2025 5:00 AM;Aug 12, 2025 6:00 AM;42,861.63;43,012.88;151.25;36,991.20
Aug 12, 2025 6:00 AM;Aug 12, 2025 7:00 AM;48,407.05;48,594.55;187.50;41,194.59
Aug 12, 2025 7:00 AM;Aug 12, 2025 8:00 AM;52,770.48;52,816.73;46.25;40,089.23
Aug 12, 2025 8:00 AM;Aug 12, 2025 9:00 AM;55,882.75;55,911.00;28.25;33,617.35
Aug 12, 2025 9:00 AM;Aug 12, 2025 10:00 AM;56,193.11;56,465.86;272.75;25,459.47
Aug 12, 2025 10:00 AM;Aug 12, 2025 11:00 AM;54,566.19;55,668.69;1,102.50;17,122.32
Aug 12, 2025 11:00 AM;Aug 12, 2025 12:00 PM;54,307.40;57,702.65;3,395.25;10,579.44
Aug 12, 2025 12:00 PM;Aug 12, 2025 1:00 PM;53,873.12;58,630.87;4,757.75;5,834.51
Aug 12, 2025 1:00 PM;Aug 12, 2025 2:00 PM;53,209.81;58,240.56;5,030.75;4,675.67
Aug 12, 2025 2:00 PM;Aug 12, 2025 3:00 PM;52,426.98;57,415.73;4,988.75;4,476.50
Aug 12, 2025 3:00 PM;Aug 12, 2025 4:00 PM;52,286.44;56,832.69;4,546.25;8,616.59
Aug 12, 2025 4:00 PM;Aug 12, 2025 5:00 PM;52,101.53;55,175.78;3,074.25;15,046.18
Aug 12, 2025 5:00 PM;Aug 12, 2025 6:00 PM;53,544.20;54,339.70;795.50;25,217.25
Aug 12, 2025 6:00 PM;Aug 12, 2025 7:00 PM;55,029.90;55,128.40;98.50;36,277.82
Aug 12, 2025 7:00 PM;Aug 12, 2025 8:00 PM;55,387.03;55,392.28;5.25;44,093.89
Aug 12, 2025 8:00 PM;Aug 12, 2025 9:00 PM;53,907.48;53,910.23;2.75;43,893.57
Aug 12, 2025 9:00 PM;Aug 12, 2025 10:00 PM;52,658.87;52,680.37;21.50;39,483.67
Aug 12, 2025 10:00 PM;Aug 12, 2025 11:00 PM;49,237.73;49,255.73;18.00;33,601.90
Aug 12, 2025 11:00 PM;Aug 13, 2025 12:00 AM;45,825.43;45,850.18;24.75;29,726.01
Aug 13, 2025 12:00 AM;Aug 13, 2025 1:00 AM;43,472.80;43,504.05;31.25;28,639.96
Aug 13, 2025 1:00 AM;Aug 13, 2025 2:00 AM;41,836.91;41,863.16;26.25;28,574.19
Aug 13, 2025 2:00 AM;Aug 13, 2025 3:00 AM;40,925.66;41,134.66;209.00;29,281.68
Aug 13, 2025 3:00 AM;Aug 13, 2025 4:00 AM;40,564.33;41,483.08;918.75;29,844.59
Aug 13, 2025 4:00 AM;Aug 13, 2025 5:00 AM;41,429.96;42,511.21;1,081.25;31,444.28
Aug 13, 2025 5:00 AM;Aug 13, 2025 6:00 AM;44,552.75;44,991.50;438.75;35,606.40
Aug 13, 2025 6:00 AM;Aug 13, 2025 7:00 AM;49,853.30;49,878.80;25.50;40,474.35
Aug 13, 2025 7:00 AM;Aug 13, 2025 8:00 AM;54,173.11;54,191.11;18.00;40,329.72
Aug 13, 2025 8:00 AM;Aug 13, 2025 9:00 AM;57,240.97;57,496.97;256.00;35,562.91
Aug 13, 2025 9:00 AM;Aug 13, 2025 10:00 AM;58,225.24;59,116.24;891.00;27,993.07
Aug 13, 2025 10:00 AM;Aug 13, 2025 11:00 AM;56,978.11;59,403.61;2,425.50;19,112.58
Aug 13, 2025 11:00 AM;Aug 13, 2025 12:00 PM;56,096.26;60,307.01;4,210.75;12,301.44
Aug 13, 2025 12:00 PM;Aug 13, 2025 1:00 PM;55,603.78;60,717.53;5,113.75;7,703.47
Aug 13, 2025 1:00 PM;Aug 13, 2025 2:00 PM;55,274.55;60,483.80;5,209.25;6,092.04
Aug 13, 2025 2:00 PM;Aug 13, 2025 3:00 PM;54,182.92;58,949.42;4,766.50;6,435.66
Aug 13, 2025 3:00 PM;Aug 13, 2025 4:00 PM;53,551.81;57,079.06;3,527.25;10,121.69
Aug 13, 2025 4:00 PM;Aug 13, 2025 5:00 PM;53,709.15;55,866.15;2,157.00;17,697.58
Aug 13, 2025 5:00 PM;Aug 13, 2025 6:00 PM;55,196.74;55,636.24;439.50;29,201.00
Aug 13, 2025 6:00 PM;Aug 13, 2025 7:00 PM;56,556.09;56,567.84;11.75;40,859.82
Aug 13, 2025 7:00 PM;Aug 13, 2025 8:00 PM;56,972.92;56,976.42;3.50;48,829.41
Aug 13, 2025 8:00 PM;Aug 13, 2025 9:00 PM;55,250.30;55,255.30;5.00;49,104.55
Aug 13, 2025 9:00 PM;Aug 13, 2025 10:00 PM;53,955.64;53,959.14;3.50;46,115.14
Aug 13, 2025 10:00 PM;Aug 13, 2025 11:00 PM;50,382.78;50,393.78;11.00;41,410.16
Aug 13, 2025 11:00 PM;Aug 14, 2025 12:00 AM;47,370.60;47,683.10;312.50;37,952.56
Aug 14, 2025 12:00 AM;Aug 14, 2025 1:00 AM;45,119.48;45,398.23;278.75;36,316.37
Aug 14, 2025 1:00 AM;Aug 14, 2025 2:00 AM;43,050.97;43,124.72;73.75;35,486.44
Aug 14, 2025 2:00 AM;Aug 14, 2025 3:00 AM;41,874.63;42,227.13;352.50;35,460.00
Aug 14, 2025 3:00 AM;Aug 14, 2025 4:00 AM;41,464.84;42,059.84;595.00;36,171.67
Aug 14, 2025 4:00 AM;Aug 14, 2025 5:00 AM;42,086.30;42,225.05;138.75;37,743.62
Aug 14, 2025 5:00 AM;Aug 14, 2025 6:00 AM;45,086.39;45,120.64;34.25;41,295.65
Aug 14, 2025 6:00 AM;Aug 14, 2025 7:00 AM;50,720.21;50,743.21;23.00;45,423.81
Aug 14, 2025 7:00 AM;Aug 14, 2025 8:00 AM;55,338.09;55,434.84;96.75;44,624.97
Aug 14, 2025 8:00 AM;Aug 14, 2025 9:00 AM;58,527.56;58,666.06;138.50;38,895.11
Aug 14, 2025 9:00 AM;Aug 14, 2025 10:00 AM;58,992.35;59,523.60;531.25;30,119.78
Aug 14, 2025 10:00 AM;Aug 14, 2025 11:00 AM;59,050.28;61,751.78;2,701.50;21,816.35
Aug 14, 2025 11:00 AM;Aug 14, 2025 12:00 PM;58,759.72;63,415.22;4,655.50;15,033.29
Aug 14, 2025 12:00 PM;Aug 14, 2025 1:00 PM;57,065.22;62,176.72;5,111.50;9,545.86
Aug 14, 2025 1:00 PM;Aug 14, 2025 2:00 PM;56,631.42;61,551.92;4,920.50;8,533.12
Aug 14, 2025 2:00 PM;Aug 14, 2025 3:00 PM;55,637.92;59,666.42;4,028.50;10,460.79
Aug 14, 2025 3:00 PM;Aug 14, 2025 4:00 PM;55,534.77;58,977.02;3,442.25;15,525.48
Aug 14, 2025 4:00 PM;Aug 14, 2025 5:00 PM;55,274.93;56,906.43;1,631.50;22,590.08
Aug 14, 2025 5:00 PM;Aug 14, 2025 6:00 PM;56,384.07;56,700.32;316.25;32,463.45
Aug 14, 2025 6:00 PM;Aug 14, 2025 7:00 PM;57,584.50;57,755.75;171.25;43,834.50
Aug 14, 2025 7:00 PM;Aug 14, 2025 8:00 PM;57,260.85;57,266.10;5.25;51,067.49
Aug 14, 2025 8:00 PM;Aug 14, 2025 9:00 PM;55,821.47;55,826.72;5.25;52,251.95
Aug 14, 2025 9:00 PM;Aug 14, 2025 10:00 PM;54,582.55;54,590.55;8.00;50,409.28
Aug 14, 2025 10:00 PM;Aug 14, 2025 11:00 PM;50,872.16;50,881.16;9.00;45,239.40
Aug 14, 2025 11:00 PM;Aug 15, 2025 12:00 AM;47,320.95;47,358.70;37.75;40,932.60
Aug 15, 2025 12:00 AM;Aug 15, 2025 1:00 AM;45,040.36;45,079.36;39.00;38,624.77
Aug 15, 2025 1:00 AM;Aug 15, 2025 2:00 AM;43,409.05;43,446.55;37.50;37,342.54
Aug 15, 2025 2:00 AM;Aug 15, 2025 3:00 AM;41,855.61;41,895.86;40.25;35,737.66
Aug 15, 2025 3:00 AM;Aug 15, 2025 4:00 AM;41,398.81;41,522.56;123.75;35,512.93
Aug 15, 2025 4:00 AM;Aug 15, 2025 5:00 AM;41,889.30;42,127.80;238.50;35,455.74
Aug 15, 2025 5:00 AM;Aug 15, 2025 6:00 AM;44,358.24;44,504.49;146.25;37,984.71
Aug 15, 2025 6:00 AM;Aug 15, 2025 7:00 AM;49,060.86;49,133.36;72.50;41,557.72
Aug 15, 2025 7:00 AM;Aug 15, 2025 8:00 AM;53,290.56;53,301.31;10.75;41,641.87
Aug 15, 2025 8:00 AM;Aug 15, 2025 9:00 AM;56,409.64;56,468.39;58.75;37,096.54
Aug 15, 2025 9:00 AM;Aug 15, 2025 10:00 AM;56,683.31;57,116.81;433.50;27,561.48
Aug 15, 2025 10:00 AM;Aug 15, 2025 11:00 AM;57,240.37;60,806.87;3,566.50;18,013.22
Aug 15, 2025 11:00 AM;Aug 15, 2025 12:00 PM;56,304.84;61,651.34;5,346.50;9,240.19
Aug 15, 2025 12:00 PM;Aug 15, 2025 1:00 PM;54,893.46;60,554.71;5,661.25;3,813.09
Aug 15, 2025 1:00 PM;Aug 15, 2025 2:00 PM;53,186.03;58,797.28;5,611.25;671.00
Aug 15, 2025 2:00 PM;Aug 15, 2025 3:00 PM;52,195.85;57,701.60;5,505.75;746.20
Aug 15, 2025 3:00 PM;Aug 15, 2025 4:00 PM;52,614.34;58,053.59;5,439.25;4,357.80
Aug 15, 2025 4:00 PM;Aug 15, 2025 5:00 PM;53,423.76;57,724.26;4,300.50;11,454.58
Aug 15, 2025 5:00 PM;Aug 15, 2025 6:00 PM;54,171.74;55,096.24;924.50;20,813.73
Aug 15, 2025 6:00 PM;Aug 15, 2025 7:00 PM;55,193.18;55,279.43;86.25;31,035.89
Aug 15, 2025 7:00 PM;Aug 15, 2025 8:00 PM;54,851.28;54,858.28;7.00;38,251.66
Aug 15, 2025 8:00 PM;Aug 15, 2025 9:00 PM;52,828.79;52,834.04;5.25;39,841.34
Aug 15, 2025 9:00 PM;Aug 15, 2025 10:00 PM;51,243.16;51,248.41;5.25;37,713.77
Aug 15, 2025 10:00 PM;Aug 15, 2025 11:00 PM;48,468.92;48,474.92;6.00;34,324.38
Aug 15, 2025 11:00 PM;Aug 16, 2025 12:00 AM;45,527.76;45,537.51;9.75;31,376.28
Aug 16, 2025 12:00 AM;Aug 16, 2025 1:00 AM;43,251.43;43,292.43;41.00;29,457.67
Aug 16, 2025 1:00 AM;Aug 16, 2025 2:00 AM;41,676.46;41,794.21;117.75;28,255.92
Aug 16, 2025 2:00 AM;Aug 16, 2025 3:00 AM;39,961.22;40,003.72;42.50;27,175.39
Aug 16, 2025 3:00 AM;Aug 16, 2025 4:00 AM;39,696.75;39,847.00;150.25;26,270.21
Aug 16, 2025 4:00 AM;Aug 16, 2025 5:00 AM;39,695.89;39,971.39;275.50;26,041.42
Aug 16, 2025 5:00 AM;Aug 16, 2025 6:00 AM;40,044.04;40,178.29;134.25;26,553.40
Aug 16, 2025 6:00 AM;Aug 16, 2025 7:00 AM;41,067.11;41,157.36;90.25;26,632.62
Aug 16, 2025 7:00 AM;Aug 16, 2025 8:00 AM;42,826.64;42,871.39;44.75;26,606.87
Aug 16, 2025 8:00 AM;Aug 16, 2025 9:00 AM;46,103.79;46,152.04;48.25;25,996.60
Aug 16, 2025 9:00 AM;Aug 16, 2025 10:00 AM;48,680.50;49,114.50;434.00;22,437.79
Aug 16, 2025 10:00 AM;Aug 16, 2025 11:00 AM;49,859.92;51,774.92;1,915.00;17,240.61
Aug 16, 2025 11:00 AM;Aug 16, 2025 12:00 PM;50,343.88;54,050.88;3,707.00;11,692.47
Aug 16, 2025 12:00 PM;Aug 16, 2025 1:00 PM;49,645.31;53,708.06;4,062.75;5,728.18
Aug 16, 2025 1:00 PM;Aug 16, 2025 2:00 PM;47,670.82;51,302.57;3,631.75;17.70
Aug 16, 2025 2:00 PM;Aug 16, 2025 3:00 PM;46,505.12;51,624.37;5,119.25;-3,555.75
Aug 16, 2025 3:00 PM;Aug 16, 2025 4:00 PM;46,378.29;51,595.79;5,217.50;-3,881.07
Aug 16, 2025 4:00 PM;Aug 16, 2025 5:00 PM;46,696.83;52,135.58;5,438.75;329.88
Aug 16, 2025 5:00 PM;Aug 16, 2025 6:00 PM;47,113.06;49,841.06;2,728.00;7,794.80
Aug 16, 2025 6:00 PM;Aug 16, 2025 7:00 PM;47,293.87;47,478.12;184.25;16,165.56
Aug 16, 2025 7:00 PM;Aug 16, 2025 8:00 PM;47,441.23;47,452.48;11.25;23,884.23
Aug 16, 2025 8:00 PM;Aug 16, 2025 9:00 PM;45,916.64;45,925.14;8.50;26,956.15
Aug 16, 2025 9:00 PM;Aug 16, 2025 10:00 PM;45,031.26;45,040.01;8.75;26,890.39
Aug 16, 2025 10:00 PM;Aug 16, 2025 11:00 PM;42,776.46;42,785.21;8.75;25,017.18
Aug 16, 2025 11:00 PM;Aug 17, 2025 12:00 AM;40,252.92;40,268.67;15.75;23,790.52
Aug 17, 2025 12:00 AM;Aug 17, 2025 1:00 AM;37,888.75;37,927.75;39.00;22,276.48
Aug 17, 2025 1:00 AM;Aug 17, 2025 2:00 AM;36,404.97;36,490.72;85.75;21,519.51
Aug 17, 2025 2:00 AM;Aug 17, 2025 3:00 AM;35,192.53;35,303.03;110.50;21,560.06
Aug 17, 2025 3:00 AM;Aug 17, 2025 4:00 AM;34,436.85;34,501.10;64.25;22,034.99
Aug 17, 2025 4:00 AM;Aug 17, 2025 5:00 AM;34,371.61;34,462.11;90.50;23,172.62
Aug 17, 2025 5:00 AM;Aug 17, 2025 6:00 AM;34,791.28;34,825.78;34.50;24,344.13
Aug 17, 2025 6:00 AM;Aug 17, 2025 7:00 AM;34,993.89;35,114.14;120.25;24,371.34
Aug 17, 2025 7:00 AM;Aug 17, 2025 8:00 AM;36,504.80;37,007.80;503.00;23,293.93
Aug 17, 2025 8:00 AM;Aug 17, 2025 9:00 AM;39,003.97;40,087.72;1,083.75;20,596.84
Aug 17, 2025 9:00 AM;Aug 17, 2025 10:00 AM;41,576.00;44,325.25;2,749.25;14,983.04
Aug 17, 2025 10:00 AM;Aug 17, 2025 11:00 AM;43,211.75;47,628.50;4,416.75;10,129.81
Aug 17, 2025 11:00 AM;Aug 17, 2025 12:00 PM;43,409.16;48,466.66;5,057.50;6,080.65
Aug 17, 2025 12:00 PM;Aug 17, 2025 1:00 PM;42,639.92;47,738.92;5,099.00;3,421.63
Aug 17, 2025 1:00 PM;Aug 17, 2025 2:00 PM;41,293.29;46,684.79;5,391.50;786.94
Aug 17, 2025 2:00 PM;Aug 17, 2025 3:00 PM;40,633.18;46,065.43;5,432.25;308.90
Aug 17, 2025 3:00 PM;Aug 17, 2025 4:00 PM;40,312.12;45,487.87;5,175.75;798.94
Aug 17, 2025 4:00 PM;Aug 17, 2025 5:00 PM;40,626.73;45,338.73;4,712.00;6,344.92
Aug 17, 2025 5:00 PM;Aug 17, 2025 6:00 PM;41,778.20;43,324.45;1,546.25;15,331.95
Aug 17, 2025 6:00 PM;Aug 17, 2025 7:00 PM;44,188.74;44,356.74;168.00;27,743.93
Aug 17, 2025 7:00 PM;Aug 17, 2025 8:00 PM;45,329.38;45,340.88;11.50;37,332.49
Aug 17, 2025 8:00 PM;Aug 17, 2025 9:00 PM;45,449.26;45,459.01;9.75;40,837.19
Aug 17, 2025 9:00 PM;Aug 17, 2025 10:00 PM;45,029.83;45,035.83;6.00;40,445.88
Aug 17, 2025 10:00 PM;Aug 17, 2025 11:00 PM;43,101.32;43,110.32;9.00;38,195.12
Aug 17, 2025 11:00 PM;Aug 18, 2025 12:00 AM;40,604.30;40,627.30;23.00;36,063.37
Aug 18, 2025 12:00 AM;Aug 18, 2025 1:00 AM;38,680.14;38,715.14;35.00;34,902.39
Aug 18, 2025 1:00 AM;Aug 18, 2025 2:00 AM;37,117.59;37,197.09;79.50;34,084.38
Aug 18, 2025 2:00 AM;Aug 18, 2025 3:00 AM;36,313.83;36,528.58;214.75;33,773.28
Aug 18, 2025 3:00 AM;Aug 18, 2025 4:00 AM;36,412.12;36,651.62;239.50;34,162.62
Aug 18, 2025 4:00 AM;Aug 18, 2025 5:00 AM;37,505.60;37,691.10;185.50;35,415.80
Aug 18, 2025 5:00 AM;Aug 18, 2025 6:00 AM;41,242.30;41,271.80;29.50;39,145.11
Aug 18, 2025 6:00 AM;Aug 18, 2025 7:00 AM;48,024.28;48,038.03;13.75;44,964.35
Aug 18, 2025 7:00 AM;Aug 18, 2025 8:00 AM;52,600.64;52,609.64;9.00;44,026.71
Aug 18, 2025 8:00 AM;Aug 18, 2025 9:00 AM;55,689.34;55,712.84;23.50;36,848.57
Aug 18, 2025 9:00 AM;Aug 18, 2025 10:00 AM;55,303.44;56,112.19;808.75;24,388.48
Aug 18, 2025 10:00 AM;Aug 18, 2025 11:00 AM;54,310.17;57,714.67;3,404.50;13,146.64
Aug 18, 2025 11:00 AM;Aug 18, 2025 12:00 PM;54,090.93;58,468.43;4,377.50;6,333.90
Aug 18, 2025 12:00 PM;Aug 18, 2025 1:00 PM;53,370.07;58,132.57;4,762.50;2,223.94
Aug 18, 2025 1:00 PM;Aug 18, 2025 2:00 PM;51,692.20;56,447.45;4,755.25;324.42
Aug 18, 2025 2:00 PM;Aug 18, 2025 3:00 PM;50,846.31;55,690.56;4,844.25;1,293.06
Aug 18, 2025 3:00 PM;Aug 18, 2025 4:00 PM;50,405.75;55,045.00;4,639.25;5,379.76
Aug 18, 2025 4:00 PM;Aug 18, 2025 5:00 PM;50,349.32;53,572.32;3,223.00;12,669.24
Aug 18, 2025 5:00 PM;Aug 18, 2025 6:00 PM;51,566.62;52,186.37;619.75;24,143.59
Aug 18, 2025 6:00 PM;Aug 18, 2025 7:00 PM;53,210.87;53,453.62;242.75;37,557.59
Aug 18, 2025 7:00 PM;Aug 18, 2025 8:00 PM;54,187.38;54,196.88;9.50;48,149.02
Aug 18, 2025 8:00 PM;Aug 18, 2025 9:00 PM;53,060.85;53,066.85;6.00;50,052.86
Aug 18, 2025 9:00 PM;Aug 18, 2025 10:00 PM;51,164.12;51,190.12;26.00;47,184.91
Aug 18, 2025 10:00 PM;Aug 18, 2025 11:00 PM;47,071.11;47,134.36;63.25;41,489.68
Aug 18, 2025 11:00 PM;Aug 19, 2025 12:00 AM;44,083.01;44,184.01;101.00;37,678.11
Aug 19, 2025 12:00 AM;Aug 19, 2025 1:00 AM;41,438.28;41,551.03;112.75;35,105.90
Aug 19, 2025 1:00 AM;Aug 19, 2025 2:00 AM;39,967.31;40,002.81;35.50;34,269.28
Aug 19, 2025 2:00 AM;Aug 19, 2025 3:00 AM;39,195.52;39,286.27;90.75;34,306.48
Aug 19, 2025 3:00 AM;Aug 19, 2025 4:00 AM;39,226.55;39,344.55;118.00;35,201.19
Aug 19, 2025 4:00 AM;Aug 19, 2025 5:00 AM;40,228.37;40,300.87;72.50;36,879.22
Aug 19, 2025 5:00 AM;Aug 19, 2025 6:00 AM;43,324.58;43,350.58;26.00;40,257.65
Aug 19, 2025 6:00 AM;Aug 19, 2025 7:00 AM;49,223.85;49,230.60;6.75;45,155.80
Aug 19, 2025 7:00 AM;Aug 19, 2025 8:00 AM;53,427.21;53,462.21;35.00;43,677.29
Aug 19, 2025 8:00 AM;Aug 19, 2025 9:00 AM;56,431.69;56,631.69;200.00;36,109.96
Aug 19, 2025 9:00 AM;Aug 19, 2025 10:00 AM;56,458.99;57,285.99;827.00;24,599.16
Aug 19, 2025 10:00 AM;Aug 19, 2025 11:00 AM;55,958.82;59,150.82;3,192.00;15,202.78
Aug 19, 2025 11:00 AM;Aug 19, 2025 12:00 PM;55,391.74;59,508.49;4,116.75;7,746.74
Aug 19, 2025 12:00 PM;Aug 19, 2025 1:00 PM;54,999.98;59,920.23;4,920.25;3,591.41
Aug 19, 2025 1:00 PM;Aug 19, 2025 2:00 PM;53,891.94;58,858.19;4,966.25;1,840.35
Aug 19, 2025 2:00 PM;Aug 19, 2025 3:00 PM;53,235.82;58,014.57;4,778.75;1,994.21
Aug 19, 2025 3:00 PM;Aug 19, 2025 4:00 PM;53,224.42;57,922.17;4,697.75;5,713.97
Aug 19, 2025 4:00 PM;Aug 19, 2025 5:00 PM;52,923.15;57,121.90;4,198.75;12,216.34
Aug 19, 2025 5:00 PM;Aug 19, 2025 6:00 PM;53,700.06;55,147.31;1,447.25;22,991.30
Aug 19, 2025 6:00 PM;Aug 19, 2025 7:00 PM;54,908.13;55,157.88;249.75;35,645.16
Aug 19, 2025 7:00 PM;Aug 19, 2025 8:00 PM;55,232.77;55,240.27;7.50;44,852.78
Aug 19, 2025 8:00 PM;Aug 19, 2025 9:00 PM;54,205.52;54,210.27;4.75;46,618.88
Aug 19, 2025 9:00 PM;Aug 19, 2025 10:00 PM;52,215.32;52,220.82;5.50;44,854.22
Aug 19, 2025 10:00 PM;Aug 19, 2025 11:00 PM;48,784.51;48,794.01;9.50;41,346.24
Aug 19, 2025 11:00 PM;Aug 20, 2025 12:00 AM;45,397.55;45,412.30;14.75;38,505.17
Aug 20, 2025 12:00 AM;Aug 20, 2025 1:00 AM;42,784.54;42,811.04;26.50;36,694.83
Aug 20, 2025 1:00 AM;Aug 20, 2025 2:00 AM;41,033.12;41,065.12;32.00;35,024.46
Aug 20, 2025 2:00 AM;Aug 20, 2025 3:00 AM;40,747.18;40,902.18;155.00;34,309.08
Aug 20, 2025 3:00 AM;Aug 20, 2025 4:00 AM;40,136.10;40,303.35;167.25;33,705.18
Aug 20, 2025 4:00 AM;Aug 20, 2025 5:00 AM;41,119.33;41,243.58;124.25;34,429.72
Aug 20, 2025 5:00 AM;Aug 20, 2025 6:00 AM;44,991.84;45,054.59;62.75;37,943.36
Aug 20, 2025 6:00 AM;Aug 20, 2025 7:00 AM;50,953.62;50,971.37;17.75;42,391.55
Aug 20, 2025 7:00 AM;Aug 20, 2025 8:00 AM;55,486.68;55,606.68;120.00;42,343.15
Aug 20, 2025 8:00 AM;Aug 20, 2025 9:00 AM;58,047.06;58,201.81;154.75;38,412.09
Aug 20, 2025 9:00 AM;Aug 20, 2025 10:00 AM;57,816.13;58,170.38;354.25;30,018.23
Aug 20, 2025 10:00 AM;Aug 20, 2025 11:00 AM;57,426.78;58,783.78;1,357.00;22,656.27
Aug 20, 2025 11:00 AM;Aug 20, 2025 12:00 PM;57,440.04;60,757.29;3,317.25;17,019.16
Aug 20, 2025 12:00 PM;Aug 20, 2025 1:00 PM;56,094.77;60,704.27;4,609.50;11,487.25
Aug 20, 2025 1:00 PM;Aug 20, 2025 2:00 PM;55,198.35;59,885.10;4,686.75;10,969.37
Aug 20, 2025 2:00 PM;Aug 20, 2025 3:00 PM;54,253.10;58,766.60;4,513.50;11,406.23
Aug 20, 2025 3:00 PM;Aug 20, 2025 4:00 PM;53,799.69;57,916.69;4,117.00;14,934.90
Aug 20, 2025 4:00 PM;Aug 20, 2025 5:00 PM;53,770.25;55,451.50;1,681.25;21,011.35
Aug 20, 2025 5:00 PM;Aug 20, 2025 6:00 PM;55,080.49;55,660.74;580.25;29,594.79
Aug 20, 2025 6:00 PM;Aug 20, 2025 7:00 PM;55,366.03;55,456.78;90.75;37,225.60
Aug 20, 2025 7:00 PM;Aug 20, 2025 8:00 PM;55,324.34;55,334.34;10.00;43,267.46
Aug 20, 2025 8:00 PM;Aug 20, 2025 9:00 PM;53,746.23;53,752.73;6.50;43,593.89
Aug 20, 2025 9:00 PM;Aug 20, 2025 10:00 PM;51,754.41;51,855.41;101.00;39,982.02
Aug 20, 2025 10:00 PM;Aug 20, 2025 11:00 PM;47,813.14;47,842.14;29.00;35,214.40
Aug 20, 2025 11:00 PM;Aug 21, 2025 12:00 AM;44,194.10;44,227.10;33.00;32,199.22
Aug 21, 2025 12:00 AM;Aug 21, 2025 1:00 AM;42,242.21;42,410.71;168.50;31,771.86
Aug 21, 2025 1:00 AM;Aug 21, 2025 2:00 AM;40,740.46;41,061.71;321.25;31,797.95
Aug 21, 2025 2:00 AM;Aug 21, 2025 3:00 AM;39,902.13;40,053.88;151.75;32,597.53
Aug 21, 2025 3:00 AM;Aug 21, 2025 4:00 AM;39,881.06;39,945.06;64.00;34,120.20
Aug 21, 2025 4:00 AM;Aug 21, 2025 5:00 AM;40,759.80;40,790.80;31.00;35,666.88
Aug 21, 2025 5:00 AM;Aug 21, 2025 6:00 AM;44,005.09;44,031.34;26.25;38,364.23
Aug 21, 2025 6:00 AM;Aug 21, 2025 7:00 AM;49,746.89;49,789.39;42.50;42,841.80
Aug 21, 2025 7:00 AM;Aug 21, 2025 8:00 AM;54,238.62;54,250.62;12.00;42,939.09
Aug 21, 2025 8:00 AM;Aug 21, 2025 9:00 AM;57,153.14;57,181.64;28.50;39,458.34
Aug 21, 2025 9:00 AM;Aug 21, 2025 10:00 AM;57,738.99;58,007.49;268.50;31,540.22
Aug 21, 2025 10:00 AM;Aug 21, 2025 11:00 AM;57,262.22;58,906.97;1,644.75;21,891.40
Aug 21, 2025 11:00 AM;Aug 21, 2025 12:00 PM;57,785.18;61,683.68;3,898.50;14,534.50
Aug 21, 2025 12:00 PM;Aug 21, 2025 1:00 PM;57,360.65;61,968.65;4,608.00;11,499.68
Aug 21, 2025 1:00 PM;Aug 21, 2025 2:00 PM;56,564.34;61,047.34;4,483.00;10,511.94
Aug 21, 2025 2:00 PM;Aug 21, 2025 3:00 PM;55,429.88;59,540.63;4,110.75;10,420.03
Aug 21, 2025 3:00 PM;Aug 21, 2025 4:00 PM;55,385.46;59,236.21;3,850.75;12,296.15
Aug 21, 2025 4:00 PM;Aug 21, 2025 5:00 PM;55,087.96;58,678.46;3,590.50;14,409.43
Aug 21, 2025 5:00 PM;Aug 21, 2025 6:00 PM;55,801.70;56,730.20;928.50;19,689.89
Aug 21, 2025 6:00 PM;Aug 21, 2025 7:00 PM;56,710.07;57,055.32;345.25;26,630.55
Aug 21, 2025 7:00 PM;Aug 21, 2025 8:00 PM;56,346.59;56,520.59;174.00;33,032.87
Aug 21, 2025 8:00 PM;Aug 21, 2025 9:00 PM;54,557.17;54,563.92;6.75;34,764.83
Aug 21, 2025 9:00 PM;Aug 21, 2025 10:00 PM;52,777.48;52,877.48;100.00;33,228.34
Aug 21, 2025 10:00 PM;Aug 21, 2025 11:00 PM;49,327.31;49,643.81;316.50;30,131.51
Aug 21, 2025 11:00 PM;Aug 22, 2025 12:00 AM;45,568.55;45,661.80;93.25;27,280.12
Aug 22, 2025 12:00 AM;Aug 22, 2025 1:00 AM;43,107.41;43,206.16;98.75;25,890.61
Aug 22, 2025 1:00 AM;Aug 22, 2025 2:00 AM;41,532.00;41,720.25;188.25;25,488.95
Aug 22, 2025 2:00 AM;Aug 22, 2025 3:00 AM;40,350.26;40,603.26;253.00;25,091.45
Aug 22, 2025 3:00 AM;Aug 22, 2025 4:00 AM;40,651.08;41,464.33;813.25;24,914.51
Aug 22, 2025 4:00 AM;Aug 22, 2025 5:00 AM;41,336.33;41,662.83;326.50;26,116.18
Aug 22, 2025 5:00 AM;Aug 22, 2025 6:00 AM;44,444.77;44,634.77;190.00;29,509.59
Aug 22, 2025 6:00 AM;Aug 22, 2025 7:00 AM;50,072.73;50,217.23;144.50;35,734.40
Aug 22, 2025 7:00 AM;Aug 22, 2025 8:00 AM;54,533.56;54,623.81;90.25;37,317.00
Aug 22, 2025 8:00 AM;Aug 22, 2025 9:00 AM;56,863.06;57,045.31;182.25;34,143.53
Aug 22, 2025 9:00 AM;Aug 22, 2025 10:00 AM;58,160.69;58,777.94;617.25;25,676.44
Aug 22, 2025 10:00 AM;Aug 22, 2025 11:00 AM;58,091.36;60,211.11;2,119.75;17,516.47
Aug 22, 2025 11:00 AM;Aug 22, 2025 12:00 PM;57,802.38;60,616.13;2,813.75;12,943.20
Aug 22, 2025 12:00 PM;Aug 22, 2025 1:00 PM;56,908.47;60,170.47;3,262.00;9,642.14
Aug 22, 2025 1:00 PM;Aug 22, 2025 2:00 PM;55,046.17;58,884.92;3,838.75;5,997.35
Aug 22, 2025 2:00 PM;Aug 22, 2025 3:00 PM;54,812.88;59,748.38;4,935.50;3,770.38
Aug 22, 2025 3:00 PM;Aug 22, 2025 4:00 PM;54,227.63;58,520.88;4,293.25;6,055.09
Aug 22, 2025 4:00 PM;Aug 22, 2025 5:00 PM;53,387.36;56,028.86;2,641.50;10,842.51
Aug 22, 2025 5:00 PM;Aug 22, 2025 6:00 PM;54,670.42;55,600.17;929.75;18,043.32
Aug 22, 2025 6:00 PM;Aug 22, 2025 7:00 PM;54,922.32;54,988.57;66.25;26,903.68
Aug 22, 2025 7:00 PM;Aug 22, 2025 8:00 PM;54,010.85;54,020.35;9.50;33,416.12
Aug 22, 2025 8:00 PM;Aug 22, 2025 9:00 PM;52,523.51;52,529.51;6.00;36,689.26
Aug 22, 2025 9:00 PM;Aug 22, 2025 10:00 PM;50,336.73;50,360.98;24.25;35,621.63
Aug 22, 2025 10:00 PM;Aug 22, 2025 11:00 PM;46,995.12;47,037.87;42.75;32,308.09
Aug 22, 2025 11:00 PM;Aug 23, 2025 12:00 AM;43,761.22;43,906.72;145.50;29,323.58
Aug 23, 2025 12:00 AM;Aug 23, 2025 1:00 AM;42,049.85;42,506.10;456.25;26,727.30
Aug 23, 2025 1:00 AM;Aug 23, 2025 2:00 AM;40,572.95;41,660.70;1,087.75;24,530.80
Aug 23, 2025 2:00 AM;Aug 23, 2025 3:00 AM;38,321.41;38,732.41;411.00;22,540.30
Aug 23, 2025 3:00 AM;Aug 23, 2025 4:00 AM;37,555.55;37,759.30;203.75;21,789.42
Aug 23, 2025 4:00 AM;Aug 23, 2025 5:00 AM;37,000.54;37,108.29;107.75;21,519.96
Aug 23, 2025 5:00 AM;Aug 23, 2025 6:00 AM;37,514.87;37,607.12;92.25;21,616.30
Aug 23, 2025 6:00 AM;Aug 23, 2025 7:00 AM;39,578.06;40,096.31;518.25;21,826.81
Aug 23, 2025 7:00 AM;Aug 23, 2025 8:00 AM;42,411.91;42,724.91;313.00;21,791.55
Aug 23, 2025 8:00 AM;Aug 23, 2025 9:00 AM;45,025.08;45,611.83;586.75;18,995.64
Aug 23, 2025 9:00 AM;Aug 23, 2025 10:00 AM;46,573.43;48,804.68;2,231.25;13,021.98
Aug 23, 2025 10:00 AM;Aug 23, 2025 11:00 AM;48,334.67;52,686.67;4,352.00;6,977.04
Aug 23, 2025 11:00 AM;Aug 23, 2025 12:00 PM;48,581.11;52,972.11;4,391.00;2,406.29
Aug 23, 2025 12:00 PM;Aug 23, 2025 1:00 PM;47,929.32;52,488.32;4,559.00;-746.97
Aug 23, 2025 1:00 PM;Aug 23, 2025 2:00 PM;45,715.57;50,512.32;4,796.75;-2,431.18
Aug 23, 2025 2:00 PM;Aug 23, 2025 3:00 PM;44,226.87;49,018.12;4,791.25;-2,109.37
Aug 23, 2025 3:00 PM;Aug 23, 2025 4:00 PM;44,302.56;49,157.31;4,854.75;686.64
Aug 23, 2025 4:00 PM;Aug 23, 2025 5:00 PM;44,493.82;49,022.32;4,528.50;3,598.66
Aug 23, 2025 5:00 PM;Aug 23, 2025 6:00 PM;45,871.96;48,155.71;2,283.75;11,421.13
Aug 23, 2025 6:00 PM;Aug 23, 2025 7:00 PM;47,809.72;48,120.47;310.75;23,178.94
Aug 23, 2025 7:00 PM;Aug 23, 2025 8:00 PM;48,269.51;48,276.76;7.25;33,383.50
Aug 23, 2025 8:00 PM;Aug 23, 2025 9:00 PM;47,392.24;47,396.24;4.00;36,812.84
Aug 23, 2025 9:00 PM;Aug 23, 2025 10:00 PM;46,276.74;46,280.74;4.00;36,234.80
Aug 23, 2025 10:00 PM;Aug 23, 2025 11:00 PM;44,149.50;44,154.25;4.75;34,010.59
Aug 23, 2025 11:00 PM;Aug 24, 2025 12:00 AM;41,747.82;41,933.07;185.25;31,524.97
Aug 24, 2025 12:00 AM;Aug 24, 2025 1:00 AM;39,290.69;39,534.69;244.00;29,585.77
Aug 24, 2025 1:00 AM;Aug 24, 2025 2:00 AM;36,703.62;36,778.62;75.00;28,239.50
Aug 24, 2025 2:00 AM;Aug 24, 2025 3:00 AM;35,077.90;35,239.65;161.75;27,396.47
Aug 24, 2025 3:00 AM;Aug 24, 2025 4:00 AM;34,065.47;34,218.97;153.50;26,573.28
Aug 24, 2025 4:00 AM;Aug 24, 2025 5:00 AM;33,875.53;33,978.28;102.75;26,356.09
Aug 24, 2025 5:00 AM;Aug 24, 2025 6:00 AM;34,195.95;34,295.70;99.75;26,509.32
Aug 24, 2025 6:00 AM;Aug 24, 2025 7:00 AM;35,507.85;35,680.60;172.75;26,068.94
Aug 24, 2025 7:00 AM;Aug 24, 2025 8:00 AM;37,195.75;37,773.00;577.25;23,417.56
Aug 24, 2025 8:00 AM;Aug 24, 2025 9:00 AM;38,901.43;40,356.68;1,455.25;18,312.92
Aug 24, 2025 9:00 AM;Aug 24, 2025 10:00 AM;41,341.28;44,344.53;3,003.25;10,832.58
Aug 24, 2025 10:00 AM;Aug 24, 2025 11:00 AM;41,906.22;46,084.97;4,178.75;3,270.75
Aug 24, 2025 11:00 AM;Aug 24, 2025 12:00 PM;42,889.28;47,655.53;4,766.25;1,271.90
Aug 24, 2025 12:00 PM;Aug 24, 2025 1:00 PM;42,426.93;46,902.93;4,476.00;123.73
Aug 24, 2025 1:00 PM;Aug 24, 2025 2:00 PM;41,231.12;45,977.87;4,746.75;-564.46
Aug 24, 2025 2:00 PM;Aug 24, 2025 3:00 PM;40,059.55;44,952.30;4,892.75;-61.15
Aug 24, 2025 3:00 PM;Aug 24, 2025 4:00 PM;39,760.24;44,592.24;4,832.00;1,255.20
Aug 24, 2025 4:00 PM;Aug 24, 2025 5:00 PM;41,090.95;45,704.95;4,614.00;4,883.12
Aug 24, 2025 5:00 PM;Aug 24, 2025 6:00 PM;42,676.94;45,192.69;2,515.75;12,208.73
Aug 24, 2025 6:00 PM;Aug 24, 2025 7:00 PM;44,755.96;45,299.46;543.50;23,670.17
Aug 24, 2025 7:00 PM;Aug 24, 2025 8:00 PM;46,129.43;46,136.43;7.00;34,261.05
Aug 24, 2025 8:00 PM;Aug 24, 2025 9:00 PM;46,357.22;46,358.97;1.75;38,364.18
Aug 24, 2025 9:00 PM;Aug 24, 2025 10:00 PM;45,764.04;45,770.04;6.00;38,089.21
Aug 24, 2025 10:00 PM;Aug 24, 2025 11:00 PM;44,155.48;44,163.23;7.75;35,717.17
Aug 24, 2025 11:00 PM;Aug 25, 2025 12:00 AM;41,911.41;42,053.41;142.00;32,999.17
Aug 25, 2025 12:00 AM;Aug 25, 2025 1:00 AM;40,114.62;40,328.62;214.00;31,211.42
Aug 25, 2025 1:00 AM;Aug 25, 2025 2:00 AM;38,190.39;38,313.39;123.00;29,988.49
Aug 25, 2025 2:00 AM;Aug 25, 2025 3:00 AM;37,270.90;37,368.15;97.25;29,671.16
Aug 25, 2025 3:00 AM;Aug 25, 2025 4:00 AM;37,310.18;37,380.68;70.50;29,901.67
Aug 25, 2025 4:00 AM;Aug 25, 2025 5:00 AM;38,743.47;38,933.47;190.00;31,459.55
Aug 25, 2025 5:00 AM;Aug 25, 2025 6:00 AM;42,656.18;42,691.93;35.75;35,698.28
Aug 25, 2025 6:00 AM;Aug 25, 2025 7:00 AM;49,878.13;49,891.13;13.00;42,439.46
Aug 25, 2025 7:00 AM;Aug 25, 2025 8:00 AM;54,470.00;54,553.50;83.50;42,629.33
Aug 25, 2025 8:00 AM;Aug 25, 2025 9:00 AM;57,062.50;57,096.25;33.75;36,724.66
Aug 25, 2025 9:00 AM;Aug 25, 2025 10:00 AM;56,023.30;56,264.80;241.50;28,601.37
Aug 25, 2025 10:00 AM;Aug 25, 2025 11:00 AM;54,644.62;55,387.12;742.50;18,475.23
Aug 25, 2025 11:00 AM;Aug 25, 2025 12:00 PM;54,017.48;56,046.73;2,029.25;11,937.65
Aug 25, 2025 12:00 PM;Aug 25, 2025 1:00 PM;53,512.23;57,036.98;3,524.75;7,168.70
Aug 25, 2025 1:00 PM;Aug 25, 2025 2:00 PM;52,796.84;56,483.34;3,686.50;4,978.77
Aug 25, 2025 2:00 PM;Aug 25, 2025 3:00 PM;51,343.93;55,037.18;3,693.25;3,206.55
Aug 25, 2025 3:00 PM;Aug 25, 2025 4:00 PM;51,350.78;54,812.28;3,461.50;6,274.64
Aug 25, 2025 4:00 PM;Aug 25, 2025 5:00 PM;51,465.16;54,425.41;2,960.25;12,854.50
Aug 25, 2025 5:00 PM;Aug 25, 2025 6:00 PM;52,633.90;54,267.65;1,633.75;23,692.21
Aug 25, 2025 6:00 PM;Aug 25, 2025 7:00 PM;54,308.69;54,775.19;466.50;37,821.04
Aug 25, 2025 7:00 PM;Aug 25, 2025 8:00 PM;54,585.34;54,600.34;15.00;48,213.58
Aug 25, 2025 8:00 PM;Aug 25, 2025 9:00 PM;53,829.74;53,832.49;2.75;50,895.11
Aug 25, 2025 9:00 PM;Aug 25, 2025 10:00 PM;51,764.20;51,765.20;1.00;48,972.12
Aug 25, 2025 10:00 PM;Aug 25, 2025 11:00 PM;47,881.80;47,888.30;6.50;45,223.44
Aug 25, 2025 11:00 PM;Aug 26, 2025 12:00 AM;44,351.59;44,361.59;10.00;41,688.31
Aug 26, 2025 12:00 AM;Aug 26, 2025 1:00 AM;41,775.70;41,909.20;133.50;39,053.62
Aug 26, 2025 1:00 AM;Aug 26, 2025 2:00 AM;40,152.23;40,300.73;148.50;37,303.73
Aug 26, 2025 2:00 AM;Aug 26, 2025 3:00 AM;39,593.31;39,659.81;66.50;36,705.54
Aug 26, 2025 3:00 AM;Aug 26, 2025 4:00 AM;39,438.00;39,510.00;72.00;36,656.16
Aug 26, 2025 4:00 AM;Aug 26, 2025 5:00 AM;40,378.56;40,427.31;48.75;37,662.67
Aug 26, 2025 5:00 AM;Aug 26, 2025 6:00 AM;43,948.84;43,971.34;22.50;41,112.00
Aug 26, 2025 6:00 AM;Aug 26, 2025 7:00 AM;50,112.98;50,117.48;4.50;46,227.56
Aug 26, 2025 7:00 AM;Aug 26, 2025 8:00 AM;54,331.26;54,336.01;4.75;45,147.19
Aug 26, 2025 8:00 AM;Aug 26, 2025 9:00 AM;57,326.60;57,683.35;356.75;37,735.90
Aug 26, 2025 9:00 AM;Aug 26, 2025 10:00 AM;58,146.12;59,319.12;1,173.00;27,238.81
Aug 26, 2025 10:00 AM;Aug 26, 2025 11:00 AM;55,949.71;58,642.21;2,692.50;17,211.67
Aug 26, 2025 11:00 AM;Aug 26, 2025 12:00 PM;55,680.53;59,156.28;3,475.75;10,663.32
Aug 26, 2025 12:00 PM;Aug 26, 2025 1:00 PM;54,170.25;57,709.25;3,539.00;5,524.94
Aug 26, 2025 1:00 PM;Aug 26, 2025 2:00 PM;53,172.50;56,633.50;3,461.00;3,968.23
Aug 26, 2025 2:00 PM;Aug 26, 2025 3:00 PM;52,118.78;55,336.53;3,217.75;4,659.42
Aug 26, 2025 3:00 PM;Aug 26, 2025 4:00 PM;52,174.15;54,563.65;2,389.50;10,867.75
Aug 26, 2025 4:00 PM;Aug 26, 2025 5:00 PM;52,360.78;53,588.78;1,228.00;19,751.42
Aug 26, 2025 5:00 PM;Aug 26, 2025 6:00 PM;54,337.86;55,087.61;749.75;32,426.49
Aug 26, 2025 6:00 PM;Aug 26, 2025 7:00 PM;55,340.83;55,345.83;5.00;43,760.84
Aug 26, 2025 7:00 PM;Aug 26, 2025 8:00 PM;55,071.04;55,076.54;5.50;48,368.08
Aug 26, 2025 8:00 PM;Aug 26, 2025 9:00 PM;54,217.27;54,264.52;47.25;47,228.11
Aug 26, 2025 9:00 PM;Aug 26, 2025 10:00 PM;51,984.71;52,070.46;85.75;41,151.72
Aug 26, 2025 10:00 PM;Aug 26, 2025 11:00 PM;47,546.38;47,570.63;24.25;32,583.07
Aug 26, 2025 11:00 PM;Aug 27, 2025 12:00 AM;43,784.46;43,850.21;65.75;26,766.60
Aug 27, 2025 12:00 AM;Aug 27, 2025 1:00 AM;41,546.45;41,770.95;224.50;24,179.25
Aug 27, 2025 1:00 AM;Aug 27, 2025 2:00 AM;40,332.42;41,132.17;799.75;24,200.01
Aug 27, 2025 2:00 AM;Aug 27, 2025 3:00 AM;39,274.76;40,269.01;994.25;24,207.06
Aug 27, 2025 3:00 AM;Aug 27, 2025 4:00 AM;39,298.88;40,542.13;1,243.25;24,812.06
Aug 27, 2025 4:00 AM;Aug 27, 2025 5:00 AM;40,593.99;41,901.24;1,307.25;27,386.76
Aug 27, 2025 5:00 AM;Aug 27, 2025 6:00 AM;43,729.22;44,169.22;440.00;32,092.77
Aug 27, 2025 6:00 AM;Aug 27, 2025 7:00 AM;50,359.14;50,391.89;32.75;39,250.22
Aug 27, 2025 7:00 AM;Aug 27, 2025 8:00 AM;54,925.06;54,929.56;4.50;41,951.70
Aug 27, 2025 8:00 AM;Aug 27, 2025 9:00 AM;57,726.97;57,765.97;39.00;40,613.49
Aug 27, 2025 9:00 AM;Aug 27, 2025 10:00 AM;59,422.53;60,005.03;582.50;34,526.00
Aug 27, 2025 10:00 AM;Aug 27, 2025 11:00 AM;59,375.20;61,088.20;1,713.00;24,864.84
Aug 27, 2025 11:00 AM;Aug 27, 2025 12:00 PM;59,183.63;62,197.88;3,014.25;16,955.38
Aug 27, 2025 12:00 PM;Aug 27, 2025 1:00 PM;58,261.46;61,393.71;3,132.25;11,939.31
Aug 27, 2025 1:00 PM;Aug 27, 2025 2:00 PM;58,068.70;62,076.95;4,008.25;10,467.56
Aug 27, 2025 2:00 PM;Aug 27, 2025 3:00 PM;56,895.15;60,742.40;3,847.25;11,439.30
Aug 27, 2025 3:00 PM;Aug 27, 2025 4:00 PM;56,294.35;59,622.35;3,328.00;14,948.63
Aug 27, 2025 4:00 PM;Aug 27, 2025 5:00 PM;55,852.19;58,171.19;2,319.00;23,497.79
Aug 27, 2025 5:00 PM;Aug 27, 2025 6:00 PM;55,853.71;56,456.21;602.50;34,019.50
Aug 27, 2025 6:00 PM;Aug 27, 2025 7:00 PM;56,765.62;56,789.87;24.25;44,744.09
Aug 27, 2025 7:00 PM;Aug 27, 2025 8:00 PM;56,819.70;56,820.70;1.00;50,310.71
Aug 27, 2025 8:00 PM;Aug 27, 2025 9:00 PM;55,281.49;55,282.74;1.25;50,575.31
Aug 27, 2025 9:00 PM;Aug 27, 2025 10:00 PM;52,655.58;52,667.33;11.75;46,966.33
Aug 27, 2025 10:00 PM;Aug 27, 2025 11:00 PM;48,937.85;49,079.10;141.25;42,184.99
Aug 27, 2025 11:00 PM;Aug 28, 2025 12:00 AM;45,992.66;46,325.41;332.75;38,918.38
Aug 28, 2025 12:00 AM;Aug 28, 2025 1:00 AM;43,608.90;44,835.40;1,226.50;37,295.42
Aug 28, 2025 1:00 AM;Aug 28, 2025 2:00 AM;41,828.52;44,196.27;2,367.75;36,273.55
Aug 28, 2025 2:00 AM;Aug 28, 2025 3:00 AM;40,923.48;43,806.73;2,883.25;35,636.72
Aug 28, 2025 3:00 AM;Aug 28, 2025 4:00 AM;40,464.70;43,092.20;2,627.50;35,618.25
Aug 28, 2025 4:00 AM;Aug 28, 2025 5:00 AM;41,790.80;43,634.05;1,843.25;36,640.85
Aug 28, 2025 5:00 AM;Aug 28, 2025 6:00 AM;45,100.63;45,656.13;555.50;39,925.92
Aug 28, 2025 6:00 AM;Aug 28, 2025 7:00 AM;51,428.57;51,462.32;33.75;46,049.62
Aug 28, 2025 7:00 AM;Aug 28, 2025 8:00 AM;56,031.32;56,038.82;7.50;48,246.89
Aug 28, 2025 8:00 AM;Aug 28, 2025 9:00 AM;58,755.75;58,762.75;7.00;47,755.69
Aug 28, 2025 9:00 AM;Aug 28, 2025 10:00 AM;59,915.91;59,927.41;11.50;45,102.81
Aug 28, 2025 10:00 AM;Aug 28, 2025 11:00 AM;61,264.45;61,598.20;333.75;43,010.43
Aug 28, 2025 11:00 AM;Aug 28, 2025 12:00 PM;61,761.79;62,554.29;792.50;40,825.96
Aug 28, 2025 12:00 PM;Aug 28, 2025 1:00 PM;61,810.20;62,902.20;1,092.00;39,943.02
Aug 28, 2025 1:00 PM;Aug 28, 2025 2:00 PM;60,142.70;61,360.70;1,218.00;39,009.06
Aug 28, 2025 2:00 PM;Aug 28, 2025 3:00 PM;58,482.14;59,828.14;1,346.00;38,312.89
Aug 28, 2025 3:00 PM;Aug 28, 2025 4:00 PM;56,951.78;58,093.28;1,141.50;37,703.79
Aug 28, 2025 4:00 PM;Aug 28, 2025 5:00 PM;55,991.01;56,658.26;667.25;39,282.41
Aug 28, 2025 5:00 PM;Aug 28, 2025 6:00 PM;56,997.26;57,128.01;130.75;43,484.86
Aug 28, 2025 6:00 PM;Aug 28, 2025 7:00 PM;57,097.32;57,102.32;5.00;47,283.20
Aug 28, 2025 7:00 PM;Aug 28, 2025 8:00 PM;55,960.36;55,963.11;2.75;49,727.38
Aug 28, 2025 8:00 PM;Aug 28, 2025 9:00 PM;55,071.74;55,076.49;4.75;50,197.79
Aug 28, 2025 9:00 PM;Aug 28, 2025 10:00 PM;52,441.96;52,474.21;32.25;47,077.34
Aug 28, 2025 10:00 PM;Aug 28, 2025 11:00 PM;48,472.39;48,546.64;74.25;43,706.32
Aug 28, 2025 11:00 PM;Aug 29, 2025 12:00 AM;44,993.78;45,062.28;68.50;39,889.45
Aug 29, 2025 12:00 AM;Aug 29, 2025 1:00 AM;42,553.90;42,723.90;170.00;37,128.60
Aug 29, 2025 1:00 AM;Aug 29, 2025 2:00 AM;41,381.29;41,799.54;418.25;36,055.40
Aug 29, 2025 2:00 AM;Aug 29, 2025 3:00 AM;40,491.15;41,567.40;1,076.25;34,866.32
Aug 29, 2025 3:00 AM;Aug 29, 2025 4:00 AM;40,845.31;41,956.31;1,111.00;34,743.51
Aug 29, 2025 4:00 AM;Aug 29, 2025 5:00 AM;41,889.88;42,999.13;1,109.25;34,990.27
Aug 29, 2025 5:00 AM;Aug 29, 2025 6:00 AM;44,681.66;44,909.41;227.75;37,081.17
Aug 29, 2025 6:00 AM;Aug 29, 2025 7:00 AM;50,790.72;50,804.22;13.50;42,414.34
Aug 29, 2025 7:00 AM;Aug 29, 2025 8:00 AM;54,979.75;54,983.25;3.50;44,330.42
Aug 29, 2025 8:00 AM;Aug 29, 2025 9:00 AM;58,159.71;58,220.71;61.00;42,623.05
Aug 29, 2025 9:00 AM;Aug 29, 2025 10:00 AM;59,410.29;59,902.04;491.75;37,735.09
Aug 29, 2025 10:00 AM;Aug 29, 2025 11:00 AM;59,072.12;59,796.37;724.25;29,109.45
Aug 29, 2025 11:00 AM;Aug 29, 2025 12:00 PM;58,289.19;60,544.69;2,255.50;21,096.14
Aug 29, 2025 12:00 PM;Aug 29, 2025 1:00 PM;56,604.18;59,730.68;3,126.50;15,479.14
Aug 29, 2025 1:00 PM;Aug 29, 2025 2:00 PM;55,111.92;58,244.42;3,132.50;12,552.52
Aug 29, 2025 2:00 PM;Aug 29, 2025 3:00 PM;53,355.96;56,980.71;3,624.75;11,900.02
Aug 29, 2025 3:00 PM;Aug 29, 2025 4:00 PM;51,920.00;55,177.50;3,257.50;14,605.87
Aug 29, 2025 4:00 PM;Aug 29, 2025 5:00 PM;52,030.02;53,264.77;1,234.75;21,277.18
Aug 29, 2025 5:00 PM;Aug 29, 2025 6:00 PM;52,740.35;52,824.60;84.25;29,126.09
Aug 29, 2025 6:00 PM;Aug 29, 2025 7:00 PM;53,523.23;53,526.23;3.00;37,163.69
Aug 29, 2025 7:00 PM;Aug 29, 2025 8:00 PM;53,226.75;53,228.25;1.50;41,483.10
Aug 29, 2025 8:00 PM;Aug 29, 2025 9:00 PM;51,732.26;51,738.51;6.25;39,048.50
Aug 29, 2025 9:00 PM;Aug 29, 2025 10:00 PM;49,088.56;49,146.81;58.25;34,883.72
Aug 29, 2025 10:00 PM;Aug 29, 2025 11:00 PM;45,810.92;45,851.92;41.00;31,850.67
Aug 29, 2025 11:00 PM;Aug 30, 2025 12:00 AM;42,889.57;42,904.57;15.00;29,860.31
Aug 30, 2025 12:00 AM;Aug 30, 2025 1:00 AM;40,151.86;40,185.11;33.25;27,327.45
Aug 30, 2025 1:00 AM;Aug 30, 2025 2:00 AM;38,300.04;38,340.79;40.75;25,573.76
Aug 30, 2025 2:00 AM;Aug 30, 2025 3:00 AM;37,287.66;37,419.16;131.50;24,678.39
Aug 30, 2025 3:00 AM;Aug 30, 2025 4:00 AM;36,978.50;37,375.50;397.00;24,942.15
Aug 30, 2025 4:00 AM;Aug 30, 2025 5:00 AM;37,139.99;37,182.99;43.00;25,806.91
Aug 30, 2025 5:00 AM;Aug 30, 2025 6:00 AM;37,923.51;37,980.01;56.50;26,789.69
Aug 30, 2025 6:00 AM;Aug 30, 2025 7:00 AM;40,013.60;40,056.10;42.50;28,392.82
Aug 30, 2025 7:00 AM;Aug 30, 2025 8:00 AM;41,887.18;41,948.93;61.75;28,626.10
Aug 30, 2025 8:00 AM;Aug 30, 2025 9:00 AM;45,019.52;45,221.27;201.75;27,081.32
Aug 30, 2025 9:00 AM;Aug 30, 2025 10:00 AM;47,207.03;48,214.78;1,007.75;21,513.94
Aug 30, 2025 10:00 AM;Aug 30, 2025 11:00 AM;48,485.39;50,489.39;2,004.00;14,285.15
Aug 30, 2025 11:00 AM;Aug 30, 2025 12:00 PM;48,623.71;52,672.71;4,049.00;6,099.30
Aug 30, 2025 12:00 PM;Aug 30, 2025 1:00 PM;47,033.83;52,147.33;5,113.50;42.45
Aug 30, 2025 1:00 PM;Aug 30, 2025 2:00 PM;45,385.06;50,435.56;5,050.50;-2,402.17
Aug 30, 2025 2:00 PM;Aug 30, 2025 3:00 PM;44,007.56;48,973.31;4,965.75;-1,314.78
Aug 30, 2025 3:00 PM;Aug 30, 2025 4:00 PM;43,437.32;48,432.57;4,995.25;3,175.42
Aug 30, 2025 4:00 PM;Aug 30, 2025 5:00 PM;43,009.71;47,145.21;4,135.50;7,626.04
Aug 30, 2025 5:00 PM;Aug 30, 2025 6:00 PM;44,060.27;45,802.52;1,742.25;17,497.94
Aug 30, 2025 6:00 PM;Aug 30, 2025 7:00 PM;45,568.01;45,589.01;21.00;30,421.69
Aug 30, 2025 7:00 PM;Aug 30, 2025 8:00 PM;46,232.26;46,234.26;2.00;40,059.34
Aug 30, 2025 8:00 PM;Aug 30, 2025 9:00 PM;45,756.94;45,760.44;3.50;41,604.42
Aug 30, 2025 9:00 PM;Aug 30, 2025 10:00 PM;43,691.06;43,696.56;5.50;38,358.36
Aug 30, 2025 10:00 PM;Aug 30, 2025 11:00 PM;41,347.38;41,354.38;7.00;33,866.84
Aug 30, 2025 11:00 PM;Aug 31, 2025 12:00 AM;38,923.88;38,961.88;38.00;29,017.86
Aug 31, 2025 12:00 AM;Aug 31, 2025 1:00 AM;36,298.54;36,404.54;106.00;24,500.95
Aug 31, 2025 1:00 AM;Aug 31, 2025 2:00 AM;34,836.23;35,695.23;859.00;21,613.46
Aug 31, 2025 2:00 AM;Aug 31, 2025 3:00 AM;33,989.15;34,841.40;852.25;19,345.43
Aug 31, 2025 3:00 AM;Aug 31, 2025 4:00 AM;33,727.70;34,586.45;858.75;18,106.45
Aug 31, 2025 4:00 AM;Aug 31, 2025 5:00 AM;33,746.96;34,941.96;1,195.00;17,808.06
Aug 31, 2025 5:00 AM;Aug 31, 2025 6:00 AM;34,580.82;35,518.57;937.75;18,591.31
Aug 31, 2025 6:00 AM;Aug 31, 2025 7:00 AM;35,364.83;36,026.33;661.50;19,301.33
Aug 31, 2025 7:00 AM;Aug 31, 2025 8:00 AM;36,935.58;38,300.83;1,365.25;16,227.48
Aug 31, 2025 8:00 AM;Aug 31, 2025 9:00 AM;40,000.91;42,524.91;2,524.00;11,778.44
Aug 31, 2025 9:00 AM;Aug 31, 2025 10:00 AM;42,910.68;46,254.68;3,344.00;6,690.18
Aug 31, 2025 10:00 AM;Aug 31, 2025 11:00 AM;44,266.58;48,459.58;4,193.00;3,527.74
Aug 31, 2025 11:00 AM;Aug 31, 2025 12:00 PM;44,699.89;49,462.39;4,762.50;-1,101.61
Aug 31, 2025 12:00 PM;Aug 31, 2025 1:00 PM;43,597.16;48,549.16;4,952.00;-2,605.71
Aug 31, 2025 1:00 PM;Aug 31, 2025 2:00 PM;41,856.32;46,892.32;5,036.00;-2,551.83
Aug 31, 2025 2:00 PM;Aug 31, 2025 3:00 PM;40,982.77;45,914.02;4,931.25;-1,015.47
Aug 31, 2025 3:00 PM;Aug 31, 2025 4:00 PM;40,530.04;44,730.29;4,200.25;2,055.99
Aug 31, 2025 4:00 PM;Aug 31, 2025 5:00 PM;40,774.80;43,751.05;2,976.25;8,930.01
Aug 31, 2025 5:00 PM;Aug 31, 2025 6:00 PM;42,281.10;43,372.60;1,091.50;18,329.62
Aug 31, 2025 6:00 PM;Aug 31, 2025 7:00 PM;44,965.94;45,103.94;138.00;31,067.69
Aug 31, 2025 7:00 PM;Aug 31, 2025 8:00 PM;46,339.61;46,341.36;1.75;39,301.45
Aug 31, 2025 8:00 PM;Aug 31, 2025 9:00 PM;46,624.83;46,625.33;0.50;39,703.05
Aug 31, 2025 9:00 PM;Aug 31, 2025 10:00 PM;45,038.59;45,081.34;42.75;35,067.15
Aug 31, 2025 10:00 PM;Aug 31, 2025 11:00 PM;43,261.17;43,530.42;269.25;29,975.31
Aug 31, 2025 11:00 PM;Sep 1, 2025 12:00 AM;41,703.89;42,746.64;1,042.75;25,690.21
Sep 1, 2025 12:00 AM;Sep 1, 2025 1:00 AM;39,947.01;40,823.76;876.75;22,424.78
Sep 1, 2025 1:00 AM;Sep 1, 2025 2:00 AM;39,017.77;41,556.02;2,538.25;22,118.47
Sep 1, 2025 2:00 AM;Sep 1, 2025 3:00 AM;37,956.16;40,280.66;2,324.50;22,978.71
Sep 1, 2025 3:00 AM;Sep 1, 2025 4:00 AM;37,650.69;39,063.19;1,412.50;23,553.76
Sep 1, 2025 4:00 AM;Sep 1, 2025 5:00 AM;38,324.95;38,893.20;568.25;24,705.85
Sep 1, 2025 5:00 AM;Sep 1, 2025 6:00 AM;41,884.25;41,938.75;54.50;28,360.78
Sep 1, 2025 6:00 AM;Sep 1, 2025 7:00 AM;49,646.84;49,707.84;61.00;35,492.76
Sep 1, 2025 7:00 AM;Sep 1, 2025 8:00 AM;54,810.38;54,816.88;6.50;37,482.98
Sep 1, 2025 8:00 AM;Sep 1, 2025 9:00 AM;57,892.31;57,922.06;29.75;36,305.26
Sep 1, 2025 9:00 AM;Sep 1, 2025 10:00 AM;58,539.16;58,546.41;7.25;35,303.13
Sep 1, 2025 10:00 AM;Sep 1, 2025 11:00 AM;59,123.28;59,384.28;261.00;33,069.73
Sep 1, 2025 11:00 AM;Sep 1, 2025 12:00 PM;59,875.09;60,864.59;989.50;31,211.99
Sep 1, 2025 12:00 PM;Sep 1, 2025 1:00 PM;58,936.78;60,905.03;1,968.25;27,040.87
Sep 1, 2025 1:00 PM;Sep 1, 2025 2:00 PM;57,061.62;59,594.87;2,533.25;23,825.30
Sep 1, 2025 2:00 PM;Sep 1, 2025 3:00 PM;56,656.46;59,576.21;2,919.75;24,520.77
Sep 1, 2025 3:00 PM;Sep 1, 2025 4:00 PM;56,599.31;59,700.31;3,101.00;27,097.76
Sep 1, 2025 4:00 PM;Sep 1, 2025 5:00 PM;55,996.90;57,752.65;1,755.75;31,800.25
Sep 1, 2025 5:00 PM;Sep 1, 2025 6:00 PM;56,395.71;57,017.21;621.50;38,938.13
Sep 1, 2025 6:00 PM;Sep 1, 2025 7:00 PM;56,632.85;56,692.60;59.75;46,211.13
Sep 1, 2025 7:00 PM;Sep 1, 2025 8:00 PM;57,037.70;57,039.95;2.25;51,293.86
Sep 1, 2025 8:00 PM;Sep 1, 2025 9:00 PM;56,238.68;56,238.68;0.00;51,190.11
Sep 1, 2025 9:00 PM;Sep 1, 2025 10:00 PM;52,956.30;52,979.30;23.00;46,678.92
Sep 1, 2025 10:00 PM;Sep 1, 2025 11:00 PM;48,545.53;49,009.28;463.75;41,036.36
Sep 1, 2025 11:00 PM;Sep 2, 2025 12:00 AM;44,444.07;45,364.82;920.75;36,451.02
Sep 2, 2025 12:00 AM;Sep 2, 2025 1:00 AM;42,472.48;43,462.48;990.00;34,291.22
Sep 2, 2025 1:00 AM;Sep 2, 2025 2:00 AM;41,023.99;42,761.49;1,737.50;33,412.59
Sep 2, 2025 2:00 AM;Sep 2, 2025 3:00 AM;39,992.16;42,412.91;2,420.75;33,130.61
Sep 2, 2025 3:00 AM;Sep 2, 2025 4:00 AM;39,939.93;42,260.68;2,320.75;33,460.19
Sep 2, 2025 4:00 AM;Sep 2, 2025 5:00 AM;41,017.33;42,738.58;1,721.25;34,690.33
Sep 2, 2025 5:00 AM;Sep 2, 2025 6:00 AM;44,884.67;45,101.17;216.50;38,370.20
Sep 2, 2025 6:00 AM;Sep 2, 2025 7:00 AM;51,899.30;51,907.30;8.00;44,987.42
Sep 2, 2025 7:00 AM;Sep 2, 2025 8:00 AM;55,920.18;55,922.18;2.00;46,905.29
Sep 2, 2025 8:00 AM;Sep 2, 2025 9:00 AM;58,831.58;58,840.33;8.75;46,133.74
Sep 2, 2025 9:00 AM;Sep 2, 2025 10:00 AM;59,710.89;60,231.64;520.75;41,509.01
Sep 2, 2025 10:00 AM;Sep 2, 2025 11:00 AM;60,391.85;61,128.60;736.75;35,001.03
Sep 2, 2025 11:00 AM;Sep 2, 2025 12:00 PM;60,376.25;62,135.25;1,759.00;28,672.86
Sep 2, 2025 12:00 PM;Sep 2, 2025 1:00 PM;58,963.77;61,702.52;2,738.75;22,836.23
Sep 2, 2025 1:00 PM;Sep 2, 2025 2:00 PM;57,603.66;60,694.91;3,091.25;19,567.86
Sep 2, 2025 2:00 PM;Sep 2, 2025 3:00 PM;56,047.75;59,380.50;3,332.75;17,131.78
Sep 2, 2025 3:00 PM;Sep 2, 2025 4:00 PM;55,370.34;58,598.34;3,228.00;18,353.53
Sep 2, 2025 4:00 PM;Sep 2, 2025 5:00 PM;54,120.85;56,421.10;2,300.25;21,800.57
Sep 2, 2025 5:00 PM;Sep 2, 2025 6:00 PM;54,948.68;55,672.93;724.25;30,730.55
Sep 2, 2025 6:00 PM;Sep 2, 2025 7:00 PM;55,714.58;55,773.83;59.25;40,930.85
Sep 2, 2025 7:00 PM;Sep 2, 2025 8:00 PM;55,971.67;55,974.42;2.75;48,501.17
Sep 2, 2025 8:00 PM;Sep 2, 2025 9:00 PM;55,460.29;55,460.29;0.00;48,926.81
Sep 2, 2025 9:00 PM;Sep 2, 2025 10:00 PM;52,713.44;52,713.44;0.00;44,100.67
Sep 2, 2025 10:00 PM;Sep 2, 2025 11:00 PM;49,172.98;49,225.23;52.25;38,469.04
Sep 2, 2025 11:00 PM;Sep 3, 2025 12:00 AM;46,076.42;46,159.92;83.50;33,395.68
Sep 3, 2025 12:00 AM;Sep 3, 2025 1:00 AM;42,871.61;42,898.86;27.25;29,071.99
Sep 3, 2025 1:00 AM;Sep 3, 2025 2:00 AM;41,308.75;41,521.50;212.75;25,191.46
Sep 3, 2025 2:00 AM;Sep 3, 2025 3:00 AM;40,429.59;40,896.34;466.75;23,236.74
Sep 3, 2025 3:00 AM;Sep 3, 2025 4:00 AM;40,956.09;41,898.59;942.50;21,577.59
Sep 3, 2025 4:00 AM;Sep 3, 2025 5:00 AM;41,668.31;42,734.81;1,066.50;20,709.95
Sep 3, 2025 5:00 AM;Sep 3, 2025 6:00 AM;45,310.02;45,698.77;388.75;22,993.19
Sep 3, 2025 6:00 AM;Sep 3, 2025 7:00 AM;52,489.08;52,614.33;125.25;28,671.07
Sep 3, 2025 7:00 AM;Sep 3, 2025 8:00 AM;56,275.60;56,391.35;115.75;28,659.21
Sep 3, 2025 8:00 AM;Sep 3, 2025 9:00 AM;58,764.16;59,034.91;270.75;24,327.19
Sep 3, 2025 9:00 AM;Sep 3, 2025 10:00 AM;59,072.12;60,750.12;1,678.00;15,185.46
Sep 3, 2025 10:00 AM;Sep 3, 2025 11:00 AM;60,202.47;63,453.97;3,251.50;8,822.64
Sep 3, 2025 11:00 AM;Sep 3, 2025 12:00 PM;60,666.30;64,509.05;3,842.75;4,961.02
Sep 3, 2025 12:00 PM;Sep 3, 2025 1:00 PM;59,912.17;63,302.17;3,390.00;3,934.40
Sep 3, 2025 1:00 PM;Sep 3, 2025 2:00 PM;58,290.03;61,779.53;3,489.50;2,866.80
Sep 3, 2025 2:00 PM;Sep 3, 2025 3:00 PM;57,719.44;61,222.19;3,502.75;4,702.22
Sep 3, 2025 3:00 PM;Sep 3, 2025 4:00 PM;57,843.80;61,130.80;3,287.00;6,390.96
Sep 3, 2025 4:00 PM;Sep 3, 2025 5:00 PM;57,556.89;60,173.89;2,617.00;9,739.85
Sep 3, 2025 5:00 PM;Sep 3, 2025 6:00 PM;57,734.38;59,498.88;1,764.50;12,542.06
Sep 3, 2025 6:00 PM;Sep 3, 2025 7:00 PM;58,978.03;59,474.28;496.25;21,914.91
Sep 3, 2025 7:00 PM;Sep 3, 2025 8:00 PM;58,723.36;58,785.36;62.00;29,491.66
Sep 3, 2025 8:00 PM;Sep 3, 2025 9:00 PM;57,987.64;58,050.14;62.50;28,295.86
Sep 3, 2025 9:00 PM;Sep 3, 2025 10:00 PM;55,130.66;55,444.91;314.25;22,382.91
Sep 3, 2025 10:00 PM;Sep 3, 2025 11:00 PM;51,082.43;52,308.93;1,226.50;18,818.97
Sep 3, 2025 11:00 PM;Sep 4, 2025 12:00 AM;47,693.88;50,380.88;2,687.00;14,827.93
Sep 4, 2025 12:00 AM;Sep 4, 2025 1:00 AM;45,695.81;48,813.06;3,117.25;13,644.75
Sep 4, 2025 1:00 AM;Sep 4, 2025 2:00 AM;44,123.47;48,192.97;4,069.50;13,622.58
Sep 4, 2025 2:00 AM;Sep 4, 2025 3:00 AM;43,261.82;47,209.57;3,947.75;14,053.11
Sep 4, 2025 3:00 AM;Sep 4, 2025 4:00 AM;42,918.85;46,617.10;3,698.25;15,134.84
Sep 4, 2025 4:00 AM;Sep 4, 2025 5:00 AM;43,633.45;46,063.70;2,430.25;17,486.84
Sep 4, 2025 5:00 AM;Sep 4, 2025 6:00 AM;46,593.38;46,858.88;265.50;21,653.64
Sep 4, 2025 6:00 AM;Sep 4, 2025 7:00 AM;53,901.09;54,079.84;178.75;29,611.63
Sep 4, 2025 7:00 AM;Sep 4, 2025 8:00 AM;57,907.91;57,972.91;65.00;33,061.12
Sep 4, 2025 8:00 AM;Sep 4, 2025 9:00 AM;60,132.20;60,192.70;60.50;30,359.62
Sep 4, 2025 9:00 AM;Sep 4, 2025 10:00 AM;60,435.25;60,735.50;300.25;22,392.15
Sep 4, 2025 10:00 AM;Sep 4, 2025 11:00 AM;59,973.04;62,571.54;2,598.50;13,649.27
Sep 4, 2025 11:00 AM;Sep 4, 2025 12:00 PM;59,358.22;63,050.72;3,692.50;9,127.47
Sep 4, 2025 12:00 PM;Sep 4, 2025 1:00 PM;58,673.29;61,597.04;2,923.75;8,348.98
Sep 4, 2025 1:00 PM;Sep 4, 2025 2:00 PM;58,078.34;61,121.59;3,043.25;8,851.97
Sep 4, 2025 2:00 PM;Sep 4, 2025 3:00 PM;57,071.63;60,115.13;3,043.50;12,330.34
Sep 4, 2025 3:00 PM;Sep 4, 2025 4:00 PM;56,159.82;58,342.57;2,182.75;17,207.61
Sep 4, 2025 4:00 PM;Sep 4, 2025 5:00 PM;55,621.44;56,738.19;1,116.75;26,133.40
Sep 4, 2025 5:00 PM;Sep 4, 2025 6:00 PM;56,782.25;56,886.50;104.25;38,187.67
Sep 4, 2025 6:00 PM;Sep 4, 2025 7:00 PM;56,749.75;56,754.00;4.25;46,906.88
Sep 4, 2025 7:00 PM;Sep 4, 2025 8:00 PM;56,362.38;56,363.88;1.50;50,631.97
Sep 4, 2025 8:00 PM;Sep 4, 2025 9:00 PM;55,761.56;55,761.56;0.00;49,571.18
Sep 4, 2025 9:00 PM;Sep 4, 2025 10:00 PM;52,455.87;52,471.37;15.50;44,240.03
Sep 4, 2025 10:00 PM;Sep 4, 2025 11:00 PM;49,120.81;49,485.31;364.50;38,956.17
Sep 4, 2025 11:00 PM;Sep 5, 2025 12:00 AM;45,326.79;46,099.79;773.00;35,824.82
Sep 5, 2025 12:00 AM;Sep 5, 2025 1:00 AM;43,625.49;43,881.49;256.00;33,509.58
Sep 5, 2025 1:00 AM;Sep 5, 2025 2:00 AM;42,322.40;43,134.15;811.75;31,124.84
Sep 5, 2025 2:00 AM;Sep 5, 2025 3:00 AM;41,418.96;43,532.46;2,113.50;29,840.15
Sep 5, 2025 3:00 AM;Sep 5, 2025 4:00 AM;41,837.96;44,157.96;2,320.00;29,663.02
Sep 5, 2025 4:00 AM;Sep 5, 2025 5:00 AM;42,230.47;44,261.72;2,031.25;30,184.10
Sep 5, 2025 5:00 AM;Sep 5, 2025 6:00 AM;44,844.02;45,297.52;453.50;33,501.95
Sep 5, 2025 6:00 AM;Sep 5, 2025 7:00 AM;51,672.41;51,817.91;145.50;40,236.74
Sep 5, 2025 7:00 AM;Sep 5, 2025 8:00 AM;55,937.69;55,948.69;11.00;43,140.51
Sep 5, 2025 8:00 AM;Sep 5, 2025 9:00 AM;59,295.73;59,387.23;91.50;42,792.29
Sep 5, 2025 9:00 AM;Sep 5, 2025 10:00 AM;60,034.65;60,130.40;95.75;38,479.21
Sep 5, 2025 10:00 AM;Sep 5, 2025 11:00 AM;61,063.62;61,881.87;818.25;32,561.52
Sep 5, 2025 11:00 AM;Sep 5, 2025 12:00 PM;60,167.39;62,043.14;1,875.75;25,220.52
Sep 5, 2025 12:00 PM;Sep 5, 2025 1:00 PM;58,893.88;61,574.63;2,680.75;21,704.62
Sep 5, 2025 1:00 PM;Sep 5, 2025 2:00 PM;56,963.63;59,485.38;2,521.75;19,555.91
Sep 5, 2025 2:00 PM;Sep 5, 2025 3:00 PM;55,018.85;57,635.10;2,616.25;18,323.06
Sep 5, 2025 3:00 PM;Sep 5, 2025 4:00 PM;53,516.21;56,080.21;2,564.00;18,732.06
Sep 5, 2025 4:00 PM;Sep 5, 2025 5:00 PM;53,380.39;55,118.64;1,738.25;22,905.27
Sep 5, 2025 5:00 PM;Sep 5, 2025 6:00 PM;53,865.65;54,520.15;654.50;30,985.30
Sep 5, 2025 6:00 PM;Sep 5, 2025 7:00 PM;54,167.06;54,175.81;8.75;40,638.15
Sep 5, 2025 7:00 PM;Sep 5, 2025 8:00 PM;53,565.09;53,567.34;2.25;46,965.96
Sep 5, 2025 8:00 PM;Sep 5, 2025 9:00 PM;52,922.30;52,924.30;2.00;48,147.54
Sep 5, 2025 9:00 PM;Sep 5, 2025 10:00 PM;49,622.73;49,624.48;1.75;44,720.79
Sep 5, 2025 10:00 PM;Sep 5, 2025 11:00 PM;46,237.53;46,253.03;15.50;41,250.08
Sep 5, 2025 11:00 PM;Sep 6, 2025 12:00 AM;43,031.73;43,119.23;87.50;38,462.38
Sep 6, 2025 12:00 AM;Sep 6, 2025 1:00 AM;40,449.98;40,807.48;357.50;36,372.35
Sep 6, 2025 1:00 AM;Sep 6, 2025 2:00 AM;38,685.38;38,815.13;129.75;35,302.04
Sep 6, 2025 2:00 AM;Sep 6, 2025 3:00 AM;37,490.66;37,560.91;70.25;34,877.36
Sep 6, 2025 3:00 AM;Sep 6, 2025 4:00 AM;36,866.30;36,966.55;100.25;34,850.41
Sep 6, 2025 4:00 AM;Sep 6, 2025 5:00 AM;36,895.98;36,984.98;89.00;35,027.32
Sep 6, 2025 5:00 AM;Sep 6, 2025 6:00 AM;37,806.16;37,916.16;110.00;35,969.65
Sep 6, 2025 6:00 AM;Sep 6, 2025 7:00 AM;39,885.26;40,027.01;141.75;37,864.72
Sep 6, 2025 7:00 AM;Sep 6, 2025 8:00 AM;41,740.11;41,820.61;80.50;36,523.55
Sep 6, 2025 8:00 AM;Sep 6, 2025 9:00 AM;44,898.60;45,430.35;531.75;30,532.18
Sep 6, 2025 9:00 AM;Sep 6, 2025 10:00 AM;47,081.85;48,533.60;1,451.75;21,272.75
Sep 6, 2025 10:00 AM;Sep 6, 2025 11:00 AM;47,814.61;52,579.86;4,765.25;11,781.54
Sep 6, 2025 11:00 AM;Sep 6, 2025 12:00 PM;47,140.50;52,169.75;5,029.25;4,136.95
Sep 6, 2025 12:00 PM;Sep 6, 2025 1:00 PM;45,440.25;50,538.50;5,098.25;-497.77
Sep 6, 2025 1:00 PM;Sep 6, 2025 2:00 PM;43,759.40;49,016.65;5,257.25;-2,710.05
Sep 6, 2025 2:00 PM;Sep 6, 2025 3:00 PM;42,613.80;47,985.30;5,371.50;-1,588.70
Sep 6, 2025 3:00 PM;Sep 6, 2025 4:00 PM;42,031.31;46,648.56;4,617.25;2,210.78
Sep 6, 2025 4:00 PM;Sep 6, 2025 5:00 PM;42,520.87;45,999.87;3,479.00;9,911.36
Sep 6, 2025 5:00 PM;Sep 6, 2025 6:00 PM;44,137.50;45,180.50;1,043.00;22,525.44
Sep 6, 2025 6:00 PM;Sep 6, 2025 7:00 PM;45,787.57;45,977.32;189.75;35,666.34
Sep 6, 2025 7:00 PM;Sep 6, 2025 8:00 PM;46,254.13;46,259.88;5.75;41,588.49
Sep 6, 2025 8:00 PM;Sep 6, 2025 9:00 PM;45,808.02;45,843.02;35.00;39,875.28
Sep 6, 2025 9:00 PM;Sep 6, 2025 10:00 PM;43,029.77;43,314.27;284.50;32,774.88
Sep 6, 2025 10:00 PM;Sep 6, 2025 11:00 PM;40,630.07;40,849.57;219.50;27,537.66
Sep 6, 2025 11:00 PM;Sep 7, 2025 12:00 AM;37,924.68;38,359.93;435.25;22,954.66
Sep 7, 2025 12:00 AM;Sep 7, 2025 1:00 AM;35,728.63;36,088.63;360.00;19,932.99
Sep 7, 2025 1:00 AM;Sep 7, 2025 2:00 AM;34,656.14;34,939.39;283.25;18,703.37
Sep 7, 2025 2:00 AM;Sep 7, 2025 3:00 AM;33,546.17;34,070.67;524.50;17,673.02
Sep 7, 2025 3:00 AM;Sep 7, 2025 4:00 AM;33,233.27;34,015.27;782.00;17,312.72
Sep 7, 2025 4:00 AM;Sep 7, 2025 5:00 AM;33,277.40;33,934.65;657.25;17,477.63
Sep 7, 2025 5:00 AM;Sep 7, 2025 6:00 AM;33,892.50;34,410.25;517.75;17,530.99
Sep 7, 2025 6:00 AM;Sep 7, 2025 7:00 AM;34,601.47;34,959.97;358.50;17,177.35
Sep 7, 2025 7:00 AM;Sep 7, 2025 8:00 AM;36,387.90;37,676.40;1,288.50;15,165.30
Sep 7, 2025 8:00 AM;Sep 7, 2025 9:00 AM;39,556.23;42,619.48;3,063.25;10,756.71
Sep 7, 2025 9:00 AM;Sep 7, 2025 10:00 AM;42,372.72;45,828.22;3,455.50;7,223.09
Sep 7, 2025 10:00 AM;Sep 7, 2025 11:00 AM;43,370.81;47,213.06;3,842.25;766.97
Sep 7, 2025 11:00 AM;Sep 7, 2025 12:00 PM;43,670.85;48,376.35;4,705.50;-3,076.45
Sep 7, 2025 12:00 PM;Sep 7, 2025 1:00 PM;42,837.61;47,898.61;5,061.00;-4,761.32
Sep 7, 2025 1:00 PM;Sep 7, 2025 2:00 PM;40,855.22;46,004.72;5,149.50;-4,875.33
Sep 7, 2025 2:00 PM;Sep 7, 2025 3:00 PM;39,683.55;44,916.80;5,233.25;-4,323.75
Sep 7, 2025 3:00 PM;Sep 7, 2025 4:00 PM;39,228.77;44,329.02;5,100.25;-3,898.80
Sep 7, 2025 4:00 PM;Sep 7, 2025 5:00 PM;39,687.25;44,156.50;4,469.25;-1,496.52
Sep 7, 2025 5:00 PM;Sep 7, 2025 6:00 PM;42,060.96;45,212.71;3,151.75;4,497.55
Sep 7, 2025 6:00 PM;Sep 7, 2025 7:00 PM;44,702.33;45,401.33;699.00;17,174.37
Sep 7, 2025 7:00 PM;Sep 7, 2025 8:00 PM;46,337.88;46,344.88;7.00;24,465.59
Sep 7, 2025 8:00 PM;Sep 7, 2025 9:00 PM;47,339.57;47,455.82;116.25;22,145.64
Sep 7, 2025 9:00 PM;Sep 7, 2025 10:00 PM;45,773.70;46,114.95;341.25;18,489.92
Sep 7, 2025 10:00 PM;Sep 7, 2025 11:00 PM;43,878.97;44,698.47;819.50;17,434.26
Sep 7, 2025 11:00 PM;Sep 8, 2025 12:00 AM;40,970.98;42,133.23;1,162.25;15,864.87
Sep 8, 2025 12:00 AM;Sep 8, 2025 1:00 AM;39,402.49;39,942.49;540.00;15,875.93
Sep 8, 2025 1:00 AM;Sep 8, 2025 2:00 AM;37,976.01;39,065.51;1,089.50;16,140.20
Sep 8, 2025 2:00 AM;Sep 8, 2025 3:00 AM;37,087.47;38,560.72;1,473.25;16,687.12
Sep 8, 2025 3:00 AM;Sep 8, 2025 4:00 AM;37,294.80;38,294.80;1,000.00;17,985.19
Sep 8, 2025 4:00 AM;Sep 8, 2025 5:00 AM;38,487.55;39,386.80;899.25;19,811.04
Sep 8, 2025 5:00 AM;Sep 8, 2025 6:00 AM;42,916.70;43,150.95;234.25;25,176.48
Sep 8, 2025 6:00 AM;Sep 8, 2025 7:00 AM;51,175.59;51,266.09;90.50;33,660.98
Sep 8, 2025 7:00 AM;Sep 8, 2025 8:00 AM;55,194.92;55,198.42;3.50;36,870.16
Sep 8, 2025 8:00 AM;Sep 8, 2025 9:00 AM;58,612.92;58,623.92;11.00;35,147.63
Sep 8, 2025 9:00 AM;Sep 8, 2025 10:00 AM;60,018.07;60,117.57;99.50;30,826.08
Sep 8, 2025 10:00 AM;Sep 8, 2025 11:00 AM;60,708.12;61,822.62;1,114.50;25,108.00
Sep 8, 2025 11:00 AM;Sep 8, 2025 12:00 PM;60,141.64;62,351.64;2,210.00;21,050.53
Sep 8, 2025 12:00 PM;Sep 8, 2025 1:00 PM;59,436.62;61,519.37;2,082.75;20,807.70
Sep 8, 2025 1:00 PM;Sep 8, 2025 2:00 PM;58,239.44;60,062.94;1,823.50;22,755.19
Sep 8, 2025 2:00 PM;Sep 8, 2025 3:00 PM;57,583.32;58,833.82;1,250.50;26,833.56
Sep 8, 2025 3:00 PM;Sep 8, 2025 4:00 PM;57,082.39;58,158.64;1,076.25;31,943.45
Sep 8, 2025 4:00 PM;Sep 8, 2025 5:00 PM;56,776.02;57,530.27;754.25;37,816.48
Sep 8, 2025 5:00 PM;Sep 8, 2025 6:00 PM;57,060.79;57,124.54;63.75;45,269.33
Sep 8, 2025 6:00 PM;Sep 8, 2025 7:00 PM;56,846.10;56,848.85;2.75;50,704.28
Sep 8, 2025 7:00 PM;Sep 8, 2025 8:00 PM;56,196.46;56,198.46;2.00;52,975.65
Sep 8, 2025 8:00 PM;Sep 8, 2025 9:00 PM;55,296.99;55,298.99;2.00;51,943.55
Sep 8, 2025 9:00 PM;Sep 8, 2025 10:00 PM;52,455.68;52,463.68;8.00;48,483.93
Sep 8, 2025 10:00 PM;Sep 8, 2025 11:00 PM;48,324.70;48,354.20;29.50;44,311.32
Sep 8, 2025 11:00 PM;Sep 9, 2025 12:00 AM;45,130.77;45,957.77;827.00;41,654.61
Sep 9, 2025 12:00 AM;Sep 9, 2025 1:00 AM;42,875.52;44,072.52;1,197.00;39,834.66
Sep 9, 2025 1:00 AM;Sep 9, 2025 2:00 AM;41,069.84;43,120.84;2,051.00;38,569.90
Sep 9, 2025 2:00 AM;Sep 9, 2025 3:00 AM;40,190.10;42,931.85;2,741.75;37,895.40
Sep 9, 2025 3:00 AM;Sep 9, 2025 4:00 AM;40,354.20;43,373.70;3,019.50;38,180.41
Sep 9, 2025 4:00 AM;Sep 9, 2025 5:00 AM;41,333.72;43,731.72;2,398.00;38,981.71
Sep 9, 2025 5:00 AM;Sep 9, 2025 6:00 AM;44,726.23;45,633.73;907.50;41,835.17
Sep 9, 2025 6:00 AM;Sep 9, 2025 7:00 AM;52,223.96;52,242.71;18.75;48,551.81
Sep 9, 2025 7:00 AM;Sep 9, 2025 8:00 AM;56,466.06;56,469.56;3.50;48,922.41
Sep 9, 2025 8:00 AM;Sep 9, 2025 9:00 AM;59,500.43;59,505.43;5.00;46,543.38
Sep 9, 2025 9:00 AM;Sep 9, 2025 10:00 AM;61,194.81;61,220.06;25.25;43,865.12
Sep 9, 2025 10:00 AM;Sep 9, 2025 11:00 AM;61,324.28;61,441.28;117.00;40,833.68
Sep 9, 2025 11:00 AM;Sep 9, 2025 12:00 PM;62,189.54;62,582.29;392.75;38,401.66
Sep 9, 2025 12:00 PM;Sep 9, 2025 1:00 PM;61,442.14;62,684.64;1,242.50;35,532.67
Sep 9, 2025 1:00 PM;Sep 9, 2025 2:00 PM;60,051.10;62,075.60;2,024.50;34,027.63
Sep 9, 2025 2:00 PM;Sep 9, 2025 3:00 PM;59,013.12;60,520.62;1,507.50;35,334.54
Sep 9, 2025 3:00 PM;Sep 9, 2025 4:00 PM;59,049.92;60,882.67;1,832.75;38,412.35
Sep 9, 2025 4:00 PM;Sep 9, 2025 5:00 PM;58,139.06;59,938.31;1,799.25;40,334.26
Sep 9, 2025 5:00 PM;Sep 9, 2025 6:00 PM;58,270.42;58,805.67;535.25;44,822.18
Sep 9, 2025 6:00 PM;Sep 9, 2025 7:00 PM;58,166.91;58,176.91;10.00;49,546.16
Sep 9, 2025 7:00 PM;Sep 9, 2025 8:00 PM;57,802.90;57,809.90;7.00;52,103.87
Sep 9, 2025 8:00 PM;Sep 9, 2025 9:00 PM;57,322.50;57,512.75;190.25;51,662.62
Sep 9, 2025 9:00 PM;Sep 9, 2025 10:00 PM;53,760.80;54,100.80;340.00;47,545.20
Sep 9, 2025 10:00 PM;Sep 9, 2025 11:00 PM;49,376.53;49,548.78;172.25;43,537.15
Sep 9, 2025 11:00 PM;Sep 10, 2025 12:00 AM;46,173.12;47,627.87;1,454.75;40,514.39
Sep 10, 2025 12:00 AM;Sep 10, 2025 1:00 AM;43,932.34;46,099.59;2,167.25;38,989.18
Sep 10, 2025 1:00 AM;Sep 10, 2025 2:00 AM;42,488.09;45,663.34;3,175.25;38,107.82
Sep 10, 2025 2:00 AM;Sep 10, 2025 3:00 AM;41,359.64;44,900.14;3,540.50;37,762.21
Sep 10, 2025 3:00 AM;Sep 10, 2025 4:00 AM;40,985.07;44,438.57;3,453.50;37,999.27
Sep 10, 2025 4:00 AM;Sep 10, 2025 5:00 AM;42,040.27;45,088.52;3,048.25;39,144.01
Sep 10, 2025 5:00 AM;Sep 10, 2025 6:00 AM;45,359.27;46,345.02;985.75;42,512.63
Sep 10, 2025 6:00 AM;Sep 10, 2025 7:00 AM;52,659.07;52,684.57;25.50;49,818.62
Sep 10, 2025 7:00 AM;Sep 10, 2025 8:00 AM;57,032.47;57,037.22;4.75;52,503.28
Sep 10, 2025 8:00 AM;Sep 10, 2025 9:00 AM;59,899.79;59,904.54;4.75;51,504.31
Sep 10, 2025 9:00 AM;Sep 10, 2025 10:00 AM;60,718.57;60,723.82;5.25;47,858.57
Sep 10, 2025 10:00 AM;Sep 10, 2025 11:00 AM;61,891.42;62,017.17;125.75;44,885.40
Sep 10, 2025 11:00 AM;Sep 10, 2025 12:00 PM;62,398.98;62,599.98;201.00;42,280.56
Sep 10, 2025 12:00 PM;Sep 10, 2025 1:00 PM;61,885.00;63,091.25;1,206.25;39,520.76
Sep 10, 2025 1:00 PM;Sep 10, 2025 2:00 PM;60,404.64;61,955.89;1,551.25;37,217.46
Sep 10, 2025 2:00 PM;Sep 10, 2025 3:00 PM;58,895.06;60,626.56;1,731.50;36,218.63
Sep 10, 2025 3:00 PM;Sep 10, 2025 4:00 PM;57,799.30;59,441.80;1,642.50;36,630.86
Sep 10, 2025 4:00 PM;Sep 10, 2025 5:00 PM;56,674.00;57,645.50;971.50;38,930.74
Sep 10, 2025 5:00 PM;Sep 10, 2025 6:00 PM;57,368.43;57,477.43;109.00;44,316.18
Sep 10, 2025 6:00 PM;Sep 10, 2025 7:00 PM;57,919.83;57,961.33;41.50;50,228.15
Sep 10, 2025 7:00 PM;Sep 10, 2025 8:00 PM;57,640.68;57,644.43;3.75;53,135.94
Sep 10, 2025 8:00 PM;Sep 10, 2025 9:00 PM;57,020.78;57,026.53;5.75;51,422.63
Sep 10, 2025 9:00 PM;Sep 10, 2025 10:00 PM;52,897.36;52,976.36;79.00;44,609.34
Sep 10, 2025 10:00 PM;Sep 10, 2025 11:00 PM;49,092.71;49,173.96;81.25;38,031.22
Sep 10, 2025 11:00 PM;Sep 11, 2025 12:00 AM;44,654.93;44,696.43;41.50;31,948.44
Sep 11, 2025 12:00 AM;Sep 11, 2025 1:00 AM;42,373.88;42,758.38;384.50;27,114.29
Sep 11, 2025 1:00 AM;Sep 11, 2025 2:00 AM;41,064.56;42,746.06;1,681.50;24,467.80
Sep 11, 2025 2:00 AM;Sep 11, 2025 3:00 AM;40,037.92;42,554.42;2,516.50;22,647.21
Sep 11, 2025 3:00 AM;Sep 11, 2025 4:00 AM;40,106.67;42,372.17;2,265.50;21,911.82
Sep 11, 2025 4:00 AM;Sep 11, 2025 5:00 AM;41,431.22;43,756.72;2,325.50;23,100.96
Sep 11, 2025 5:00 AM;Sep 11, 2025 6:00 AM;45,582.08;46,044.83;462.75;26,507.72
Sep 11, 2025 6:00 AM;Sep 11, 2025 7:00 AM;53,346.61;53,391.61;45.00;32,005.43
Sep 11, 2025 7:00 AM;Sep 11, 2025 8:00 AM;57,503.91;57,508.16;4.25;33,836.11
Sep 11, 2025 8:00 AM;Sep 11, 2025 9:00 AM;59,790.31;59,797.31;7.00;30,634.06
Sep 11, 2025 9:00 AM;Sep 11, 2025 10:00 AM;60,641.40;60,898.40;257.00;23,697.55
Sep 11, 2025 10:00 AM;Sep 11, 2025 11:00 AM;60,890.65;62,428.90;1,538.25;15,293.67
Sep 11, 2025 11:00 AM;Sep 11, 2025 12:00 PM;61,191.21;64,110.96;2,919.75;7,235.66
Sep 11, 2025 12:00 PM;Sep 11, 2025 1:00 PM;60,149.92;62,853.42;2,703.50;5,415.76
Sep 11, 2025 1:00 PM;Sep 11, 2025 2:00 PM;58,719.01;61,504.26;2,785.25;3,111.63
Sep 11, 2025 2:00 PM;Sep 11, 2025 3:00 PM;57,169.54;59,966.29;2,796.75;4,264.26
Sep 11, 2025 3:00 PM;Sep 11, 2025 4:00 PM;55,535.52;58,332.77;2,797.25;5,200.68
Sep 11, 2025 4:00 PM;Sep 11, 2025 5:00 PM;55,171.28;57,700.53;2,529.25;9,059.64
Sep 11, 2025 5:00 PM;Sep 11, 2025 6:00 PM;56,569.82;57,606.32;1,036.50;19,715.14
Sep 11, 2025 6:00 PM;Sep 11, 2025 7:00 PM;56,867.47;56,965.97;98.50;28,728.61
Sep 11, 2025 7:00 PM;Sep 11, 2025 8:00 PM;57,501.43;57,509.18;7.75;33,604.18
Sep 11, 2025 8:00 PM;Sep 11, 2025 9:00 PM;56,682.38;56,689.38;7.00;32,817.00
Sep 11, 2025 9:00 PM;Sep 11, 2025 10:00 PM;52,956.10;53,446.10;490.00;25,908.14
Sep 11, 2025 10:00 PM;Sep 11, 2025 11:00 PM;48,909.37;49,463.87;554.50;21,789.43
Sep 11, 2025 11:00 PM;Sep 12, 2025 12:00 AM;46,799.40;48,162.40;1,363.00;17,431.12
Sep 12, 2025 12:00 AM;Sep 12, 2025 1:00 AM;44,235.57;47,292.32;3,056.75;14,464.25
Sep 12, 2025 1:00 AM;Sep 12, 2025 2:00 AM;42,180.86;45,399.11;3,218.25;13,536.20
Sep 12, 2025 2:00 AM;Sep 12, 2025 3:00 AM;41,198.38;45,082.13;3,883.75;12,467.62
Sep 12, 2025 3:00 AM;Sep 12, 2025 4:00 AM;41,867.65;45,794.40;3,926.75;13,579.19
Sep 12, 2025 4:00 AM;Sep 12, 2025 5:00 AM;42,533.78;45,728.03;3,194.25;14,712.87
Sep 12, 2025 5:00 AM;Sep 12, 2025 6:00 AM;45,838.76;46,564.26;725.50;18,187.31
Sep 12, 2025 6:00 AM;Sep 12, 2025 7:00 AM;53,048.62;53,084.87;36.25;24,824.53
Sep 12, 2025 7:00 AM;Sep 12, 2025 8:00 AM;57,145.79;57,149.04;3.25;28,191.50
Sep 12, 2025 8:00 AM;Sep 12, 2025 9:00 AM;59,865.83;60,002.33;136.50;26,110.65
Sep 12, 2025 9:00 AM;Sep 12, 2025 10:00 AM;60,414.64;61,047.39;632.75;18,779.00
Sep 12, 2025 10:00 AM;Sep 12, 2025 11:00 AM;60,908.44;63,079.19;2,170.75;9,456.19
Sep 12, 2025 11:00 AM;Sep 12, 2025 12:00 PM;61,216.48;64,497.73;3,281.25;7,313.35
Sep 12, 2025 12:00 PM;Sep 12, 2025 1:00 PM;59,630.99;62,329.74;2,698.75;5,391.77
Sep 12, 2025 1:00 PM;Sep 12, 2025 2:00 PM;56,563.82;59,421.57;2,857.75;3,349.59
Sep 12, 2025 2:00 PM;Sep 12, 2025 3:00 PM;55,081.28;58,133.53;3,052.25;2,809.36
Sep 12, 2025 3:00 PM;Sep 12, 2025 4:00 PM;53,588.73;56,692.98;3,104.25;3,684.81
Sep 12, 2025 4:00 PM;Sep 12, 2025 5:00 PM;53,035.35;55,980.10;2,944.75;7,515.89
Sep 12, 2025 5:00 PM;Sep 12, 2025 6:00 PM;54,537.90;56,183.90;1,646.00;16,184.18
Sep 12, 2025 6:00 PM;Sep 12, 2025 7:00 PM;55,382.89;55,393.64;10.75;30,358.69
Sep 12, 2025 7:00 PM;Sep 12, 2025 8:00 PM;55,428.52;55,431.02;2.50;37,942.30
Sep 12, 2025 8:00 PM;Sep 12, 2025 9:00 PM;54,220.93;54,224.68;3.75;36,630.79
Sep 12, 2025 9:00 PM;Sep 12, 2025 10:00 PM;50,377.43;50,385.18;7.75;31,623.91
Sep 12, 2025 10:00 PM;Sep 12, 2025 11:00 PM;47,207.64;47,216.89;9.25;28,167.31
Sep 12, 2025 11:00 PM;Sep 13, 2025 12:00 AM;44,345.34;44,493.84;148.50;23,828.55
Sep 13, 2025 12:00 AM;Sep 13, 2025 1:00 AM;40,816.60;41,180.10;363.50;18,146.58
Sep 13, 2025 1:00 AM;Sep 13, 2025 2:00 AM;38,942.87;39,696.12;753.25;15,681.17
Sep 13, 2025 2:00 AM;Sep 13, 2025 3:00 AM;38,438.11;39,997.86;1,559.75;15,143.34
Sep 13, 2025 3:00 AM;Sep 13, 2025 4:00 AM;38,245.70;40,144.95;1,899.25;15,905.66
Sep 13, 2025 4:00 AM;Sep 13, 2025 5:00 AM;37,772.93;38,964.43;1,191.50;15,574.44
Sep 13, 2025 5:00 AM;Sep 13, 2025 6:00 AM;38,505.80;39,490.80;985.00;16,456.83
Sep 13, 2025 6:00 AM;Sep 13, 2025 7:00 AM;40,634.62;41,249.62;615.00;17,605.35
Sep 13, 2025 7:00 AM;Sep 13, 2025 8:00 AM;42,637.86;42,989.61;351.75;17,307.77
Sep 13, 2025 8:00 AM;Sep 13, 2025 9:00 AM;45,782.44;47,348.69;1,566.25;15,337.35
Sep 13, 2025 9:00 AM;Sep 13, 2025 10:00 AM;48,812.11;52,621.36;3,809.25;13,760.80
Sep 13, 2025 10:00 AM;Sep 13, 2025 11:00 AM;50,419.61;54,874.86;4,455.25;9,647.27
Sep 13, 2025 11:00 AM;Sep 13, 2025 12:00 PM;50,838.24;55,582.24;4,744.00;3,394.86
Sep 13, 2025 12:00 PM;Sep 13, 2025 1:00 PM;49,611.24;54,287.99;4,676.75;-575.90
Sep 13, 2025 1:00 PM;Sep 13, 2025 2:00 PM;47,557.75;52,193.25;4,635.50;-2,757.97
Sep 13, 2025 2:00 PM;Sep 13, 2025 3:00 PM;45,955.59;50,445.84;4,490.25;-3,647.06
Sep 13, 2025 3:00 PM;Sep 13, 2025 4:00 PM;45,460.07;49,718.32;4,258.25;654.93
Sep 13, 2025 4:00 PM;Sep 13, 2025 5:00 PM;45,640.49;49,062.99;3,422.50;5,731.02
Sep 13, 2025 5:00 PM;Sep 13, 2025 6:00 PM;46,914.75;48,315.25;1,400.50;14,825.84
Sep 13, 2025 6:00 PM;Sep 13, 2025 7:00 PM;48,677.05;48,757.80;80.75;26,644.95
Sep 13, 2025 7:00 PM;Sep 13, 2025 8:00 PM;47,896.01;47,900.01;4.00;30,671.56
Sep 13, 2025 8:00 PM;Sep 13, 2025 9:00 PM;47,410.72;47,414.72;4.00;30,054.45
Sep 13, 2025 9:00 PM;Sep 13, 2025 10:00 PM;44,442.13;44,446.13;4.00;25,834.42
Sep 13, 2025 10:00 PM;Sep 13, 2025 11:00 PM;42,187.17;42,256.67;69.50;23,961.83
Sep 13, 2025 11:00 PM;Sep 14, 2025 12:00 AM;40,041.42;40,195.67;154.25;22,408.72
Sep 14, 2025 12:00 AM;Sep 14, 2025 1:00 AM;37,458.74;37,532.49;73.75;20,108.46
Sep 14, 2025 1:00 AM;Sep 14, 2025 2:00 AM;35,730.07;35,880.07;150.00;20,033.14
Sep 14, 2025 2:00 AM;Sep 14, 2025 3:00 AM;34,851.90;35,185.40;333.50;19,752.03
Sep 14, 2025 3:00 AM;Sep 14, 2025 4:00 AM;34,411.53;34,987.28;575.75;20,286.82
Sep 14, 2025 4:00 AM;Sep 14, 2025 5:00 AM;34,085.71;34,207.96;122.25;20,663.85
Sep 14, 2025 5:00 AM;Sep 14, 2025 6:00 AM;34,905.19;35,026.44;121.25;22,435.61
Sep 14, 2025 6:00 AM;Sep 14, 2025 7:00 AM;35,839.81;35,992.81;153.00;23,801.10
Sep 14, 2025 7:00 AM;Sep 14, 2025 8:00 AM;37,712.42;37,837.67;125.25;24,967.70
Sep 14, 2025 8:00 AM;Sep 14, 2025 9:00 AM;40,673.58;40,760.08;86.50;25,094.87
Sep 14, 2025 9:00 AM;Sep 14, 2025 10:00 AM;43,243.21;43,772.96;529.75;22,130.73
Sep 14, 2025 10:00 AM;Sep 14, 2025 11:00 AM;45,256.47;47,410.47;2,154.00;16,876.06
Sep 14, 2025 11:00 AM;Sep 14, 2025 12:00 PM;46,399.54;49,813.29;3,413.75;10,525.57
Sep 14, 2025 12:00 PM;Sep 14, 2025 1:00 PM;45,465.29;49,814.79;4,349.50;3,375.20
Sep 14, 2025 1:00 PM;Sep 14, 2025 2:00 PM;43,328.73;48,025.23;4,696.50;-1,933.09
Sep 14, 2025 2:00 PM;Sep 14, 2025 3:00 PM;41,643.29;46,362.04;4,718.75;-3,980.45
Sep 14, 2025 3:00 PM;Sep 14, 2025 4:00 PM;40,838.07;45,380.32;4,542.25;-1,021.37
Sep 14, 2025 4:00 PM;Sep 14, 2025 5:00 PM;41,259.16;44,208.16;2,949.00;6,331.31
Sep 14, 2025 5:00 PM;Sep 14, 2025 6:00 PM;43,520.83;44,394.58;873.75;19,738.80
Sep 14, 2025 6:00 PM;Sep 14, 2025 7:00 PM;45,860.90;45,920.15;59.25;34,245.62
Sep 14, 2025 7:00 PM;Sep 14, 2025 8:00 PM;47,137.35;47,139.35;2.00;40,005.46
Sep 14, 2025 8:00 PM;Sep 14, 2025 9:00 PM;46,846.01;46,849.01;3.00;37,407.53
Sep 14, 2025 9:00 PM;Sep 14, 2025 10:00 PM;44,741.59;44,839.84;98.25;30,621.48
Sep 14, 2025 10:00 PM;Sep 14, 2025 11:00 PM;42,698.72;42,827.47;128.75;23,229.12
Sep 14, 2025 11:00 PM;Sep 15, 2025 12:00 AM;40,843.17;41,353.17;510.00;15,727.69
Sep 15, 2025 12:00 AM;Sep 15, 2025 1:00 AM;39,507.91;41,816.91;2,309.00;11,058.71
Sep 15, 2025 1:00 AM;Sep 15, 2025 2:00 AM;38,392.68;41,251.43;2,858.75;7,187.16
Sep 15, 2025 2:00 AM;Sep 15, 2025 3:00 AM;38,115.09;42,057.59;3,942.50;4,800.57
Sep 15, 2025 3:00 AM;Sep 15, 2025 4:00 AM;38,140.01;42,597.76;4,457.75;3,400.91
Sep 15, 2025 4:00 AM;Sep 15, 2025 5:00 AM;39,503.28;44,003.03;4,499.75;3,345.57
Sep 15, 2025 5:00 AM;Sep 15, 2025 6:00 AM;44,249.24;47,838.24;3,589.00;6,084.82
Sep 15, 2025 6:00 AM;Sep 15, 2025 7:00 AM;53,632.57;54,772.82;1,140.25;12,599.60
Sep 15, 2025 7:00 AM;Sep 15, 2025 8:00 AM;58,732.46;58,822.71;90.25;15,810.75
Sep 15, 2025 8:00 AM;Sep 15, 2025 9:00 AM;61,652.98;61,725.73;72.75;15,065.71
Sep 15, 2025 9:00 AM;Sep 15, 2025 10:00 AM;61,837.43;62,902.93;1,065.50;7,543.32
Sep 15, 2025 10:00 AM;Sep 15, 2025 11:00 AM;61,880.55;63,995.55;2,115.00;4,781.68
Sep 15, 2025 11:00 AM;Sep 15, 2025 12:00 PM;61,485.85;63,942.35;2,456.50;-1,338.82
Sep 15, 2025 12:00 PM;Sep 15, 2025 1:00 PM;60,041.60;62,283.10;2,241.50;-3,068.23
Sep 15, 2025 1:00 PM;Sep 15, 2025 2:00 PM;58,056.82;60,901.32;2,844.50;-4,356.35
Sep 15, 2025 2:00 PM;Sep 15, 2025 3:00 PM;56,034.20;58,814.45;2,780.25;-4,021.19
Sep 15, 2025 3:00 PM;Sep 15, 2025 4:00 PM;55,245.86;58,138.61;2,892.75;-3,943.00
Sep 15, 2025 4:00 PM;Sep 15, 2025 5:00 PM;55,200.03;57,935.53;2,735.50;1,191.77
Sep 15, 2025 5:00 PM;Sep 15, 2025 6:00 PM;57,093.68;58,258.68;1,165.00;5,843.92
Sep 15, 2025 6:00 PM;Sep 15, 2025 7:00 PM;58,850.67;59,003.17;152.50;15,684.13
Sep 15, 2025 7:00 PM;Sep 15, 2025 8:00 PM;59,265.05;59,337.05;72.00;20,067.95
Sep 15, 2025 8:00 PM;Sep 15, 2025 9:00 PM;58,607.59;58,718.84;111.25;18,731.63
Sep 15, 2025 9:00 PM;Sep 15, 2025 10:00 PM;54,894.62;55,204.37;309.75;13,171.58
Sep 15, 2025 10:00 PM;Sep 15, 2025 11:00 PM;51,211.86;52,087.61;875.75;8,921.09
Sep 15, 2025 11:00 PM;Sep 16, 2025 12:00 AM;47,798.97;50,275.97;2,477.00;3,830.63
Sep 16, 2025 12:00 AM;Sep 16, 2025 1:00 AM;45,316.34;48,218.34;2,902.00;2,345.66
Sep 16, 2025 1:00 AM;Sep 16, 2025 2:00 AM;43,198.32;47,212.32;4,014.00;471.04
Sep 16, 2025 2:00 AM;Sep 16, 2025 3:00 AM;42,057.12;46,203.62;4,146.50;689.50
Sep 16, 2025 3:00 AM;Sep 16, 2025 4:00 AM;42,483.02;46,864.27;4,381.25;1,525.92
Sep 16, 2025 4:00 AM;Sep 16, 2025 5:00 AM;43,748.38;47,959.13;4,210.75;2,256.58
Sep 16, 2025 5:00 AM;Sep 16, 2025 6:00 AM;48,386.10;52,081.60;3,695.50;4,282.15
Sep 16, 2025 6:00 AM;Sep 16, 2025 7:00 AM;56,376.95;57,726.70;1,349.75;8,580.63
Sep 16, 2025 7:00 AM;Sep 16, 2025 8:00 AM;60,302.90;60,391.65;88.75;13,166.42
Sep 16, 2025 8:00 AM;Sep 16, 2025 9:00 AM;63,131.46;63,304.71;173.25;10,874.36
Sep 16, 2025 9:00 AM;Sep 16, 2025 10:00 AM;63,617.24;65,406.74;1,789.50;4,679.22
Sep 16, 2025 10:00 AM;Sep 16, 2025 11:00 AM;63,691.75;65,906.75;2,215.00;2,813.56
Sep 16, 2025 11:00 AM;Sep 16, 2025 12:00 PM;62,662.31;65,513.06;2,850.75;2,104.01
Sep 16, 2025 12:00 PM;Sep 16, 2025 1:00 PM;60,476.72;62,615.72;2,139.00;865.41
Sep 16, 2025 1:00 PM;Sep 16, 2025 2:00 PM;59,326.38;61,657.88;2,331.50;-1,808.50
Sep 16, 2025 2:00 PM;Sep 16, 2025 3:00 PM;57,521.30;59,840.80;2,319.50;-1,822.80
Sep 16, 2025 3:00 PM;Sep 16, 2025 4:00 PM;56,393.52;58,713.02;2,319.50;1,622.80
Sep 16, 2025 4:00 PM;Sep 16, 2025 5:00 PM;57,111.02;59,507.02;2,396.00;3,878.37
Sep 16, 2025 5:00 PM;Sep 16, 2025 6:00 PM;59,469.89;60,631.14;1,161.25;9,360.78
Sep 16, 2025 6:00 PM;Sep 16, 2025 7:00 PM;59,550.07;59,558.07;8.00;19,852.80
Sep 16, 2025 7:00 PM;Sep 16, 2025 8:00 PM;60,650.08;60,690.83;40.75;23,907.79
Sep 16, 2025 8:00 PM;Sep 16, 2025 9:00 PM;57,793.94;57,867.44;73.50;21,832.47
Sep 16, 2025 9:00 PM;Sep 16, 2025 10:00 PM;50,916.21;51,254.96;338.75;15,201.44
Sep 16, 2025 10:00 PM;Sep 16, 2025 11:00 PM;47,028.80;47,198.05;169.25;13,107.80
Sep 16, 2025 11:00 PM;Sep 17, 2025 12:00 AM;43,946.69;44,041.19;94.50;10,565.16
Sep 17, 2025 12:00 AM;Sep 17, 2025 1:00 AM;42,521.75;44,263.00;1,741.25;9,325.56
Sep 17, 2025 1:00 AM;Sep 17, 2025 2:00 AM;42,764.73;45,811.73;3,047.00;9,950.21
Sep 17, 2025 2:00 AM;Sep 17, 2025 3:00 AM;42,357.36;45,986.36;3,629.00;10,198.78
Sep 17, 2025 3:00 AM;Sep 17, 2025 4:00 AM;42,278.64;46,034.39;3,755.75;11,319.68
Sep 17, 2025 4:00 AM;Sep 17, 2025 5:00 AM;43,223.61;46,040.11;2,816.50;13,422.17
Sep 17, 2025 5:00 AM;Sep 17, 2025 6:00 AM;46,604.42;47,463.67;859.25;17,194.23
Sep 17, 2025 6:00 AM;Sep 17, 2025 7:00 AM;55,047.26;55,274.76;227.50;24,857.67
Sep 17, 2025 7:00 AM;Sep 17, 2025 8:00 AM;59,556.65;59,559.40;2.75;28,680.40
Sep 17, 2025 8:00 AM;Sep 17, 2025 9:00 AM;61,258.74;61,266.99;8.25;25,877.47
Sep 17, 2025 9:00 AM;Sep 17, 2025 10:00 AM;62,336.01;62,510.51;174.50;20,224.38
Sep 17, 2025 10:00 AM;Sep 17, 2025 11:00 AM;61,874.34;62,772.59;898.25;13,974.67
Sep 17, 2025 11:00 AM;Sep 17, 2025 12:00 PM;61,463.56;64,162.31;2,698.75;9,678.75
Sep 17, 2025 12:00 PM;Sep 17, 2025 1:00 PM;59,762.06;62,305.31;2,543.25;7,019.97
Sep 17, 2025 1:00 PM;Sep 17, 2025 2:00 PM;58,494.14;60,671.14;2,177.00;8,559.54
Sep 17, 2025 2:00 PM;Sep 17, 2025 3:00 PM;56,975.24;59,115.74;2,140.50;8,356.44
Sep 17, 2025 3:00 PM;Sep 17, 2025 4:00 PM;56,703.83;57,925.83;1,222.00;11,633.44
Sep 17, 2025 4:00 PM;Sep 17, 2025 5:00 PM;57,209.90;58,285.40;1,075.50;16,802.06
Sep 17, 2025 5:00 PM;Sep 17, 2025 6:00 PM;59,264.01;59,392.26;128.25;26,891.85
Sep 17, 2025 6:00 PM;Sep 17, 2025 7:00 PM;59,927.24;59,954.99;27.75;35,051.73
Sep 17, 2025 7:00 PM;Sep 17, 2025 8:00 PM;59,605.25;59,748.25;143.00;38,550.85
Sep 17, 2025 8:00 PM;Sep 17, 2025 9:00 PM;59,269.19;59,421.44;152.25;36,100.31
Sep 17, 2025 9:00 PM;Sep 17, 2025 10:00 PM;55,058.95;55,442.45;383.50;29,377.66
Sep 17, 2025 10:00 PM;Sep 17, 2025 11:00 PM;50,534.66;51,617.16;1,082.50;22,120.53
Sep 17, 2025 11:00 PM;Sep 18, 2025 12:00 AM;47,009.06;49,665.56;2,656.50;16,545.86
Sep 18, 2025 12:00 AM;Sep 18, 2025 1:00 AM;44,106.32;48,370.07;4,263.75;11,976.71
Sep 18, 2025 1:00 AM;Sep 18, 2025 2:00 AM;42,436.92;47,124.17;4,687.25;9,886.42
Sep 18, 2025 2:00 AM;Sep 18, 2025 3:00 AM;41,334.46;45,990.21;4,655.75;9,600.08
Sep 18, 2025 3:00 AM;Sep 18, 2025 4:00 AM;41,650.40;46,164.65;4,514.25;10,570.09
Sep 18, 2025 4:00 AM;Sep 18, 2025 5:00 AM;43,080.99;47,222.74;4,141.75;12,055.74
Sep 18, 2025 5:00 AM;Sep 18, 2025 6:00 AM;47,335.67;50,023.42;2,687.75;16,605.47
Sep 18, 2025 6:00 AM;Sep 18, 2025 7:00 AM;55,185.61;55,479.86;294.25;23,764.18
Sep 18, 2025 7:00 AM;Sep 18, 2025 8:00 AM;59,549.37;59,557.37;8.00;27,485.34
Sep 18, 2025 8:00 AM;Sep 18, 2025 9:00 AM;61,709.17;61,823.17;114.00;24,950.20
Sep 18, 2025 9:00 AM;Sep 18, 2025 10:00 AM;61,911.44;62,505.19;593.75;18,102.28
Sep 18, 2025 10:00 AM;Sep 18, 2025 11:00 AM;61,906.33;63,649.08;1,742.75;11,247.93
Sep 18, 2025 11:00 AM;Sep 18, 2025 12:00 PM;61,421.69;64,247.94;2,826.25;6,278.79
Sep 18, 2025 12:00 PM;Sep 18, 2025 1:00 PM;60,690.08;63,484.08;2,794.00;1,835.48
Sep 18, 2025 1:00 PM;Sep 18, 2025 2:00 PM;58,868.71;61,965.71;3,097.00;462.46
Sep 18, 2025 2:00 PM;Sep 18, 2025 3:00 PM;57,519.19;60,451.69;2,932.50;1,578.00
Sep 18, 2025 3:00 PM;Sep 18, 2025 4:00 PM;56,404.63;59,317.63;2,913.00;3,743.98
Sep 18, 2025 4:00 PM;Sep 18, 2025 5:00 PM;56,668.73;59,201.23;2,532.50;10,256.67
Sep 18, 2025 5:00 PM;Sep 18, 2025 6:00 PM;58,152.72;59,362.47;1,209.75;19,487.64
Sep 18, 2025 6:00 PM;Sep 18, 2025 7:00 PM;59,202.53;59,313.78;111.25;31,806.81
Sep 18, 2025 7:00 PM;Sep 18, 2025 8:00 PM;60,257.96;60,259.96;2.00;36,442.55
Sep 18, 2025 8:00 PM;Sep 18, 2025 9:00 PM;58,854.34;58,856.34;2.00;34,230.35
Sep 18, 2025 9:00 PM;Sep 18, 2025 10:00 PM;55,281.91;55,417.16;135.25;29,918.34
Sep 18, 2025 10:00 PM;Sep 18, 2025 11:00 PM;51,030.71;51,075.71;45.00;26,490.67
Sep 18, 2025 11:00 PM;Sep 19, 2025 12:00 AM;47,811.76;48,468.51;656.75;22,940.50
Sep 19, 2025 12:00 AM;Sep 19, 2025 1:00 AM;44,922.92;46,500.17;1,577.25;20,048.37
Sep 19, 2025 1:00 AM;Sep 19, 2025 2:00 AM;43,254.43;45,808.93;2,554.50;19,371.49
Sep 19, 2025 2:00 AM;Sep 19, 2025 3:00 AM;42,222.81;45,663.56;3,440.75;19,821.10
Sep 19, 2025 3:00 AM;Sep 19, 2025 4:00 AM;42,129.17;45,501.17;3,372.00;21,132.26
Sep 19, 2025 4:00 AM;Sep 19, 2025 5:00 AM;43,126.59;44,554.59;1,428.00;23,071.55
Sep 19, 2025 5:00 AM;Sep 19, 2025 6:00 AM;47,196.03;47,586.28;390.25;28,396.23
Sep 19, 2025 6:00 AM;Sep 19, 2025 7:00 AM;55,040.37;55,064.62;24.25;37,229.03
Sep 19, 2025 7:00 AM;Sep 19, 2025 8:00 AM;59,232.82;59,238.82;6.00;40,566.91
Sep 19, 2025 8:00 AM;Sep 19, 2025 9:00 AM;61,789.45;61,812.20;22.75;37,181.05
Sep 19, 2025 9:00 AM;Sep 19, 2025 10:00 AM;62,139.53;62,814.03;674.50;28,257.19
Sep 19, 2025 10:00 AM;Sep 19, 2025 11:00 AM;61,590.17;63,216.17;1,626.00;18,339.53
Sep 19, 2025 11:00 AM;Sep 19, 2025 12:00 PM;60,465.14;63,282.89;2,817.75;11,219.05
Sep 19, 2025 12:00 PM;Sep 19, 2025 1:00 PM;58,919.80;61,577.05;2,657.25;5,198.16
Sep 19, 2025 1:00 PM;Sep 19, 2025 2:00 PM;56,723.36;59,628.86;2,905.50;3,989.62
Sep 19, 2025 2:00 PM;Sep 19, 2025 3:00 PM;55,132.54;57,945.29;2,812.75;4,521.50
Sep 19, 2025 3:00 PM;Sep 19, 2025 4:00 PM;54,096.44;56,918.69;2,822.25;8,645.43
Sep 19, 2025 4:00 PM;Sep 19, 2025 5:00 PM;53,706.30;55,251.55;1,545.25;18,025.57
Sep 19, 2025 5:00 PM;Sep 19, 2025 6:00 PM;54,740.26;54,989.76;249.50;32,217.16
Sep 19, 2025 6:00 PM;Sep 19, 2025 7:00 PM;55,365.46;55,416.46;51.00;44,570.65
Sep 19, 2025 7:00 PM;Sep 19, 2025 8:00 PM;55,588.01;55,595.01;7.00;47,406.94
Sep 19, 2025 8:00 PM;Sep 19, 2025 9:00 PM;53,933.01;53,936.01;3.00;42,937.48
Sep 19, 2025 9:00 PM;Sep 19, 2025 10:00 PM;50,535.44;50,562.94;27.50;34,495.60
Sep 19, 2025 10:00 PM;Sep 19, 2025 11:00 PM;46,930.17;47,062.67;132.50;26,609.95
Sep 19, 2025 11:00 PM;Sep 20, 2025 12:00 AM;44,032.01;44,318.51;286.50;20,377.07
Sep 20, 2025 12:00 AM;Sep 20, 2025 1:00 AM;41,168.71;41,431.96;263.25;15,719.13
Sep 20, 2025 1:00 AM;Sep 20, 2025 2:00 AM;39,767.46;40,006.21;238.75;13,740.68
Sep 20, 2025 2:00 AM;Sep 20, 2025 3:00 AM;38,806.66;39,441.41;634.75;13,363.06
Sep 20, 2025 3:00 AM;Sep 20, 2025 4:00 AM;37,762.82;38,146.32;383.50;13,341.89
Sep 20, 2025 4:00 AM;Sep 20, 2025 5:00 AM;37,422.78;37,656.28;233.50;13,458.76
Sep 20, 2025 5:00 AM;Sep 20, 2025 6:00 AM;38,046.06;38,288.31;242.25;13,835.59
Sep 20, 2025 6:00 AM;Sep 20, 2025 7:00 AM;40,003.48;40,197.73;194.25;15,202.19
Sep 20, 2025 7:00 AM;Sep 20, 2025 8:00 AM;42,120.28;42,291.78;171.50;15,753.68
Sep 20, 2025 8:00 AM;Sep 20, 2025 9:00 AM;46,056.99;47,081.99;1,025.00;12,513.22
Sep 20, 2025 9:00 AM;Sep 20, 2025 10:00 AM;49,000.10;52,428.85;3,428.75;8,050.61
Sep 20, 2025 10:00 AM;Sep 20, 2025 11:00 AM;49,972.01;53,875.01;3,903.00;4,015.05
Sep 20, 2025 11:00 AM;Sep 20, 2025 12:00 PM;49,374.62;53,459.12;4,084.50;195.94
Sep 20, 2025 12:00 PM;Sep 20, 2025 1:00 PM;47,664.50;52,177.25;4,512.75;-2,749.05
Sep 20, 2025 1:00 PM;Sep 20, 2025 2:00 PM;45,755.46;50,276.46;4,521.00;-4,151.01
Sep 20, 2025 2:00 PM;Sep 20, 2025 3:00 PM;44,448.86;48,925.61;4,476.75;-4,331.35
Sep 20, 2025 3:00 PM;Sep 20, 2025 4:00 PM;44,644.98;49,087.98;4,443.00;-2,186.11
Sep 20, 2025 4:00 PM;Sep 20, 2025 5:00 PM;45,804.12;48,533.87;2,729.75;6,555.94
Sep 20, 2025 5:00 PM;Sep 20, 2025 6:00 PM;47,727.43;47,844.18;116.75;20,828.65
Sep 20, 2025 6:00 PM;Sep 20, 2025 7:00 PM;49,127.36;49,138.11;10.75;32,257.06
Sep 20, 2025 7:00 PM;Sep 20, 2025 8:00 PM;49,964.11;49,973.36;9.25;34,769.74
Sep 20, 2025 8:00 PM;Sep 20, 2025 9:00 PM;48,082.80;48,093.30;10.50;30,333.55
Sep 20, 2025 9:00 PM;Sep 20, 2025 10:00 PM;44,951.69;45,014.69;63.00;24,626.64
Sep 20, 2025 10:00 PM;Sep 20, 2025 11:00 PM;42,817.32;42,847.32;30.00;21,463.61
Sep 20, 2025 11:00 PM;Sep 21, 2025 12:00 AM;39,804.06;40,808.06;1,004.00;17,774.25
Sep 21, 2025 12:00 AM;Sep 21, 2025 1:00 AM;37,370.70;38,349.70;979.00;13,533.49
Sep 21, 2025 1:00 AM;Sep 21, 2025 2:00 AM;36,101.05;37,657.55;1,556.50;11,533.42
Sep 21, 2025 2:00 AM;Sep 21, 2025 3:00 AM;35,454.46;36,809.46;1,355.00;10,790.49
Sep 21, 2025 3:00 AM;Sep 21, 2025 4:00 AM;35,021.37;36,077.37;1,056.00;10,713.64
Sep 21, 2025 4:00 AM;Sep 21, 2025 5:00 AM;35,110.41;36,653.16;1,542.75;10,849.39
Sep 21, 2025 5:00 AM;Sep 21, 2025 6:00 AM;35,816.75;38,450.00;2,633.25;11,486.09
Sep 21, 2025 6:00 AM;Sep 21, 2025 7:00 AM;37,719.82;40,107.07;2,387.25;10,823.59
Sep 21, 2025 7:00 AM;Sep 21, 2025 8:00 AM;39,652.81;43,081.06;3,428.25;9,859.26
Sep 21, 2025 8:00 AM;Sep 21, 2025 9:00 AM;42,532.36;45,929.36;3,397.00;6,852.42
Sep 21, 2025 9:00 AM;Sep 21, 2025 10:00 AM;45,721.24;49,203.74;3,482.50;4,109.38
Sep 21, 2025 10:00 AM;Sep 21, 2025 11:00 AM;47,417.39;51,530.14;4,112.75;1,040.54
Sep 21, 2025 11:00 AM;Sep 21, 2025 12:00 PM;48,435.28;52,733.53;4,298.25;170.73
Sep 21, 2025 12:00 PM;Sep 21, 2025 1:00 PM;47,372.90;51,713.15;4,340.25;-627.20
Sep 21, 2025 1:00 PM;Sep 21, 2025 2:00 PM;46,623.27;50,924.02;4,300.75;467.82
Sep 21, 2025 2:00 PM;Sep 21, 2025 3:00 PM;45,637.95;49,785.45;4,147.50;2,243.96
Sep 21, 2025 3:00 PM;Sep 21, 2025 4:00 PM;45,466.24;49,063.49;3,597.25;4,879.99
Sep 21, 2025 4:00 PM;Sep 21, 2025 5:00 PM;46,252.37;48,532.87;2,280.50;9,869.03
Sep 21, 2025 5:00 PM;Sep 21, 2025 6:00 PM;48,335.10;48,684.10;349.00;18,775.18
Sep 21, 2025 6:00 PM;Sep 21, 2025 7:00 PM;50,346.77;50,359.02;12.25;26,270.57
Sep 21, 2025 7:00 PM;Sep 21, 2025 8:00 PM;50,832.06;50,840.56;8.50;29,639.48
Sep 21, 2025 8:00 PM;Sep 21, 2025 9:00 PM;49,956.01;50,012.26;56.25;30,887.79
Sep 21, 2025 9:00 PM;Sep 21, 2025 10:00 PM;47,228.18;47,281.43;53.25;29,111.61
Sep 21, 2025 10:00 PM;Sep 21, 2025 11:00 PM;44,776.35;45,056.10;279.75;27,514.24
Sep 21, 2025 11:00 PM;Sep 22, 2025 12:00 AM;41,617.21;42,360.96;743.75;24,654.57
Sep 22, 2025 12:00 AM;Sep 22, 2025 1:00 AM;39,640.48;40,311.48;671.00;23,360.58
Sep 22, 2025 1:00 AM;Sep 22, 2025 2:00 AM;38,550.13;40,816.13;2,266.00;22,407.29
Sep 22, 2025 2:00 AM;Sep 22, 2025 3:00 AM;37,595.99;40,648.24;3,052.25;21,036.19
Sep 22, 2025 3:00 AM;Sep 22, 2025 4:00 AM;38,039.28;41,500.78;3,461.50;20,488.17
Sep 22, 2025 4:00 AM;Sep 22, 2025 5:00 AM;39,785.80;43,343.30;3,557.50;21,824.76
Sep 22, 2025 5:00 AM;Sep 22, 2025 6:00 AM;43,739.54;44,930.29;1,190.75;25,209.47
Sep 22, 2025 6:00 AM;Sep 22, 2025 7:00 AM;52,081.09;52,180.09;99.00;33,868.51
Sep 22, 2025 7:00 AM;Sep 22, 2025 8:00 AM;57,280.95;57,288.95;8.00;38,480.99
Sep 22, 2025 8:00 AM;Sep 22, 2025 9:00 AM;60,436.59;60,443.59;7.00;39,663.86
Sep 22, 2025 9:00 AM;Sep 22, 2025 10:00 AM;61,641.40;61,863.90;222.50;38,218.80
Sep 22, 2025 10:00 AM;Sep 22, 2025 11:00 AM;62,632.44;63,192.19;559.75;35,157.08
Sep 22, 2025 11:00 AM;Sep 22, 2025 12:00 PM;63,224.19;64,898.19;1,674.00;29,774.37
Sep 22, 2025 12:00 PM;Sep 22, 2025 1:00 PM;62,936.41;65,213.41;2,277.00;26,272.08
Sep 22, 2025 1:00 PM;Sep 22, 2025 2:00 PM;61,193.17;63,347.42;2,154.25;23,784.50
Sep 22, 2025 2:00 PM;Sep 22, 2025 3:00 PM;59,260.42;61,365.17;2,104.75;21,936.99
Sep 22, 2025 3:00 PM;Sep 22, 2025 4:00 PM;58,807.51;60,960.26;2,152.75;24,371.87
Sep 22, 2025 4:00 PM;Sep 22, 2025 5:00 PM;58,010.68;59,578.18;1,567.50;28,102.01
Sep 22, 2025 5:00 PM;Sep 22, 2025 6:00 PM;58,989.50;59,436.75;447.25;35,464.79
Sep 22, 2025 6:00 PM;Sep 22, 2025 7:00 PM;59,011.89;59,102.14;90.25;42,014.75
Sep 22, 2025 7:00 PM;Sep 22, 2025 8:00 PM;58,942.74;58,954.74;12.00;44,064.48
Sep 22, 2025 8:00 PM;Sep 22, 2025 9:00 PM;57,255.75;57,358.25;102.50;42,375.31
Sep 22, 2025 9:00 PM;Sep 22, 2025 10:00 PM;53,333.46;53,800.96;467.50;39,127.14
Sep 22, 2025 10:00 PM;Sep 22, 2025 11:00 PM;49,503.01;49,995.51;492.50;35,284.19
Sep 22, 2025 11:00 PM;Sep 23, 2025 12:00 AM;45,645.50;46,134.25;488.75;32,078.63
Sep 23, 2025 12:00 AM;Sep 23, 2025 1:00 AM;43,225.86;43,675.36;449.50;31,086.43
Sep 23, 2025 1:00 AM;Sep 23, 2025 2:00 AM;41,378.56;42,907.06;1,528.50;30,031.38
Sep 23, 2025 2:00 AM;Sep 23, 2025 3:00 AM;40,452.02;42,735.27;2,283.25;29,069.31
Sep 23, 2025 3:00 AM;Sep 23, 2025 4:00 AM;40,596.92;42,246.92;1,650.00;29,753.37
Sep 23, 2025 4:00 AM;Sep 23, 2025 5:00 AM;41,515.38;42,627.88;1,112.50;30,906.61
Sep 23, 2025 5:00 AM;Sep 23, 2025 6:00 AM;45,266.15;45,714.90;448.75;35,559.99
Sep 23, 2025 6:00 AM;Sep 23, 2025 7:00 AM;53,121.52;53,159.27;37.75;43,565.32
Sep 23, 2025 7:00 AM;Sep 23, 2025 8:00 AM;57,862.65;57,872.40;9.75;47,759.06
Sep 23, 2025 8:00 AM;Sep 23, 2025 9:00 AM;60,737.40;60,770.40;33.00;46,430.64
Sep 23, 2025 9:00 AM;Sep 23, 2025 10:00 AM;61,192.83;61,318.83;126.00;39,609.52
Sep 23, 2025 10:00 AM;Sep 23, 2025 11:00 AM;61,270.23;61,463.48;193.25;32,492.46
Sep 23, 2025 11:00 AM;Sep 23, 2025 12:00 PM;61,204.41;62,198.91;994.50;27,759.18
Sep 23, 2025 12:00 PM;Sep 23, 2025 1:00 PM;59,382.73;60,883.23;1,500.50;23,969.36
Sep 23, 2025 1:00 PM;Sep 23, 2025 2:00 PM;58,548.75;60,061.50;1,512.75;22,686.03
Sep 23, 2025 2:00 PM;Sep 23, 2025 3:00 PM;57,044.06;58,498.06;1,454.00;22,843.42
Sep 23, 2025 3:00 PM;Sep 23, 2025 4:00 PM;56,243.34;57,460.84;1,217.50;24,821.80
Sep 23, 2025 4:00 PM;Sep 23, 2025 5:00 PM;56,649.05;57,791.55;1,142.50;30,212.05
Sep 23, 2025 5:00 PM;Sep 23, 2025 6:00 PM;57,733.18;58,072.93;339.75;36,988.53
Sep 23, 2025 6:00 PM;Sep 23, 2025 7:00 PM;58,742.32;58,766.82;24.50;43,334.36
Sep 23, 2025 7:00 PM;Sep 23, 2025 8:00 PM;59,507.52;59,515.52;8.00;44,566.98
Sep 23, 2025 8:00 PM;Sep 23, 2025 9:00 PM;57,484.27;57,564.02;79.75;39,405.25
Sep 23, 2025 9:00 PM;Sep 23, 2025 10:00 PM;53,508.25;53,623.25;115.00;32,689.64
Sep 23, 2025 10:00 PM;Sep 23, 2025 11:00 PM;49,336.77;49,828.27;491.50;27,279.17
Sep 23, 2025 11:00 PM;Sep 24, 2025 12:00 AM;45,672.32;47,058.07;1,385.75;23,319.89
Sep 24, 2025 12:00 AM;Sep 24, 2025 1:00 AM;42,659.05;43,778.80;1,119.75;20,672.74
Sep 24, 2025 1:00 AM;Sep 24, 2025 2:00 AM;41,200.67;43,479.42;2,278.75;19,577.10
Sep 24, 2025 2:00 AM;Sep 24, 2025 3:00 AM;39,986.33;42,733.58;2,747.25;18,334.60
Sep 24, 2025 3:00 AM;Sep 24, 2025 4:00 AM;40,080.30;42,816.30;2,736.00;18,377.59
Sep 24, 2025 4:00 AM;Sep 24, 2025 5:00 AM;41,523.38;43,947.88;2,424.50;19,520.38
Sep 24, 2025 5:00 AM;Sep 24, 2025 6:00 AM;45,548.32;46,255.32;707.00;22,944.09
Sep 24, 2025 6:00 AM;Sep 24, 2025 7:00 AM;53,312.69;53,493.44;180.75;29,297.86
Sep 24, 2025 7:00 AM;Sep 24, 2025 8:00 AM;58,777.63;58,782.38;4.75;33,481.52
Sep 24, 2025 8:00 AM;Sep 24, 2025 9:00 AM;61,613.34;61,662.09;48.75;33,119.33
Sep 24, 2025 9:00 AM;Sep 24, 2025 10:00 AM;62,264.62;62,486.37;221.75;30,110.63
Sep 24, 2025 10:00 AM;Sep 24, 2025 11:00 AM;62,470.94;63,289.44;818.50;24,762.53
Sep 24, 2025 11:00 AM;Sep 24, 2025 12:00 PM;62,278.93;63,544.18;1,265.25;18,317.60
Sep 24, 2025 12:00 PM;Sep 24, 2025 1:00 PM;61,763.62;62,959.87;1,196.25;13,721.00
Sep 24, 2025 1:00 PM;Sep 24, 2025 2:00 PM;60,216.15;61,092.90;876.75;11,420.20
Sep 24, 2025 2:00 PM;Sep 24, 2025 3:00 PM;59,360.95;60,569.20;1,208.25;11,035.36
Sep 24, 2025 3:00 PM;Sep 24, 2025 4:00 PM;59,408.78;60,646.03;1,237.25;12,162.73
Sep 24, 2025 4:00 PM;Sep 24, 2025 5:00 PM;59,015.20;60,736.45;1,721.25;14,013.90
Sep 24, 2025 5:00 PM;Sep 24, 2025 6:00 PM;60,145.43;60,565.68;420.25;20,955.35
Sep 24, 2025 6:00 PM;Sep 24, 2025 7:00 PM;61,336.62;61,346.12;9.50;28,188.22
Sep 24, 2025 7:00 PM;Sep 24, 2025 8:00 PM;61,953.72;61,959.72;6.00;27,886.45
Sep 24, 2025 8:00 PM;Sep 24, 2025 9:00 PM;60,063.26;60,149.76;86.50;23,282.50
Sep 24, 2025 9:00 PM;Sep 24, 2025 10:00 PM;56,253.64;56,904.89;651.25;18,298.93
Sep 24, 2025 10:00 PM;Sep 24, 2025 11:00 PM;51,887.06;52,612.81;725.75;15,205.28
Sep 24, 2025 11:00 PM;Sep 25, 2025 12:00 AM;48,099.55;49,276.80;1,177.25;11,965.15
Sep 25, 2025 12:00 AM;Sep 25, 2025 1:00 AM;45,660.96;49,018.71;3,357.75;9,493.75
Sep 25, 2025 1:00 AM;Sep 25, 2025 2:00 AM;43,881.39;47,881.89;4,000.50;8,782.67
Sep 25, 2025 2:00 AM;Sep 25, 2025 3:00 AM;42,946.24;47,170.74;4,224.50;9,244.17
Sep 25, 2025 3:00 AM;Sep 25, 2025 4:00 AM;42,973.88;46,883.38;3,909.50;10,050.25
Sep 25, 2025 4:00 AM;Sep 25, 2025 5:00 AM;44,776.18;48,781.93;4,005.75;12,268.27
Sep 25, 2025 5:00 AM;Sep 25, 2025 6:00 AM;48,271.31;49,723.56;1,452.25;16,089.38
Sep 25, 2025 6:00 AM;Sep 25, 2025 7:00 AM;56,357.97;56,530.47;172.50;23,246.04
Sep 25, 2025 7:00 AM;Sep 25, 2025 8:00 AM;61,805.04;61,814.79;9.75;28,993.35
Sep 25, 2025 8:00 AM;Sep 25, 2025 9:00 AM;64,229.69;64,236.94;7.25;30,789.91
Sep 25, 2025 9:00 AM;Sep 25, 2025 10:00 AM;64,510.82;64,519.82;9.00;29,192.72
Sep 25, 2025 10:00 AM;Sep 25, 2025 11:00 AM;65,015.96;65,112.46;96.50;26,480.18
Sep 25, 2025 11:00 AM;Sep 25, 2025 12:00 PM;64,736.09;64,949.34;213.25;23,902.52
Sep 25, 2025 12:00 PM;Sep 25, 2025 1:00 PM;64,211.15;65,629.15;1,418.00;19,683.64
Sep 25, 2025 1:00 PM;Sep 25, 2025 2:00 PM;63,684.49;65,712.49;2,028.00;18,058.28
Sep 25, 2025 2:00 PM;Sep 25, 2025 3:00 PM;62,228.72;64,101.47;1,872.75;18,368.67
Sep 25, 2025 3:00 PM;Sep 25, 2025 4:00 PM;61,351.15;62,569.40;1,218.25;18,948.12
Sep 25, 2025 4:00 PM;Sep 25, 2025 5:00 PM;61,673.30;62,170.30;497.00;22,387.09
Sep 25, 2025 5:00 PM;Sep 25, 2025 6:00 PM;62,335.51;62,432.26;96.75;28,595.37
Sep 25, 2025 6:00 PM;Sep 25, 2025 7:00 PM;62,545.42;62,556.67;11.25;32,692.47
Sep 25, 2025 7:00 PM;Sep 25, 2025 8:00 PM;63,525.80;63,535.55;9.75;34,320.97
Sep 25, 2025 8:00 PM;Sep 25, 2025 9:00 PM;60,741.77;60,753.27;11.50;31,617.83
Sep 25, 2025 9:00 PM;Sep 25, 2025 10:00 PM;57,270.42;57,357.92;87.50;28,203.53
Sep 25, 2025 10:00 PM;Sep 25, 2025 11:00 PM;53,418.56;53,743.06;324.50;25,921.83
Sep 25, 2025 11:00 PM;Sep 26, 2025 12:00 AM;49,609.15;50,484.15;875.00;23,248.92
Sep 26, 2025 12:00 AM;Sep 26, 2025 1:00 AM;46,267.99;48,420.24;2,152.25;21,191.15
Sep 26, 2025 1:00 AM;Sep 26, 2025 2:00 AM;44,193.72;47,213.47;3,019.75;20,935.47
Sep 26, 2025 2:00 AM;Sep 26, 2025 3:00 AM;43,207.97;46,664.22;3,456.25;21,211.32
Sep 26, 2025 3:00 AM;Sep 26, 2025 4:00 AM;43,269.98;46,964.73;3,694.75;21,928.82
Sep 26, 2025 4:00 AM;Sep 26, 2025 5:00 AM;44,328.29;47,390.54;3,062.25;23,567.40
Sep 26, 2025 5:00 AM;Sep 26, 2025 6:00 AM;48,255.29;49,562.54;1,307.25;27,557.61
Sep 26, 2025 6:00 AM;Sep 26, 2025 7:00 AM;56,503.98;56,539.73;35.75;35,056.75
Sep 26, 2025 7:00 AM;Sep 26, 2025 8:00 AM;61,241.67;61,252.92;11.25;39,368.12
Sep 26, 2025 8:00 AM;Sep 26, 2025 9:00 AM;63,900.88;63,987.38;86.50;40,154.69
Sep 26, 2025 9:00 AM;Sep 26, 2025 10:00 AM;64,954.36;64,975.86;21.50;36,874.30
Sep 26, 2025 10:00 AM;Sep 26, 2025 11:00 AM;65,918.76;66,193.51;274.75;33,103.02
Sep 26, 2025 11:00 AM;Sep 26, 2025 12:00 PM;65,972.03;67,078.28;1,106.25;29,887.36
Sep 26, 2025 12:00 PM;Sep 26, 2025 1:00 PM;64,467.03;64,991.53;524.50;27,221.51
Sep 26, 2025 1:00 PM;Sep 26, 2025 2:00 PM;63,220.07;64,376.57;1,156.50;25,451.79
Sep 26, 2025 2:00 PM;Sep 26, 2025 3:00 PM;60,496.02;62,431.77;1,935.75;23,008.95
Sep 26, 2025 3:00 PM;Sep 26, 2025 4:00 PM;60,661.90;63,163.90;2,502.00;24,322.57
Sep 26, 2025 4:00 PM;Sep 26, 2025 5:00 PM;59,951.50;61,474.50;1,523.00;27,929.70
Sep 26, 2025 5:00 PM;Sep 26, 2025 6:00 PM;59,825.97;60,148.72;322.75;33,749.89
Sep 26, 2025 6:00 PM;Sep 26, 2025 7:00 PM;60,292.32;60,312.82;20.50;38,208.99
Sep 26, 2025 7:00 PM;Sep 26, 2025 8:00 PM;61,229.58;61,233.58;4.00;39,140.21
Sep 26, 2025 8:00 PM;Sep 26, 2025 9:00 PM;58,543.49;58,571.99;28.50;36,097.85
Sep 26, 2025 9:00 PM;Sep 26, 2025 10:00 PM;54,918.62;55,067.62;149.00;32,769.71
Sep 26, 2025 10:00 PM;Sep 26, 2025 11:00 PM;50,893.78;51,107.53;213.75;29,897.41
Sep 26, 2025 11:00 PM;Sep 27, 2025 12:00 AM;46,901.83;47,405.08;503.25;27,061.10
Sep 27, 2025 12:00 AM;Sep 27, 2025 1:00 AM;43,602.45;43,919.95;317.50;25,403.37
Sep 27, 2025 1:00 AM;Sep 27, 2025 2:00 AM;41,592.19;41,969.94;377.75;25,400.67
Sep 27, 2025 2:00 AM;Sep 27, 2025 3:00 AM;40,139.05;41,630.30;1,491.25;25,379.45
Sep 27, 2025 3:00 AM;Sep 27, 2025 4:00 AM;40,025.95;41,404.45;1,378.50;26,215.16
Sep 27, 2025 4:00 AM;Sep 27, 2025 5:00 AM;39,779.79;41,039.54;1,259.75;26,378.29
Sep 27, 2025 5:00 AM;Sep 27, 2025 6:00 AM;40,400.96;41,087.96;687.00;27,981.97
Sep 27, 2025 6:00 AM;Sep 27, 2025 7:00 AM;42,834.07;43,024.82;190.75;30,013.45
Sep 27, 2025 7:00 AM;Sep 27, 2025 8:00 AM;45,175.85;45,226.35;50.50;31,730.12
Sep 27, 2025 8:00 AM;Sep 27, 2025 9:00 AM;48,446.38;48,501.38;55.00;32,540.06
Sep 27, 2025 9:00 AM;Sep 27, 2025 10:00 AM;49,692.55;49,966.80;274.25;31,405.28
Sep 27, 2025 10:00 AM;Sep 27, 2025 11:00 AM;51,295.92;52,670.17;1,374.25;28,454.50
Sep 27, 2025 11:00 AM;Sep 27, 2025 12:00 PM;51,929.84;55,098.09;3,168.25;25,925.49
Sep 27, 2025 12:00 PM;Sep 27, 2025 1:00 PM;50,891.55;53,905.80;3,014.25;22,852.96
Sep 27, 2025 1:00 PM;Sep 27, 2025 2:00 PM;49,053.47;52,492.22;3,438.75;21,415.29
Sep 27, 2025 2:00 PM;Sep 27, 2025 3:00 PM;47,736.77;51,160.02;3,423.25;20,616.62
Sep 27, 2025 3:00 PM;Sep 27, 2025 4:00 PM;48,195.38;51,678.13;3,482.75;22,809.08
Sep 27, 2025 4:00 PM;Sep 27, 2025 5:00 PM;48,674.76;49,868.26;1,193.50;27,837.55
Sep 27, 2025 5:00 PM;Sep 27, 2025 6:00 PM;50,093.68;50,457.18;363.50;35,809.36
Sep 27, 2025 6:00 PM;Sep 27, 2025 7:00 PM;51,545.16;51,709.91;164.75;42,472.71
Sep 27, 2025 7:00 PM;Sep 27, 2025 8:00 PM;52,861.01;52,868.76;7.75;44,443.21
Sep 27, 2025 8:00 PM;Sep 27, 2025 9:00 PM;50,407.02;50,482.27;75.25;41,823.52
Sep 27, 2025 9:00 PM;Sep 27, 2025 10:00 PM;47,245.01;47,377.01;132.00;38,738.41
Sep 27, 2025 10:00 PM;Sep 27, 2025 11:00 PM;44,805.99;44,919.99;114.00;36,980.60
Sep 27, 2025 11:00 PM;Sep 28, 2025 12:00 AM;41,973.01;42,059.51;86.50;34,572.92
Sep 28, 2025 12:00 AM;Sep 28, 2025 1:00 AM;39,348.85;39,522.10;173.25;32,812.23
Sep 28, 2025 1:00 AM;Sep 28, 2025 2:00 AM;37,247.83;37,871.58;623.75;31,529.04
Sep 28, 2025 2:00 AM;Sep 28, 2025 3:00 AM;35,765.31;36,338.81;573.50;31,015.12
Sep 28, 2025 3:00 AM;Sep 28, 2025 4:00 AM;35,185.00;35,663.50;478.50;31,258.17
Sep 28, 2025 4:00 AM;Sep 28, 2025 5:00 AM;35,427.22;35,717.22;290.00;31,760.59
Sep 28, 2025 5:00 AM;Sep 28, 2025 6:00 AM;36,019.17;36,131.17;112.00;32,664.56
Sep 28, 2025 6:00 AM;Sep 28, 2025 7:00 AM;37,306.45;37,367.70;61.25;33,950.54
Sep 28, 2025 7:00 AM;Sep 28, 2025 8:00 AM;39,135.77;39,233.77;98.00;34,738.75
Sep 28, 2025 8:00 AM;Sep 28, 2025 9:00 AM;42,411.64;43,516.14;1,104.50;32,981.81
Sep 28, 2025 9:00 AM;Sep 28, 2025 10:00 AM;45,276.19;47,584.69;2,308.50;29,063.91
Sep 28, 2025 10:00 AM;Sep 28, 2025 11:00 AM;46,736.36;49,881.11;3,144.75;23,684.52
Sep 28, 2025 11:00 AM;Sep 28, 2025 12:00 PM;48,567.52;52,679.02;4,111.50;18,665.42
Sep 28, 2025 12:00 PM;Sep 28, 2025 1:00 PM;47,830.19;52,404.19;4,574.00;14,141.64
Sep 28, 2025 1:00 PM;Sep 28, 2025 2:00 PM;45,367.49;49,888.49;4,521.00;11,522.84
Sep 28, 2025 2:00 PM;Sep 28, 2025 3:00 PM;43,955.04;48,414.29;4,459.25;12,369.67
Sep 28, 2025 3:00 PM;Sep 28, 2025 4:00 PM;43,258.70;47,456.45;4,197.75;15,552.70
Sep 28, 2025 4:00 PM;Sep 28, 2025 5:00 PM;43,364.23;45,790.23;2,426.00;22,458.90
Sep 28, 2025 5:00 PM;Sep 28, 2025 6:00 PM;45,756.52;46,099.02;342.50;33,353.92
Sep 28, 2025 6:00 PM;Sep 28, 2025 7:00 PM;48,607.14;48,642.64;35.50;42,571.40
Sep 28, 2025 7:00 PM;Sep 28, 2025 8:00 PM;50,594.46;50,600.71;6.25;43,538.94
Sep 28, 2025 8:00 PM;Sep 28, 2025 9:00 PM;49,922.95;50,183.95;261.00;39,560.49
Sep 28, 2025 9:00 PM;Sep 28, 2025 10:00 PM;47,502.05;48,290.55;788.50;36,017.96
Sep 28, 2025 10:00 PM;Sep 28, 2025 11:00 PM;45,606.74;45,797.99;191.25;34,870.27
Sep 28, 2025 11:00 PM;Sep 29, 2025 12:00 AM;42,795.35;43,656.85;861.50;33,680.97
Sep 29, 2025 12:00 AM;Sep 29, 2025 1:00 AM;40,316.52;41,654.27;1,337.75;32,855.93
Sep 29, 2025 1:00 AM;Sep 29, 2025 2:00 AM;39,082.00;41,756.25;2,674.25;32,856.98
Sep 29, 2025 2:00 AM;Sep 29, 2025 3:00 AM;38,404.11;40,873.36;2,469.25;33,024.78
Sep 29, 2025 3:00 AM;Sep 29, 2025 4:00 AM;38,640.01;41,889.76;3,249.75;33,965.38
Sep 29, 2025 4:00 AM;Sep 29, 2025 5:00 AM;40,121.78;42,424.78;2,303.00;36,058.00
Sep 29, 2025 5:00 AM;Sep 29, 2025 6:00 AM;44,368.54;44,933.04;564.50;40,494.47
Sep 29, 2025 6:00 AM;Sep 29, 2025 7:00 AM;52,905.61;52,910.86;5.25;48,919.64
Sep 29, 2025 7:00 AM;Sep 29, 2025 8:00 AM;58,042.19;58,045.19;3.00;53,126.60
Sep 29, 2025 8:00 AM;Sep 29, 2025 9:00 AM;61,267.11;61,272.61;5.50;51,528.23
Sep 29, 2025 9:00 AM;Sep 29, 2025 10:00 AM;62,066.17;62,150.67;84.50;45,428.71
Sep 29, 2025 10:00 AM;Sep 29, 2025 11:00 AM;62,453.32;63,664.32;1,211.00;38,303.39
Sep 29, 2025 11:00 AM;Sep 29, 2025 12:00 PM;62,158.08;64,990.33;2,832.25;31,132.72
Sep 29, 2025 12:00 PM;Sep 29, 2025 1:00 PM;61,298.68;64,214.18;2,915.50;25,797.76
Sep 29, 2025 1:00 PM;Sep 29, 2025 2:00 PM;58,677.75;61,553.50;2,875.75;22,830.03
Sep 29, 2025 2:00 PM;Sep 29, 2025 3:00 PM;56,911.81;59,403.56;2,491.75;24,357.06
Sep 29, 2025 3:00 PM;Sep 29, 2025 4:00 PM;56,571.71;58,783.46;2,211.75;29,893.97
Sep 29, 2025 4:00 PM;Sep 29, 2025 5:00 PM;56,338.60;57,415.85;1,077.25;37,433.00
Sep 29, 2025 5:00 PM;Sep 29, 2025 6:00 PM;57,965.51;58,199.76;234.25;46,597.39
Sep 29, 2025 6:00 PM;Sep 29, 2025 7:00 PM;59,505.54;59,508.54;3.00;53,428.78
Sep 29, 2025 7:00 PM;Sep 29, 2025 8:00 PM;60,777.52;60,780.77;3.25;54,678.47
Sep 29, 2025 8:00 PM;Sep 29, 2025 9:00 PM;58,168.44;58,174.94;6.50;50,540.52
Sep 29, 2025 9:00 PM;Sep 29, 2025 10:00 PM;54,136.99;54,148.99;12.00;45,932.92
Sep 29, 2025 10:00 PM;Sep 29, 2025 11:00 PM;49,984.32;50,442.82;458.50;42,410.49
Sep 29, 2025 11:00 PM;Sep 30, 2025 12:00 AM;46,900.37;48,022.87;1,122.50;39,744.64
Sep 30, 2025 12:00 AM;Sep 30, 2025 1:00 AM;44,029.49;46,252.74;2,223.25;37,695.29
Sep 30, 2025 1:00 AM;Sep 30, 2025 2:00 AM;42,293.28;45,856.53;3,563.25;36,428.04
Sep 30, 2025 2:00 AM;Sep 30, 2025 3:00 AM;41,279.55;44,778.05;3,498.50;35,948.92
Sep 30, 2025 3:00 AM;Sep 30, 2025 4:00 AM;41,454.48;45,294.73;3,840.25;36,638.13
Sep 30, 2025 4:00 AM;Sep 30, 2025 5:00 AM;42,979.93;46,124.68;3,144.75;38,401.25
Sep 30, 2025 5:00 AM;Sep 30, 2025 6:00 AM;46,667.55;47,414.80;747.25;42,061.95
Sep 30, 2025 6:00 AM;Sep 30, 2025 7:00 AM;54,646.49;54,671.74;25.25;49,533.33
Sep 30, 2025 7:00 AM;Sep 30, 2025 8:00 AM;59,298.20;59,301.70;3.50;53,036.28
Sep 30, 2025 8:00 AM;Sep 30, 2025 9:00 AM;61,600.54;61,604.04;3.50;51,978.53
Sep 30, 2025 9:00 AM;Sep 30, 2025 10:00 AM;62,320.19;62,324.19;4.00;47,788.47
Sep 30, 2025 10:00 AM;Sep 30, 2025 11:00 AM;63,143.73;63,488.23;344.50;42,357.05
Sep 30, 2025 11:00 AM;Sep 30, 2025 12:00 PM;63,067.43;64,689.18;1,621.75;35,987.78
Sep 30, 2025 12:00 PM;Sep 30, 2025 1:00 PM;61,837.92;64,007.92;2,170.00;31,322.04
Sep 30, 2025 1:00 PM;Sep 30, 2025 2:00 PM;59,694.34;62,217.34;2,523.00;29,911.64
Sep 30, 2025 2:00 PM;Sep 30, 2025 3:00 PM;58,404.14;60,782.14;2,378.00;31,561.70
Sep 30, 2025 3:00 PM;Sep 30, 2025 4:00 PM;56,751.14;58,734.89;1,983.75;34,137.54
Sep 30, 2025 4:00 PM;Sep 30, 2025 5:00 PM;56,694.87;57,681.37;986.50;39,204.06
Sep 30, 2025 5:00 PM;Sep 30, 2025 6:00 PM;57,939.39;57,965.64;26.25;46,389.95
Sep 30, 2025 6:00 PM;Sep 30, 2025 7:00 PM;58,840.16;58,844.41;4.25;51,092.87
Sep 30, 2025 7:00 PM;Sep 30, 2025 8:00 PM;60,012.02;60,016.02;4.00;51,288.75
Sep 30, 2025 8:00 PM;Sep 30, 2025 9:00 PM;57,964.43;57,970.43;6.00;47,035.77
Sep 30, 2025 9:00 PM;Sep 30, 2025 10:00 PM;54,575.08;54,773.58;198.50;42,429.86
Sep 30, 2025 10:00 PM;Sep 30, 2025 11:00 PM;50,255.31;50,811.56;556.25;38,034.49
Sep 30, 2025 11:00 PM;Oct 1, 2025 12:00 AM;46,713.49;48,871.24;2,157.75;35,058.30
