net_export_gw,ranked_hour
18.02783,1
17.365650000000002,2
17.35073,3
16.855330000000002,4
16.53717,5
16.47097,6
16.29681,7
16.28963,8
15.99886,9
15.90485,10
15.75563,11
15.48077,12
15.44107,13
15.31509,14
15.19411,15
15.100530000000001,16
15.09176,17
14.999450000000001,18
14.65535,19
14.651290000000001,20
14.63083,21
14.50714,22
14.50498,23
14.41272,24
14.36446,25
14.32846,26
14.32583,27
14.28287,28
14.27785,29
14.23063,30
14.11506,31
14.09218,32
14.03699,33
13.97329,34
13.9506,35
13.76543,36
13.751430000000001,37
13.71816,38
13.70698,39
13.65478,40
13.6074,41
13.58675,42
13.580440000000001,43
13.57944,44
13.57673,45
13.52161,46
13.48214,47
13.44824,48
13.34248,49
13.33844,50
13.26349,51
13.215530000000001,52
13.19881,53
13.19482,54
13.17693,55
13.17456,56
13.12448,57
13.0289,58
12.968729999999999,59
12.93991,60
12.91034,61
12.86139,62
12.844899999999999,63
12.83096,64
12.82031,65
12.8045,66
12.71629,67
12.7001,68
12.666799999999999,69
12.666709999999998,70
12.65631,71
12.651629999999999,72
12.63085,73
12.609110000000001,74
12.60734,75
12.5896,76
12.579270000000001,77
12.56629,78
12.55352,79
12.54318,80
12.518,81
12.51475,82
12.50979,83
12.49481,84
12.4715,85
12.461319999999999,86
12.411700000000002,87
12.3873,88
12.33883,89
12.334520000000001,90
12.30151,91
12.29766,92
12.29069,93
12.28881,94
12.26733,95
12.24575,96
12.24487,97
12.20932,98
12.20226,99
12.195219999999999,100
12.18943,101
12.185450000000001,102
12.164860000000001,103
12.13992,104
12.132819999999999,105
12.13031,106
12.1198,107
12.109969999999999,108
12.03791,109
11.99396,110
11.99019,111
11.98176,112
11.96839,113
11.94474,114
11.92224,115
11.90841,116
11.89871,117
11.86209,118
11.840950000000001,119
11.83292,120
11.81211,121
11.80625,122
11.75799,123
11.74587,124
11.745280000000001,125
11.71667,126
11.71463,127
11.700809999999999,128
11.63171,129
11.62238,130
11.617059999999999,131
11.60625,132
11.60445,133
11.569540000000002,134
11.563,135
11.558860000000001,136
11.55793,137
11.55514,138
11.539879999999998,139
11.53598,140
11.52713,141
11.50224,142
11.45313,143
11.426129999999999,144
11.380270000000001,145
11.36053,146
11.35999,147
11.34035,148
11.28078,149
11.2116,150
11.19875,151
11.18517,152
11.17117,153
11.16393,154
11.15341,155
11.14994,156
11.12999,157
11.12669,158
11.1226,159
11.106200000000001,160
11.09272,161
11.06841,162
11.051260000000001,163
11.01541,164
10.97517,165
10.97202,166
10.96421,167
10.96364,168
10.955879999999999,169
10.94687,170
10.938360000000001,171
10.92165,172
10.89251,173
10.890649999999999,174
10.87533,175
10.87199,176
10.834290000000001,177
10.82717,178
10.816559999999999,179
10.79444,180
10.777280000000001,181
10.76992,182
10.76676,183
10.759129999999999,184
10.75892,185
10.75319,186
10.73165,187
10.729379999999999,188
10.70765,189
10.70237,190
10.68434,191
10.67175,192
10.67162,193
10.66083,194
10.66071,195
10.65643,196
10.633709999999999,197
10.5957,198
10.57631,199
10.5717,200
10.570549999999999,201
10.556809999999999,202
10.55138,203
10.51074,204
10.50864,205
10.50693,206
10.48407,207
10.4801,208
10.47795,209
10.46333,210
10.45912,211
10.42292,212
10.41186,213
10.40166,214
10.37627,215
10.372530000000001,216
10.35625,217
10.35539,218
10.34782,219
10.326979999999999,220
10.32408,221
10.27014,222
10.208860000000001,223
10.19767,224
10.195620000000002,225
10.15592,226
10.15416,227
10.149479999999999,228
10.0964,229
10.073879999999999,230
10.07024,231
10.0492,232
10.031690000000001,233
10.02725,234
10.01975,235
9.9831,236
9.97479,237
9.96602,238
9.96587,239
9.95983,240
9.947989999999999,241
9.93976,242
9.93943,243
9.93468,244
9.919690000000001,245
9.901729999999999,246
9.89364,247
9.88165,248
9.86853,249
9.86495,250
9.86005,251
9.849680000000001,252
9.84469,253
9.84454,254
9.81817,255
9.804829999999999,256
9.804530000000002,257
9.78571,258
9.77422,259
9.75006,260
9.734459999999999,261
9.73274,262
9.71878,263
9.70332,264
9.702440000000001,265
9.69073,266
9.68933,267
9.68423,268
9.68413,269
9.67392,270
9.66817,271
9.66275,272
9.62646,273
9.60916,274
9.60884,275
9.60184,276
9.57562,277
9.5534,278
9.549059999999999,279
9.54335,280
9.50309,281
9.48717,282
9.480979999999999,283
9.470450000000001,284
9.46993,285
9.46907,286
9.468219999999999,287
9.457360000000001,288
9.40808,289
9.394620000000002,290
9.34797,291
9.338149999999999,292
9.33071,293
9.312389999999999,294
9.307739999999999,295
9.299959999999999,296
9.29755,297
9.294889999999999,298
9.2895,299
9.273,300
9.254959999999999,301
9.23628,302
9.23498,303
9.2189,304
9.208200000000001,305
9.19895,306
9.196209999999999,307
9.19219,308
9.18615,309
9.18266,310
9.18056,311
9.18019,312
9.17651,313
9.170459999999999,314
9.15845,315
9.153469999999999,316
9.150709999999998,317
9.14622,318
9.135290000000001,319
9.12659,320
9.122,321
9.115459999999999,322
9.10158,323
9.0816,324
9.0692,325
9.04875,326
9.04832,327
9.04627,328
9.04451,329
9.04323,330
9.041889999999999,331
9.01561,332
9.013729999999999,333
9.01015,334
8.990350000000001,335
8.98386,336
8.97316,337
8.972940000000001,338
8.969430000000001,339
8.957840000000001,340
8.92948,341
8.92614,342
8.91517,343
8.90667,344
8.900079999999999,345
8.89931,346
8.89639,347
8.885209999999999,348
8.88077,349
8.87493,350
8.860040000000001,351
8.84565,352
8.84552,353
8.84004,354
8.83552,355
8.806899999999999,356
8.803450000000002,357
8.79892,358
8.795020000000001,359
8.78069,360
8.77917,361
8.76348,362
8.757190000000001,363
8.75475,364
8.748149999999999,365
8.732059999999999,366
8.72308,367
8.7211,368
8.71126,369
8.70003,370
8.68516,371
8.67858,372
8.65812,373
8.641440000000001,374
8.63501,375
8.6265,376
8.62591,377
8.61593,378
8.61195,379
8.60943,380
8.60129,381
8.58854,382
8.57761,383
8.57757,384
8.57379,385
8.57064,386
8.5701,387
8.56973,388
8.56339,389
8.55669,390
8.551290000000002,391
8.54655,392
8.52985,393
8.52186,394
8.51863,395
8.51798,396
8.51521,397
8.514280000000001,398
8.50924,399
8.48593,400
8.483270000000001,401
8.48194,402
8.47316,403
8.461079999999999,404
8.456040000000002,405
8.443629999999999,406
8.438120000000001,407
8.43509,408
8.43376,409
8.433399999999999,410
8.43275,411
8.42192,412
8.42125,413
8.41297,414
8.40827,415
8.40077,416
8.38836,417
8.386299999999999,418
8.375950000000001,419
8.3701,420
8.34886,421
8.34474,422
8.34066,423
8.34054,424
8.32685,425
8.32317,426
8.320229999999999,427
8.31796,428
8.316780000000001,429
8.31677,430
8.30806,431
8.29596,432
8.288260000000001,433
8.28723,434
8.28642,435
8.26488,436
8.26418,437
8.258809999999999,438
8.24208,439
8.22817,440
8.20585,441
8.1944,442
8.18464,443
8.181329999999999,444
8.18056,445
8.17341,446
8.17137,447
8.15093,448
8.14473,449
8.14255,450
8.142479999999999,451
8.13364,452
8.12599,453
8.12192,454
8.11263,455
8.1121,456
8.11047,457
8.1009,458
8.09567,459
8.09042,460
8.08309,461
8.075520000000001,462
8.07034,463
8.06557,464
8.05846,465
8.058069999999999,466
8.05782,467
8.04457,468
8.0365,469
8.03548,470
8.035350000000001,471
8.026390000000001,472
8.02038,473
8.01388,474
8.013770000000001,475
7.98751,476
7.96976,477
7.96916,478
7.96899,479
7.966399999999999,480
7.9609499999999995,481
7.95494,482
7.94864,483
7.94772,484
7.9473400000000005,485
7.94682,486
7.94681,487
7.9371599999999995,488
7.92882,489
7.92668,490
7.921189999999999,491
7.92099,492
7.92039,493
7.92024,494
7.91679,495
7.91626,496
7.91486,497
7.910939999999999,498
7.905600000000001,499
7.8966400000000005,500
7.89654,501
7.89646,502
7.88692,503
7.88641,504
7.88603,505
7.88528,506
7.87561,507
7.8644099999999995,508
7.858359999999999,509
7.85804,510
7.853140000000001,511
7.85215,512
7.84966,513
7.84312,514
7.842020000000001,515
7.839600000000001,516
7.8375699999999995,517
7.83633,518
7.83593,519
7.82287,520
7.81529,521
7.814,522
7.807,523
7.8057,524
7.8013900000000005,525
7.80108,526
7.800800000000001,527
7.79496,528
7.7925,529
7.7705,530
7.76504,531
7.762020000000001,532
7.75169,533
7.7492600000000005,534
7.74688,535
7.74599,536
7.74392,537
7.73896,538
7.73775,539
7.71432,540
7.70701,541
7.70343,542
7.6989399999999995,543
7.69477,544
7.68862,545
7.67888,546
7.67802,547
7.67738,548
7.6763699999999995,549
7.64879,550
7.63491,551
7.62883,552
7.6228,553
7.620340000000001,554
7.62003,555
7.6180699999999995,556
7.61611,557
7.61568,558
7.60308,559
7.59174,560
7.59082,561
7.58455,562
7.5804,563
7.57961,564
7.575189999999999,565
7.5716,566
7.56005,567
7.55887,568
7.55409,569
7.55285,570
7.54908,571
7.53349,572
7.53235,573
7.53207,574
7.51762,575
7.51225,576
7.50645,577
7.4938,578
7.488449999999999,579
7.4874600000000004,580
7.48621,581
7.4836599999999995,582
7.4817,583
7.47128,584
7.46582,585
7.45471,586
7.44575,587
7.44491,588
7.44382,589
7.43637,590
7.43396,591
7.42645,592
7.41196,593
7.4089,594
7.40623,595
7.40289,596
7.39265,597
7.39181,598
7.38488,599
7.3847,600
7.37592,601
7.3724099999999995,602
7.35733,603
7.3506800000000005,604
7.34747,605
7.3463,606
7.3451,607
7.34305,608
7.33384,609
7.33182,610
7.33016,611
7.3272200000000005,612
7.31939,613
7.3158900000000004,614
7.30984,615
7.30668,616
7.29732,617
7.29547,618
7.29071,619
7.28599,620
7.2848999999999995,621
7.28439,622
7.277189999999999,623
7.274439999999999,624
7.266520000000001,625
7.26175,626
7.24838,627
7.24638,628
7.2399700000000005,629
7.22872,630
7.21597,631
7.21101,632
7.21051,633
7.20458,634
7.1916400000000005,635
7.17449,636
7.17169,637
7.17104,638
7.16259,639
7.160159999999999,640
7.15687,641
7.1523900000000005,642
7.13468,643
7.13231,644
7.1319300000000005,645
7.1218,646
7.12126,647
7.12068,648
7.11769,649
7.11667,650
7.11182,651
7.10805,652
7.10248,653
7.1004700000000005,654
7.07625,655
7.0706999999999995,656
7.06919,657
7.06598,658
7.06342,659
7.06074,660
7.0363299999999995,661
7.03512,662
7.03427,663
7.03112,664
7.03057,665
7.01983,666
7.0105699999999995,667
7.01034,668
7.00967,669
7.00854,670
7.007,671
6.99358,672
6.98937,673
6.98496,674
6.98331,675
6.97658,676
6.9749,677
6.96425,678
6.96274,679
6.95808,680
6.93618,681
6.89462,682
6.8935900000000006,683
6.88437,684
6.88025,685
6.87895,686
6.866899999999999,687
6.864949999999999,688
6.86391,689
6.8635,690
6.8606300000000005,691
6.85405,692
6.84782,693
6.84088,694
6.83712,695
6.83591,696
6.83115,697
6.8283000000000005,698
6.82662,699
6.82585,700
6.80705,701
6.80628,702
6.802770000000001,703
6.79577,704
6.79444,705
6.7908,706
6.789560000000001,707
6.78729,708
6.776770000000001,709
6.769100000000001,710
6.755859999999999,711
6.7538,712
6.752470000000001,713
6.74495,714
6.74266,715
6.73334,716
6.73285,717
6.73167,718
6.7283,719
6.71819,720
6.71614,721
6.705970000000001,722
6.70196,723
6.694439999999999,724
6.68283,725
6.68104,726
6.6788,727
6.66952,728
6.66567,729
6.66484,730
6.66277,731
6.6595699999999995,732
6.647060000000001,733
6.6431000000000004,734
6.63727,735
6.63209,736
6.63073,737
6.62775,738
6.61504,739
6.60696,740
6.58899,741
6.571899999999999,742
6.55968,743
6.555140000000001,744
6.55382,745
6.55011,746
6.54464,747
6.54111,748
6.54017,749
6.53738,750
6.53209,751
6.51188,752
6.50533,753
6.503439999999999,754
6.49387,755
6.46656,756
6.461390000000001,757
6.45546,758
6.44822,759
6.44197,760
6.44037,761
6.43798,762
6.43478,763
6.429180000000001,764
6.42821,765
6.41398,766
6.4044,767
6.39753,768
6.390689999999999,769
6.3884799999999995,770
6.38784,771
6.38324,772
6.37596,773
6.37348,774
6.36601,775
6.35221,776
6.34983,777
6.34469,778
6.32886,779
6.32099,780
6.31992,781
6.31829,782
6.313140000000001,783
6.310020000000001,784
6.300890000000001,785
6.29829,786
6.29809,787
6.29515,788
6.28891,789
6.28822,790
6.274430000000001,791
6.27042,792
6.265560000000001,793
6.2628699999999995,794
6.256810000000001,795
6.25374,796
6.23896,797
6.2323699999999995,798
6.226319999999999,799
6.22572,800
6.22304,801
6.22244,802
6.2221400000000004,803
6.2155,804
6.2056000000000004,805
6.204890000000001,806
6.19973,807
6.198060000000001,808
6.19651,809
6.193890000000001,810
6.189640000000001,811
6.1867600000000005,812
6.18584,813
6.17902,814
6.17875,815
6.17196,816
6.16818,817
6.16775,818
6.15376,819
6.14809,820
6.14477,821
6.14307,822
6.12845,823
6.12689,824
6.11854,825
6.118,826
6.11643,827
6.10929,828
6.0937600000000005,829
6.0929899999999995,830
6.09296,831
6.07004,832
6.06956,833
6.0623000000000005,834
6.06052,835
6.05909,836
6.057060000000001,837
6.04924,838
6.02818,839
6.027340000000001,840
6.0240100000000005,841
6.023140000000001,842
6.0206,843
6.0198,844
6.01809,845
6.0180299999999995,846
6.01604,847
5.994020000000001,848
5.98391,849
5.97118,850
5.96554,851
5.96433,852
5.964300000000001,853
5.95755,854
5.95263,855
5.94847,856
5.94775,857
5.94263,858
5.93796,859
5.92878,860
5.9287399999999995,861
5.92147,862
5.917260000000001,863
5.91513,864
5.91078,865
5.90735,866
5.90597,867
5.89151,868
5.88361,869
5.87397,870
5.86325,871
5.85496,872
5.85461,873
5.8532399999999996,874
5.8504499999999995,875
5.84807,876
5.8378000000000005,877
5.83746,878
5.83572,879
5.82907,880
5.82686,881
5.82367,882
5.82325,883
5.8186800000000005,884
5.81009,885
5.79905,886
5.79631,887
5.79443,888
5.79329,889
5.7895,890
5.789479999999999,891
5.78445,892
5.78012,893
5.7794300000000005,894
5.77849,895
5.76723,896
5.75762,897
5.75241,898
5.745310000000001,899
5.743270000000001,900
5.74181,901
5.73741,902
5.72602,903
5.722090000000001,904
5.70814,905
5.70728,906
5.702859999999999,907
5.67887,908
5.67807,909
5.6777299999999995,910
5.66872,911
5.65999,912
5.65812,913
5.65112,914
5.6369,915
5.63532,916
5.63122,917
5.629149999999999,918
5.62561,919
5.61745,920
5.6102,921
5.60832,922
5.60679,923
5.60279,924
5.59658,925
5.594600000000001,926
5.59121,927
5.588010000000001,928
5.58696,929
5.58561,930
5.5774799999999995,931
5.5738,932
5.56928,933
5.56893,934
5.555020000000001,935
5.55444,936
5.55029,937
5.54905,938
5.54322,939
5.539020000000001,940
5.5385,941
5.53367,942
5.532229999999999,943
5.51861,944
5.51605,945
5.513319999999999,946
5.50504,947
5.5029200000000005,948
5.499890000000001,949
5.4974099999999995,950
5.493060000000001,951
5.492310000000001,952
5.49146,953
5.4829,954
5.47987,955
5.4763,956
5.46063,957
5.45867,958
5.45085,959
5.449140000000001,960
5.44618,961
5.42254,962
5.42201,963
5.41009,964
5.39747,965
5.39141,966
5.37946,967
5.3768,968
5.37345,969
5.36601,970
5.364319999999999,971
5.35708,972
5.35549,973
5.35453,974
5.35409,975
5.35148,976
5.34522,977
5.3442799999999995,978
5.32585,979
5.31733,980
5.316409999999999,981
5.30935,982
5.309060000000001,983
5.3078199999999995,984
5.30246,985
5.298649999999999,986
5.29539,987
5.2787299999999995,988
5.2743400000000005,989
5.27406,990
5.2682,991
5.2662700000000005,992
5.25859,993
5.25542,994
5.25423,995
5.238989999999999,996
5.238359999999999,997
5.23475,998
5.23358,999
5.23076,1000
5.2265299999999995,1001
5.22464,1002
5.217239999999999,1003
5.21488,1004
5.214840000000001,1005
5.210529999999999,1006
5.20994,1007
5.20341,1008
5.20185,1009
5.19958,1010
5.19834,1011
5.192159999999999,1012
5.19075,1013
5.1900699999999995,1014
5.177239999999999,1015
5.1771199999999995,1016
5.1761800000000004,1017
5.17426,1018
5.16281,1019
5.1586300000000005,1020
5.158510000000001,1021
5.15508,1022
5.1487,1023
5.13784,1024
5.13672,1025
5.1330100000000005,1026
5.13206,1027
5.1295399999999995,1028
5.1246599999999995,1029
5.12267,1030
5.119260000000001,1031
5.11112,1032
5.099069999999999,1033
5.09176,1034
5.0898699999999995,1035
5.08915,1036
5.088550000000001,1037
5.08009,1038
5.07726,1039
5.06996,1040
5.06801,1041
5.06469,1042
5.05984,1043
5.05527,1044
5.0376199999999995,1045
5.03338,1046
5.02963,1047
5.023479999999999,1048
5.02307,1049
5.021310000000001,1050
5.01251,1051
5.01125,1052
5.00788,1053
4.99621,1054
4.99558,1055
4.9896400000000005,1056
4.98564,1057
4.98122,1058
4.97899,1059
4.97879,1060
4.9780299999999995,1061
4.970680000000001,1062
4.9509,1063
4.94803,1064
4.94212,1065
4.94212,1066
4.93504,1067
4.93039,1068
4.9261800000000004,1069
4.9248400000000006,1070
4.924390000000001,1071
4.92028,1072
4.91815,1073
4.90491,1074
4.9045,1075
4.90041,1076
4.89649,1077
4.89579,1078
4.894340000000001,1079
4.88084,1080
4.8732299999999995,1081
4.87075,1082
4.86057,1083
4.856949999999999,1084
4.85371,1085
4.84845,1086
4.84614,1087
4.844,1088
4.83804,1089
4.82945,1090
4.82627,1091
4.8235600000000005,1092
4.81717,1093
4.81515,1094
4.809729999999999,1095
4.8028699999999995,1096
4.79501,1097
4.794029999999999,1098
4.78958,1099
4.77804,1100
4.76074,1101
4.75859,1102
4.7534,1103
4.7463,1104
4.7403,1105
4.73505,1106
4.73488,1107
4.73313,1108
4.727930000000001,1109
4.72583,1110
4.71818,1111
4.702439999999999,1112
4.69751,1113
4.69694,1114
4.6937,1115
4.67909,1116
4.67904,1117
4.67415,1118
4.66502,1119
4.66192,1120
4.64956,1121
4.64858,1122
4.64783,1123
4.64362,1124
4.62385,1125
4.61911,1126
4.61477,1127
4.60805,1128
4.605390000000001,1129
4.60229,1130
4.60223,1131
4.59856,1132
4.59846,1133
4.582199999999999,1134
4.57683,1135
4.57587,1136
4.57256,1137
4.57145,1138
4.566470000000001,1139
4.56346,1140
4.56231,1141
4.55887,1142
4.5486,1143
4.5355799999999995,1144
4.53149,1145
4.52568,1146
4.5251,1147
4.5209399999999995,1148
4.5138,1149
4.50754,1150
4.50589,1151
4.497310000000001,1152
4.4916599999999995,1153
4.48639,1154
4.48277,1155
4.47873,1156
4.47204,1157
4.47067,1158
4.46976,1159
4.4600100000000005,1160
4.45843,1161
4.449229999999999,1162
4.4456999999999995,1163
4.44163,1164
4.4392,1165
4.435350000000001,1166
4.43474,1167
4.42908,1168
4.42298,1169
4.41761,1170
4.41624,1171
4.414140000000001,1172
4.40976,1173
4.407439999999999,1174
4.4064,1175
4.39651,1176
4.388979999999999,1177
4.38132,1178
4.38047,1179
4.37462,1180
4.36653,1181
4.365489999999999,1182
4.346439999999999,1183
4.34035,1184
4.33749,1185
4.33616,1186
4.33331,1187
4.32908,1188
4.31989,1189
4.30555,1190
4.29704,1191
4.29105,1192
4.2825,1193
4.28097,1194
4.27849,1195
4.2783,1196
4.2773699999999995,1197
4.27446,1198
4.27125,1199
4.27065,1200
4.268560000000001,1201
4.26231,1202
4.25584,1203
4.250640000000001,1204
4.24824,1205
4.2453,1206
4.242649999999999,1207
4.235930000000001,1208
4.22975,1209
4.225149999999999,1210
4.22338,1211
4.220899999999999,1212
4.21696,1213
4.215439999999999,1214
4.19482,1215
4.1923900000000005,1216
4.19202,1217
4.18854,1218
4.1845799999999995,1219
4.1812,1220
4.1777299999999995,1221
4.1776599999999995,1222
4.16983,1223
4.16975,1224
4.16916,1225
4.1676,1226
4.15822,1227
4.14205,1228
4.14121,1229
4.12519,1230
4.11546,1231
4.11384,1232
4.11165,1233
4.10908,1234
4.10063,1235
4.08844,1236
4.08598,1237
4.08493,1238
4.08455,1239
4.08319,1240
4.07935,1241
4.07726,1242
4.06977,1243
4.06689,1244
4.06037,1245
4.05999,1246
4.05736,1247
4.05518,1248
4.05254,1249
4.05009,1250
4.04904,1251
4.0427,1252
4.03556,1253
4.03448,1254
4.03104,1255
4.02801,1256
4.01661,1257
4.01474,1258
4.003760000000001,1259
3.9996300000000002,1260
3.9983299999999997,1261
3.99107,1262
3.9900900000000004,1263
3.98656,1264
3.9863899999999997,1265
3.97778,1266
3.96851,1267
3.96705,1268
3.9621999999999997,1269
3.96104,1270
3.95819,1271
3.95582,1272
3.95099,1273
3.939,1274
3.93202,1275
3.93196,1276
3.92324,1277
3.91861,1278
3.91651,1279
3.9057,1280
3.9049099999999997,1281
3.88692,1282
3.88602,1283
3.88103,1284
3.87981,1285
3.86971,1286
3.86799,1287
3.86774,1288
3.86543,1289
3.86304,1290
3.86089,1291
3.86077,1292
3.8575999999999997,1293
3.8554299999999997,1294
3.85428,1295
3.85404,1296
3.85373,1297
3.84064,1298
3.84047,1299
3.83969,1300
3.83946,1301
3.8348299999999997,1302
3.82881,1303
3.8288,1304
3.8247600000000004,1305
3.80918,1306
3.8087,1307
3.8081199999999997,1308
3.80505,1309
3.80206,1310
3.7995,1311
3.79538,1312
3.7913699999999997,1313
3.7909499999999996,1314
3.78939,1315
3.7869699999999997,1316
3.78517,1317
3.78426,1318
3.7747800000000002,1319
3.77408,1320
3.7720100000000003,1321
3.7709,1322
3.76672,1323
3.75609,1324
3.7531999999999996,1325
3.75181,1326
3.74768,1327
3.73352,1328
3.73082,1329
3.7272,1330
3.7242100000000002,1331
3.71467,1332
3.71462,1333
3.71311,1334
3.71292,1335
3.71219,1336
3.70986,1337
3.7015599999999997,1338
3.7011999999999996,1339
3.69414,1340
3.69204,1341
3.69039,1342
3.69036,1343
3.67633,1344
3.66845,1345
3.66774,1346
3.66292,1347
3.65768,1348
3.6553400000000003,1349
3.6539800000000002,1350
3.6508000000000003,1351
3.6502600000000003,1352
3.64573,1353
3.64174,1354
3.63989,1355
3.6339,1356
3.63051,1357
3.6283499999999997,1358
3.62585,1359
3.62112,1360
3.62093,1361
3.61776,1362
3.6160900000000002,1363
3.61469,1364
3.6115500000000003,1365
3.6082899999999998,1366
3.6074699999999997,1367
3.6052600000000004,1368
3.60524,1369
3.60492,1370
3.6022,1371
3.6020700000000003,1372
3.60161,1373
3.59628,1374
3.59625,1375
3.5821300000000003,1376
3.57967,1377
3.57517,1378
3.56981,1379
3.56689,1380
3.5643000000000002,1381
3.56399,1382
3.5383400000000003,1383
3.52401,1384
3.52216,1385
3.5221,1386
3.51884,1387
3.5155700000000003,1388
3.51283,1389
3.51199,1390
3.49837,1391
3.49673,1392
3.49069,1393
3.4901,1394
3.4900900000000004,1395
3.48884,1396
3.48589,1397
3.4846500000000002,1398
3.4764299999999997,1399
3.46954,1400
3.46617,1401
3.46579,1402
3.46552,1403
3.4613,1404
3.4599699999999998,1405
3.4566500000000002,1406
3.45439,1407
3.45213,1408
3.45185,1409
3.44787,1410
3.4470300000000003,1411
3.4434099999999996,1412
3.44183,1413
3.44033,1414
3.43893,1415
3.4378699999999998,1416
3.43671,1417
3.4353200000000004,1418
3.4349499999999997,1419
3.42802,1420
3.4277100000000003,1421
3.40774,1422
3.40728,1423
3.40598,1424
3.40394,1425
3.4038600000000003,1426
3.40307,1427
3.4030500000000004,1428
3.40175,1429
3.40167,1430
3.40125,1431
3.40125,1432
3.4004899999999996,1433
3.3906199999999997,1434
3.38688,1435
3.3836500000000003,1436
3.37845,1437
3.3771,1438
3.3743000000000003,1439
3.37385,1440
3.3690900000000004,1441
3.36568,1442
3.36464,1443
3.3610900000000004,1444
3.35873,1445
3.35178,1446
3.35076,1447
3.34313,1448
3.34091,1449
3.3396500000000002,1450
3.33885,1451
3.33678,1452
3.33506,1453
3.33009,1454
3.32804,1455
3.3259499999999997,1456
3.32122,1457
3.30829,1458
3.30816,1459
3.29452,1460
3.28538,1461
3.27702,1462
3.27515,1463
3.27109,1464
3.27029,1465
3.26982,1466
3.2580999999999998,1467
3.25313,1468
3.25063,1469
3.24747,1470
3.24612,1471
3.23307,1472
3.2324699999999997,1473
3.2277,1474
3.2164099999999998,1475
3.21573,1476
3.2103099999999998,1477
3.20958,1478
3.2087600000000003,1479
3.20603,1480
3.20552,1481
3.19702,1482
3.19664,1483
3.19654,1484
3.19473,1485
3.1924699999999997,1486
3.19132,1487
3.18921,1488
3.18175,1489
3.17613,1490
3.17413,1491
3.17398,1492
3.17023,1493
3.1641500000000002,1494
3.15861,1495
3.1573200000000003,1496
3.15617,1497
3.1494400000000002,1498
3.14918,1499
3.14434,1500
3.14308,1501
3.14286,1502
3.14225,1503
3.1403499999999998,1504
3.13938,1505
3.1323000000000003,1506
3.1306599999999998,1507
3.11959,1508
3.11573,1509
3.11402,1510
3.1074200000000003,1511
3.10644,1512
3.1056399999999997,1513
3.10563,1514
3.1023899999999998,1515
3.10128,1516
3.0966199999999997,1517
3.08172,1518
3.07991,1519
3.07944,1520
3.0767800000000003,1521
3.07404,1522
3.0654,1523
3.06359,1524
3.05721,1525
3.05571,1526
3.0477399999999997,1527
3.04294,1528
3.03902,1529
3.03781,1530
3.03755,1531
3.0324400000000002,1532
3.03046,1533
3.02888,1534
3.02576,1535
3.0173400000000004,1536
3.01519,1537
3.01289,1538
3.00527,1539
2.99996,1540
2.99507,1541
2.99309,1542
2.98584,1543
2.98401,1544
2.98307,1545
2.9779299999999997,1546
2.9769099999999997,1547
2.97673,1548
2.97566,1549
2.97419,1550
2.9735300000000002,1551
2.96916,1552
2.9662800000000002,1553
2.95826,1554
2.95623,1555
2.95381,1556
2.9465,1557
2.94264,1558
2.93039,1559
2.9240500000000003,1560
2.9232,1561
2.92275,1562
2.9221500000000002,1563
2.9097600000000003,1564
2.90656,1565
2.90425,1566
2.90414,1567
2.89402,1568
2.87865,1569
2.8769400000000003,1570
2.87571,1571
2.87094,1572
2.87072,1573
2.8606100000000003,1574
2.85971,1575
2.85925,1576
2.85654,1577
2.8558000000000003,1578
2.85183,1579
2.84161,1580
2.84106,1581
2.8401799999999997,1582
2.83875,1583
2.83731,1584
2.82637,1585
2.82513,1586
2.82394,1587
2.82207,1588
2.8172800000000002,1589
2.81512,1590
2.81486,1591
2.81071,1592
2.7992199999999996,1593
2.7945,1594
2.79175,1595
2.78998,1596
2.78926,1597
2.78721,1598
2.78491,1599
2.78367,1600
2.78288,1601
2.78143,1602
2.7813000000000003,1603
2.7809299999999997,1604
2.7808200000000003,1605
2.77616,1606
2.77313,1607
2.77216,1608
2.75663,1609
2.75428,1610
2.75354,1611
2.75152,1612
2.74764,1613
2.74323,1614
2.7426999999999997,1615
2.7417,1616
2.73942,1617
2.7389200000000002,1618
2.73213,1619
2.72515,1620
2.7212199999999998,1621
2.71851,1622
2.7131,1623
2.71218,1624
2.70548,1625
2.70234,1626
2.70228,1627
2.70075,1628
2.70006,1629
2.69991,1630
2.6996599999999997,1631
2.6994499999999997,1632
2.69823,1633
2.69185,1634
2.69,1635
2.68215,1636
2.6809600000000002,1637
2.67254,1638
2.6670599999999998,1639
2.66615,1640
2.66529,1641
2.6623699999999997,1642
2.66136,1643
2.65619,1644
2.65514,1645
2.6514699999999998,1646
2.65138,1647
2.64988,1648
2.64698,1649
2.64577,1650
2.64424,1651
2.64134,1652
2.63553,1653
2.6180100000000004,1654
2.6123499999999997,1655
2.6023899999999998,1656
2.58994,1657
2.5815,1658
2.57966,1659
2.57829,1660
2.57431,1661
2.57333,1662
2.5715700000000004,1663
2.5704000000000002,1664
2.56641,1665
2.565,1666
2.55064,1667
2.54864,1668
2.53594,1669
2.53531,1670
2.53336,1671
2.53274,1672
2.53242,1673
2.53194,1674
2.5310300000000003,1675
2.53017,1676
2.52978,1677
2.5277800000000004,1678
2.51853,1679
2.51703,1680
2.5146599999999997,1681
2.5097899999999997,1682
2.50398,1683
2.50382,1684
2.5035700000000003,1685
2.50214,1686
2.50072,1687
2.48455,1688
2.47352,1689
2.4723699999999997,1690
2.47201,1691
2.45668,1692
2.4416599999999997,1693
2.4409899999999998,1694
2.43909,1695
2.43651,1696
2.43418,1697
2.43196,1698
2.43101,1699
2.42938,1700
2.42393,1701
2.41693,1702
2.4151,1703
2.4149499999999997,1704
2.4116,1705
2.40758,1706
2.40366,1707
2.40357,1708
2.40153,1709
2.4012800000000003,1710
2.39935,1711
2.39684,1712
2.39364,1713
2.3906199999999997,1714
2.38384,1715
2.38152,1716
2.37933,1717
2.3789000000000002,1718
2.37502,1719
2.37417,1720
2.37121,1721
2.37015,1722
2.36938,1723
2.3688200000000004,1724
2.36808,1725
2.36704,1726
2.36029,1727
2.35912,1728
2.35769,1729
2.35542,1730
2.351,1731
2.3497600000000003,1732
2.34519,1733
2.3445300000000002,1734
2.34406,1735
2.3386,1736
2.33719,1737
2.3340300000000003,1738
2.33101,1739
2.3296,1740
2.32682,1741
2.31748,1742
2.31746,1743
2.31455,1744
2.3138,1745
2.30708,1746
2.3065,1747
2.30377,1748
2.30352,1749
2.2969,1750
2.29659,1751
2.2902199999999997,1752
2.28938,1753
2.28683,1754
2.28124,1755
2.27808,1756
2.2650900000000003,1757
2.2584299999999997,1758
2.25061,1759
2.25036,1760
2.24758,1761
2.2463800000000003,1762
2.2437300000000002,1763
2.24107,1764
2.24097,1765
2.23442,1766
2.23224,1767
2.2260500000000003,1768
2.22381,1769
2.21974,1770
2.21767,1771
2.21481,1772
2.21042,1773
2.1944899999999996,1774
2.1898400000000002,1775
2.1734899999999997,1776
2.1716100000000003,1777
2.1702600000000003,1778
2.16593,1779
2.16188,1780
2.16064,1781
2.15978,1782
2.15734,1783
2.1563000000000003,1784
2.1557399999999998,1785
2.15314,1786
2.15304,1787
2.1502600000000003,1788
2.1487800000000004,1789
2.14686,1790
2.14223,1791
2.1335300000000004,1792
2.13029,1793
2.12873,1794
2.12729,1795
2.12392,1796
2.12027,1797
2.11936,1798
2.11279,1799
2.10987,1800
2.10579,1801
2.10113,1802
2.10085,1803
2.0997,1804
2.09653,1805
2.09577,1806
2.08934,1807
2.08854,1808
2.08518,1809
2.0849699999999998,1810
2.08488,1811
2.0835,1812
2.08133,1813
2.08052,1814
2.08038,1815
2.07591,1816
2.0745999999999998,1817
2.0725100000000003,1818
2.07145,1819
2.06496,1820
2.06485,1821
2.05524,1822
2.05172,1823
2.05068,1824
2.0504499999999997,1825
2.04984,1826
2.04587,1827
2.04497,1828
2.04341,1829
2.04216,1830
2.03903,1831
2.03695,1832
2.03183,1833
2.03179,1834
2.03148,1835
2.0311600000000003,1836
2.02592,1837
2.0217,1838
2.0211099999999997,1839
2.01873,1840
2.01526,1841
2.01461,1842
2.01415,1843
2.0112,1844
2.00883,1845
2.00693,1846
2.00475,1847
2.00089,1848
2.00089,1849
1.99969,1850
1.99926,1851
1.9977,1852
1.99762,1853
1.99266,1854
1.9889000000000001,1855
1.98887,1856
1.98644,1857
1.98622,1858
1.98546,1859
1.98271,1860
1.9792100000000001,1861
1.97421,1862
1.9648299999999999,1863
1.9613699999999998,1864
1.9611500000000002,1865
1.95927,1866
1.9578499999999999,1867
1.9548299999999998,1868
1.94181,1869
1.93765,1870
1.93052,1871
1.92676,1872
1.92269,1873
1.92254,1874
1.921,1875
1.9125999999999999,1876
1.90798,1877
1.90252,1878
1.89925,1879
1.89699,1880
1.89653,1881
1.8948399999999999,1882
1.89226,1883
1.8888099999999999,1884
1.88733,1885
1.88114,1886
1.87629,1887
1.87124,1888
1.87049,1889
1.87011,1890
1.8687799999999999,1891
1.8675599999999999,1892
1.8605099999999999,1893
1.85745,1894
1.8544200000000002,1895
1.85429,1896
1.85384,1897
1.85052,1898
1.84924,1899
1.84538,1900
1.84226,1901
1.84036,1902
1.83972,1903
1.83852,1904
1.83566,1905
1.8351600000000001,1906
1.8311300000000001,1907
1.8296,1908
1.82925,1909
1.82878,1910
1.82209,1911
1.82176,1912
1.82111,1913
1.8175,1914
1.80891,1915
1.8074400000000002,1916
1.80697,1917
1.80601,1918
1.8018599999999998,1919
1.8012000000000001,1920
1.80013,1921
1.79851,1922
1.79668,1923
1.79648,1924
1.79299,1925
1.78624,1926
1.78555,1927
1.78484,1928
1.7847,1929
1.77431,1930
1.77115,1931
1.76942,1932
1.76634,1933
1.7655699999999999,1934
1.7639500000000001,1935
1.7603900000000001,1936
1.75332,1937
1.7524000000000002,1938
1.74827,1939
1.74728,1940
1.74724,1941
1.7427000000000001,1942
1.74061,1943
1.7385599999999999,1944
1.7365899999999999,1945
1.72772,1946
1.7269,1947
1.72461,1948
1.72053,1949
1.7141300000000002,1950
1.6971500000000002,1951
1.6962000000000002,1952
1.69229,1953
1.6919600000000001,1954
1.68497,1955
1.6815,1956
1.67991,1957
1.67756,1958
1.67416,1959
1.67187,1960
1.66992,1961
1.66898,1962
1.66189,1963
1.66117,1964
1.65269,1965
1.65165,1966
1.64625,1967
1.6350799999999999,1968
1.62595,1969
1.62333,1970
1.61915,1971
1.61855,1972
1.6170799999999999,1973
1.6143800000000001,1974
1.6098800000000002,1975
1.60827,1976
1.60672,1977
1.60432,1978
1.604,1979
1.60389,1980
1.6035899999999998,1981
1.59044,1982
1.58946,1983
1.58765,1984
1.58751,1985
1.5858800000000002,1986
1.58259,1987
1.57907,1988
1.57641,1989
1.57616,1990
1.57543,1991
1.57511,1992
1.57377,1993
1.57079,1994
1.57033,1995
1.56871,1996
1.56792,1997
1.56656,1998
1.56163,1999
1.56026,2000
1.55702,2001
1.5540699999999998,2002
1.5505,2003
1.54809,2004
1.54644,2005
1.54422,2006
1.54265,2007
1.5365199999999999,2008
1.53619,2009
1.5361300000000002,2010
1.53175,2011
1.5313299999999999,2012
1.53072,2013
1.5295,2014
1.5283699999999998,2015
1.5268,2016
1.5247899999999999,2017
1.52256,2018
1.5201300000000002,2019
1.52007,2020
1.51947,2021
1.51919,2022
1.51829,2023
1.51671,2024
1.50847,2025
1.5068800000000002,2026
1.5039200000000001,2027
1.4990999999999999,2028
1.49752,2029
1.49313,2030
1.49295,2031
1.48976,2032
1.48872,2033
1.4853800000000001,2034
1.48438,2035
1.48425,2036
1.48202,2037
1.47526,2038
1.47418,2039
1.47123,2040
1.46657,2041
1.46575,2042
1.4649400000000001,2043
1.46302,2044
1.462,2045
1.4616900000000002,2046
1.45924,2047
1.4579300000000002,2048
1.45768,2049
1.45421,2050
1.44866,2051
1.44512,2052
1.4436099999999998,2053
1.44346,2054
1.4427699999999999,2055
1.4390999999999998,2056
1.43899,2057
1.4383599999999999,2058
1.43804,2059
1.4373900000000002,2060
1.43668,2061
1.43239,2062
1.43173,2063
1.4273,2064
1.42536,2065
1.42424,2066
1.42153,2067
1.41324,2068
1.413,2069
1.41106,2070
1.41018,2071
1.4056300000000002,2072
1.40276,2073
1.4025699999999999,2074
1.39995,2075
1.39967,2076
1.39773,2077
1.39573,2078
1.3955199999999999,2079
1.3935,2080
1.38886,2081
1.3840599999999998,2082
1.38352,2083
1.38333,2084
1.38267,2085
1.38138,2086
1.38042,2087
1.3738599999999999,2088
1.37365,2089
1.37348,2090
1.3734600000000001,2091
1.3716300000000001,2092
1.36923,2093
1.36094,2094
1.3553499999999998,2095
1.3439,2096
1.34151,2097
1.33982,2098
1.33527,2099
1.33056,2100
1.33035,2101
1.32738,2102
1.32734,2103
1.3266600000000002,2104
1.32284,2105
1.32216,2106
1.32001,2107
1.31911,2108
1.3133,2109
1.30016,2110
1.29083,2111
1.2871,2112
1.28179,2113
1.27953,2114
1.27913,2115
1.2761,2116
1.27558,2117
1.27334,2118
1.26973,2119
1.26838,2120
1.26504,2121
1.26425,2122
1.26253,2123
1.25558,2124
1.2524000000000002,2125
1.25079,2126
1.25071,2127
1.2505,2128
1.25001,2129
1.2489700000000001,2130
1.2478900000000002,2131
1.2372999999999998,2132
1.23716,2133
1.23623,2134
1.23609,2135
1.2328800000000002,2136
1.23215,2137
1.2311400000000001,2138
1.22674,2139
1.22377,2140
1.22336,2141
1.22047,2142
1.21239,2143
1.21179,2144
1.2096,2145
1.20912,2146
1.2033699999999998,2147
1.19747,2148
1.19722,2149
1.19052,2150
1.1867,2151
1.18451,2152
1.18043,2153
1.17922,2154
1.17621,2155
1.16916,2156
1.16767,2157
1.1673399999999998,2158
1.16519,2159
1.1643800000000002,2160
1.15907,2161
1.14213,2162
1.14091,2163
1.13923,2164
1.13822,2165
1.13819,2166
1.1371900000000001,2167
1.13505,2168
1.12878,2169
1.12358,2170
1.1221700000000001,2171
1.11924,2172
1.1188,2173
1.11517,2174
1.11474,2175
1.11463,2176
1.1113,2177
1.1105399999999999,2178
1.10968,2179
1.10526,2180
1.10523,2181
1.10272,2182
1.09972,2183
1.09803,2184
1.09277,2185
1.0924,2186
1.0911600000000001,2187
1.08944,2188
1.08595,2189
1.08568,2190
1.0827,2191
1.0810899999999999,2192
1.07221,2193
1.07107,2194
1.0687200000000001,2195
1.06633,2196
1.06226,2197
1.06105,2198
1.0575999999999999,2199
1.0566900000000001,2200
1.05146,2201
1.0506,2202
1.04829,2203
1.04465,2204
1.04356,2205
1.04248,2206
1.0387899999999999,2207
1.03836,2208
1.0358,2209
1.03443,2210
1.02496,2211
1.0246300000000002,2212
1.02308,2213
1.02266,2214
1.01897,2215
1.01617,2216
1.01377,2217
1.01255,2218
1.00787,2219
1.0077,2220
1.00434,2221
1.00328,2222
1.00162,2223
0.99311,2224
0.99139,2225
0.98376,2226
0.98034,2227
0.9800599999999999,2228
0.97965,2229
0.97958,2230
0.97885,2231
0.97781,2232
0.97623,2233
0.9751299999999999,2234
0.9690700000000001,2235
0.96874,2236
0.96815,2237
0.9677899999999999,2238
0.96734,2239
0.96669,2240
0.96558,2241
0.96156,2242
0.95869,2243
0.9555800000000001,2244
0.9540700000000001,2245
0.9536,2246
0.95256,2247
0.94351,2248
0.9419500000000001,2249
0.94074,2250
0.93947,2251
0.93739,2252
0.9356599999999999,2253
0.9345399999999999,2254
0.93279,2255
0.92462,2256
0.9234199999999999,2257
0.92298,2258
0.92155,2259
0.9213300000000001,2260
0.9200499999999999,2261
0.92,2262
0.91702,2263
0.9168099999999999,2264
0.9115,2265
0.90264,2266
0.90052,2267
0.9002899999999999,2268
0.89966,2269
0.8973099999999999,2270
0.89634,2271
0.89235,2272
0.8906799999999999,2273
0.88719,2274
0.8853300000000001,2275
0.88405,2276
0.8765700000000001,2277
0.87549,2278
0.87251,2279
0.8715900000000001,2280
0.8683,2281
0.86825,2282
0.86664,2283
0.86303,2284
0.8550599999999999,2285
0.8513999999999999,2286
0.85097,2287
0.8509500000000001,2288
0.8502000000000001,2289
0.83494,2290
0.83475,2291
0.8329500000000001,2292
0.82223,2293
0.82174,2294
0.82148,2295
0.82141,2296
0.81997,2297
0.81445,2298
0.8111799999999999,2299
0.81116,2300
0.80937,2301
0.80667,2302
0.80622,2303
0.80387,2304
0.80322,2305
0.79798,2306
0.7934500000000001,2307
0.78687,2308
0.78301,2309
0.782,2310
0.781,2311
0.778,2312
0.7689199999999999,2313
0.76654,2314
0.76487,2315
0.75955,2316
0.7592899999999999,2317
0.75402,2318
0.7496799999999999,2319
0.74773,2320
0.74717,2321
0.74424,2322
0.73993,2323
0.7313999999999999,2324
0.7304299999999999,2325
0.72934,2326
0.72827,2327
0.72736,2328
0.7251000000000001,2329
0.71523,2330
0.71266,2331
0.7102200000000001,2332
0.7076,2333
0.707,2334
0.7032200000000001,2335
0.7017899999999999,2336
0.7002999999999999,2337
0.7000700000000001,2338
0.69945,2339
0.69878,2340
0.69794,2341
0.69626,2342
0.69497,2343
0.69351,2344
0.69323,2345
0.68899,2346
0.6889700000000001,2347
0.68779,2348
0.6874199999999999,2349
0.68402,2350
0.68238,2351
0.6817300000000001,2352
0.68159,2353
0.6792,2354
0.67776,2355
0.6738099999999999,2356
0.67372,2357
0.67116,2358
0.66838,2359
0.6673,2360
0.66676,2361
0.65812,2362
0.65792,2363
0.65766,2364
0.65313,2365
0.64911,2366
0.64716,2367
0.64112,2368
0.63998,2369
0.6385599999999999,2370
0.63732,2371
0.63678,2372
0.62976,2373
0.62682,2374
0.62552,2375
0.6229600000000001,2376
0.61987,2377
0.6172799999999999,2378
0.61691,2379
0.6018,2380
0.59568,2381
0.59284,2382
0.5915900000000001,2383
0.59158,2384
0.58909,2385
0.5889800000000001,2386
0.58825,2387
0.58702,2388
0.57911,2389
0.5788,2390
0.57384,2391
0.5719099999999999,2392
0.56835,2393
0.5674199999999999,2394
0.566,2395
0.56439,2396
0.56186,2397
0.56176,2398
0.56165,2399
0.56048,2400
0.5565,2401
0.55538,2402
0.5546,2403
0.5502400000000001,2404
0.54929,2405
0.54896,2406
0.54798,2407
0.5469400000000001,2408
0.5442,2409
0.54316,2410
0.5383300000000001,2411
0.5366599999999999,2412
0.5297000000000001,2413
0.52962,2414
0.52649,2415
0.5204,2416
0.5117200000000001,2417
0.5106,2418
0.51031,2419
0.51001,2420
0.50527,2421
0.50387,2422
0.50332,2423
0.49944,2424
0.49525,2425
0.49422000000000005,2426
0.48872000000000004,2427
0.48807999999999996,2428
0.48760000000000003,2429
0.48546,2430
0.48534,2431
0.48208999999999996,2432
0.48179,2433
0.48143,2434
0.47975,2435
0.47966000000000003,2436
0.47619,2437
0.47398,2438
0.47186,2439
0.46932999999999997,2440
0.46797000000000005,2441
0.46678,2442
0.46587,2443
0.46447000000000005,2444
0.46136,2445
0.45813,2446
0.45161,2447
0.45036000000000004,2448
0.45023,2449
0.44645999999999997,2450
0.44354000000000005,2451
0.44021,2452
0.43926,2453
0.43832,2454
0.43807,2455
0.4335,2456
0.43042,2457
0.42872000000000005,2458
0.42844,2459
0.42515,2460
0.42475999999999997,2461
0.42322000000000004,2462
0.42004,2463
0.41874,2464
0.41843,2465
0.41769,2466
0.41752999999999996,2467
0.41452,2468
0.41435,2469
0.41132,2470
0.40802999999999995,2471
0.4061,2472
0.40526999999999996,2473
0.40482,2474
0.40473000000000003,2475
0.40208,2476
0.39959,2477
0.39906,2478
0.39891000000000004,2479
0.39788,2480
0.39069,2481
0.39038,2482
0.38361,2483
0.38265,2484
0.37907,2485
0.37807999999999997,2486
0.37156,2487
0.36982,2488
0.36606,2489
0.36122000000000004,2490
0.35549000000000003,2491
0.35486,2492
0.35363,2493
0.35346,2494
0.3533,2495
0.34926999999999997,2496
0.34649,2497
0.34326,2498
0.34093,2499
0.33342,2500
0.33309,2501
0.32711,2502
0.32674000000000003,2503
0.32650999999999997,2504
0.3242,2505
0.32415,2506
0.32059,2507
0.31797000000000003,2508
0.31786000000000003,2509
0.31774,2510
0.31593,2511
0.31516000000000005,2512
0.30705,2513
0.30518,2514
0.30439,2515
0.30248,2516
0.29506,2517
0.29223000000000005,2518
0.29056,2519
0.28164999999999996,2520
0.27726999999999996,2521
0.2755,2522
0.27508,2523
0.27438999999999997,2524
0.27326,2525
0.27104,2526
0.26838,2527
0.2682,2528
0.26786,2529
0.26612,2530
0.2661,2531
0.26369,2532
0.25812999999999997,2533
0.25509,2534
0.25477,2535
0.25207,2536
0.25176,2537
0.24255000000000002,2538
0.23231,2539
0.22968,2540
0.22404,2541
0.21572999999999998,2542
0.21221,2543
0.21173,2544
0.21001,2545
0.20768999999999999,2546
0.20418,2547
0.20404,2548
0.20048,2549
0.19735,2550
0.18753,2551
0.18355000000000002,2552
0.18203,2553
0.17354,2554
0.1727,2555
0.1696,2556
0.16858,2557
0.16686,2558
0.16233,2559
0.16058,2560
0.16022999999999998,2561
0.16013,2562
0.1569,2563
0.15575999999999998,2564
0.15371,2565
0.14567,2566
0.14448,2567
0.14021,2568
0.13816,2569
0.13813999999999999,2570
0.13478,2571
0.13407,2572
0.12882,2573
0.12819,2574
0.12667,2575
0.12639,2576
0.12585,2577
0.12057,2578
0.12001,2579
0.11874,2580
0.11864,2581
0.11771,2582
0.11419,2583
0.11349,2584
0.11186,2585
0.11059999999999999,2586
0.10858,2587
0.1044,2588
0.10069,2589
0.09958,2590
0.098,2591
0.09779,2592
0.09752,2593
0.09454000000000001,2594
0.09062,2595
0.09011,2596
0.08882999999999999,2597
0.08843000000000001,2598
0.08676,2599
0.08020000000000001,2600
0.07884000000000001,2601
0.07803,2602
0.07353,2603
0.07289,2604
0.06948,2605
0.06285,2606
0.06078,2607
0.06001,2608
0.056280000000000004,2609
0.05602,2610
0.04784,2611
0.04657,2612
0.0461,2613
0.04589,2614
0.04532,2615
0.045090000000000005,2616
0.039020000000000006,2617
0.03705,2618
0.03628,2619
0.03354,2620
0.032549999999999996,2621
0.02868,2622
0.026199999999999998,2623
0.02608,2624
0.02502,2625
0.0219,2626
0.02079,2627
0.01891,2628
0.01701,2629
0.01452,2630
0.01124,2631
0.01063,2632
0.00962,2633
0.0046,2634
-0.00174,2635
-0.00366,2636
-0.006860000000000001,2637
-0.006900000000000001,2638
-0.00883,2639
-0.01068,2640
-0.01207,2641
-0.016989999999999998,2642
-0.0185,2643
-0.02683,2644
-0.02776,2645
-0.02887,2646
-0.029079999999999998,2647
-0.030010000000000002,2648
-0.03012,2649
-0.030359999999999998,2650
-0.0312,2651
-0.03744,2652
-0.0375,2653
-0.038729999999999994,2654
-0.038950000000000005,2655
-0.0404,2656
-0.04494,2657
-0.04575,2658
-0.04815,2659
-0.04887,2660
-0.05071,2661
-0.05198,2662
-0.05271,2663
-0.05318,2664
-0.05457,2665
-0.0595,2666
-0.06348,2667
-0.06371,2668
-0.06686,2669
-0.06842000000000001,2670
-0.06851,2671
-0.06917,2672
-0.06995,2673
-0.07042,2674
-0.07045,2675
-0.07244,2676
-0.07439,2677
-0.07457,2678
-0.0772,2679
-0.07726000000000001,2680
-0.07915000000000001,2681
-0.07995999999999999,2682
-0.08022,2683
-0.08671,2684
-0.08902,2685
-0.09269,2686
-0.10111,2687
-0.10321999999999999,2688
-0.10384,2689
-0.10415,2690
-0.10504000000000001,2691
-0.10712999999999999,2692
-0.10869,2693
-0.10884999999999999,2694
-0.10936,2695
-0.11329,2696
-0.11338,2697
-0.11344,2698
-0.11693,2699
-0.1172,2700
-0.12009,2701
-0.12097,2702
-0.12138,2703
-0.12596,2704
-0.13134,2705
-0.136,2706
-0.13623,2707
-0.14158,2708
-0.14728,2709
-0.14809,2710
-0.15372,2711
-0.15378999999999998,2712
-0.15666999999999998,2713
-0.15730000000000002,2714
-0.15802000000000002,2715
-0.15916999999999998,2716
-0.16113,2717
-0.16309,2718
-0.16397,2719
-0.16601,2720
-0.16701,2721
-0.17379,2722
-0.1751,2723
-0.17684,2724
-0.17821,2725
-0.18514,2726
-0.18514,2727
-0.18721000000000002,2728
-0.18869999999999998,2729
-0.18887,2730
-0.19312,2731
-0.19613,2732
-0.19643,2733
-0.19751,2734
-0.19828,2735
-0.20395,2736
-0.20413,2737
-0.2044,2738
-0.20658,2739
-0.20681,2740
-0.21092,2741
-0.21103,2742
-0.21180000000000002,2743
-0.21378999999999998,2744
-0.21722999999999998,2745
-0.21834,2746
-0.21963,2747
-0.22033000000000003,2748
-0.22344,2749
-0.22744999999999999,2750
-0.22763999999999998,2751
-0.22893,2752
-0.22922,2753
-0.23231,2754
-0.23331,2755
-0.23783,2756
-0.23863,2757
-0.2396,2758
-0.24467,2759
-0.24578999999999998,2760
-0.24872999999999998,2761
-0.24931999999999999,2762
-0.25335,2763
-0.25392,2764
-0.25498,2765
-0.25544,2766
-0.25615,2767
-0.25680000000000003,2768
-0.26022,2769
-0.26042000000000004,2770
-0.26192000000000004,2771
-0.2622,2772
-0.26379,2773
-0.26469,2774
-0.26507,2775
-0.26557,2776
-0.26571,2777
-0.26675,2778
-0.26854,2779
-0.26902,2780
-0.27051,2781
-0.2736,2782
-0.27479000000000003,2783
-0.27834,2784
-0.28036,2785
-0.28243,2786
-0.2849,2787
-0.28586,2788
-0.28714999999999996,2789
-0.28878,2790
-0.29254,2791
-0.29372000000000004,2792
-0.29691,2793
-0.30038,2794
-0.30718,2795
-0.31481,2796
-0.31768,2797
-0.32112999999999997,2798
-0.33388999999999996,2799
-0.33824,2800
-0.34132,2801
-0.34767000000000003,2802
-0.35067000000000004,2803
-0.35087999999999997,2804
-0.35717000000000004,2805
-0.35932,2806
-0.35935,2807
-0.36219,2808
-0.36227,2809
-0.36923,2810
-0.36956,2811
-0.36987000000000003,2812
-0.37011,2813
-0.37124,2814
-0.37374,2815
-0.37564,2816
-0.37666000000000005,2817
-0.37703,2818
-0.37986000000000003,2819
-0.38198000000000004,2820
-0.38353,2821
-0.38479,2822
-0.38656999999999997,2823
-0.38663,2824
-0.38993,2825
-0.3922,2826
-0.39655,2827
-0.39964,2828
-0.40001,2829
-0.40292,2830
-0.40358,2831
-0.40425,2832
-0.41334,2833
-0.41423000000000004,2834
-0.41425,2835
-0.41493,2836
-0.4167,2837
-0.41754,2838
-0.41756,2839
-0.41797,2840
-0.4209,2841
-0.42184,2842
-0.42819,2843
-0.42884,2844
-0.42963,2845
-0.42966000000000004,2846
-0.43287,2847
-0.4333,2848
-0.43335,2849
-0.43365,2850
-0.43397,2851
-0.43806,2852
-0.43847,2853
-0.43986000000000003,2854
-0.44151,2855
-0.44339999999999996,2856
-0.44360000000000005,2857
-0.44392000000000004,2858
-0.44739999999999996,2859
-0.44937,2860
-0.45050999999999997,2861
-0.45102,2862
-0.45124000000000003,2863
-0.45586,2864
-0.4576,2865
-0.45899,2866
-0.45970999999999995,2867
-0.46185000000000004,2868
-0.46282999999999996,2869
-0.46405,2870
-0.46574,2871
-0.46670999999999996,2872
-0.47132999999999997,2873
-0.47354,2874
-0.47469,2875
-0.47499,2876
-0.47841,2877
-0.48101,2878
-0.48532,2879
-0.48669999999999997,2880
-0.48698,2881
-0.48807999999999996,2882
-0.4883,2883
-0.48926,2884
-0.48985,2885
-0.49199,2886
-0.49293,2887
-0.49541,2888
-0.49775,2889
-0.49910000000000004,2890
-0.49923,2891
-0.50042,2892
-0.50701,2893
-0.5146900000000001,2894
-0.5168400000000001,2895
-0.5175700000000001,2896
-0.5181699999999999,2897
-0.5191399999999999,2898
-0.51998,2899
-0.52026,2900
-0.52089,2901
-0.52677,2902
-0.52695,2903
-0.5273300000000001,2904
-0.5284099999999999,2905
-0.53138,2906
-0.53286,2907
-0.53287,2908
-0.53303,2909
-0.5337799999999999,2910
-0.53904,2911
-0.5391,2912
-0.54518,2913
-0.5455800000000001,2914
-0.54837,2915
-0.5507000000000001,2916
-0.55255,2917
-0.55523,2918
-0.55702,2919
-0.5571200000000001,2920
-0.55744,2921
-0.56886,2922
-0.57025,2923
-0.5750700000000001,2924
-0.5767100000000001,2925
-0.57845,2926
-0.5786399999999999,2927
-0.58254,2928
-0.58574,2929
-0.58724,2930
-0.5882999999999999,2931
-0.59011,2932
-0.59045,2933
-0.5906399999999999,2934
-0.59072,2935
-0.59147,2936
-0.59286,2937
-0.59842,2938
-0.59921,2939
-0.6028300000000001,2940
-0.6040099999999999,2941
-0.6044400000000001,2942
-0.60625,2943
-0.60691,2944
-0.60907,2945
-0.6114299999999999,2946
-0.61383,2947
-0.61486,2948
-0.61553,2949
-0.61576,2950
-0.6160800000000001,2951
-0.61936,2952
-0.6199,2953
-0.62518,2954
-0.6275700000000001,2955
-0.63125,2956
-0.63655,2957
-0.63823,2958
-0.64015,2959
-0.64102,2960
-0.6438400000000001,2961
-0.6450499999999999,2962
-0.64788,2963
-0.64852,2964
-0.65635,2965
-0.66114,2966
-0.66441,2967
-0.67126,2968
-0.6713,2969
-0.67176,2970
-0.67332,2971
-0.67401,2972
-0.68015,2973
-0.68035,2974
-0.6834,2975
-0.68367,2976
-0.68498,2977
-0.68592,2978
-0.6884600000000001,2979
-0.69341,2980
-0.69369,2981
-0.69641,2982
-0.69647,2983
-0.6974400000000001,2984
-0.70153,2985
-0.70447,2986
-0.7087899999999999,2987
-0.71,2988
-0.7123999999999999,2989
-0.71329,2990
-0.7149800000000001,2991
-0.7160599999999999,2992
-0.71772,2993
-0.7195199999999999,2994
-0.72202,2995
-0.72436,2996
-0.72635,2997
-0.72827,2998
-0.7292799999999999,2999
-0.7294400000000001,3000
-0.73048,3001
-0.73202,3002
-0.73237,3003
-0.73341,3004
-0.7350599999999999,3005
-0.74222,3006
-0.7434,3007
-0.74461,3008
-0.7466799999999999,3009
-0.7504,3010
-0.7523,3011
-0.75347,3012
-0.76139,3013
-0.76734,3014
-0.77027,3015
-0.77458,3016
-0.77738,3017
-0.77842,3018
-0.77935,3019
-0.78495,3020
-0.78539,3021
-0.78616,3022
-0.7874,3023
-0.78754,3024
-0.78892,3025
-0.78973,3026
-0.79041,3027
-0.7910900000000001,3028
-0.7996,3029
-0.80249,3030
-0.8065800000000001,3031
-0.81026,3032
-0.81101,3033
-0.81553,3034
-0.8164600000000001,3035
-0.81704,3036
-0.8171799999999999,3037
-0.81852,3038
-0.8188,3039
-0.82371,3040
-0.82433,3041
-0.8258300000000001,3042
-0.82631,3043
-0.82887,3044
-0.8312,3045
-0.8313200000000001,3046
-0.83251,3047
-0.8364299999999999,3048
-0.85017,3049
-0.85142,3050
-0.8524400000000001,3051
-0.85623,3052
-0.8575900000000001,3053
-0.8580099999999999,3054
-0.85999,3055
-0.86105,3056
-0.86185,3057
-0.86373,3058
-0.86623,3059
-0.86738,3060
-0.8714299999999999,3061
-0.8715499999999999,3062
-0.87709,3063
-0.88006,3064
-0.8837200000000001,3065
-0.88603,3066
-0.89044,3067
-0.89461,3068
-0.89462,3069
-0.8965,3070
-0.90099,3071
-0.9011699999999999,3072
-0.90179,3073
-0.90315,3074
-0.9096599999999999,3075
-0.91046,3076
-0.91083,3077
-0.9115800000000001,3078
-0.9126599999999999,3079
-0.91349,3080
-0.9154800000000001,3081
-0.91572,3082
-0.9164,3083
-0.91746,3084
-0.92247,3085
-0.92268,3086
-0.9249299999999999,3087
-0.92535,3088
-0.9254600000000001,3089
-0.92636,3090
-0.92825,3091
-0.92915,3092
-0.93126,3093
-0.932,3094
-0.9322999999999999,3095
-0.93686,3096
-0.93849,3097
-0.9385,3098
-0.94017,3099
-0.9455399999999999,3100
-0.94631,3101
-0.94697,3102
-0.9486100000000001,3103
-0.95047,3104
-0.95057,3105
-0.95426,3106
-0.95553,3107
-0.95736,3108
-0.95833,3109
-0.95851,3110
-0.96245,3111
-0.96356,3112
-0.97123,3113
-0.9714400000000001,3114
-0.97325,3115
-0.97517,3116
-0.97602,3117
-0.9770599999999999,3118
-0.9795499999999999,3119
-0.98282,3120
-0.98451,3121
-0.98618,3122
-0.9892799999999999,3123
-0.99349,3124
-0.99478,3125
-0.99521,3126
-0.99899,3127
-1.00137,3128
-1.0018,3129
-1.00196,3130
-1.00226,3131
-1.00424,3132
-1.0057,3133
-1.00586,3134
-1.00875,3135
-1.0144,3136
-1.0150700000000001,3137
-1.01533,3138
-1.01541,3139
-1.01562,3140
-1.01692,3141
-1.01716,3142
-1.02179,3143
-1.02323,3144
-1.02385,3145
-1.02976,3146
-1.03194,3147
-1.03204,3148
-1.03274,3149
-1.03324,3150
-1.03327,3151
-1.0334400000000001,3152
-1.03348,3153
-1.0346199999999999,3154
-1.03601,3155
-1.03606,3156
-1.03697,3157
-1.04131,3158
-1.0420099999999999,3159
-1.04277,3160
-1.04358,3161
-1.04408,3162
-1.0446,3163
-1.04573,3164
-1.04573,3165
-1.04578,3166
-1.0460099999999999,3167
-1.04725,3168
-1.04757,3169
-1.0511300000000001,3170
-1.05366,3171
-1.05398,3172
-1.05643,3173
-1.05683,3174
-1.05703,3175
-1.05743,3176
-1.05779,3177
-1.06095,3178
-1.06142,3179
-1.0629300000000002,3180
-1.06706,3181
-1.06779,3182
-1.0697999999999999,3183
-1.07232,3184
-1.07524,3185
-1.07879,3186
-1.0805799999999999,3187
-1.08134,3188
-1.0818599999999998,3189
-1.08373,3190
-1.09093,3191
-1.09259,3192
-1.09327,3193
-1.09501,3194
-1.09773,3195
-1.0981800000000002,3196
-1.09823,3197
-1.09836,3198
-1.09915,3199
-1.10023,3200
-1.1006300000000002,3201
-1.10106,3202
-1.10155,3203
-1.10163,3204
-1.10203,3205
-1.1024500000000002,3206
-1.1040999999999999,3207
-1.10589,3208
-1.10955,3209
-1.11075,3210
-1.11526,3211
-1.11957,3212
-1.1213,3213
-1.1274600000000001,3214
-1.12938,3215
-1.12977,3216
-1.1311300000000002,3217
-1.13127,3218
-1.13137,3219
-1.1328099999999999,3220
-1.1348,3221
-1.13619,3222
-1.13789,3223
-1.13958,3224
-1.14337,3225
-1.14377,3226
-1.1505699999999999,3227
-1.15466,3228
-1.15509,3229
-1.15569,3230
-1.15697,3231
-1.15721,3232
-1.15776,3233
-1.16104,3234
-1.1626400000000001,3235
-1.16452,3236
-1.1653900000000001,3237
-1.16586,3238
-1.17183,3239
-1.1723599999999998,3240
-1.17242,3241
-1.1728699999999999,3242
-1.17302,3243
-1.17646,3244
-1.1768399999999999,3245
-1.18052,3246
-1.18176,3247
-1.18272,3248
-1.18403,3249
-1.18514,3250
-1.1851800000000001,3251
-1.18727,3252
-1.19045,3253
-1.19066,3254
-1.1908800000000002,3255
-1.1936900000000001,3256
-1.1959600000000001,3257
-1.20052,3258
-1.20194,3259
-1.20242,3260
-1.20371,3261
-1.20492,3262
-1.20526,3263
-1.20535,3264
-1.21457,3265
-1.21473,3266
-1.22006,3267
-1.2251500000000002,3268
-1.22562,3269
-1.23218,3270
-1.23266,3271
-1.2355999999999998,3272
-1.24093,3273
-1.24241,3274
-1.24633,3275
-1.25552,3276
-1.25569,3277
-1.2595,3278
-1.26577,3279
-1.26671,3280
-1.26754,3281
-1.27025,3282
-1.27155,3283
-1.27556,3284
-1.27683,3285
-1.27931,3286
-1.28209,3287
-1.28394,3288
-1.28414,3289
-1.2870599999999999,3290
-1.28881,3291
-1.28886,3292
-1.28922,3293
-1.28969,3294
-1.29489,3295
-1.2952000000000001,3296
-1.29583,3297
-1.2973599999999998,3298
-1.2986600000000001,3299
-1.2991199999999998,3300
-1.30194,3301
-1.3022799999999999,3302
-1.30257,3303
-1.30608,3304
-1.30686,3305
-1.30739,3306
-1.3112300000000001,3307
-1.31368,3308
-1.3169000000000002,3309
-1.31782,3310
-1.31813,3311
-1.3234000000000001,3312
-1.32554,3313
-1.3255599999999998,3314
-1.33351,3315
-1.33521,3316
-1.33641,3317
-1.33727,3318
-1.33742,3319
-1.33951,3320
-1.34259,3321
-1.3439,3322
-1.34624,3323
-1.34784,3324
-1.35003,3325
-1.35079,3326
-1.35088,3327
-1.35552,3328
-1.3585399999999999,3329
-1.35888,3330
-1.36353,3331
-1.36639,3332
-1.3670799999999999,3333
-1.36849,3334
-1.36856,3335
-1.36863,3336
-1.3691,3337
-1.36922,3338
-1.37424,3339
-1.37482,3340
-1.37575,3341
-1.37839,3342
-1.37927,3343
-1.3804400000000001,3344
-1.38055,3345
-1.3814600000000001,3346
-1.3849200000000002,3347
-1.38496,3348
-1.38971,3349
-1.39397,3350
-1.3953900000000001,3351
-1.40211,3352
-1.4036300000000002,3353
-1.4056099999999998,3354
-1.40623,3355
-1.4064400000000001,3356
-1.40743,3357
-1.40748,3358
-1.40759,3359
-1.40947,3360
-1.41154,3361
-1.41526,3362
-1.4168699999999999,3363
-1.42049,3364
-1.42096,3365
-1.42113,3366
-1.4213399999999998,3367
-1.4247999999999998,3368
-1.42653,3369
-1.4313099999999999,3370
-1.43153,3371
-1.43299,3372
-1.43635,3373
-1.43727,3374
-1.4374,3375
-1.4386700000000001,3376
-1.4436300000000002,3377
-1.44876,3378
-1.45096,3379
-1.45452,3380
-1.45591,3381
-1.45681,3382
-1.46074,3383
-1.46179,3384
-1.463,3385
-1.46475,3386
-1.46583,3387
-1.46593,3388
-1.46661,3389
-1.4689400000000001,3390
-1.4717,3391
-1.48136,3392
-1.48409,3393
-1.4858900000000002,3394
-1.4861900000000001,3395
-1.4881300000000002,3396
-1.49241,3397
-1.4928599999999999,3398
-1.49424,3399
-1.4953699999999999,3400
-1.4966400000000002,3401
-1.49818,3402
-1.49842,3403
-1.49949,3404
-1.5039500000000001,3405
-1.50575,3406
-1.50776,3407
-1.51041,3408
-1.51096,3409
-1.51237,3410
-1.51315,3411
-1.51563,3412
-1.51694,3413
-1.51994,3414
-1.5203499999999999,3415
-1.52083,3416
-1.5319800000000001,3417
-1.5326300000000002,3418
-1.5349000000000002,3419
-1.53561,3420
-1.53609,3421
-1.53743,3422
-1.5394100000000002,3423
-1.54199,3424
-1.54298,3425
-1.5464200000000001,3426
-1.54739,3427
-1.54981,3428
-1.5501099999999999,3429
-1.55178,3430
-1.5520999999999998,3431
-1.5533,3432
-1.5534000000000001,3433
-1.5554000000000001,3434
-1.56247,3435
-1.564,3436
-1.56475,3437
-1.56525,3438
-1.56779,3439
-1.56966,3440
-1.56996,3441
-1.5703699999999998,3442
-1.5707,3443
-1.57148,3444
-1.57171,3445
-1.57212,3446
-1.57435,3447
-1.57656,3448
-1.57692,3449
-1.58598,3450
-1.58603,3451
-1.58805,3452
-1.58832,3453
-1.58975,3454
-1.59055,3455
-1.5913199999999998,3456
-1.5925799999999999,3457
-1.59577,3458
-1.5981800000000002,3459
-1.59965,3460
-1.5999,3461
-1.60054,3462
-1.60068,3463
-1.60148,3464
-1.6019400000000001,3465
-1.60211,3466
-1.6021500000000002,3467
-1.6040999999999999,3468
-1.6044500000000002,3469
-1.605,3470
-1.6050499999999999,3471
-1.60715,3472
-1.6088699999999998,3473
-1.61275,3474
-1.6142,3475
-1.61472,3476
-1.6184100000000001,3477
-1.61859,3478
-1.61902,3479
-1.62046,3480
-1.62051,3481
-1.6238,3482
-1.6243599999999998,3483
-1.62467,3484
-1.6276400000000002,3485
-1.63234,3486
-1.6343599999999998,3487
-1.63626,3488
-1.6404100000000001,3489
-1.6467,3490
-1.64712,3491
-1.6471500000000001,3492
-1.64733,3493
-1.64791,3494
-1.6487100000000001,3495
-1.6493900000000001,3496
-1.65395,3497
-1.65476,3498
-1.6559000000000001,3499
-1.65707,3500
-1.65954,3501
-1.65989,3502
-1.6600899999999998,3503
-1.66318,3504
-1.67024,3505
-1.6708800000000001,3506
-1.6719000000000002,3507
-1.6724100000000002,3508
-1.6733099999999999,3509
-1.67485,3510
-1.6757,3511
-1.67577,3512
-1.6769100000000001,3513
-1.67719,3514
-1.67801,3515
-1.68097,3516
-1.68117,3517
-1.68538,3518
-1.6869100000000001,3519
-1.6911500000000002,3520
-1.69141,3521
-1.69522,3522
-1.69536,3523
-1.69618,3524
-1.6968800000000002,3525
-1.69757,3526
-1.69834,3527
-1.69837,3528
-1.69847,3529
-1.69912,3530
-1.70505,3531
-1.70533,3532
-1.7072,3533
-1.70828,3534
-1.70869,3535
-1.70923,3536
-1.7093099999999999,3537
-1.7113900000000002,3538
-1.71473,3539
-1.7161199999999999,3540
-1.7192,3541
-1.72041,3542
-1.72171,3543
-1.72477,3544
-1.7256099999999999,3545
-1.72636,3546
-1.7306300000000001,3547
-1.73203,3548
-1.7321900000000001,3549
-1.73882,3550
-1.7388299999999999,3551
-1.73912,3552
-1.74077,3553
-1.7408599999999999,3554
-1.7412999999999998,3555
-1.7441300000000002,3556
-1.7444600000000001,3557
-1.7455399999999999,3558
-1.7527000000000001,3559
-1.75495,3560
-1.75645,3561
-1.75661,3562
-1.75918,3563
-1.7598099999999999,3564
-1.7599200000000002,3565
-1.76281,3566
-1.76597,3567
-1.76702,3568
-1.7699500000000001,3569
-1.7706300000000001,3570
-1.7722200000000001,3571
-1.77301,3572
-1.7828499999999998,3573
-1.78894,3574
-1.7894400000000001,3575
-1.78982,3576
-1.79326,3577
-1.79417,3578
-1.79476,3579
-1.79578,3580
-1.79731,3581
-1.7988199999999999,3582
-1.80045,3583
-1.8014100000000002,3584
-1.80245,3585
-1.80355,3586
-1.80781,3587
-1.8080399999999999,3588
-1.80812,3589
-1.8088199999999999,3590
-1.80918,3591
-1.81083,3592
-1.8116199999999998,3593
-1.8125799999999999,3594
-1.81292,3595
-1.81355,3596
-1.81542,3597
-1.81892,3598
-1.82192,3599
-1.82543,3600
-1.82647,3601
-1.82982,3602
-1.83148,3603
-1.8318800000000002,3604
-1.83417,3605
-1.8343699999999998,3606
-1.83595,3607
-1.83623,3608
-1.8366099999999999,3609
-1.83696,3610
-1.83771,3611
-1.83974,3612
-1.8398599999999998,3613
-1.83993,3614
-1.84093,3615
-1.84099,3616
-1.8418800000000002,3617
-1.84253,3618
-1.84477,3619
-1.8470499999999999,3620
-1.84849,3621
-1.8493499999999998,3622
-1.85031,3623
-1.85296,3624
-1.85403,3625
-1.85413,3626
-1.85463,3627
-1.85506,3628
-1.85571,3629
-1.85664,3630
-1.8576,3631
-1.8578,3632
-1.85926,3633
-1.86195,3634
-1.86466,3635
-1.86474,3636
-1.86904,3637
-1.8693499999999998,3638
-1.87856,3639
-1.87941,3640
-1.8813900000000001,3641
-1.8848,3642
-1.88694,3643
-1.88909,3644
-1.8897599999999999,3645
-1.89047,3646
-1.89291,3647
-1.8936600000000001,3648
-1.89387,3649
-1.8956300000000001,3650
-1.90538,3651
-1.9071600000000002,3652
-1.90949,3653
-1.91001,3654
-1.9136900000000001,3655
-1.9151500000000001,3656
-1.91551,3657
-1.91845,3658
-1.92015,3659
-1.92231,3660
-1.9247100000000001,3661
-1.9266400000000001,3662
-1.9307,3663
-1.93517,3664
-1.93692,3665
-1.93756,3666
-1.93848,3667
-1.9399600000000001,3668
-1.94098,3669
-1.94263,3670
-1.94403,3671
-1.94806,3672
-1.95093,3673
-1.9548699999999999,3674
-1.9548699999999999,3675
-1.95492,3676
-1.9553699999999998,3677
-1.95748,3678
-1.9586,3679
-1.96074,3680
-1.96606,3681
-1.9685599999999999,3682
-1.96869,3683
-1.97152,3684
-1.97226,3685
-1.9731800000000002,3686
-1.97325,3687
-1.97341,3688
-1.97572,3689
-1.9801199999999999,3690
-1.98386,3691
-1.98661,3692
-1.9873699999999999,3693
-1.9879,3694
-1.98871,3695
-1.99041,3696
-1.99174,3697
-1.9926300000000001,3698
-1.99652,3699
-1.99665,3700
-1.9972,3701
-1.998,3702
-1.99851,3703
-2.00069,3704
-2.00486,3705
-2.00888,3706
-2.00983,3707
-2.01104,3708
-2.01462,3709
-2.03003,3710
-2.03227,3711
-2.03262,3712
-2.03869,3713
-2.0399000000000003,3714
-2.0416,3715
-2.04494,3716
-2.04552,3717
-2.05201,3718
-2.0540100000000003,3719
-2.0559600000000002,3720
-2.05667,3721
-2.05852,3722
-2.05979,3723
-2.0604400000000003,3724
-2.06123,3725
-2.0618000000000003,3726
-2.06738,3727
-2.07188,3728
-2.0721,3729
-2.07444,3730
-2.07582,3731
-2.07583,3732
-2.07717,3733
-2.08238,3734
-2.08437,3735
-2.08695,3736
-2.08794,3737
-2.08871,3738
-2.08925,3739
-2.09004,3740
-2.0902399999999997,3741
-2.09044,3742
-2.0905500000000004,3743
-2.0954,3744
-2.09633,3745
-2.09836,3746
-2.0991500000000003,3747
-2.1007800000000003,3748
-2.10118,3749
-2.10378,3750
-2.10669,3751
-2.1073600000000003,3752
-2.11042,3753
-2.11065,3754
-2.11127,3755
-2.11191,3756
-2.11224,3757
-2.1150700000000002,3758
-2.1166,3759
-2.11802,3760
-2.1189899999999997,3761
-2.12175,3762
-2.12368,3763
-2.1256999999999997,3764
-2.12769,3765
-2.12967,3766
-2.13132,3767
-2.13177,3768
-2.13377,3769
-2.14029,3770
-2.14278,3771
-2.14424,3772
-2.14609,3773
-2.148,3774
-2.1504899999999996,3775
-2.15256,3776
-2.15473,3777
-2.15595,3778
-2.15622,3779
-2.15833,3780
-2.16203,3781
-2.16239,3782
-2.16281,3783
-2.16369,3784
-2.16548,3785
-2.1711,3786
-2.17147,3787
-2.1720900000000003,3788
-2.17222,3789
-2.17339,3790
-2.17596,3791
-2.1777699999999998,3792
-2.17874,3793
-2.17983,3794
-2.1806900000000002,3795
-2.18083,3796
-2.1856999999999998,3797
-2.1892,3798
-2.19227,3799
-2.1938899999999997,3800
-2.19533,3801
-2.19947,3802
-2.19991,3803
-2.2003000000000004,3804
-2.20315,3805
-2.20449,3806
-2.2051100000000003,3807
-2.2056999999999998,3808
-2.20579,3809
-2.20657,3810
-2.20954,3811
-2.2160100000000003,3812
-2.21635,3813
-2.2164200000000003,3814
-2.2181100000000002,3815
-2.22049,3816
-2.22053,3817
-2.22097,3818
-2.22309,3819
-2.22315,3820
-2.2239899999999997,3821
-2.2251,3822
-2.2260999999999997,3823
-2.2269099999999997,3824
-2.22741,3825
-2.22915,3826
-2.23047,3827
-2.23048,3828
-2.23494,3829
-2.23686,3830
-2.2369899999999996,3831
-2.23858,3832
-2.2398000000000002,3833
-2.24193,3834
-2.24325,3835
-2.24553,3836
-2.24843,3837
-2.24895,3838
-2.2502600000000004,3839
-2.25148,3840
-2.25177,3841
-2.2545300000000004,3842
-2.2546500000000003,3843
-2.2557199999999997,3844
-2.2582600000000004,3845
-2.25937,3846
-2.26038,3847
-2.2621700000000002,3848
-2.2678499999999997,3849
-2.26946,3850
-2.27321,3851
-2.27439,3852
-2.2745300000000004,3853
-2.27511,3854
-2.27761,3855
-2.2789,3856
-2.27899,3857
-2.2804,3858
-2.28056,3859
-2.28634,3860
-2.28781,3861
-2.29576,3862
-2.2982199999999997,3863
-2.30015,3864
-2.30263,3865
-2.3043899999999997,3866
-2.30529,3867
-2.30572,3868
-2.30712,3869
-2.30727,3870
-2.30733,3871
-2.30823,3872
-2.30892,3873
-2.30896,3874
-2.31058,3875
-2.3113,3876
-2.31225,3877
-2.31409,3878
-2.31413,3879
-2.31487,3880
-2.3189499999999996,3881
-2.31998,3882
-2.32194,3883
-2.3254699999999997,3884
-2.3293000000000004,3885
-2.33156,3886
-2.33237,3887
-2.33979,3888
-2.33989,3889
-2.34323,3890
-2.34456,3891
-2.34495,3892
-2.34718,3893
-2.34783,3894
-2.3481300000000003,3895
-2.3494099999999998,3896
-2.3499,3897
-2.35469,3898
-2.3547800000000003,3899
-2.35534,3900
-2.3561300000000003,3901
-2.3570300000000004,3902
-2.35979,3903
-2.35981,3904
-2.36198,3905
-2.36266,3906
-2.36296,3907
-2.3638000000000003,3908
-2.36393,3909
-2.36438,3910
-2.36544,3911
-2.36592,3912
-2.36891,3913
-2.36913,3914
-2.37006,3915
-2.37236,3916
-2.37315,3917
-2.3759200000000003,3918
-2.37735,3919
-2.37866,3920
-2.38092,3921
-2.38163,3922
-2.38341,3923
-2.38366,3924
-2.38639,3925
-2.39331,3926
-2.39725,3927
-2.39999,3928
-2.4057600000000003,3929
-2.40645,3930
-2.4085199999999998,3931
-2.4101500000000002,3932
-2.41396,3933
-2.4159499999999996,3934
-2.41681,3935
-2.41735,3936
-2.41825,3937
-2.42013,3938
-2.4242600000000003,3939
-2.42806,3940
-2.43082,3941
-2.43416,3942
-2.436,3943
-2.43715,3944
-2.43796,3945
-2.43805,3946
-2.43921,3947
-2.44071,3948
-2.44079,3949
-2.44434,3950
-2.44646,3951
-2.44779,3952
-2.4509600000000002,3953
-2.4525799999999998,3954
-2.45265,3955
-2.45276,3956
-2.45623,3957
-2.4563099999999998,3958
-2.4619400000000002,3959
-2.46777,3960
-2.46938,3961
-2.47056,3962
-2.47217,3963
-2.47674,3964
-2.4792199999999998,3965
-2.4800500000000003,3966
-2.48006,3967
-2.48115,3968
-2.48208,3969
-2.4824,3970
-2.48307,3971
-2.4845900000000003,3972
-2.48478,3973
-2.48489,3974
-2.4860900000000004,3975
-2.48996,3976
-2.4965100000000002,3977
-2.49816,3978
-2.49848,3979
-2.50019,3980
-2.5005,3981
-2.50133,3982
-2.5021199999999997,3983
-2.50542,3984
-2.50737,3985
-2.51165,3986
-2.51206,3987
-2.51652,3988
-2.51674,3989
-2.51982,3990
-2.5219699999999996,3991
-2.5219899999999997,3992
-2.5248600000000003,3993
-2.52582,3994
-2.52702,3995
-2.52782,3996
-2.53101,3997
-2.53248,3998
-2.53312,3999
-2.5333099999999997,4000
-2.53695,4001
-2.53733,4002
-2.53804,4003
-2.54366,4004
-2.54418,4005
-2.5456399999999997,4006
-2.54582,4007
-2.54928,4008
-2.54996,4009
-2.55658,4010
-2.55886,4011
-2.5590300000000004,4012
-2.55943,4013
-2.55987,4014
-2.5606199999999997,4015
-2.57038,4016
-2.57073,4017
-2.57152,4018
-2.57194,4019
-2.57508,4020
-2.57545,4021
-2.57924,4022
-2.5827,4023
-2.58379,4024
-2.58525,4025
-2.5872100000000002,4026
-2.58733,4027
-2.59118,4028
-2.5933800000000002,4029
-2.59487,4030
-2.59562,4031
-2.59923,4032
-2.59927,4033
-2.60032,4034
-2.6004,4035
-2.6023,4036
-2.60479,4037
-2.60663,4038
-2.6070300000000004,4039
-2.60861,4040
-2.60897,4041
-2.60941,4042
-2.6099699999999997,4043
-2.61285,4044
-2.61886,4045
-2.61969,4046
-2.62561,4047
-2.62681,4048
-2.6299699999999997,4049
-2.63023,4050
-2.63406,4051
-2.6342,4052
-2.63597,4053
-2.63849,4054
-2.63863,4055
-2.64019,4056
-2.64323,4057
-2.64329,4058
-2.64764,4059
-2.6483000000000003,4060
-2.64887,4061
-2.64974,4062
-2.65153,4063
-2.65309,4064
-2.65863,4065
-2.65926,4066
-2.6597399999999998,4067
-2.6614299999999997,4068
-2.66298,4069
-2.66336,4070
-2.66402,4071
-2.66723,4072
-2.66833,4073
-2.67339,4074
-2.6736999999999997,4075
-2.6758,4076
-2.67628,4077
-2.67632,4078
-2.67735,4079
-2.67748,4080
-2.6816500000000003,4081
-2.68245,4082
-2.68349,4083
-2.68373,4084
-2.68425,4085
-2.68445,4086
-2.68494,4087
-2.68569,4088
-2.6863,4089
-2.6898899999999997,4090
-2.691,4091
-2.69216,4092
-2.69245,4093
-2.6957600000000004,4094
-2.69894,4095
-2.70247,4096
-2.7025900000000003,4097
-2.70571,4098
-2.70614,4099
-2.70698,4100
-2.7087800000000004,4101
-2.70964,4102
-2.71106,4103
-2.7153899999999997,4104
-2.7159299999999997,4105
-2.71738,4106
-2.71927,4107
-2.7193400000000003,4108
-2.7222199999999996,4109
-2.7246300000000003,4110
-2.7255,4111
-2.72853,4112
-2.72924,4113
-2.7302,4114
-2.7336199999999997,4115
-2.73408,4116
-2.7342600000000004,4117
-2.7349099999999997,4118
-2.7370900000000002,4119
-2.74212,4120
-2.74255,4121
-2.7426999999999997,4122
-2.74429,4123
-2.74492,4124
-2.74496,4125
-2.74504,4126
-2.7492199999999998,4127
-2.75042,4128
-2.75318,4129
-2.761,4130
-2.76171,4131
-2.76181,4132
-2.76279,4133
-2.76492,4134
-2.76681,4135
-2.76694,4136
-2.76703,4137
-2.7671300000000003,4138
-2.76788,4139
-2.76956,4140
-2.77123,4141
-2.77216,4142
-2.77495,4143
-2.77827,4144
-2.78159,4145
-2.78258,4146
-2.78284,4147
-2.7839899999999997,4148
-2.7845,4149
-2.78454,4150
-2.79326,4151
-2.7937800000000004,4152
-2.7945300000000004,4153
-2.79846,4154
-2.80247,4155
-2.80727,4156
-2.8083,4157
-2.8101100000000003,4158
-2.8101599999999998,4159
-2.81108,4160
-2.8112,4161
-2.81169,4162
-2.81273,4163
-2.81322,4164
-2.81674,4165
-2.81775,4166
-2.81913,4167
-2.82016,4168
-2.8211500000000003,4169
-2.82671,4170
-2.82761,4171
-2.82916,4172
-2.83033,4173
-2.83219,4174
-2.83534,4175
-2.83669,4176
-2.8381,4177
-2.83843,4178
-2.84125,4179
-2.84318,4180
-2.84598,4181
-2.84687,4182
-2.84862,4183
-2.84925,4184
-2.85032,4185
-2.85044,4186
-2.85536,4187
-2.85571,4188
-2.8563899999999998,4189
-2.8604600000000002,4190
-2.86225,4191
-2.86296,4192
-2.86728,4193
-2.87512,4194
-2.8763,4195
-2.87751,4196
-2.87875,4197
-2.8791599999999997,4198
-2.87974,4199
-2.87984,4200
-2.88094,4201
-2.88167,4202
-2.88207,4203
-2.88245,4204
-2.88656,4205
-2.8900300000000003,4206
-2.8920700000000004,4207
-2.89244,4208
-2.8971199999999997,4209
-2.89722,4210
-2.89821,4211
-2.89837,4212
-2.89928,4213
-2.89947,4214
-2.9024,4215
-2.90255,4216
-2.904,4217
-2.90451,4218
-2.9055999999999997,4219
-2.90577,4220
-2.9064699999999997,4221
-2.90815,4222
-2.90893,4223
-2.91175,4224
-2.91661,4225
-2.92411,4226
-2.92411,4227
-2.9256599999999997,4228
-2.92626,4229
-2.92699,4230
-2.92758,4231
-2.92903,4232
-2.93246,4233
-2.93283,4234
-2.93342,4235
-2.9378,4236
-2.93816,4237
-2.94143,4238
-2.9417199999999997,4239
-2.94224,4240
-2.94619,4241
-2.94671,4242
-2.9483099999999998,4243
-2.95021,4244
-2.95046,4245
-2.95219,4246
-2.95279,4247
-2.95636,4248
-2.95717,4249
-2.95888,4250
-2.96048,4251
-2.96136,4252
-2.96168,4253
-2.9619400000000002,4254
-2.96286,4255
-2.96515,4256
-2.96734,4257
-2.96754,4258
-2.96944,4259
-2.97061,4260
-2.97269,4261
-2.97543,4262
-2.9785100000000004,4263
-2.9790799999999997,4264
-2.97911,4265
-2.9798400000000003,4266
-2.98103,4267
-2.98482,4268
-2.9850100000000004,4269
-2.99354,4270
-2.9941199999999997,4271
-2.99498,4272
-2.99555,4273
-2.99601,4274
-2.99676,4275
-2.9977199999999997,4276
-2.9977600000000004,4277
-2.99896,4278
-2.99929,4279
-3.00295,4280
-3.0051900000000002,4281
-3.0055500000000004,4282
-3.0063400000000002,4283
-3.00643,4284
-3.00665,4285
-3.0071399999999997,4286
-3.00724,4287
-3.00734,4288
-3.0075,4289
-3.00876,4290
-3.01554,4291
-3.0158,4292
-3.01759,4293
-3.01967,4294
-3.02072,4295
-3.02256,4296
-3.0235100000000004,4297
-3.0275,4298
-3.02792,4299
-3.02942,4300
-3.0299899999999997,4301
-3.0301,4302
-3.03064,4303
-3.03152,4304
-3.03408,4305
-3.03441,4306
-3.03451,4307
-3.03663,4308
-3.0370500000000002,4309
-3.03895,4310
-3.0407800000000003,4311
-3.04308,4312
-3.0480300000000002,4313
-3.05154,4314
-3.0523800000000003,4315
-3.0539899999999998,4316
-3.0572399999999997,4317
-3.06241,4318
-3.06614,4319
-3.0687800000000003,4320
-3.06929,4321
-3.06998,4322
-3.0745,4323
-3.07526,4324
-3.07565,4325
-3.07835,4326
-3.07879,4327
-3.07962,4328
-3.08058,4329
-3.08279,4330
-3.0829,4331
-3.0845100000000003,4332
-3.08894,4333
-3.08927,4334
-3.09165,4335
-3.09206,4336
-3.09232,4337
-3.09312,4338
-3.09591,4339
-3.0971599999999997,4340
-3.10454,4341
-3.10529,4342
-3.1055,4343
-3.10594,4344
-3.10698,4345
-3.10801,4346
-3.1086199999999997,4347
-3.10875,4348
-3.10914,4349
-3.11143,4350
-3.112,4351
-3.1153000000000004,4352
-3.1164099999999997,4353
-3.1167800000000003,4354
-3.1186599999999998,4355
-3.11923,4356
-3.12012,4357
-3.12064,4358
-3.1216999999999997,4359
-3.12196,4360
-3.12283,4361
-3.12546,4362
-3.12804,4363
-3.12908,4364
-3.12931,4365
-3.13008,4366
-3.13301,4367
-3.1387199999999997,4368
-3.1393400000000002,4369
-3.1401999999999997,4370
-3.1403499999999998,4371
-3.14043,4372
-3.14079,4373
-3.14086,4374
-3.1409000000000002,4375
-3.14289,4376
-3.1439,4377
-3.14397,4378
-3.14455,4379
-3.14512,4380
-3.14552,4381
-3.14606,4382
-3.14713,4383
-3.1520799999999998,4384
-3.15211,4385
-3.15334,4386
-3.15366,4387
-3.1543,4388
-3.15601,4389
-3.15847,4390
-3.15877,4391
-3.1589,4392
-3.1618000000000004,4393
-3.1630100000000003,4394
-3.16331,4395
-3.1641999999999997,4396
-3.1660500000000003,4397
-3.1662,4398
-3.16705,4399
-3.17055,4400
-3.1706999999999996,4401
-3.17444,4402
-3.17549,4403
-3.17798,4404
-3.1781599999999997,4405
-3.1791300000000002,4406
-3.1814299999999998,4407
-3.18191,4408
-3.1828499999999997,4409
-3.18499,4410
-3.1855900000000004,4411
-3.1861599999999997,4412
-3.18796,4413
-3.19425,4414
-3.1945300000000003,4415
-3.1960100000000002,4416
-3.1980500000000003,4417
-3.2017399999999996,4418
-3.20354,4419
-3.20636,4420
-3.2066,4421
-3.20669,4422
-3.20849,4423
-3.21256,4424
-3.21342,4425
-3.2164699999999997,4426
-3.2167800000000004,4427
-3.21799,4428
-3.21949,4429
-3.2207,4430
-3.22284,4431
-3.22302,4432
-3.2250199999999998,4433
-3.2255100000000003,4434
-3.22952,4435
-3.23138,4436
-3.23328,4437
-3.23365,4438
-3.23409,4439
-3.23569,4440
-3.24179,4441
-3.24188,4442
-3.2458400000000003,4443
-3.2461599999999997,4444
-3.24822,4445
-3.24842,4446
-3.25315,4447
-3.25359,4448
-3.25414,4449
-3.2558200000000004,4450
-3.25758,4451
-3.25814,4452
-3.2601199999999997,4453
-3.2617,4454
-3.26287,4455
-3.26339,4456
-3.2639299999999998,4457
-3.26752,4458
-3.26777,4459
-3.26983,4460
-3.2720700000000003,4461
-3.27487,4462
-3.2759,4463
-3.27744,4464
-3.27883,4465
-3.2794299999999996,4466
-3.2803899999999997,4467
-3.28431,4468
-3.2888200000000003,4469
-3.28894,4470
-3.28982,4471
-3.2922800000000003,4472
-3.29662,4473
-3.29936,4474
-3.29978,4475
-3.3001300000000002,4476
-3.3017399999999997,4477
-3.3025,4478
-3.30293,4479
-3.30452,4480
-3.30453,4481
-3.30565,4482
-3.3061599999999998,4483
-3.30955,4484
-3.31012,4485
-3.31171,4486
-3.3121799999999997,4487
-3.3149499999999996,4488
-3.31744,4489
-3.3178,4490
-3.31965,4491
-3.3208200000000003,4492
-3.3279,4493
-3.32863,4494
-3.32885,4495
-3.33269,4496
-3.33304,4497
-3.33488,4498
-3.33546,4499
-3.33919,4500
-3.33941,4501
-3.34245,4502
-3.34417,4503
-3.34604,4504
-3.34643,4505
-3.34686,4506
-3.34707,4507
-3.34837,4508
-3.35063,4509
-3.35129,4510
-3.35187,4511
-3.35314,4512
-3.35412,4513
-3.35579,4514
-3.35927,4515
-3.36003,4516
-3.3618699999999997,4517
-3.36226,4518
-3.36345,4519
-3.3651999999999997,4520
-3.3660900000000002,4521
-3.3664,4522
-3.36778,4523
-3.3681900000000002,4524
-3.36889,4525
-3.36925,4526
-3.36926,4527
-3.37071,4528
-3.37258,4529
-3.3761,4530
-3.37762,4531
-3.37948,4532
-3.38081,4533
-3.38125,4534
-3.3820900000000003,4535
-3.3830500000000003,4536
-3.3844499999999997,4537
-3.3849699999999996,4538
-3.38742,4539
-3.3882,4540
-3.38837,4541
-3.39411,4542
-3.39467,4543
-3.39623,4544
-3.3964600000000003,4545
-3.39757,4546
-3.39785,4547
-3.39794,4548
-3.39976,4549
-3.39983,4550
-3.4001900000000003,4551
-3.4021399999999997,4552
-3.40298,4553
-3.4033200000000003,4554
-3.40368,4555
-3.40707,4556
-3.41169,4557
-3.41233,4558
-3.4130700000000003,4559
-3.41311,4560
-3.41454,4561
-3.41528,4562
-3.41546,4563
-3.4159800000000002,4564
-3.41635,4565
-3.41936,4566
-3.42421,4567
-3.42803,4568
-3.42823,4569
-3.42871,4570
-3.43097,4571
-3.4312300000000002,4572
-3.43134,4573
-3.43137,4574
-3.4314299999999998,4575
-3.43235,4576
-3.43257,4577
-3.43269,4578
-3.43561,4579
-3.4356999999999998,4580
-3.43681,4581
-3.4371,4582
-3.43931,4583
-3.4411799999999997,4584
-3.44369,4585
-3.44692,4586
-3.4474899999999997,4587
-3.44819,4588
-3.44854,4589
-3.4485799999999998,4590
-3.45044,4591
-3.45389,4592
-3.45613,4593
-3.4563,4594
-3.46099,4595
-3.4624,4596
-3.46375,4597
-3.4649,4598
-3.46508,4599
-3.4651199999999998,4600
-3.467,4601
-3.4709499999999998,4602
-3.47299,4603
-3.47383,4604
-3.47558,4605
-3.47621,4606
-3.4769200000000002,4607
-3.4772399999999997,4608
-3.47741,4609
-3.47884,4610
-3.47975,4611
-3.47993,4612
-3.48035,4613
-3.48156,4614
-3.4823000000000004,4615
-3.4824200000000003,4616
-3.48417,4617
-3.4891,4618
-3.48985,4619
-3.49077,4620
-3.49494,4621
-3.4951399999999997,4622
-3.49722,4623
-3.4973,4624
-3.4985399999999998,4625
-3.49865,4626
-3.50013,4627
-3.5036799999999997,4628
-3.50554,4629
-3.5060599999999997,4630
-3.50937,4631
-3.51013,4632
-3.5130500000000002,4633
-3.5175799999999997,4634
-3.5176100000000003,4635
-3.5187399999999998,4636
-3.51966,4637
-3.5216399999999997,4638
-3.52203,4639
-3.5233499999999998,4640
-3.52356,4641
-3.52393,4642
-3.5249,4643
-3.52538,4644
-3.5265500000000003,4645
-3.5294,4646
-3.53774,4647
-3.53985,4648
-3.5407800000000003,4649
-3.54254,4650
-3.5428,4651
-3.5464499999999997,4652
-3.54667,4653
-3.54685,4654
-3.54888,4655
-3.54941,4656
-3.55342,4657
-3.5561700000000003,4658
-3.55699,4659
-3.5575,4660
-3.56111,4661
-3.56226,4662
-3.56304,4663
-3.5633000000000004,4664
-3.56767,4665
-3.56867,4666
-3.56918,4667
-3.57768,4668
-3.57905,4669
-3.57912,4670
-3.5801999999999996,4671
-3.58298,4672
-3.58454,4673
-3.5867600000000004,4674
-3.58859,4675
-3.58891,4676
-3.59053,4677
-3.59382,4678
-3.59417,4679
-3.59421,4680
-3.5947199999999997,4681
-3.59538,4682
-3.59911,4683
-3.59912,4684
-3.60556,4685
-3.60907,4686
-3.61069,4687
-3.61381,4688
-3.6151999999999997,4689
-3.61706,4690
-3.6178000000000003,4691
-3.6180700000000003,4692
-3.62029,4693
-3.62184,4694
-3.6222,4695
-3.62358,4696
-3.62396,4697
-3.62461,4698
-3.62472,4699
-3.6252,4700
-3.62839,4701
-3.63908,4702
-3.64173,4703
-3.64338,4704
-3.6463200000000002,4705
-3.6515999999999997,4706
-3.65205,4707
-3.65541,4708
-3.6558,4709
-3.6580500000000002,4710
-3.65998,4711
-3.66142,4712
-3.6621599999999996,4713
-3.66316,4714
-3.66693,4715
-3.66821,4716
-3.67225,4717
-3.67504,4718
-3.6764200000000002,4719
-3.68158,4720
-3.68292,4721
-3.6869099999999997,4722
-3.68746,4723
-3.68813,4724
-3.68987,4725
-3.6921399999999998,4726
-3.69936,4727
-3.6995500000000003,4728
-3.70116,4729
-3.70439,4730
-3.70633,4731
-3.70678,4732
-3.71072,4733
-3.71195,4734
-3.7143,4735
-3.71812,4736
-3.72062,4737
-3.72283,4738
-3.72642,4739
-3.7284499999999996,4740
-3.73154,4741
-3.73196,4742
-3.73286,4743
-3.7363299999999997,4744
-3.7402399999999996,4745
-3.74235,4746
-3.74331,4747
-3.74354,4748
-3.74525,4749
-3.7457,4750
-3.747,4751
-3.75018,4752
-3.75054,4753
-3.75334,4754
-3.75644,4755
-3.7570900000000003,4756
-3.75916,4757
-3.75971,4758
-3.7611,4759
-3.76389,4760
-3.76429,4761
-3.7644699999999998,4762
-3.7691500000000002,4763
-3.77154,4764
-3.7731399999999997,4765
-3.77483,4766
-3.7759699999999996,4767
-3.7800599999999998,4768
-3.78241,4769
-3.79058,4770
-3.79354,4771
-3.7937800000000004,4772
-3.79423,4773
-3.79541,4774
-3.7962800000000003,4775
-3.79644,4776
-3.79653,4777
-3.7986999999999997,4778
-3.80129,4779
-3.80675,4780
-3.80676,4781
-3.80717,4782
-3.8072600000000003,4783
-3.80761,4784
-3.8095700000000003,4785
-3.8115300000000003,4786
-3.81203,4787
-3.8124499999999997,4788
-3.8178400000000003,4789
-3.8215100000000004,4790
-3.8223499999999997,4791
-3.82263,4792
-3.82302,4793
-3.8230500000000003,4794
-3.82615,4795
-3.82639,4796
-3.82646,4797
-3.83432,4798
-3.83836,4799
-3.8403899999999997,4800
-3.84539,4801
-3.8460300000000003,4802
-3.84772,4803
-3.85358,4804
-3.8536599999999996,4805
-3.85472,4806
-3.85503,4807
-3.85557,4808
-3.85675,4809
-3.8569,4810
-3.8580300000000003,4811
-3.8596999999999997,4812
-3.86433,4813
-3.8644000000000003,4814
-3.86469,4815
-3.8671599999999997,4816
-3.86812,4817
-3.87045,4818
-3.87394,4819
-3.87413,4820
-3.8761,4821
-3.8766100000000003,4822
-3.87679,4823
-3.8770700000000002,4824
-3.87768,4825
-3.87828,4826
-3.8817199999999996,4827
-3.88246,4828
-3.8827800000000003,4829
-3.88411,4830
-3.8850700000000002,4831
-3.8863000000000003,4832
-3.89193,4833
-3.8921300000000003,4834
-3.89434,4835
-3.8946799999999997,4836
-3.8975500000000003,4837
-3.89923,4838
-3.90363,4839
-3.9037100000000002,4840
-3.90611,4841
-3.90903,4842
-3.9099899999999996,4843
-3.91432,4844
-3.91569,4845
-3.91606,4846
-3.91647,4847
-3.9165300000000003,4848
-3.91839,4849
-3.92036,4850
-3.92223,4851
-3.92361,4852
-3.9246,4853
-3.92495,4854
-3.92563,4855
-3.92578,4856
-3.92869,4857
-3.93104,4858
-3.9327199999999998,4859
-3.93646,4860
-3.93969,4861
-3.9397699999999998,4862
-3.94261,4863
-3.9453899999999997,4864
-3.9459299999999997,4865
-3.9459400000000002,4866
-3.94718,4867
-3.9476199999999997,4868
-3.9489699999999996,4869
-3.94952,4870
-3.9498699999999998,4871
-3.9500900000000003,4872
-3.9512600000000004,4873
-3.9515,4874
-3.95416,4875
-3.95452,4876
-3.95491,4877
-3.95537,4878
-3.95634,4879
-3.95641,4880
-3.9626799999999998,4881
-3.96575,4882
-3.9659299999999997,4883
-3.96854,4884
-3.96948,4885
-3.9714899999999997,4886
-3.9760999999999997,4887
-3.9780100000000003,4888
-3.97883,4889
-3.9803,4890
-3.9838,4891
-3.98724,4892
-3.989,4893
-3.98935,4894
-3.98954,4895
-3.9895500000000004,4896
-3.99181,4897
-3.99202,4898
-3.99275,4899
-3.99639,4900
-3.99654,4901
-3.99658,4902
-3.99856,4903
-3.99873,4904
-3.99945,4905
-4.00186,4906
-4.00246,4907
-4.003550000000001,4908
-4.00545,4909
-4.00753,4910
-4.0105900000000005,4911
-4.013,4912
-4.01368,4913
-4.0145,4914
-4.01775,4915
-4.01909,4916
-4.02011,4917
-4.02354,4918
-4.02387,4919
-4.02501,4920
-4.02541,4921
-4.025510000000001,4922
-4.02826,4923
-4.02836,4924
-4.03133,4925
-4.03369,4926
-4.03381,4927
-4.03383,4928
-4.03388,4929
-4.03671,4930
-4.03848,4931
-4.03938,4932
-4.04122,4933
-4.04484,4934
-4.04548,4935
-4.04693,4936
-4.04769,4937
-4.04916,4938
-4.0505700000000004,4939
-4.05139,4940
-4.05371,4941
-4.05406,4942
-4.054679999999999,4943
-4.0555,4944
-4.05555,4945
-4.05807,4946
-4.05845,4947
-4.05899,4948
-4.06126,4949
-4.0613,4950
-4.06265,4951
-4.0633099999999995,4952
-4.06369,4953
-4.066409999999999,4954
-4.06658,4955
-4.06823,4956
-4.06926,4957
-4.06998,4958
-4.07163,4959
-4.07174,4960
-4.07202,4961
-4.07787,4962
-4.07789,4963
-4.07839,4964
-4.08022,4965
-4.08053,4966
-4.08282,4967
-4.0843,4968
-4.08739,4969
-4.09108,4970
-4.0924000000000005,4971
-4.09492,4972
-4.09825,4973
-4.1033,4974
-4.10332,4975
-4.1042700000000005,4976
-4.10583,4977
-4.10618,4978
-4.107189999999999,4979
-4.10769,4980
-4.10839,4981
-4.11111,4982
-4.11173,4983
-4.11176,4984
-4.11183,4985
-4.11207,4986
-4.11375,4987
-4.1144799999999995,4988
-4.1208800000000005,4989
-4.121239999999999,4990
-4.12406,4991
-4.1250100000000005,4992
-4.1261,4993
-4.12614,4994
-4.1340699999999995,4995
-4.134180000000001,4996
-4.13423,4997
-4.13659,4998
-4.13795,4999
-4.13814,5000
-4.13819,5001
-4.1384799999999995,5002
-4.1399300000000006,5003
-4.14235,5004
-4.14271,5005
-4.14345,5006
-4.14436,5007
-4.150930000000001,5008
-4.1515200000000005,5009
-4.15654,5010
-4.156569999999999,5011
-4.15843,5012
-4.15932,5013
-4.1613,5014
-4.16228,5015
-4.16342,5016
-4.163819999999999,5017
-4.16388,5018
-4.16655,5019
-4.16763,5020
-4.17399,5021
-4.1747700000000005,5022
-4.17533,5023
-4.17668,5024
-4.18074,5025
-4.180770000000001,5026
-4.18087,5027
-4.181229999999999,5028
-4.18195,5029
-4.1842299999999994,5030
-4.185350000000001,5031
-4.18732,5032
-4.1874899999999995,5033
-4.18873,5034
-4.192489999999999,5035
-4.193,5036
-4.19451,5037
-4.19496,5038
-4.19618,5039
-4.20121,5040
-4.2028,5041
-4.20358,5042
-4.206189999999999,5043
-4.207,5044
-4.20801,5045
-4.20911,5046
-4.21042,5047
-4.21104,5048
-4.21221,5049
-4.21444,5050
-4.2153599999999996,5051
-4.21856,5052
-4.21916,5053
-4.22126,5054
-4.22203,5055
-4.22354,5056
-4.2238,5057
-4.22745,5058
-4.22972,5059
-4.23145,5060
-4.23676,5061
-4.23747,5062
-4.24047,5063
-4.24326,5064
-4.24791,5065
-4.2523800000000005,5066
-4.25245,5067
-4.25524,5068
-4.2571,5069
-4.25845,5070
-4.2605900000000005,5071
-4.26723,5072
-4.27121,5073
-4.27596,5074
-4.27736,5075
-4.277609999999999,5076
-4.2787,5077
-4.27971,5078
-4.27989,5079
-4.28037,5080
-4.28084,5081
-4.28707,5082
-4.28971,5083
-4.28976,5084
-4.29175,5085
-4.295649999999999,5086
-4.29647,5087
-4.29912,5088
-4.30042,5089
-4.300560000000001,5090
-4.3013,5091
-4.30218,5092
-4.30229,5093
-4.30372,5094
-4.3079,5095
-4.30863,5096
-4.31267,5097
-4.31709,5098
-4.31904,5099
-4.3221300000000005,5100
-4.32343,5101
-4.32588,5102
-4.3264700000000005,5103
-4.32719,5104
-4.328939999999999,5105
-4.33224,5106
-4.3339099999999995,5107
-4.333939999999999,5108
-4.33611,5109
-4.3363000000000005,5110
-4.338220000000001,5111
-4.34178,5112
-4.35033,5113
-4.35495,5114
-4.3558,5115
-4.36119,5116
-4.3613599999999995,5117
-4.3615699999999995,5118
-4.3640799999999995,5119
-4.36694,5120
-4.36724,5121
-4.36746,5122
-4.36757,5123
-4.36912,5124
-4.37205,5125
-4.3721499999999995,5126
-4.37524,5127
-4.37594,5128
-4.37772,5129
-4.378640000000001,5130
-4.379359999999999,5131
-4.37943,5132
-4.38004,5133
-4.3822,5134
-4.38228,5135
-4.38336,5136
-4.38411,5137
-4.384600000000001,5138
-4.38479,5139
-4.3848,5140
-4.38587,5141
-4.386699999999999,5142
-4.388850000000001,5143
-4.3905,5144
-4.391520000000001,5145
-4.3921,5146
-4.39523,5147
-4.39841,5148
-4.40106,5149
-4.4012,5150
-4.40305,5151
-4.40955,5152
-4.41034,5153
-4.41146,5154
-4.41848,5155
-4.41939,5156
-4.42743,5157
-4.4275,5158
-4.4307799999999995,5159
-4.43233,5160
-4.43679,5161
-4.43771,5162
-4.439229999999999,5163
-4.44109,5164
-4.44332,5165
-4.443569999999999,5166
-4.44924,5167
-4.45031,5168
-4.45043,5169
-4.45163,5170
-4.451899999999999,5171
-4.453810000000001,5172
-4.459479999999999,5173
-4.45964,5174
-4.46075,5175
-4.4607600000000005,5176
-4.46124,5177
-4.46316,5178
-4.46337,5179
-4.46383,5180
-4.47126,5181
-4.471520000000001,5182
-4.47179,5183
-4.4727,5184
-4.47702,5185
-4.47766,5186
-4.478899999999999,5187
-4.4793,5188
-4.4803500000000005,5189
-4.4803999999999995,5190
-4.48176,5191
-4.48416,5192
-4.48505,5193
-4.4855100000000006,5194
-4.4858400000000005,5195
-4.488390000000001,5196
-4.491359999999999,5197
-4.49445,5198
-4.4989,5199
-4.49892,5200
-4.49976,5201
-4.5038800000000005,5202
-4.5074700000000005,5203
-4.50773,5204
-4.51063,5205
-4.51303,5206
-4.51347,5207
-4.51458,5208
-4.51466,5209
-4.5175600000000005,5210
-4.523770000000001,5211
-4.52893,5212
-4.53062,5213
-4.5332,5214
-4.53358,5215
-4.53364,5216
-4.536779999999999,5217
-4.5374300000000005,5218
-4.53883,5219
-4.53964,5220
-4.54695,5221
-4.54794,5222
-4.55046,5223
-4.55871,5224
-4.55959,5225
-4.56235,5226
-4.56393,5227
-4.566649999999999,5228
-4.56783,5229
-4.567939999999999,5230
-4.57131,5231
-4.57167,5232
-4.5732,5233
-4.57353,5234
-4.577640000000001,5235
-4.58186,5236
-4.5820799999999995,5237
-4.5848,5238
-4.58587,5239
-4.58592,5240
-4.58928,5241
-4.59138,5242
-4.591729999999999,5243
-4.591819999999999,5244
-4.592029999999999,5245
-4.59431,5246
-4.59506,5247
-4.59618,5248
-4.59803,5249
-4.59842,5250
-4.600770000000001,5251
-4.6021,5252
-4.602600000000001,5253
-4.6034,5254
-4.60367,5255
-4.60472,5256
-4.60553,5257
-4.606439999999999,5258
-4.60809,5259
-4.611149999999999,5260
-4.611689999999999,5261
-4.61292,5262
-4.61494,5263
-4.6175299999999995,5264
-4.62131,5265
-4.62595,5266
-4.628819999999999,5267
-4.63045,5268
-4.63092,5269
-4.63096,5270
-4.632350000000001,5271
-4.63387,5272
-4.634810000000001,5273
-4.63492,5274
-4.63522,5275
-4.63604,5276
-4.637479999999999,5277
-4.63902,5278
-4.64226,5279
-4.64246,5280
-4.645989999999999,5281
-4.64756,5282
-4.65167,5283
-4.6578100000000004,5284
-4.659020000000001,5285
-4.66117,5286
-4.66484,5287
-4.66599,5288
-4.66674,5289
-4.668069999999999,5290
-4.669239999999999,5291
-4.674510000000001,5292
-4.681220000000001,5293
-4.68316,5294
-4.68571,5295
-4.68679,5296
-4.6877200000000006,5297
-4.68775,5298
-4.6913800000000005,5299
-4.69406,5300
-4.69666,5301
-4.697229999999999,5302
-4.6975,5303
-4.69927,5304
-4.69987,5305
-4.70047,5306
-4.70052,5307
-4.70089,5308
-4.70214,5309
-4.70214,5310
-4.707479999999999,5311
-4.70799,5312
-4.70875,5313
-4.70889,5314
-4.71067,5315
-4.71399,5316
-4.71448,5317
-4.72384,5318
-4.72546,5319
-4.72598,5320
-4.7275100000000005,5321
-4.728899999999999,5322
-4.72939,5323
-4.731199999999999,5324
-4.73311,5325
-4.73384,5326
-4.73508,5327
-4.73625,5328
-4.736689999999999,5329
-4.737550000000001,5330
-4.73949,5331
-4.74359,5332
-4.74584,5333
-4.74718,5334
-4.7489799999999995,5335
-4.74943,5336
-4.75185,5337
-4.75234,5338
-4.7541199999999995,5339
-4.75504,5340
-4.75643,5341
-4.75796,5342
-4.76088,5343
-4.76192,5344
-4.762449999999999,5345
-4.76723,5346
-4.76726,5347
-4.7687,5348
-4.769310000000001,5349
-4.77478,5350
-4.777430000000001,5351
-4.77858,5352
-4.78097,5353
-4.783399999999999,5354
-4.78419,5355
-4.78437,5356
-4.78563,5357
-4.79095,5358
-4.79225,5359
-4.79374,5360
-4.79401,5361
-4.7974,5362
-4.79783,5363
-4.799720000000001,5364
-4.8001000000000005,5365
-4.80046,5366
-4.803439999999999,5367
-4.80377,5368
-4.81027,5369
-4.8108900000000006,5370
-4.81342,5371
-4.82164,5372
-4.822229999999999,5373
-4.82359,5374
-4.82503,5375
-4.8261,5376
-4.8288400000000005,5377
-4.8292,5378
-4.82923,5379
-4.8320799999999995,5380
-4.83437,5381
-4.83452,5382
-4.838430000000001,5383
-4.838850000000001,5384
-4.83904,5385
-4.83912,5386
-4.84097,5387
-4.845260000000001,5388
-4.84597,5389
-4.84809,5390
-4.84876,5391
-4.85212,5392
-4.85243,5393
-4.85586,5394
-4.85647,5395
-4.8573,5396
-4.85745,5397
-4.8584499999999995,5398
-4.86001,5399
-4.86034,5400
-4.86128,5401
-4.86587,5402
-4.8662600000000005,5403
-4.8706499999999995,5404
-4.87559,5405
-4.87667,5406
-4.877020000000001,5407
-4.8816999999999995,5408
-4.88192,5409
-4.882689999999999,5410
-4.88367,5411
-4.8923000000000005,5412
-4.89288,5413
-4.89337,5414
-4.8939200000000005,5415
-4.89425,5416
-4.89721,5417
-4.89838,5418
-4.89903,5419
-4.8995500000000005,5420
-4.90197,5421
-4.90565,5422
-4.90767,5423
-4.90922,5424
-4.91203,5425
-4.912439999999999,5426
-4.91464,5427
-4.91487,5428
-4.91533,5429
-4.9165600000000005,5430
-4.92162,5431
-4.92191,5432
-4.925140000000001,5433
-4.9276800000000005,5434
-4.927989999999999,5435
-4.93087,5436
-4.931979999999999,5437
-4.934069999999999,5438
-4.9345,5439
-4.93602,5440
-4.93618,5441
-4.9364099999999995,5442
-4.93738,5443
-4.94328,5444
-4.94477,5445
-4.94493,5446
-4.94637,5447
-4.94684,5448
-4.94824,5449
-4.9489399999999995,5450
-4.949529999999999,5451
-4.9496,5452
-4.95202,5453
-4.95215,5454
-4.9525,5455
-4.952979999999999,5456
-4.95616,5457
-4.9563999999999995,5458
-4.9568900000000005,5459
-4.95726,5460
-4.95755,5461
-4.9583699999999995,5462
-4.95907,5463
-4.9594499999999995,5464
-4.96105,5465
-4.96164,5466
-4.96207,5467
-4.96318,5468
-4.9642100000000005,5469
-4.96457,5470
-4.96689,5471
-4.97293,5472
-4.9736400000000005,5473
-4.97412,5474
-4.9752600000000005,5475
-4.97555,5476
-4.9757,5477
-4.97586,5478
-4.97629,5479
-4.97679,5480
-4.98092,5481
-4.982399999999999,5482
-4.98319,5483
-4.98428,5484
-4.98729,5485
-4.98784,5486
-4.988060000000001,5487
-4.9899,5488
-4.9943800000000005,5489
-4.9969399999999995,5490
-4.99704,5491
-4.9994499999999995,5492
-4.99967,5493
-5.001390000000001,5494
-5.0015,5495
-5.00199,5496
-5.00405,5497
-5.00455,5498
-5.00503,5499
-5.00671,5500
-5.0080100000000005,5501
-5.0089,5502
-5.01046,5503
-5.01083,5504
-5.01158,5505
-5.01258,5506
-5.01541,5507
-5.01785,5508
-5.0180299999999995,5509
-5.0193,5510
-5.02059,5511
-5.022189999999999,5512
-5.02491,5513
-5.02634,5514
-5.0302,5515
-5.0306999999999995,5516
-5.032109999999999,5517
-5.03254,5518
-5.03262,5519
-5.03346,5520
-5.03428,5521
-5.0379,5522
-5.03931,5523
-5.03997,5524
-5.04249,5525
-5.0431099999999995,5526
-5.04536,5527
-5.04797,5528
-5.05179,5529
-5.05209,5530
-5.05456,5531
-5.05492,5532
-5.05511,5533
-5.05518,5534
-5.05531,5535
-5.0559899999999995,5536
-5.05738,5537
-5.05846,5538
-5.05849,5539
-5.05942,5540
-5.059609999999999,5541
-5.06097,5542
-5.06289,5543
-5.06291,5544
-5.06395,5545
-5.06544,5546
-5.066020000000001,5547
-5.06837,5548
-5.06859,5549
-5.07087,5550
-5.07154,5551
-5.07416,5552
-5.07512,5553
-5.077229999999999,5554
-5.07951,5555
-5.080550000000001,5556
-5.08075,5557
-5.0808800000000005,5558
-5.08476,5559
-5.0848,5560
-5.087149999999999,5561
-5.08776,5562
-5.091279999999999,5563
-5.0914399999999995,5564
-5.09211,5565
-5.0944899999999995,5566
-5.095680000000001,5567
-5.09603,5568
-5.09661,5569
-5.09666,5570
-5.09786,5571
-5.09924,5572
-5.09992,5573
-5.10027,5574
-5.1004700000000005,5575
-5.101109999999999,5576
-5.10482,5577
-5.105600000000001,5578
-5.10617,5579
-5.1062899999999996,5580
-5.10639,5581
-5.10989,5582
-5.11033,5583
-5.11325,5584
-5.11418,5585
-5.11434,5586
-5.1167,5587
-5.1194,5588
-5.11982,5589
-5.1261,5590
-5.1283,5591
-5.12997,5592
-5.13345,5593
-5.134729999999999,5594
-5.1376599999999994,5595
-5.140689999999999,5596
-5.14194,5597
-5.142180000000001,5598
-5.1502799999999995,5599
-5.15183,5600
-5.152810000000001,5601
-5.1536,5602
-5.15471,5603
-5.1549700000000005,5604
-5.15613,5605
-5.159590000000001,5606
-5.16056,5607
-5.16131,5608
-5.16219,5609
-5.16662,5610
-5.167590000000001,5611
-5.1683699999999995,5612
-5.170229999999999,5613
-5.1717200000000005,5614
-5.17281,5615
-5.17339,5616
-5.17915,5617
-5.18094,5618
-5.18213,5619
-5.18309,5620
-5.18321,5621
-5.1852,5622
-5.18595,5623
-5.187,5624
-5.1929300000000005,5625
-5.194850000000001,5626
-5.19564,5627
-5.19571,5628
-5.1980200000000005,5629
-5.20029,5630
-5.201890000000001,5631
-5.201899999999999,5632
-5.20227,5633
-5.202319999999999,5634
-5.20347,5635
-5.20387,5636
-5.2040299999999995,5637
-5.20885,5638
-5.209560000000001,5639
-5.21287,5640
-5.21324,5641
-5.21563,5642
-5.21642,5643
-5.21686,5644
-5.216939999999999,5645
-5.21875,5646
-5.22304,5647
-5.223739999999999,5648
-5.22483,5649
-5.2280500000000005,5650
-5.22909,5651
-5.22929,5652
-5.22973,5653
-5.23008,5654
-5.23468,5655
-5.23716,5656
-5.2391000000000005,5657
-5.23957,5658
-5.24123,5659
-5.2422200000000005,5660
-5.24271,5661
-5.243390000000001,5662
-5.245439999999999,5663
-5.24592,5664
-5.24638,5665
-5.24681,5666
-5.24696,5667
-5.248069999999999,5668
-5.24838,5669
-5.24982,5670
-5.2513000000000005,5671
-5.25147,5672
-5.25233,5673
-5.25359,5674
-5.25484,5675
-5.25953,5676
-5.26063,5677
-5.2621400000000005,5678
-5.2641,5679
-5.26467,5680
-5.26504,5681
-5.26531,5682
-5.2672799999999995,5683
-5.26823,5684
-5.26995,5685
-5.27051,5686
-5.27074,5687
-5.2745299999999995,5688
-5.2751,5689
-5.27514,5690
-5.27542,5691
-5.27799,5692
-5.27817,5693
-5.27935,5694
-5.2812399999999995,5695
-5.28184,5696
-5.28196,5697
-5.28738,5698
-5.2886999999999995,5699
-5.289020000000001,5700
-5.29089,5701
-5.29192,5702
-5.294770000000001,5703
-5.29513,5704
-5.2997,5705
-5.307189999999999,5706
-5.30723,5707
-5.30908,5708
-5.30956,5709
-5.3101899999999995,5710
-5.31119,5711
-5.3112200000000005,5712
-5.31125,5713
-5.31217,5714
-5.31454,5715
-5.31642,5716
-5.325060000000001,5717
-5.325069999999999,5718
-5.32804,5719
-5.32821,5720
-5.328390000000001,5721
-5.3302700000000005,5722
-5.33551,5723
-5.34056,5724
-5.3406899999999995,5725
-5.34187,5726
-5.34354,5727
-5.34544,5728
-5.34598,5729
-5.3470699999999995,5730
-5.347189999999999,5731
-5.35031,5732
-5.3514,5733
-5.3519,5734
-5.3519499999999995,5735
-5.35297,5736
-5.35306,5737
-5.3537799999999995,5738
-5.35489,5739
-5.3557,5740
-5.358,5741
-5.36022,5742
-5.36036,5743
-5.3607700000000005,5744
-5.3627,5745
-5.3667,5746
-5.37528,5747
-5.37665,5748
-5.37712,5749
-5.37847,5750
-5.38519,5751
-5.38579,5752
-5.38801,5753
-5.3910100000000005,5754
-5.39299,5755
-5.3933599999999995,5756
-5.39351,5757
-5.394229999999999,5758
-5.39625,5759
-5.39638,5760
-5.3985,5761
-5.40158,5762
-5.404859999999999,5763
-5.40715,5764
-5.41012,5765
-5.41059,5766
-5.41165,5767
-5.41284,5768
-5.41495,5769
-5.41549,5770
-5.41734,5771
-5.420520000000001,5772
-5.42198,5773
-5.42372,5774
-5.42417,5775
-5.42753,5776
-5.42758,5777
-5.42866,5778
-5.43124,5779
-5.4338500000000005,5780
-5.4346000000000005,5781
-5.43744,5782
-5.439640000000001,5783
-5.44028,5784
-5.44083,5785
-5.44288,5786
-5.44337,5787
-5.44416,5788
-5.44489,5789
-5.44695,5790
-5.44811,5791
-5.44897,5792
-5.45191,5793
-5.4534899999999995,5794
-5.45395,5795
-5.45423,5796
-5.45617,5797
-5.459689999999999,5798
-5.46013,5799
-5.46051,5800
-5.462149999999999,5801
-5.4625900000000005,5802
-5.46589,5803
-5.46638,5804
-5.466729999999999,5805
-5.46692,5806
-5.4688,5807
-5.46881,5808
-5.46978,5809
-5.470770000000001,5810
-5.477189999999999,5811
-5.478689999999999,5812
-5.481109999999999,5813
-5.482609999999999,5814
-5.48419,5815
-5.48425,5816
-5.4876499999999995,5817
-5.48972,5818
-5.49333,5819
-5.49562,5820
-5.49953,5821
-5.49963,5822
-5.500850000000001,5823
-5.50091,5824
-5.50229,5825
-5.50291,5826
-5.50462,5827
-5.50578,5828
-5.5071,5829
-5.5128699999999995,5830
-5.51296,5831
-5.51744,5832
-5.51837,5833
-5.51841,5834
-5.521199999999999,5835
-5.523149999999999,5836
-5.5249,5837
-5.52501,5838
-5.52559,5839
-5.52862,5840
-5.53181,5841
-5.5331,5842
-5.53379,5843
-5.53682,5844
-5.5378,5845
-5.54112,5846
-5.542260000000001,5847
-5.54251,5848
-5.54336,5849
-5.54475,5850
-5.5465100000000005,5851
-5.54678,5852
-5.548439999999999,5853
-5.5519300000000005,5854
-5.55213,5855
-5.55401,5856
-5.55701,5857
-5.56168,5858
-5.5619,5859
-5.56204,5860
-5.562399999999999,5861
-5.56403,5862
-5.56801,5863
-5.56826,5864
-5.570189999999999,5865
-5.57026,5866
-5.574979999999999,5867
-5.57751,5868
-5.57781,5869
-5.58706,5870
-5.59039,5871
-5.59587,5872
-5.5963199999999995,5873
-5.598409999999999,5874
-5.59929,5875
-5.60371,5876
-5.6037799999999995,5877
-5.605510000000001,5878
-5.6079,5879
-5.60833,5880
-5.60885,5881
-5.60979,5882
-5.61153,5883
-5.61359,5884
-5.61364,5885
-5.618,5886
-5.61865,5887
-5.62029,5888
-5.62384,5889
-5.6251999999999995,5890
-5.6252200000000006,5891
-5.62554,5892
-5.6262799999999995,5893
-5.62788,5894
-5.6283,5895
-5.62925,5896
-5.631600000000001,5897
-5.634180000000001,5898
-5.63762,5899
-5.63959,5900
-5.6398,5901
-5.64141,5902
-5.64417,5903
-5.64579,5904
-5.64678,5905
-5.64711,5906
-5.64717,5907
-5.6499,5908
-5.65017,5909
-5.65113,5910
-5.65121,5911
-5.6531899999999995,5912
-5.656149999999999,5913
-5.65665,5914
-5.65766,5915
-5.66024,5916
-5.66195,5917
-5.66335,5918
-5.66408,5919
-5.66472,5920
-5.66558,5921
-5.666270000000001,5922
-5.6673800000000005,5923
-5.66739,5924
-5.6709700000000005,5925
-5.67126,5926
-5.67239,5927
-5.674300000000001,5928
-5.67541,5929
-5.67633,5930
-5.68022,5931
-5.68216,5932
-5.68822,5933
-5.69015,5934
-5.69143,5935
-5.69157,5936
-5.69307,5937
-5.69475,5938
-5.69583,5939
-5.696140000000001,5940
-5.6962,5941
-5.70051,5942
-5.7009099999999995,5943
-5.7025500000000005,5944
-5.70303,5945
-5.70634,5946
-5.70675,5947
-5.715310000000001,5948
-5.716069999999999,5949
-5.71727,5950
-5.71739,5951
-5.7209200000000004,5952
-5.72546,5953
-5.73013,5954
-5.73578,5955
-5.7372,5956
-5.73864,5957
-5.73883,5958
-5.73924,5959
-5.74075,5960
-5.74183,5961
-5.7433000000000005,5962
-5.7446,5963
-5.74467,5964
-5.746689999999999,5965
-5.7489099999999995,5966
-5.749350000000001,5967
-5.7505,5968
-5.75195,5969
-5.7532700000000006,5970
-5.75429,5971
-5.7565100000000005,5972
-5.76504,5973
-5.76683,5974
-5.7685699999999995,5975
-5.76917,5976
-5.7721800000000005,5977
-5.77248,5978
-5.77312,5979
-5.77413,5980
-5.7763599999999995,5981
-5.7765,5982
-5.78041,5983
-5.78047,5984
-5.78059,5985
-5.78065,5986
-5.78075,5987
-5.7812,5988
-5.7830200000000005,5989
-5.783810000000001,5990
-5.78709,5991
-5.7879499999999995,5992
-5.78857,5993
-5.78944,5994
-5.79356,5995
-5.794359999999999,5996
-5.79582,5997
-5.79723,5998
-5.7975699999999994,5999
-5.80049,6000
-5.80088,6001
-5.8019300000000005,6002
-5.805890000000001,6003
-5.8091800000000005,6004
-5.80933,6005
-5.81017,6006
-5.81102,6007
-5.81199,6008
-5.81756,6009
-5.81902,6010
-5.82083,6011
-5.82609,6012
-5.82662,6013
-5.82769,6014
-5.83185,6015
-5.83506,6016
-5.83578,6017
-5.83688,6018
-5.8383400000000005,6019
-5.8412,6020
-5.842029999999999,6021
-5.84413,6022
-5.849399999999999,6023
-5.8566400000000005,6024
-5.85703,6025
-5.857939999999999,6026
-5.85832,6027
-5.8597,6028
-5.86166,6029
-5.86208,6030
-5.86283,6031
-5.8649700000000005,6032
-5.86848,6033
-5.86879,6034
-5.87072,6035
-5.87164,6036
-5.87362,6037
-5.875,6038
-5.87657,6039
-5.8768,6040
-5.87931,6041
-5.87997,6042
-5.8826,6043
-5.89103,6044
-5.89404,6045
-5.89511,6046
-5.89873,6047
-5.89914,6048
-5.899520000000001,6049
-5.9005,6050
-5.90232,6051
-5.90321,6052
-5.90688,6053
-5.90768,6054
-5.90804,6055
-5.91021,6056
-5.91149,6057
-5.91291,6058
-5.91596,6059
-5.91778,6060
-5.9230100000000006,6061
-5.92362,6062
-5.92413,6063
-5.9243500000000004,6064
-5.92573,6065
-5.9324200000000005,6066
-5.93306,6067
-5.93797,6068
-5.93935,6069
-5.94023,6070
-5.94036,6071
-5.94129,6072
-5.941649999999999,6073
-5.94243,6074
-5.94245,6075
-5.94344,6076
-5.9435,6077
-5.94674,6078
-5.94801,6079
-5.94847,6080
-5.94912,6081
-5.95236,6082
-5.95294,6083
-5.9529499999999995,6084
-5.9568900000000005,6085
-5.95712,6086
-5.95885,6087
-5.9589799999999995,6088
-5.95985,6089
-5.9669,6090
-5.96795,6091
-5.97066,6092
-5.973439999999999,6093
-5.97612,6094
-5.97991,6095
-5.981,6096
-5.98135,6097
-5.98175,6098
-5.98194,6099
-5.98245,6100
-5.98608,6101
-5.99057,6102
-5.99078,6103
-5.99186,6104
-5.99621,6105
-5.99686,6106
-6.00047,6107
-6.000859999999999,6108
-6.00142,6109
-6.006,6110
-6.00642,6111
-6.00657,6112
-6.00889,6113
-6.0090200000000005,6114
-6.01083,6115
-6.012020000000001,6116
-6.018680000000001,6117
-6.02142,6118
-6.02241,6119
-6.02266,6120
-6.0226999999999995,6121
-6.0263800000000005,6122
-6.026800000000001,6123
-6.02821,6124
-6.03268,6125
-6.03283,6126
-6.03322,6127
-6.03366,6128
-6.03543,6129
-6.037739999999999,6130
-6.0381,6131
-6.04028,6132
-6.040640000000001,6133
-6.04406,6134
-6.04633,6135
-6.0466999999999995,6136
-6.04691,6137
-6.0474499999999995,6138
-6.04958,6139
-6.0528900000000005,6140
-6.05525,6141
-6.0575,6142
-6.0581000000000005,6143
-6.0588299999999995,6144
-6.0601400000000005,6145
-6.06188,6146
-6.06247,6147
-6.06409,6148
-6.065270000000001,6149
-6.06827,6150
-6.0686,6151
-6.07087,6152
-6.07101,6153
-6.07217,6154
-6.07245,6155
-6.073189999999999,6156
-6.075729999999999,6157
-6.07831,6158
-6.07921,6159
-6.07964,6160
-6.08251,6161
-6.08423,6162
-6.0855500000000005,6163
-6.08601,6164
-6.08609,6165
-6.08638,6166
-6.08851,6167
-6.08966,6168
-6.09424,6169
-6.09435,6170
-6.0971,6171
-6.09784,6172
-6.10222,6173
-6.1028199999999995,6174
-6.10296,6175
-6.10417,6176
-6.1045,6177
-6.105659999999999,6178
-6.10574,6179
-6.10633,6180
-6.11121,6181
-6.1126000000000005,6182
-6.11554,6183
-6.11646,6184
-6.12164,6185
-6.12427,6186
-6.12483,6187
-6.12498,6188
-6.125850000000001,6189
-6.127470000000001,6190
-6.12784,6191
-6.12804,6192
-6.1299399999999995,6193
-6.130109999999999,6194
-6.131819999999999,6195
-6.13293,6196
-6.13348,6197
-6.13615,6198
-6.13621,6199
-6.1369,6200
-6.14159,6201
-6.1435900000000006,6202
-6.14612,6203
-6.14682,6204
-6.147270000000001,6205
-6.147609999999999,6206
-6.1506300000000005,6207
-6.15074,6208
-6.151050000000001,6209
-6.15634,6210
-6.158189999999999,6211
-6.1611,6212
-6.1616800000000005,6213
-6.16249,6214
-6.16438,6215
-6.16583,6216
-6.17132,6217
-6.17244,6218
-6.17276,6219
-6.17416,6220
-6.174300000000001,6221
-6.17667,6222
-6.1771899999999995,6223
-6.17862,6224
-6.17863,6225
-6.17965,6226
-6.1804,6227
-6.18508,6228
-6.1852,6229
-6.18562,6230
-6.1862200000000005,6231
-6.18638,6232
-6.18703,6233
-6.18891,6234
-6.19414,6235
-6.19512,6236
-6.196,6237
-6.199,6238
-6.199199999999999,6239
-6.20097,6240
-6.20158,6241
-6.20549,6242
-6.20647,6243
-6.20895,6244
-6.20996,6245
-6.21171,6246
-6.21221,6247
-6.21294,6248
-6.21394,6249
-6.21497,6250
-6.21935,6251
-6.2218599999999995,6252
-6.2255,6253
-6.2256599999999995,6254
-6.2259899999999995,6255
-6.22671,6256
-6.22701,6257
-6.23033,6258
-6.23333,6259
-6.23548,6260
-6.236140000000001,6261
-6.23618,6262
-6.23834,6263
-6.24032,6264
-6.240939999999999,6265
-6.2429,6266
-6.24333,6267
-6.250310000000001,6268
-6.255310000000001,6269
-6.25889,6270
-6.262239999999999,6271
-6.26358,6272
-6.26457,6273
-6.26523,6274
-6.26609,6275
-6.26683,6276
-6.2668800000000005,6277
-6.26926,6278
-6.26929,6279
-6.27234,6280
-6.27494,6281
-6.27586,6282
-6.27624,6283
-6.27924,6284
-6.28246,6285
-6.28291,6286
-6.284,6287
-6.28746,6288
-6.28875,6289
-6.28918,6290
-6.29158,6291
-6.2922,6292
-6.29441,6293
-6.2946,6294
-6.29599,6295
-6.29668,6296
-6.29677,6297
-6.29802,6298
-6.3037,6299
-6.30408,6300
-6.305350000000001,6301
-6.30619,6302
-6.306439999999999,6303
-6.30954,6304
-6.31028,6305
-6.31328,6306
-6.32068,6307
-6.324350000000001,6308
-6.3243599999999995,6309
-6.324949999999999,6310
-6.326020000000001,6311
-6.327979999999999,6312
-6.32846,6313
-6.33224,6314
-6.33331,6315
-6.334890000000001,6316
-6.33653,6317
-6.33658,6318
-6.337359999999999,6319
-6.33783,6320
-6.339,6321
-6.33968,6322
-6.3421,6323
-6.34217,6324
-6.34249,6325
-6.34287,6326
-6.34401,6327
-6.345149999999999,6328
-6.34597,6329
-6.352600000000001,6330
-6.35705,6331
-6.35905,6332
-6.359979999999999,6333
-6.364319999999999,6334
-6.36686,6335
-6.373,6336
-6.375100000000001,6337
-6.37625,6338
-6.37795,6339
-6.37875,6340
-6.3798,6341
-6.3836,6342
-6.38583,6343
-6.3863199999999996,6344
-6.38821,6345
-6.38828,6346
-6.39149,6347
-6.39196,6348
-6.39247,6349
-6.392939999999999,6350
-6.3959399999999995,6351
-6.39612,6352
-6.396859999999999,6353
-6.40016,6354
-6.40158,6355
-6.4026499999999995,6356
-6.40304,6357
-6.406689999999999,6358
-6.40775,6359
-6.40944,6360
-6.41161,6361
-6.4116599999999995,6362
-6.417260000000001,6363
-6.41876,6364
-6.42079,6365
-6.423439999999999,6366
-6.424,6367
-6.42497,6368
-6.43117,6369
-6.431649999999999,6370
-6.4332,6371
-6.434,6372
-6.434159999999999,6373
-6.43429,6374
-6.435479999999999,6375
-6.436,6376
-6.43885,6377
-6.43929,6378
-6.44078,6379
-6.44254,6380
-6.44404,6381
-6.44436,6382
-6.44492,6383
-6.44521,6384
-6.44542,6385
-6.44587,6386
-6.45005,6387
-6.451149999999999,6388
-6.45869,6389
-6.46067,6390
-6.461720000000001,6391
-6.4625200000000005,6392
-6.46325,6393
-6.46636,6394
-6.46677,6395
-6.4695,6396
-6.46996,6397
-6.472569999999999,6398
-6.47285,6399
-6.47325,6400
-6.4797,6401
-6.48458,6402
-6.4865900000000005,6403
-6.49113,6404
-6.49204,6405
-6.493,6406
-6.49884,6407
-6.49933,6408
-6.499359999999999,6409
-6.50009,6410
-6.50113,6411
-6.50392,6412
-6.5055,6413
-6.50582,6414
-6.50629,6415
-6.50814,6416
-6.5105200000000005,6417
-6.51177,6418
-6.512899999999999,6419
-6.5150500000000005,6420
-6.51537,6421
-6.51801,6422
-6.52175,6423
-6.52375,6424
-6.52435,6425
-6.527340000000001,6426
-6.52746,6427
-6.5317,6428
-6.53282,6429
-6.53895,6430
-6.54024,6431
-6.54245,6432
-6.5475699999999994,6433
-6.55368,6434
-6.55624,6435
-6.55941,6436
-6.55954,6437
-6.56508,6438
-6.56516,6439
-6.56548,6440
-6.5658,6441
-6.5665,6442
-6.5672299999999995,6443
-6.5687299999999995,6444
-6.57171,6445
-6.57185,6446
-6.574739999999999,6447
-6.57757,6448
-6.57857,6449
-6.57966,6450
-6.58263,6451
-6.58304,6452
-6.58433,6453
-6.58459,6454
-6.58485,6455
-6.58799,6456
-6.592890000000001,6457
-6.59383,6458
-6.59532,6459
-6.596100000000001,6460
-6.5978900000000005,6461
-6.60243,6462
-6.60516,6463
-6.606859999999999,6464
-6.60777,6465
-6.608029999999999,6466
-6.60807,6467
-6.609850000000001,6468
-6.6123199999999995,6469
-6.614850000000001,6470
-6.61717,6471
-6.61991,6472
-6.6206700000000005,6473
-6.62294,6474
-6.62385,6475
-6.62396,6476
-6.6243,6477
-6.62699,6478
-6.62776,6479
-6.63066,6480
-6.63211,6481
-6.63525,6482
-6.63887,6483
-6.63899,6484
-6.64329,6485
-6.64962,6486
-6.65599,6487
-6.65768,6488
-6.66685,6489
-6.6673100000000005,6490
-6.66885,6491
-6.66885,6492
-6.66931,6493
-6.67176,6494
-6.673229999999999,6495
-6.67882,6496
-6.67935,6497
-6.67971,6498
-6.68027,6499
-6.68287,6500
-6.68579,6501
-6.687069999999999,6502
-6.6874899999999995,6503
-6.68799,6504
-6.68876,6505
-6.69633,6506
-6.69718,6507
-6.6996199999999995,6508
-6.70075,6509
-6.70174,6510
-6.70249,6511
-6.703609999999999,6512
-6.70623,6513
-6.7067,6514
-6.7123,6515
-6.7156400000000005,6516
-6.7169099999999995,6517
-6.71696,6518
-6.7220200000000006,6519
-6.724060000000001,6520
-6.72468,6521
-6.7247200000000005,6522
-6.72733,6523
-6.72924,6524
-6.72993,6525
-6.73232,6526
-6.73433,6527
-6.73929,6528
-6.741350000000001,6529
-6.74292,6530
-6.7463999999999995,6531
-6.7496,6532
-6.74988,6533
-6.75281,6534
-6.756819999999999,6535
-6.75738,6536
-6.76081,6537
-6.7613,6538
-6.7625399999999996,6539
-6.76334,6540
-6.76337,6541
-6.76475,6542
-6.76544,6543
-6.76673,6544
-6.76921,6545
-6.77001,6546
-6.7703999999999995,6547
-6.77106,6548
-6.77352,6549
-6.7758199999999995,6550
-6.77679,6551
-6.779319999999999,6552
-6.78563,6553
-6.78626,6554
-6.787850000000001,6555
-6.79124,6556
-6.7928500000000005,6557
-6.7957600000000005,6558
-6.7961,6559
-6.79626,6560
-6.79796,6561
-6.806640000000001,6562
-6.80769,6563
-6.810899999999999,6564
-6.81244,6565
-6.814649999999999,6566
-6.81606,6567
-6.81867,6568
-6.819640000000001,6569
-6.8205100000000005,6570
-6.8216,6571
-6.825819999999999,6572
-6.82961,6573
-6.83061,6574
-6.83096,6575
-6.8310200000000005,6576
-6.83324,6577
-6.83505,6578
-6.83641,6579
-6.83641,6580
-6.83802,6581
-6.83985,6582
-6.8443000000000005,6583
-6.84728,6584
-6.84793,6585
-6.850029999999999,6586
-6.85046,6587
-6.8528,6588
-6.8530500000000005,6589
-6.85329,6590
-6.85634,6591
-6.85712,6592
-6.85713,6593
-6.863270000000001,6594
-6.86363,6595
-6.86526,6596
-6.86585,6597
-6.86853,6598
-6.868609999999999,6599
-6.87111,6600
-6.8732299999999995,6601
-6.87342,6602
-6.88432,6603
-6.88444,6604
-6.8861300000000005,6605
-6.88616,6606
-6.887,6607
-6.88729,6608
-6.88929,6609
-6.88985,6610
-6.8904700000000005,6611
-6.89417,6612
-6.895560000000001,6613
-6.895569999999999,6614
-6.8964099999999995,6615
-6.901890000000001,6616
-6.90612,6617
-6.90867,6618
-6.91562,6619
-6.918159999999999,6620
-6.919449999999999,6621
-6.91997,6622
-6.9212,6623
-6.92199,6624
-6.924189999999999,6625
-6.926729999999999,6626
-6.93018,6627
-6.9349799999999995,6628
-6.93607,6629
-6.93626,6630
-6.9366,6631
-6.93725,6632
-6.93982,6633
-6.93999,6634
-6.940270000000001,6635
-6.94047,6636
-6.94215,6637
-6.943,6638
-6.94992,6639
-6.95653,6640
-6.95878,6641
-6.95975,6642
-6.96026,6643
-6.96196,6644
-6.96684,6645
-6.9681999999999995,6646
-6.968229999999999,6647
-6.9686,6648
-6.96992,6649
-6.9713400000000005,6650
-6.97724,6651
-6.97734,6652
-6.97813,6653
-6.978149999999999,6654
-6.97821,6655
-6.9796499999999995,6656
-6.97987,6657
-6.98032,6658
-6.98076,6659
-6.9902299999999995,6660
-6.9935,6661
-6.99432,6662
-6.99445,6663
-6.99515,6664
-6.9968699999999995,6665
-6.9968699999999995,6666
-6.99755,6667
-6.9986999999999995,6668
-7.0023100000000005,6669
-7.00849,6670
-7.0108999999999995,6671
-7.012029999999999,6672
-7.01301,6673
-7.01495,6674
-7.016649999999999,6675
-7.01769,6676
-7.01813,6677
-7.01932,6678
-7.019609999999999,6679
-7.02025,6680
-7.022399999999999,6681
-7.02334,6682
-7.02487,6683
-7.02755,6684
-7.027699999999999,6685
-7.0281,6686
-7.03323,6687
-7.03332,6688
-7.03826,6689
-7.038399999999999,6690
-7.0388,6691
-7.04275,6692
-7.04443,6693
-7.0444700000000005,6694
-7.04545,6695
-7.04758,6696
-7.04912,6697
-7.05053,6698
-7.05171,6699
-7.05335,6700
-7.056109999999999,6701
-7.05822,6702
-7.0648599999999995,6703
-7.06523,6704
-7.066229999999999,6705
-7.0675799999999995,6706
-7.07053,6707
-7.07125,6708
-7.07174,6709
-7.0723400000000005,6710
-7.07277,6711
-7.07294,6712
-7.07315,6713
-7.07646,6714
-7.078189999999999,6715
-7.07963,6716
-7.080010000000001,6717
-7.08074,6718
-7.08178,6719
-7.082020000000001,6720
-7.083279999999999,6721
-7.08345,6722
-7.08547,6723
-7.0870500000000005,6724
-7.09061,6725
-7.0919099999999995,6726
-7.09334,6727
-7.095020000000001,6728
-7.10004,6729
-7.10011,6730
-7.10059,6731
-7.10107,6732
-7.10339,6733
-7.10384,6734
-7.10568,6735
-7.10753,6736
-7.10775,6737
-7.1113100000000005,6738
-7.1138699999999995,6739
-7.11631,6740
-7.11792,6741
-7.11834,6742
-7.12139,6743
-7.122229999999999,6744
-7.12368,6745
-7.127020000000001,6746
-7.1275699999999995,6747
-7.12829,6748
-7.12884,6749
-7.134180000000001,6750
-7.13464,6751
-7.13475,6752
-7.13614,6753
-7.136340000000001,6754
-7.13833,6755
-7.14135,6756
-7.14435,6757
-7.14438,6758
-7.1448,6759
-7.15337,6760
-7.1536800000000005,6761
-7.15504,6762
-7.15664,6763
-7.15854,6764
-7.16153,6765
-7.16352,6766
-7.16397,6767
-7.16455,6768
-7.16486,6769
-7.16653,6770
-7.1686000000000005,6771
-7.17184,6772
-7.17528,6773
-7.17771,6774
-7.1798,6775
-7.1815,6776
-7.18236,6777
-7.184939999999999,6778
-7.1851899999999995,6779
-7.18543,6780
-7.18602,6781
-7.18737,6782
-7.18777,6783
-7.18796,6784
-7.18996,6785
-7.192609999999999,6786
-7.19396,6787
-7.19462,6788
-7.19515,6789
-7.197229999999999,6790
-7.19782,6791
-7.1987,6792
-7.20001,6793
-7.20362,6794
-7.20442,6795
-7.205640000000001,6796
-7.20707,6797
-7.207479999999999,6798
-7.209239999999999,6799
-7.21154,6800
-7.21592,6801
-7.21642,6802
-7.2169,6803
-7.21812,6804
-7.22268,6805
-7.22297,6806
-7.22467,6807
-7.22522,6808
-7.22549,6809
-7.2305399999999995,6810
-7.23595,6811
-7.23736,6812
-7.24281,6813
-7.243720000000001,6814
-7.2443,6815
-7.24476,6816
-7.24942,6817
-7.25429,6818
-7.25767,6819
-7.25889,6820
-7.25911,6821
-7.263859999999999,6822
-7.26471,6823
-7.265029999999999,6824
-7.26661,6825
-7.26796,6826
-7.270359999999999,6827
-7.27155,6828
-7.27748,6829
-7.27823,6830
-7.2783299999999995,6831
-7.27935,6832
-7.28003,6833
-7.28184,6834
-7.28397,6835
-7.284479999999999,6836
-7.284479999999999,6837
-7.286560000000001,6838
-7.28693,6839
-7.291939999999999,6840
-7.29244,6841
-7.29437,6842
-7.29498,6843
-7.296729999999999,6844
-7.29908,6845
-7.2998199999999995,6846
-7.30153,6847
-7.30206,6848
-7.30488,6849
-7.313560000000001,6850
-7.3135900000000005,6851
-7.31449,6852
-7.31568,6853
-7.3165,6854
-7.3186,6855
-7.32005,6856
-7.32089,6857
-7.32757,6858
-7.3311,6859
-7.33302,6860
-7.33421,6861
-7.334359999999999,6862
-7.3346800000000005,6863
-7.33788,6864
-7.33941,6865
-7.3435500000000005,6866
-7.34441,6867
-7.34487,6868
-7.3463199999999995,6869
-7.34689,6870
-7.34988,6871
-7.35204,6872
-7.35807,6873
-7.36015,6874
-7.36095,6875
-7.36099,6876
-7.36742,6877
-7.37122,6878
-7.37484,6879
-7.37521,6880
-7.37803,6881
-7.3816999999999995,6882
-7.3835500000000005,6883
-7.389810000000001,6884
-7.39121,6885
-7.39379,6886
-7.39572,6887
-7.39582,6888
-7.39947,6889
-7.40011,6890
-7.40048,6891
-7.40092,6892
-7.401590000000001,6893
-7.40344,6894
-7.40799,6895
-7.4095200000000006,6896
-7.4098999999999995,6897
-7.41434,6898
-7.4146,6899
-7.41471,6900
-7.41484,6901
-7.4153199999999995,6902
-7.418229999999999,6903
-7.41838,6904
-7.41877,6905
-7.4187899999999996,6906
-7.419,6907
-7.42415,6908
-7.42992,6909
-7.430149999999999,6910
-7.43106,6911
-7.43172,6912
-7.43211,6913
-7.43295,6914
-7.4335,6915
-7.43422,6916
-7.43621,6917
-7.4367600000000005,6918
-7.43779,6919
-7.43796,6920
-7.439640000000001,6921
-7.44107,6922
-7.4418999999999995,6923
-7.442279999999999,6924
-7.4468000000000005,6925
-7.44833,6926
-7.44876,6927
-7.449109999999999,6928
-7.45305,6929
-7.45712,6930
-7.45745,6931
-7.45887,6932
-7.4591,6933
-7.460439999999999,6934
-7.465,6935
-7.46625,6936
-7.4672,6937
-7.47019,6938
-7.47094,6939
-7.47307,6940
-7.47421,6941
-7.47661,6942
-7.47971,6943
-7.48407,6944
-7.4864,6945
-7.4871300000000005,6946
-7.49277,6947
-7.4971499999999995,6948
-7.49913,6949
-7.49951,6950
-7.499569999999999,6951
-7.50024,6952
-7.50167,6953
-7.50287,6954
-7.50422,6955
-7.50526,6956
-7.50719,6957
-7.50752,6958
-7.51595,6959
-7.519399999999999,6960
-7.52193,6961
-7.522609999999999,6962
-7.52597,6963
-7.5267100000000005,6964
-7.52871,6965
-7.53504,6966
-7.53553,6967
-7.53576,6968
-7.5367299999999995,6969
-7.53909,6970
-7.54115,6971
-7.5414200000000005,6972
-7.5417700000000005,6973
-7.54246,6974
-7.542680000000001,6975
-7.54449,6976
-7.54496,6977
-7.5455,6978
-7.54603,6979
-7.54631,6980
-7.54662,6981
-7.54845,6982
-7.55436,6983
-7.55479,6984
-7.55574,6985
-7.55591,6986
-7.55678,6987
-7.56,6988
-7.56232,6989
-7.56232,6990
-7.56307,6991
-7.56661,6992
-7.56884,6993
-7.5779700000000005,6994
-7.58526,6995
-7.5870500000000005,6996
-7.58863,6997
-7.58911,6998
-7.589189999999999,6999
-7.5903599999999996,7000
-7.591939999999999,7001
-7.593439999999999,7002
-7.59381,7003
-7.59413,7004
-7.5952,7005
-7.59638,7006
-7.5988,7007
-7.604439999999999,7008
-7.60703,7009
-7.60768,7010
-7.60828,7011
-7.60938,7012
-7.61198,7013
-7.61266,7014
-7.61331,7015
-7.61473,7016
-7.62059,7017
-7.6228,7018
-7.62571,7019
-7.62955,7020
-7.6298,7021
-7.63185,7022
-7.63188,7023
-7.63457,7024
-7.63567,7025
-7.63732,7026
-7.64897,7027
-7.6549499999999995,7028
-7.65503,7029
-7.655729999999999,7030
-7.65855,7031
-7.66042,7032
-7.6623,7033
-7.66513,7034
-7.66685,7035
-7.67015,7036
-7.67325,7037
-7.673430000000001,7038
-7.6758999999999995,7039
-7.68156,7040
-7.68226,7041
-7.682930000000001,7042
-7.6901,7043
-7.6905,7044
-7.69224,7045
-7.69526,7046
-7.69655,7047
-7.699109999999999,7048
-7.699949999999999,7049
-7.70214,7050
-7.703189999999999,7051
-7.70391,7052
-7.70573,7053
-7.70629,7054
-7.70781,7055
-7.711060000000001,7056
-7.711930000000001,7057
-7.7142,7058
-7.7148900000000005,7059
-7.71577,7060
-7.7161599999999995,7061
-7.719600000000001,7062
-7.72093,7063
-7.72254,7064
-7.72366,7065
-7.72531,7066
-7.72979,7067
-7.73105,7068
-7.73259,7069
-7.73589,7070
-7.73771,7071
-7.74289,7072
-7.748810000000001,7073
-7.74899,7074
-7.74949,7075
-7.7534600000000005,7076
-7.75461,7077
-7.75476,7078
-7.75492,7079
-7.7562,7080
-7.7572600000000005,7081
-7.75798,7082
-7.76239,7083
-7.766310000000001,7084
-7.76743,7085
-7.77039,7086
-7.771739999999999,7087
-7.77199,7088
-7.773890000000001,7089
-7.774109999999999,7090
-7.774220000000001,7091
-7.77454,7092
-7.77461,7093
-7.7755,7094
-7.77601,7095
-7.78052,7096
-7.78141,7097
-7.78204,7098
-7.786149999999999,7099
-7.78651,7100
-7.78681,7101
-7.79141,7102
-7.79211,7103
-7.79308,7104
-7.795859999999999,7105
-7.79817,7106
-7.80228,7107
-7.805020000000001,7108
-7.80513,7109
-7.80699,7110
-7.80855,7111
-7.80971,7112
-7.81023,7113
-7.810689999999999,7114
-7.81255,7115
-7.81494,7116
-7.81526,7117
-7.81712,7118
-7.81904,7119
-7.81973,7120
-7.82032,7121
-7.82225,7122
-7.82332,7123
-7.8235600000000005,7124
-7.8246199999999995,7125
-7.82718,7126
-7.82736,7127
-7.82805,7128
-7.8295699999999995,7129
-7.830970000000001,7130
-7.83167,7131
-7.83794,7132
-7.838520000000001,7133
-7.84013,7134
-7.84055,7135
-7.8447700000000005,7136
-7.84551,7137
-7.85376,7138
-7.85382,7139
-7.85863,7140
-7.86035,7141
-7.860939999999999,7142
-7.86395,7143
-7.86509,7144
-7.86555,7145
-7.86608,7146
-7.86641,7147
-7.8671999999999995,7148
-7.86984,7149
-7.87146,7150
-7.873189999999999,7151
-7.87433,7152
-7.87545,7153
-7.8804099999999995,7154
-7.88238,7155
-7.88263,7156
-7.8898,7157
-7.88986,7158
-7.89006,7159
-7.89011,7160
-7.89349,7161
-7.89561,7162
-7.89849,7163
-7.9046400000000006,7164
-7.90564,7165
-7.905819999999999,7166
-7.907310000000001,7167
-7.91015,7168
-7.910810000000001,7169
-7.91154,7170
-7.91179,7171
-7.91407,7172
-7.91762,7173
-7.91814,7174
-7.919020000000001,7175
-7.91986,7176
-7.92131,7177
-7.9217200000000005,7178
-7.92196,7179
-7.924729999999999,7180
-7.93065,7181
-7.93135,7182
-7.93253,7183
-7.93483,7184
-7.93488,7185
-7.93522,7186
-7.9390600000000004,7187
-7.94066,7188
-7.94425,7189
-7.95042,7190
-7.95172,7191
-7.952,7192
-7.95209,7193
-7.95299,7194
-7.95375,7195
-7.954890000000001,7196
-7.95719,7197
-7.957439999999999,7198
-7.96047,7199
-7.961,7200
-7.96308,7201
-7.9640200000000005,7202
-7.9671199999999995,7203
-7.968109999999999,7204
-7.97097,7205
-7.97177,7206
-7.972,7207
-7.97236,7208
-7.97377,7209
-7.97384,7210
-7.97446,7211
-7.97619,7212
-7.9782,7213
-7.97845,7214
-7.98628,7215
-7.9890799999999995,7216
-7.99277,7217
-7.99551,7218
-8.00344,7219
-8.00483,7220
-8.00641,7221
-8.00902,7222
-8.01101,7223
-8.01387,7224
-8.01439,7225
-8.01461,7226
-8.0236,7227
-8.02706,7228
-8.03186,7229
-8.03449,7230
-8.03593,7231
-8.036100000000001,7232
-8.03723,7233
-8.03849,7234
-8.03884,7235
-8.04016,7236
-8.04224,7237
-8.04809,7238
-8.048119999999999,7239
-8.04919,7240
-8.04987,7241
-8.05049,7242
-8.05067,7243
-8.053180000000001,7244
-8.05559,7245
-8.05626,7246
-8.056890000000001,7247
-8.05961,7248
-8.05962,7249
-8.06073,7250
-8.06116,7251
-8.06165,7252
-8.06187,7253
-8.06268,7254
-8.06313,7255
-8.06413,7256
-8.06519,7257
-8.06524,7258
-8.06753,7259
-8.06762,7260
-8.07006,7261
-8.07484,7262
-8.07795,7263
-8.0823,7264
-8.08433,7265
-8.08496,7266
-8.09237,7267
-8.0983,7268
-8.09967,7269
-8.1053,7270
-8.10781,7271
-8.11024,7272
-8.110899999999999,7273
-8.11254,7274
-8.11589,7275
-8.11988,7276
-8.12118,7277
-8.12235,7278
-8.12381,7279
-8.12715,7280
-8.12898,7281
-8.13062,7282
-8.13128,7283
-8.132060000000001,7284
-8.13575,7285
-8.13584,7286
-8.13925,7287
-8.13932,7288
-8.14366,7289
-8.14509,7290
-8.14516,7291
-8.150649999999999,7292
-8.15158,7293
-8.15169,7294
-8.15238,7295
-8.15595,7296
-8.16051,7297
-8.16121,7298
-8.16319,7299
-8.1661,7300
-8.16742,7301
-8.168239999999999,7302
-8.16854,7303
-8.1686,7304
-8.17285,7305
-8.17328,7306
-8.17475,7307
-8.177529999999999,7308
-8.1789,7309
-8.181,7310
-8.18216,7311
-8.18342,7312
-8.18441,7313
-8.190949999999999,7314
-8.19121,7315
-8.195139999999999,7316
-8.20267,7317
-8.205,7318
-8.20585,7319
-8.208590000000001,7320
-8.20949,7321
-8.20965,7322
-8.212,7323
-8.22044,7324
-8.220979999999999,7325
-8.223840000000001,7326
-8.223870000000002,7327
-8.225700000000002,7328
-8.22652,7329
-8.22658,7330
-8.228,7331
-8.230360000000001,7332
-8.2316,7333
-8.23346,7334
-8.23463,7335
-8.237290000000002,7336
-8.23915,7337
-8.240870000000001,7338
-8.24328,7339
-8.254700000000001,7340
-8.255600000000001,7341
-8.2561,7342
-8.25741,7343
-8.259409999999999,7344
-8.259879999999999,7345
-8.26141,7346
-8.26272,7347
-8.26998,7348
-8.270010000000001,7349
-8.27117,7350
-8.27236,7351
-8.275469999999999,7352
-8.27672,7353
-8.28131,7354
-8.283,7355
-8.283479999999999,7356
-8.28516,7357
-8.28796,7358
-8.28864,7359
-8.297600000000001,7360
-8.29827,7361
-8.29947,7362
-8.29982,7363
-8.30077,7364
-8.302040000000002,7365
-8.30238,7366
-8.30527,7367
-8.30561,7368
-8.30917,7369
-8.30954,7370
-8.310709999999998,7371
-8.31136,7372
-8.31317,7373
-8.318959999999999,7374
-8.32134,7375
-8.32251,7376
-8.32292,7377
-8.32607,7378
-8.32983,7379
-8.3301,7380
-8.331389999999999,7381
-8.331620000000001,7382
-8.335139999999999,7383
-8.3407,7384
-8.34758,7385
-8.34819,7386
-8.35003,7387
-8.35297,7388
-8.35304,7389
-8.355360000000001,7390
-8.35798,7391
-8.35804,7392
-8.36041,7393
-8.36152,7394
-8.36215,7395
-8.362440000000001,7396
-8.36407,7397
-8.36551,7398
-8.36793,7399
-8.371889999999999,7400
-8.37671,7401
-8.37957,7402
-8.38125,7403
-8.38209,7404
-8.38365,7405
-8.387690000000001,7406
-8.39018,7407
-8.3922,7408
-8.39297,7409
-8.398100000000001,7410
-8.39889,7411
-8.39932,7412
-8.4,7413
-8.400229999999999,7414
-8.401219999999999,7415
-8.4043,7416
-8.406270000000001,7417
-8.409270000000001,7418
-8.41001,7419
-8.41099,7420
-8.41233,7421
-8.41835,7422
-8.41999,7423
-8.42402,7424
-8.42565,7425
-8.426860000000001,7426
-8.43292,7427
-8.43341,7428
-8.43486,7429
-8.43558,7430
-8.437149999999999,7431
-8.4383,7432
-8.44017,7433
-8.44192,7434
-8.4443,7435
-8.44627,7436
-8.44727,7437
-8.44866,7438
-8.449290000000001,7439
-8.45117,7440
-8.454,7441
-8.45415,7442
-8.46287,7443
-8.46312,7444
-8.47053,7445
-8.471639999999999,7446
-8.47401,7447
-8.48217,7448
-8.48321,7449
-8.48624,7450
-8.487309999999999,7451
-8.48781,7452
-8.48967,7453
-8.49073,7454
-8.49527,7455
-8.49575,7456
-8.500459999999999,7457
-8.50061,7458
-8.50138,7459
-8.501389999999999,7460
-8.50341,7461
-8.505709999999999,7462
-8.506969999999999,7463
-8.50777,7464
-8.50802,7465
-8.51167,7466
-8.5139,7467
-8.516309999999999,7468
-8.51959,7469
-8.52152,7470
-8.52377,7471
-8.52459,7472
-8.52559,7473
-8.525780000000001,7474
-8.52661,7475
-8.52731,7476
-8.528709999999998,7477
-8.529639999999999,7478
-8.530899999999999,7479
-8.53195,7480
-8.534030000000001,7481
-8.534139999999999,7482
-8.536430000000001,7483
-8.54121,7484
-8.542950000000001,7485
-8.54336,7486
-8.54479,7487
-8.54532,7488
-8.54927,7489
-8.55063,7490
-8.551590000000001,7491
-8.553040000000001,7492
-8.553360000000001,7493
-8.553930000000001,7494
-8.55574,7495
-8.55762,7496
-8.557870000000001,7497
-8.557870000000001,7498
-8.56145,7499
-8.56198,7500
-8.5669,7501
-8.56704,7502
-8.56717,7503
-8.57067,7504
-8.57168,7505
-8.57491,7506
-8.57513,7507
-8.57787,7508
-8.57787,7509
-8.580110000000001,7510
-8.58069,7511
-8.58318,7512
-8.58371,7513
-8.58376,7514
-8.5876,7515
-8.58779,7516
-8.5882,7517
-8.58843,7518
-8.589459999999999,7519
-8.590969999999999,7520
-8.591899999999999,7521
-8.592319999999999,7522
-8.594610000000001,7523
-8.5952,7524
-8.59601,7525
-8.59857,7526
-8.60535,7527
-8.607059999999999,7528
-8.613290000000001,7529
-8.61708,7530
-8.61795,7531
-8.618360000000001,7532
-8.622020000000001,7533
-8.62384,7534
-8.63081,7535
-8.63198,7536
-8.632700000000002,7537
-8.63293,7538
-8.636040000000001,7539
-8.63742,7540
-8.63866,7541
-8.63991,7542
-8.64434,7543
-8.64725,7544
-8.650450000000001,7545
-8.6526,7546
-8.655209999999999,7547
-8.65787,7548
-8.66305,7549
-8.664489999999999,7550
-8.67117,7551
-8.6727,7552
-8.67447,7553
-8.676440000000001,7554
-8.677200000000001,7555
-8.67747,7556
-8.68033,7557
-8.68277,7558
-8.68658,7559
-8.68932,7560
-8.68956,7561
-8.6898,7562
-8.68981,7563
-8.69324,7564
-8.697569999999999,7565
-8.70149,7566
-8.70322,7567
-8.70365,7568
-8.70387,7569
-8.705459999999999,7570
-8.705549999999999,7571
-8.70657,7572
-8.708590000000001,7573
-8.71303,7574
-8.72763,7575
-8.728819999999999,7576
-8.732610000000001,7577
-8.73439,7578
-8.73445,7579
-8.73558,7580
-8.74063,7581
-8.74425,7582
-8.7548,7583
-8.75647,7584
-8.756549999999999,7585
-8.756879999999999,7586
-8.75774,7587
-8.761059999999999,7588
-8.76208,7589
-8.76783,7590
-8.77177,7591
-8.77527,7592
-8.776290000000001,7593
-8.77879,7594
-8.78151,7595
-8.786760000000001,7596
-8.79208,7597
-8.794450000000001,7598
-8.794540000000001,7599
-8.79761,7600
-8.79843,7601
-8.798680000000001,7602
-8.799959999999999,7603
-8.800870000000002,7604
-8.8033,7605
-8.80404,7606
-8.80479,7607
-8.80528,7608
-8.80894,7609
-8.80946,7610
-8.81383,7611
-8.815010000000001,7612
-8.81517,7613
-8.816840000000001,7614
-8.81975,7615
-8.820030000000001,7616
-8.82574,7617
-8.82576,7618
-8.82709,7619
-8.83208,7620
-8.83403,7621
-8.835270000000001,7622
-8.84279,7623
-8.844059999999999,7624
-8.84557,7625
-8.84594,7626
-8.84692,7627
-8.84711,7628
-8.84888,7629
-8.850389999999999,7630
-8.85164,7631
-8.85206,7632
-8.85249,7633
-8.85592,7634
-8.85895,7635
-8.85992,7636
-8.86041,7637
-8.86233,7638
-8.86494,7639
-8.865350000000001,7640
-8.872530000000001,7641
-8.87675,7642
-8.87866,7643
-8.88026,7644
-8.88044,7645
-8.88226,7646
-8.885629999999999,7647
-8.88801,7648
-8.89269,7649
-8.89692,7650
-8.90258,7651
-8.90643,7652
-8.90745,7653
-8.910969999999999,7654
-8.9188,7655
-8.9275,7656
-8.929860000000001,7657
-8.930489999999999,7658
-8.93143,7659
-8.93158,7660
-8.93178,7661
-8.93342,7662
-8.934809999999999,7663
-8.93634,7664
-8.93757,7665
-8.93858,7666
-8.94045,7667
-8.94224,7668
-8.94604,7669
-8.94675,7670
-8.94915,7671
-8.95076,7672
-8.95346,7673
-8.957540000000002,7674
-8.9583,7675
-8.962549999999998,7676
-8.964139999999999,7677
-8.96425,7678
-8.96659,7679
-8.968309999999999,7680
-8.96957,7681
-8.976,7682
-8.976959999999998,7683
-8.97739,7684
-8.97858,7685
-8.9818,7686
-8.98209,7687
-8.982389999999999,7688
-8.984549999999999,7689
-8.98674,7690
-8.98736,7691
-8.99091,7692
-8.99634,7693
-8.99683,7694
-9.000440000000001,7695
-9.00048,7696
-9.001290000000001,7697
-9.00253,7698
-9.003540000000001,7699
-9.00901,7700
-9.01061,7701
-9.01268,7702
-9.014,7703
-9.01411,7704
-9.01549,7705
-9.02068,7706
-9.02592,7707
-9.02883,7708
-9.030389999999999,7709
-9.03087,7710
-9.03197,7711
-9.03605,7712
-9.037139999999999,7713
-9.03957,7714
-9.041889999999999,7715
-9.04818,7716
-9.049850000000001,7717
-9.05255,7718
-9.05288,7719
-9.05469,7720
-9.05556,7721
-9.05815,7722
-9.06489,7723
-9.06508,7724
-9.074440000000001,7725
-9.07466,7726
-9.07765,7727
-9.08047,7728
-9.08327,7729
-9.083950000000002,7730
-9.084959999999999,7731
-9.08574,7732
-9.08672,7733
-9.08739,7734
-9.09532,7735
-9.09667,7736
-9.097520000000001,7737
-9.103959999999999,7738
-9.104959999999998,7739
-9.11729,7740
-9.12578,7741
-9.129940000000001,7742
-9.13218,7743
-9.13442,7744
-9.13968,7745
-9.14485,7746
-9.14573,7747
-9.14584,7748
-9.148370000000002,7749
-9.14925,7750
-9.152899999999999,7751
-9.1685,7752
-9.1721,7753
-9.17641,7754
-9.17768,7755
-9.178139999999999,7756
-9.18575,7757
-9.18811,7758
-9.188360000000001,7759
-9.1944,7760
-9.197899999999999,7761
-9.19958,7762
-9.2008,7763
-9.20505,7764
-9.209850000000001,7765
-9.21799,7766
-9.21954,7767
-9.220229999999999,7768
-9.22064,7769
-9.22072,7770
-9.226379999999999,7771
-9.22684,7772
-9.2317,7773
-9.23405,7774
-9.236780000000001,7775
-9.237110000000001,7776
-9.2374,7777
-9.240590000000001,7778
-9.24111,7779
-9.242540000000002,7780
-9.243540000000001,7781
-9.2458,7782
-9.24847,7783
-9.24865,7784
-9.25407,7785
-9.255090000000001,7786
-9.25652,7787
-9.25883,7788
-9.25901,7789
-9.25985,7790
-9.26753,7791
-9.26897,7792
-9.27121,7793
-9.272590000000001,7794
-9.273219999999998,7795
-9.27606,7796
-9.280569999999999,7797
-9.28227,7798
-9.28572,7799
-9.286620000000001,7800
-9.28707,7801
-9.28833,7802
-9.28864,7803
-9.289299999999999,7804
-9.29084,7805
-9.29097,7806
-9.29173,7807
-9.295440000000001,7808
-9.30029,7809
-9.30233,7810
-9.30502,7811
-9.30532,7812
-9.32255,7813
-9.322790000000001,7814
-9.33324,7815
-9.335790000000001,7816
-9.33624,7817
-9.339450000000001,7818
-9.353399999999999,7819
-9.35441,7820
-9.355889999999999,7821
-9.36082,7822
-9.36161,7823
-9.363520000000001,7824
-9.36474,7825
-9.368450000000001,7826
-9.37031,7827
-9.370940000000001,7828
-9.38191,7829
-9.381950000000002,7830
-9.383799999999999,7831
-9.38504,7832
-9.39463,7833
-9.39492,7834
-9.396360000000001,7835
-9.40438,7836
-9.40642,7837
-9.40662,7838
-9.410530000000001,7839
-9.4137,7840
-9.41509,7841
-9.4206,7842
-9.42367,7843
-9.42855,7844
-9.432549999999999,7845
-9.432559999999999,7846
-9.4365,7847
-9.43659,7848
-9.43894,7849
-9.44014,7850
-9.44261,7851
-9.447239999999999,7852
-9.44729,7853
-9.45033,7854
-9.45113,7855
-9.45241,7856
-9.461290000000002,7857
-9.46312,7858
-9.46589,7859
-9.46926,7860
-9.4716,7861
-9.476270000000001,7862
-9.48041,7863
-9.48211,7864
-9.4824,7865
-9.48331,7866
-9.483690000000001,7867
-9.48397,7868
-9.48854,7869
-9.488760000000001,7870
-9.488850000000001,7871
-9.48962,7872
-9.493229999999999,7873
-9.494159999999999,7874
-9.494549999999998,7875
-9.49507,7876
-9.49585,7877
-9.49766,7878
-9.49911,7879
-9.49988,7880
-9.50657,7881
-9.50901,7882
-9.51167,7883
-9.51682,7884
-9.5169,7885
-9.51756,7886
-9.52045,7887
-9.52276,7888
-9.52315,7889
-9.52747,7890
-9.53257,7891
-9.53284,7892
-9.533299999999999,7893
-9.535200000000001,7894
-9.535590000000001,7895
-9.53815,7896
-9.539549999999998,7897
-9.54389,7898
-9.54617,7899
-9.54749,7900
-9.55482,7901
-9.562209999999999,7902
-9.56254,7903
-9.56395,7904
-9.56461,7905
-9.57471,7906
-9.57738,7907
-9.57814,7908
-9.586379999999998,7909
-9.595120000000001,7910
-9.59517,7911
-9.59691,7912
-9.597100000000001,7913
-9.59797,7914
-9.59798,7915
-9.599680000000001,7916
-9.605120000000001,7917
-9.60909,7918
-9.61025,7919
-9.61119,7920
-9.61291,7921
-9.613809999999999,7922
-9.61818,7923
-9.62128,7924
-9.622729999999999,7925
-9.627139999999999,7926
-9.630510000000001,7927
-9.63057,7928
-9.63369,7929
-9.63424,7930
-9.63626,7931
-9.64277,7932
-9.645280000000001,7933
-9.64598,7934
-9.6471,7935
-9.648489999999999,7936
-9.65235,7937
-9.65385,7938
-9.65648,7939
-9.657110000000001,7940
-9.66135,7941
-9.66351,7942
-9.664010000000001,7943
-9.66555,7944
-9.66928,7945
-9.67076,7946
-9.67197,7947
-9.672450000000001,7948
-9.6746,7949
-9.68279,7950
-9.68723,7951
-9.690620000000001,7952
-9.694450000000002,7953
-9.69462,7954
-9.69683,7955
-9.69714,7956
-9.69822,7957
-9.699959999999999,7958
-9.70058,7959
-9.70468,7960
-9.70494,7961
-9.705620000000001,7962
-9.70878,7963
-9.71019,7964
-9.7117,7965
-9.71463,7966
-9.71882,7967
-9.72311,7968
-9.72331,7969
-9.72471,7970
-9.72751,7971
-9.728200000000001,7972
-9.72936,7973
-9.7325,7974
-9.73276,7975
-9.732790000000001,7976
-9.73397,7977
-9.73781,7978
-9.74005,7979
-9.75039,7980
-9.75234,7981
-9.75333,7982
-9.75524,7983
-9.75532,7984
-9.75543,7985
-9.75663,7986
-9.76914,7987
-9.77026,7988
-9.77218,7989
-9.77431,7990
-9.78118,7991
-9.78566,7992
-9.787600000000001,7993
-9.789489999999999,7994
-9.79009,7995
-9.794540000000001,7996
-9.80212,7997
-9.804530000000002,7998
-9.806659999999999,7999
-9.81815,8000
-9.81888,8001
-9.82376,8002
-9.834430000000001,8003
-9.838610000000001,8004
-9.84014,8005
-9.840639999999999,8006
-9.841610000000001,8007
-9.84711,8008
-9.8485,8009
-9.84939,8010
-9.84983,8011
-9.85323,8012
-9.860190000000001,8013
-9.86041,8014
-9.86303,8015
-9.86465,8016
-9.86851,8017
-9.86872,8018
-9.86885,8019
-9.87395,8020
-9.87607,8021
-9.88046,8022
-9.88058,8023
-9.882620000000001,8024
-9.88418,8025
-9.886610000000001,8026
-9.887030000000001,8027
-9.89169,8028
-9.89566,8029
-9.89832,8030
-9.90053,8031
-9.90181,8032
-9.91333,8033
-9.914860000000001,8034
-9.915370000000001,8035
-9.915659999999999,8036
-9.92244,8037
-9.927370000000002,8038
-9.93074,8039
-9.93202,8040
-9.936129999999999,8041
-9.93866,8042
-9.939459999999999,8043
-9.94107,8044
-9.94316,8045
-9.94411,8046
-9.944510000000001,8047
-9.9454,8048
-9.94892,8049
-9.954790000000001,8050
-9.95566,8051
-9.957360000000001,8052
-9.95755,8053
-9.961469999999998,8054
-9.96512,8055
-9.96547,8056
-9.96584,8057
-9.967559999999999,8058
-9.968129999999999,8059
-9.97284,8060
-9.976090000000001,8061
-9.984969999999999,8062
-9.98628,8063
-9.99178,8064
-9.999709999999999,8065
-10.00599,8066
-10.01881,8067
-10.021469999999999,8068
-10.02369,8069
-10.02774,8070
-10.03059,8071
-10.030850000000001,8072
-10.03176,8073
-10.03271,8074
-10.03333,8075
-10.03499,8076
-10.03752,8077
-10.040719999999999,8078
-10.0419,8079
-10.04674,8080
-10.04686,8081
-10.04903,8082
-10.04917,8083
-10.05238,8084
-10.05352,8085
-10.054889999999999,8086
-10.05686,8087
-10.05875,8088
-10.063,8089
-10.06602,8090
-10.06823,8091
-10.07202,8092
-10.081280000000001,8093
-10.08436,8094
-10.0878,8095
-10.09299,8096
-10.09304,8097
-10.09447,8098
-10.10784,8099
-10.1142,8100
-10.117149999999999,8101
-10.12104,8102
-10.12645,8103
-10.128860000000001,8104
-10.133329999999999,8105
-10.14133,8106
-10.14641,8107
-10.14682,8108
-10.147450000000001,8109
-10.14878,8110
-10.15706,8111
-10.15877,8112
-10.1608,8113
-10.16781,8114
-10.169889999999999,8115
-10.176680000000001,8116
-10.18257,8117
-10.18771,8118
-10.191180000000001,8119
-10.192620000000002,8120
-10.19585,8121
-10.20095,8122
-10.20767,8123
-10.21997,8124
-10.22253,8125
-10.22414,8126
-10.22532,8127
-10.23103,8128
-10.23232,8129
-10.2347,8130
-10.23479,8131
-10.24325,8132
-10.24512,8133
-10.24842,8134
-10.24855,8135
-10.2569,8136
-10.26165,8137
-10.26317,8138
-10.26717,8139
-10.26829,8140
-10.269020000000001,8141
-10.27506,8142
-10.27623,8143
-10.27678,8144
-10.277629999999998,8145
-10.28091,8146
-10.28459,8147
-10.29017,8148
-10.302700000000002,8149
-10.3044,8150
-10.31599,8151
-10.31783,8152
-10.3205,8153
-10.32663,8154
-10.32825,8155
-10.33634,8156
-10.34226,8157
-10.34541,8158
-10.34588,8159
-10.35164,8160
-10.359020000000001,8161
-10.35943,8162
-10.360190000000001,8163
-10.36655,8164
-10.37074,8165
-10.371,8166
-10.37197,8167
-10.3744,8168
-10.37532,8169
-10.381780000000001,8170
-10.38293,8171
-10.38334,8172
-10.38589,8173
-10.387889999999999,8174
-10.3889,8175
-10.3911,8176
-10.39362,8177
-10.39396,8178
-10.40154,8179
-10.40266,8180
-10.41018,8181
-10.41507,8182
-10.4197,8183
-10.42409,8184
-10.42531,8185
-10.42738,8186
-10.42975,8187
-10.430579999999999,8188
-10.43414,8189
-10.43811,8190
-10.4387,8191
-10.44279,8192
-10.44357,8193
-10.44439,8194
-10.44448,8195
-10.44725,8196
-10.450940000000001,8197
-10.45318,8198
-10.45521,8199
-10.46208,8200
-10.4634,8201
-10.46378,8202
-10.46524,8203
-10.46758,8204
-10.47358,8205
-10.47588,8206
-10.47932,8207
-10.48966,8208
-10.49588,8209
-10.49818,8210
-10.50132,8211
-10.50535,8212
-10.50647,8213
-10.50691,8214
-10.50891,8215
-10.50921,8216
-10.51111,8217
-10.51383,8218
-10.51442,8219
-10.5179,8220
-10.52656,8221
-10.538260000000001,8222
-10.54711,8223
-10.54721,8224
-10.54914,8225
-10.54968,8226
-10.56622,8227
-10.56926,8228
-10.57244,8229
-10.57508,8230
-10.57553,8231
-10.58356,8232
-10.58427,8233
-10.594100000000001,8234
-10.59468,8235
-10.60317,8236
-10.60915,8237
-10.60954,8238
-10.611709999999999,8239
-10.61708,8240
-10.61717,8241
-10.618739999999999,8242
-10.621739999999999,8243
-10.62458,8244
-10.628770000000001,8245
-10.63073,8246
-10.63545,8247
-10.63552,8248
-10.64057,8249
-10.64526,8250
-10.64635,8251
-10.647770000000001,8252
-10.64814,8253
-10.64826,8254
-10.64965,8255
-10.64969,8256
-10.64975,8257
-10.65247,8258
-10.65403,8259
-10.65742,8260
-10.66048,8261
-10.67616,8262
-10.67985,8263
-10.68423,8264
-10.68776,8265
-10.690719999999999,8266
-10.695739999999999,8267
-10.69635,8268
-10.69808,8269
-10.69924,8270
-10.70655,8271
-10.7127,8272
-10.715819999999999,8273
-10.71885,8274
-10.71942,8275
-10.723469999999999,8276
-10.72441,8277
-10.72505,8278
-10.72761,8279
-10.7292,8280
-10.73119,8281
-10.735059999999999,8282
-10.73685,8283
-10.739030000000001,8284
-10.74432,8285
-10.76337,8286
-10.763620000000001,8287
-10.76477,8288
-10.76769,8289
-10.772200000000002,8290
-10.77462,8291
-10.77826,8292
-10.78792,8293
-10.793280000000001,8294
-10.79574,8295
-10.79847,8296
-10.7988,8297
-10.7989,8298
-10.800469999999999,8299
-10.80335,8300
-10.810450000000001,8301
-10.811969999999999,8302
-10.81229,8303
-10.81415,8304
-10.814540000000001,8305
-10.81478,8306
-10.820139999999999,8307
-10.82267,8308
-10.828389999999999,8309
-10.83071,8310
-10.83138,8311
-10.840950000000001,8312
-10.84146,8313
-10.84918,8314
-10.858600000000001,8315
-10.858649999999999,8316
-10.859110000000001,8317
-10.867180000000001,8318
-10.86858,8319
-10.87819,8320
-10.88063,8321
-10.88394,8322
-10.89406,8323
-10.895610000000001,8324
-10.90516,8325
-10.90549,8326
-10.90858,8327
-10.9135,8328
-10.917819999999999,8329
-10.93249,8330
-10.93709,8331
-10.93778,8332
-10.93924,8333
-10.94015,8334
-10.94266,8335
-10.94521,8336
-10.946579999999999,8337
-10.94924,8338
-10.95708,8339
-10.96039,8340
-10.96655,8341
-10.96962,8342
-10.98622,8343
-10.98736,8344
-10.98782,8345
-10.990770000000001,8346
-10.99135,8347
-10.99675,8348
-11.000770000000001,8349
-11.00318,8350
-11.00328,8351
-11.003549999999999,8352
-11.01957,8353
-11.023190000000001,8354
-11.02378,8355
-11.03228,8356
-11.03599,8357
-11.037709999999999,8358
-11.04305,8359
-11.049629999999999,8360
-11.050030000000001,8361
-11.05128,8362
-11.05727,8363
-11.06039,8364
-11.06095,8365
-11.06136,8366
-11.063600000000001,8367
-11.06374,8368
-11.0715,8369
-11.07686,8370
-11.08557,8371
-11.09649,8372
-11.0969,8373
-11.097700000000001,8374
-11.10961,8375
-11.11795,8376
-11.126389999999999,8377
-11.12659,8378
-11.128530000000001,8379
-11.13092,8380
-11.146040000000001,8381
-11.14784,8382
-11.14978,8383
-11.15721,8384
-11.17378,8385
-11.17568,8386
-11.1757,8387
-11.183200000000001,8388
-11.18563,8389
-11.19141,8390
-11.21032,8391
-11.21916,8392
-11.2209,8393
-11.22326,8394
-11.22573,8395
-11.24175,8396
-11.24907,8397
-11.25173,8398
-11.25191,8399
-11.25467,8400
-11.25934,8401
-11.2653,8402
-11.27241,8403
-11.2735,8404
-11.274569999999999,8405
-11.27633,8406
-11.27659,8407
-11.27732,8408
-11.277989999999999,8409
-11.27998,8410
-11.29062,8411
-11.29311,8412
-11.29724,8413
-11.30686,8414
-11.30806,8415
-11.3143,8416
-11.32225,8417
-11.32335,8418
-11.325709999999999,8419
-11.34412,8420
-11.34725,8421
-11.34842,8422
-11.3512,8423
-11.35403,8424
-11.360280000000001,8425
-11.364930000000001,8426
-11.367389999999999,8427
-11.36977,8428
-11.374270000000001,8429
-11.38525,8430
-11.385290000000001,8431
-11.385299999999999,8432
-11.38734,8433
-11.39328,8434
-11.40311,8435
-11.40532,8436
-11.41187,8437
-11.41451,8438
-11.42004,8439
-11.42529,8440
-11.425799999999999,8441
-11.42811,8442
-11.4283,8443
-11.42906,8444
-11.43938,8445
-11.44182,8446
-11.44534,8447
-11.45101,8448
-11.45408,8449
-11.45565,8450
-11.458219999999999,8451
-11.46605,8452
-11.471620000000001,8453
-11.47606,8454
-11.48522,8455
-11.48658,8456
-11.4891,8457
-11.49063,8458
-11.49558,8459
-11.495659999999999,8460
-11.496709999999998,8461
-11.49802,8462
-11.50116,8463
-11.50425,8464
-11.50991,8465
-11.51453,8466
-11.518790000000001,8467
-11.521370000000001,8468
-11.5276,8469
-11.52987,8470
-11.53113,8471
-11.536,8472
-11.537139999999999,8473
-11.537469999999999,8474
-11.54355,8475
-11.54715,8476
-11.549040000000002,8477
-11.553270000000001,8478
-11.5652,8479
-11.570780000000001,8480
-11.575709999999999,8481
-11.576649999999999,8482
-11.58027,8483
-11.581209999999999,8484
-11.58585,8485
-11.59127,8486
-11.59206,8487
-11.605229999999999,8488
-11.61261,8489
-11.62059,8490
-11.62389,8491
-11.62839,8492
-11.6357,8493
-11.63777,8494
-11.64209,8495
-11.647440000000001,8496
-11.650540000000001,8497
-11.6506,8498
-11.652989999999999,8499
-11.66285,8500
-11.664309999999999,8501
-11.664860000000001,8502
-11.66761,8503
-11.669360000000001,8504
-11.68215,8505
-11.686549999999999,8506
-11.69095,8507
-11.70539,8508
-11.70623,8509
-11.72901,8510
-11.732850000000001,8511
-11.73307,8512
-11.740860000000001,8513
-11.74569,8514
-11.75371,8515
-11.763969999999999,8516
-11.76909,8517
-11.77087,8518
-11.772540000000001,8519
-11.773010000000001,8520
-11.775139999999999,8521
-11.78143,8522
-11.78508,8523
-11.799959999999999,8524
-11.80969,8525
-11.81525,8526
-11.82156,8527
-11.85445,8528
-11.85446,8529
-11.85925,8530
-11.87164,8531
-11.881260000000001,8532
-11.884549999999999,8533
-11.887870000000001,8534
-11.894440000000001,8535
-11.894459999999999,8536
-11.90461,8537
-11.918479999999999,8538
-11.92129,8539
-11.92177,8540
-11.93192,8541
-11.93332,8542
-11.93352,8543
-11.93824,8544
-11.94713,8545
-11.95099,8546
-11.952219999999999,8547
-11.95525,8548
-11.962729999999999,8549
-11.96591,8550
-11.979190000000001,8551
-11.98622,8552
-11.98899,8553
-11.995700000000001,8554
-11.99769,8555
-11.99778,8556
-12.001479999999999,8557
-12.00447,8558
-12.0169,8559
-12.033479999999999,8560
-12.03383,8561
-12.0494,8562
-12.04958,8563
-12.05019,8564
-12.057979999999999,8565
-12.06348,8566
-12.09014,8567
-12.10855,8568
-12.113010000000001,8569
-12.11573,8570
-12.12824,8571
-12.13425,8572
-12.14694,8573
-12.14716,8574
-12.157969999999999,8575
-12.170209999999999,8576
-12.174100000000001,8577
-12.175790000000001,8578
-12.17656,8579
-12.185030000000001,8580
-12.21659,8581
-12.22355,8582
-12.22533,8583
-12.22551,8584
-12.22814,8585
-12.22833,8586
-12.23242,8587
-12.23255,8588
-12.234950000000001,8589
-12.23587,8590
-12.24234,8591
-12.24393,8592
-12.27197,8593
-12.293959999999998,8594
-12.30463,8595
-12.31809,8596
-12.32587,8597
-12.34517,8598
-12.3511,8599
-12.35332,8600
-12.35698,8601
-12.36537,8602
-12.36725,8603
-12.367809999999999,8604
-12.37161,8605
-12.37883,8606
-12.40962,8607
-12.41457,8608
-12.415569999999999,8609
-12.417069999999999,8610
-12.41723,8611
-12.436399999999999,8612
-12.4378,8613
-12.43855,8614
-12.43855,8615
-12.44886,8616
-12.45193,8617
-12.455200000000001,8618
-12.46974,8619
-12.47301,8620
-12.4749,8621
-12.492899999999999,8622
-12.49957,8623
-12.50061,8624
-12.50228,8625
-12.50725,8626
-12.51358,8627
-12.5148,8628
-12.52148,8629
-12.54151,8630
-12.54242,8631
-12.55249,8632
-12.560360000000001,8633
-12.56881,8634
-12.56887,8635
-12.58673,8636
-12.587110000000001,8637
-12.59268,8638
-12.60616,8639
-12.61354,8640
-12.639299999999999,8641
-12.65322,8642
-12.68188,8643
-12.683209999999999,8644
-12.68674,8645
-12.69875,8646
-12.72277,8647
-12.72775,8648
-12.73471,8649
-12.74116,8650
-12.742209999999998,8651
-12.75604,8652
-12.75911,8653
-12.7592,8654
-12.76816,8655
-12.769530000000001,8656
-12.773549999999998,8657
-12.78659,8658
-12.789209999999999,8659
-12.80258,8660
-12.807559999999999,8661
-12.82507,8662
-12.841479999999999,8663
-12.85027,8664
-12.85633,8665
-12.85723,8666
-12.87192,8667
-12.9585,8668
-12.963799999999999,8669
-12.96998,8670
-12.97768,8671
-12.981020000000001,8672
-12.98889,8673
-12.99801,8674
-13.01435,8675
-13.026200000000001,8676
-13.02993,8677
-13.03711,8678
-13.04274,8679
-13.052209999999999,8680
-13.05626,8681
-13.05876,8682
-13.09309,8683
-13.17748,8684
-13.19359,8685
-13.194930000000001,8686
-13.2075,8687
-13.21426,8688
-13.24,8689
-13.25014,8690
-13.250549999999999,8691
-13.27501,8692
-13.28266,8693
-13.2828,8694
-13.29572,8695
-13.30273,8696
-13.30328,8697
-13.31674,8698
-13.31851,8699
-13.321909999999999,8700
-13.33109,8701
-13.34239,8702
-13.36276,8703
-13.40749,8704
-13.45655,8705
-13.46433,8706
-13.467319999999999,8707
-13.49243,8708
-13.53622,8709
-13.592870000000001,8710
-13.60005,8711
-13.60618,8712
-13.616430000000001,8713
-13.65655,8714
-13.67817,8715
-13.68257,8716
-13.68507,8717
-13.69464,8718
-13.69667,8719
-13.69703,8720
-13.732940000000001,8721
-13.759780000000001,8722
-13.762889999999999,8723
-13.81889,8724
-13.88866,8725
-13.90527,8726
-13.90578,8727
-14.0284,8728
-14.08449,8729
-14.106110000000001,8730
-14.142100000000001,8731
-14.14785,8732
-14.18231,8733
-14.24842,8734
-14.309059999999999,8735
-14.34914,8736
-14.358139999999999,8737
-14.39649,8738
-14.430959999999999,8739
-14.45131,8740
-14.53968,8741
-14.644440000000001,8742
-14.66447,8743
-14.66459,8744
-14.700790000000001,8745
-14.89313,8746
-14.93018,8747
-14.94927,8748
-15.00157,8749
-15.00219,8750
-15.06326,8751
-15.07091,8752
-15.15102,8753
-15.18776,8754
-15.38421,8755
-15.44927,8756
-15.53935,8757
-15.96944,8758
-16.07924,8759
-16.16916,8760
