latitude,longitude,elevation,utc_offset_seconds,timezone,timezone_abbreviation
50.08787,8.653846,105.0,0,GMT,GMT

time,temperature_2m (°C),cloud_cover (%),wind_speed_10m (km/h),wind_speed_100m (km/h),shortwave_radiation (W/m²),direct_radiation (W/m²),diffuse_radiation (W/m²)
2025-07-01T00:00,24.4,0,9.4,17.4,0.0,0.0,0.0
2025-07-01T01:00,22.2,9,9.7,16.1,0.0,0.0,0.0
2025-07-01T02:00,21.5,0,9.9,18.2,0.0,0.0,0.0
2025-07-01T03:00,20.8,0,10.4,19.9,0.0,0.0,0.0
2025-07-01T04:00,20.5,0,10.6,20.4,9.0,2.0,7.0
2025-07-01T05:00,21.3,0,9.5,19.9,89.0,49.0,40.0
2025-07-01T06:00,23.1,0,8.3,14.0,227.0,160.0,67.0
2025-07-01T07:00,25.1,0,6.9,9.5,383.0,300.0,83.0
2025-07-01T08:00,27.5,0,5.0,6.8,537.0,443.0,94.0
2025-07-01T09:00,29.9,0,4.4,5.8,673.0,570.0,103.0
2025-07-01T10:00,32.0,0,4.1,5.5,779.0,670.0,109.0
2025-07-01T11:00,33.7,0,4.4,5.8,847.0,734.0,113.0
2025-07-01T12:00,34.8,1,4.6,5.8,872.0,760.0,112.0
2025-07-01T13:00,35.7,25,6.4,8.3,826.0,713.0,113.0
2025-07-01T14:00,35.8,9,7.1,9.1,730.0,610.0,120.0
2025-07-01T15:00,36.0,10,7.8,9.8,657.0,548.0,109.0
2025-07-01T16:00,35.7,6,8.9,11.4,529.0,434.0,95.0
2025-07-01T17:00,35.2,1,9.3,12.2,383.0,305.0,78.0
2025-07-01T18:00,34.3,1,10.0,13.4,228.0,165.0,63.0
2025-07-01T19:00,32.6,1,9.7,17.6,88.0,49.0,39.0
2025-07-01T20:00,30.0,0,3.9,12.2,8.0,2.0,6.0
2025-07-01T21:00,28.8,0,1.5,7.8,0.0,0.0,0.0
2025-07-01T22:00,28.0,0,3.4,6.9,0.0,0.0,0.0
2025-07-01T23:00,27.0,0,3.7,7.0,0.0,0.0,0.0
2025-07-02T00:00,26.0,0,1.2,3.5,0.0,0.0,0.0
2025-07-02T01:00,23.0,0,8.1,12.4,0.0,0.0,0.0
2025-07-02T02:00,21.8,0,7.8,15.0,0.0,0.0,0.0
2025-07-02T03:00,20.8,0,7.7,14.6,0.0,0.0,0.0
2025-07-02T04:00,20.4,0,7.5,11.3,9.0,2.0,7.0
2025-07-02T05:00,21.5,0,6.1,8.5,89.0,50.0,39.0
2025-07-02T06:00,23.9,0,4.3,7.2,226.0,161.0,65.0
2025-07-02T07:00,27.0,0,2.2,2.7,383.0,301.0,82.0
2025-07-02T08:00,30.2,0,1.0,1.0,536.0,443.0,93.0
2025-07-02T09:00,33.0,0,0.6,0.7,673.0,571.0,102.0
2025-07-02T10:00,35.0,10,1.5,2.2,784.0,679.0,105.0
2025-07-02T11:00,36.5,23,2.8,4.0,810.0,689.0,121.0
2025-07-02T12:00,37.3,11,3.2,4.3,836.0,710.0,126.0
2025-07-02T13:00,37.9,12,4.2,5.7,762.0,608.0,154.0
2025-07-02T14:00,38.2,8,7.7,9.9,742.0,618.0,124.0
2025-07-02T15:00,38.0,2,12.2,16.4,649.0,531.0,118.0
2025-07-02T16:00,37.3,14,15.4,20.9,515.0,422.0,93.0
2025-07-02T17:00,36.7,1,13.5,19.3,359.0,268.0,91.0
2025-07-02T18:00,35.9,13,12.8,19.1,203.0,133.0,70.0
2025-07-02T19:00,34.9,64,11.7,20.8,70.0,34.0,36.0
2025-07-02T20:00,32.9,58,8.6,18.3,6.0,1.0,5.0
2025-07-02T21:00,31.4,42,13.7,25.1,0.0,0.0,0.0
2025-07-02T22:00,28.6,18,11.5,21.4,0.0,0.0,0.0
2025-07-02T23:00,27.4,2,9.6,18.4,0.0,0.0,0.0
2025-07-03T00:00,26.0,15,13.2,23.1,0.0,0.0,0.0
2025-07-03T01:00,23.0,89,8.6,14.9,0.0,0.0,0.0
2025-07-03T02:00,22.4,87,9.6,16.6,0.0,0.0,0.0
2025-07-03T03:00,21.1,26,12.2,20.5,0.0,0.0,0.0
2025-07-03T04:00,20.0,36,10.6,17.5,7.0,1.0,6.0
2025-07-03T05:00,20.0,45,8.9,13.5,54.0,16.0,38.0
2025-07-03T06:00,20.2,42,8.9,13.0,151.0,69.0,82.0
2025-07-03T07:00,21.1,26,10.3,14.8,323.0,201.0,122.0
2025-07-03T08:00,21.8,91,10.4,14.7,429.0,285.0,144.0
2025-07-03T09:00,22.7,100,10.0,13.8,505.0,255.0,250.0
2025-07-03T10:00,23.6,100,8.4,11.7,484.0,131.0,353.0
2025-07-03T11:00,24.8,5,6.4,8.9,542.0,261.0,281.0
2025-07-03T12:00,27.0,0,7.4,9.8,906.0,782.0,124.0
2025-07-03T13:00,26.6,6,9.6,13.0,852.0,741.0,111.0
2025-07-03T14:00,26.9,1,8.6,11.5,788.0,675.0,113.0
2025-07-03T15:00,27.1,4,8.5,11.5,673.0,558.0,115.0
2025-07-03T16:00,26.7,6,9.6,13.0,536.0,432.0,104.0
2025-07-03T17:00,26.2,13,8.9,12.2,383.0,295.0,88.0
2025-07-03T18:00,25.6,24,9.0,12.4,223.0,153.0,70.0
2025-07-03T19:00,24.4,28,10.3,17.0,84.0,44.0,40.0
2025-07-03T20:00,22.5,29,14.5,25.2,7.0,2.0,5.0
2025-07-03T21:00,21.4,11,12.2,22.3,0.0,0.0,0.0
2025-07-03T22:00,20.4,0,11.2,21.9,0.0,0.0,0.0
2025-07-03T23:00,19.6,0,9.7,20.5,0.0,0.0,0.0
2025-07-04T00:00,19.0,0,9.8,20.2,0.0,0.0,0.0
2025-07-04T01:00,17.2,1,7.7,17.6,0.0,0.0,0.0
2025-07-04T02:00,16.6,3,8.3,18.6,0.0,0.0,0.0
2025-07-04T03:00,16.1,0,9.4,20.3,0.0,0.0,0.0
2025-07-04T04:00,15.9,0,9.8,20.1,8.0,2.0,6.0
2025-07-04T05:00,16.6,2,8.4,18.1,86.0,46.0,40.0
2025-07-04T06:00,18.0,8,7.9,12.5,220.0,148.0,72.0
2025-07-04T07:00,19.8,0,6.9,10.1,370.0,272.0,98.0
2025-07-04T08:00,21.9,1,7.4,10.3,529.0,418.0,111.0
2025-07-04T09:00,23.2,12,9.8,13.4,677.0,567.0,110.0
2025-07-04T10:00,24.5,25,6.4,8.6,765.0,643.0,122.0
2025-07-04T11:00,25.5,44,4.2,5.6,783.0,596.0,187.0
2025-07-04T12:00,26.8,83,4.3,5.9,812.0,642.0,170.0
2025-07-04T13:00,27.4,63,6.2,8.0,692.0,439.0,253.0
2025-07-04T14:00,27.8,21,6.9,9.0,688.0,483.0,205.0
2025-07-04T15:00,27.7,19,7.0,9.2,675.0,565.0,110.0
2025-07-04T16:00,27.5,14,5.4,7.2,541.0,444.0,97.0
2025-07-04T17:00,27.1,77,4.2,5.6,385.0,302.0,83.0
2025-07-04T18:00,26.5,99,5.4,7.0,224.0,155.0,69.0
2025-07-04T19:00,24.9,100,5.4,10.0,82.0,36.0,46.0
2025-07-04T20:00,23.0,76,4.0,9.9,7.0,0.0,7.0
2025-07-04T21:00,21.9,78,3.6,9.3,0.0,0.0,0.0
2025-07-04T22:00,21.0,16,4.8,12.4,0.0,0.0,0.0
2025-07-04T23:00,19.5,9,4.5,12.4,0.0,0.0,0.0
2025-07-05T00:00,18.5,1,4.4,12.2,0.0,0.0,0.0
2025-07-05T01:00,16.1,2,6.6,16.6,0.0,0.0,0.0
2025-07-05T02:00,15.0,47,5.3,15.0,0.0,0.0,0.0
2025-07-05T03:00,14.4,99,5.7,14.3,0.0,0.0,0.0
2025-07-05T04:00,14.1,100,5.1,12.5,7.0,1.0,6.0
2025-07-05T05:00,15.1,100,3.7,9.3,78.0,28.0,50.0
2025-07-05T06:00,17.1,99,1.8,5.6,198.0,98.0,100.0
2025-07-05T07:00,19.5,99,0.7,1.0,320.0,152.0,168.0
2025-07-05T08:00,22.1,92,3.1,4.3,491.0,305.0,186.0
2025-07-05T09:00,24.6,99,5.6,7.6,649.0,480.0,169.0
2025-07-05T10:00,26.1,57,8.3,11.4,708.0,437.0,271.0
2025-07-05T11:00,27.5,17,10.3,14.1,844.0,694.0,150.0
2025-07-05T12:00,28.3,25,11.6,16.0,883.0,769.0,114.0
2025-07-05T13:00,29.1,44,14.2,19.5,861.0,747.0,114.0
2025-07-05T14:00,29.5,53,14.9,20.8,788.0,672.0,116.0
2025-07-05T15:00,29.7,94,14.9,20.8,678.0,567.0,111.0
2025-07-05T16:00,29.3,98,14.5,20.8,513.0,364.0,149.0
2025-07-05T17:00,28.6,94,13.8,20.1,348.0,214.0,134.0
2025-07-05T18:00,27.9,100,12.6,18.8,201.0,105.0,96.0
2025-07-05T19:00,26.8,100,11.5,19.6,55.0,2.0,53.0
2025-07-05T20:00,26.0,100,11.4,20.5,3.0,0.0,3.0
2025-07-05T21:00,24.8,100,9.4,17.8,0.0,0.0,0.0
2025-07-05T22:00,23.3,100,4.1,10.6,0.0,0.0,0.0
2025-07-05T23:00,21.8,99,0.9,3.6,0.0,0.0,0.0
2025-07-06T00:00,20.2,69,0.4,1.1,0.0,0.0,0.0
2025-07-06T01:00,17.8,93,1.6,4.8,0.0,0.0,0.0
2025-07-06T02:00,16.9,89,4.0,9.1,0.0,0.0,0.0
2025-07-06T03:00,16.5,91,6.1,14.1,0.0,0.0,0.0
2025-07-06T04:00,15.9,11,7.0,15.1,7.0,1.0,6.0
2025-07-06T05:00,16.8,89,6.8,13.2,83.0,40.0,43.0
2025-07-06T06:00,18.5,100,5.9,12.0,207.0,116.0,91.0
2025-07-06T07:00,20.5,100,5.3,8.1,309.0,149.0,160.0
2025-07-06T08:00,22.1,100,7.4,10.6,371.0,111.0,260.0
2025-07-06T09:00,22.1,100,10.3,15.3,232.0,1.0,231.0
2025-07-06T10:00,21.7,100,18.4,27.6,226.0,5.0,221.0
2025-07-06T11:00,20.1,100,7.3,11.1,147.0,0.0,147.0
2025-07-06T12:00,20.6,100,12.6,18.0,206.0,6.0,200.0
2025-07-06T13:00,19.5,100,11.5,16.6,241.0,9.0,232.0
2025-07-06T14:00,20.6,100,16.2,23.5,193.0,10.0,183.0
2025-07-06T15:00,20.2,100,13.5,20.4,95.0,0.0,95.0
2025-07-06T16:00,20.5,100,13.4,20.4,79.0,1.0,78.0
2025-07-06T17:00,19.7,100,17.3,27.1,63.0,0.0,63.0
2025-07-06T18:00,18.1,100,11.1,17.3,31.0,2.0,29.0
2025-07-06T19:00,17.1,98,9.9,16.8,31.0,2.0,29.0
2025-07-06T20:00,16.6,99,11.7,20.5,3.0,0.0,3.0
2025-07-06T21:00,16.1,100,12.9,22.8,0.0,0.0,0.0
2025-07-06T22:00,16.4,98,13.4,23.1,0.0,0.0,0.0
2025-07-06T23:00,16.3,100,15.0,25.9,0.0,0.0,0.0
2025-07-07T00:00,16.4,100,15.5,26.1,0.0,0.0,0.0
2025-07-07T01:00,15.6,99,13.3,22.8,0.0,0.0,0.0
2025-07-07T02:00,15.5,57,12.4,21.7,0.0,0.0,0.0
2025-07-07T03:00,15.4,92,11.3,19.3,0.0,0.0,0.0
2025-07-07T04:00,15.2,70,11.6,20.1,3.0,0.0,3.0
2025-07-07T05:00,15.6,100,10.1,15.9,28.0,1.0,27.0
2025-07-07T06:00,16.1,97,10.3,16.5,59.0,0.0,59.0
2025-07-07T07:00,17.5,88,12.8,18.9,234.0,93.0,141.0
2025-07-07T08:00,19.2,100,13.6,19.4,400.0,242.0,158.0
2025-07-07T09:00,21.0,100,12.7,17.8,488.0,241.0,247.0
2025-07-07T10:00,19.1,100,14.9,21.3,288.0,20.0,268.0
2025-07-07T11:00,20.1,100,9.3,12.9,432.0,123.0,309.0
2025-07-07T12:00,18.4,100,14.3,20.4,511.0,149.0,362.0
2025-07-07T13:00,21.0,100,12.4,17.2,506.0,185.0,321.0
2025-07-07T14:00,17.6,100,10.7,16.0,282.0,44.0,238.0
2025-07-07T15:00,18.5,100,10.6,15.7,215.0,40.0,175.0
2025-07-07T16:00,19.0,100,12.9,18.5,353.0,112.0,241.0
2025-07-07T17:00,18.2,100,10.7,16.1,189.0,41.0,148.0
2025-07-07T18:00,17.7,56,9.2,15.6,80.0,5.0,75.0
2025-07-07T19:00,17.0,100,9.3,17.5,60.0,13.0,47.0
2025-07-07T20:00,16.4,100,10.5,19.6,3.0,0.0,3.0
2025-07-07T21:00,16.0,100,10.1,18.6,0.0,0.0,0.0
2025-07-07T22:00,15.4,100,7.3,14.9,0.0,0.0,0.0
2025-07-07T23:00,15.0,100,7.1,13.9,0.0,0.0,0.0
2025-07-08T00:00,14.3,83,6.4,12.8,0.0,0.0,0.0
2025-07-08T01:00,13.5,16,6.8,15.8,0.0,0.0,0.0
2025-07-08T02:00,12.9,22,4.9,12.4,0.0,0.0,0.0
2025-07-08T03:00,12.4,21,6.0,13.0,0.0,0.0,0.0
2025-07-08T04:00,12.1,19,7.8,15.8,5.0,1.0,4.0
2025-07-08T05:00,12.8,96,7.3,12.5,74.0,34.0,40.0
2025-07-08T06:00,13.8,100,7.6,11.0,176.0,72.0,104.0
2025-07-08T07:00,14.6,100,9.7,13.9,257.0,74.0,183.0
2025-07-08T08:00,15.6,100,7.9,11.2,388.0,142.0,246.0
2025-07-08T09:00,16.9,57,8.0,11.1,594.0,381.0,213.0
2025-07-08T10:00,18.1,99,8.0,11.2,682.0,520.0,162.0
2025-07-08T11:00,19.0,95,10.0,13.9,642.0,421.0,221.0
2025-07-08T12:00,19.6,63,10.5,14.5,714.0,522.0,192.0
2025-07-08T13:00,19.4,98,9.0,12.5,579.0,360.0,219.0
2025-07-08T14:00,19.5,74,8.6,11.8,541.0,345.0,196.0
2025-07-08T15:00,19.0,64,11.7,16.5,433.0,258.0,175.0
2025-07-08T16:00,19.2,40,9.2,13.2,327.0,174.0,153.0
2025-07-08T17:00,18.9,67,11.6,16.7,311.0,216.0,95.0
2025-07-08T18:00,18.2,27,10.0,16.1,168.0,100.0,68.0
2025-07-08T19:00,16.6,22,4.7,11.7,55.0,24.0,31.0
2025-07-08T20:00,15.9,30,6.4,14.1,5.0,1.0,4.0
2025-07-08T21:00,15.0,37,5.8,13.3,0.0,0.0,0.0
2025-07-08T22:00,14.3,32,6.0,11.2,0.0,0.0,0.0
2025-07-08T23:00,13.6,20,7.8,14.8,0.0,0.0,0.0
2025-07-09T00:00,13.2,14,9.0,18.3,0.0,0.0,0.0
2025-07-09T01:00,13.4,22,8.3,18.0,0.0,0.0,0.0
2025-07-09T02:00,13.1,100,8.0,17.4,0.0,0.0,0.0
2025-07-09T03:00,13.5,100,7.9,16.8,0.0,0.0,0.0
2025-07-09T04:00,13.9,100,7.8,15.7,2.0,0.0,2.0
2025-07-09T05:00,14.3,99,7.6,13.0,29.0,0.0,29.0
2025-07-09T06:00,14.9,88,7.1,10.6,106.0,36.0,70.0
2025-07-09T07:00,16.0,80,10.2,14.7,211.0,104.0,107.0
2025-07-09T08:00,17.8,51,9.8,13.9,400.0,224.0,176.0
2025-07-09T09:00,18.9,29,10.9,15.3,547.0,354.0,193.0
2025-07-09T10:00,19.9,37,12.6,17.7,583.0,348.0,235.0
2025-07-09T11:00,20.4,40,13.8,19.5,527.0,269.0,258.0
2025-07-09T12:00,21.5,61,13.0,18.4,650.0,360.0,290.0
2025-07-09T13:00,21.6,100,11.1,15.2,598.0,332.0,266.0
2025-07-09T14:00,21.2,99,11.3,15.9,364.0,90.0,274.0
2025-07-09T15:00,21.4,100,10.9,15.6,341.0,111.0,230.0
2025-07-09T16:00,21.2,100,8.7,12.7,237.0,52.0,185.0
2025-07-09T17:00,21.0,100,7.7,11.6,180.0,56.0,124.0
2025-07-09T18:00,20.4,64,8.1,13.4,117.0,44.0,73.0
2025-07-09T19:00,19.3,36,7.7,15.6,61.0,20.0,41.0
2025-07-09T20:00,18.0,14,5.0,13.1,5.0,1.0,4.0
2025-07-09T21:00,16.8,9,4.2,11.6,0.0,0.0,0.0
2025-07-09T22:00,15.9,12,3.6,9.7,0.0,0.0,0.0
2025-07-09T23:00,14.9,2,2.8,8.6,0.0,0.0,0.0
2025-07-10T00:00,14.4,12,1.2,5.8,0.0,0.0,0.0
2025-07-10T01:00,12.9,3,0.5,1.2,0.0,0.0,0.0
2025-07-10T02:00,12.4,16,0.2,1.1,0.0,0.0,0.0
2025-07-10T03:00,12.1,34,0.5,1.3,0.0,0.0,0.0
2025-07-10T04:00,11.8,27,1.9,2.7,5.0,1.0,4.0
2025-07-10T05:00,13.1,12,2.5,2.6,76.0,38.0,38.0
2025-07-10T06:00,15.5,2,0.8,1.5,211.0,144.0,67.0
2025-07-10T07:00,18.0,0,1.2,1.7,370.0,285.0,85.0
2025-07-10T08:00,20.4,0,1.7,2.3,528.0,432.0,96.0
2025-07-10T09:00,22.2,0,3.5,5.1,670.0,566.0,104.0
2025-07-10T10:00,23.5,1,5.3,7.2,780.0,671.0,109.0
2025-07-10T11:00,24.5,1,6.4,8.6,847.0,731.0,116.0
2025-07-10T12:00,25.2,15,7.0,9.4,871.0,757.0,114.0
2025-07-10T13:00,26.2,7,8.7,11.7,825.0,675.0,150.0
2025-07-10T14:00,27.9,34,8.5,11.4,777.0,656.0,121.0
2025-07-10T15:00,27.3,100,14.3,19.8,583.0,429.0,154.0
2025-07-10T16:00,24.5,23,18.2,26.9,267.0,82.0,185.0
2025-07-10T17:00,24.9,57,12.2,18.1,230.0,119.0,111.0
2025-07-10T18:00,23.8,69,14.0,21.0,167.0,89.0,78.0
2025-07-10T19:00,22.9,21,10.0,17.1,72.0,33.0,39.0
2025-07-10T20:00,21.1,30,8.2,16.0,5.0,1.0,4.0
2025-07-10T21:00,19.7,48,3.4,9.9,0.0,0.0,0.0
2025-07-10T22:00,18.9,33,3.1,7.9,0.0,0.0,0.0
2025-07-10T23:00,18.0,41,3.3,9.0,0.0,0.0,0.0
2025-07-11T00:00,17.1,28,3.8,10.4,0.0,0.0,0.0
2025-07-11T01:00,16.1,29,3.4,10.6,0.0,0.0,0.0
2025-07-11T02:00,15.8,69,2.9,9.3,0.0,0.0,0.0
2025-07-11T03:00,15.9,100,3.7,10.9,0.0,0.0,0.0
2025-07-11T04:00,15.8,69,3.2,9.9,3.0,0.0,3.0
2025-07-11T05:00,16.6,85,6.0,13.1,69.0,27.0,42.0
2025-07-11T06:00,18.2,100,8.1,13.0,165.0,79.0,86.0
2025-07-11T07:00,17.6,99,8.3,12.3,92.0,0.0,92.0
2025-07-11T08:00,19.0,100,9.0,12.6,209.0,63.0,146.0
2025-07-11T09:00,20.5,49,11.2,15.5,483.0,265.0,218.0
2025-07-11T10:00,21.7,57,13.2,18.2,557.0,308.0,249.0
2025-07-11T11:00,22.8,73,13.7,18.9,704.0,455.0,249.0
2025-07-11T12:00,24.0,100,13.6,18.9,812.0,631.0,181.0
2025-07-11T13:00,24.2,37,12.7,17.8,715.0,486.0,229.0
2025-07-11T14:00,25.2,54,13.3,18.3,663.0,428.0,235.0
2025-07-11T15:00,25.4,23,13.8,19.3,604.0,439.0,165.0
2025-07-11T16:00,25.6,25,13.5,19.2,468.0,316.0,152.0
2025-07-11T17:00,25.0,53,13.5,19.8,312.0,199.0,113.0
2025-07-11T18:00,24.2,100,15.9,23.8,210.0,140.0,70.0
2025-07-11T19:00,22.1,100,13.2,22.1,77.0,37.0,40.0
2025-07-11T20:00,20.7,16,7.4,15.2,5.0,1.0,4.0
2025-07-11T21:00,19.3,100,3.5,10.0,0.0,0.0,0.0
2025-07-11T22:00,18.6,99,3.3,8.6,0.0,0.0,0.0
2025-07-11T23:00,18.3,100,4.0,11.6,0.0,0.0,0.0
2025-07-12T00:00,17.9,100,4.5,13.7,0.0,0.0,0.0
2025-07-12T01:00,17.4,100,1.2,8.6,0.0,0.0,0.0
2025-07-12T02:00,17.2,100,0.2,4.4,0.0,0.0,0.0
2025-07-12T03:00,16.8,93,0.4,4.8,0.0,0.0,0.0
2025-07-12T04:00,16.6,99,1.5,3.2,3.0,0.0,3.0
2025-07-12T05:00,17.1,100,4.2,6.0,54.0,16.0,38.0
2025-07-12T06:00,18.2,75,3.8,5.9,168.0,66.0,102.0
2025-07-12T07:00,19.6,11,3.1,4.4,317.0,176.0,141.0
2025-07-12T08:00,21.0,6,4.6,6.2,431.0,274.0,157.0
2025-07-12T09:00,22.8,90,4.6,6.2,644.0,529.0,115.0
2025-07-12T10:00,24.7,96,5.3,7.3,749.0,613.0,136.0
2025-07-12T11:00,25.5,100,9.6,13.0,653.0,383.0,270.0
2025-07-12T12:00,25.4,98,10.3,14.5,460.0,186.0,274.0
2025-07-12T13:00,25.4,100,11.5,15.9,471.0,207.0,264.0
2025-07-12T14:00,26.1,100,12.7,17.7,582.0,291.0,291.0
2025-07-12T15:00,25.0,100,14.3,20.6,279.0,33.0,246.0
2025-07-12T16:00,24.8,62,12.7,18.5,252.0,84.0,168.0
2025-07-12T17:00,24.9,51,11.1,16.2,245.0,97.0,148.0
2025-07-12T18:00,24.0,70,13.0,20.8,121.0,47.0,74.0
2025-07-12T19:00,22.9,23,10.8,19.9,50.0,19.0,31.0
2025-07-12T20:00,21.4,47,5.7,14.9,5.0,1.0,4.0
2025-07-12T21:00,20.4,26,4.7,13.3,0.0,0.0,0.0
2025-07-12T22:00,19.6,13,5.9,15.1,0.0,0.0,0.0
2025-07-12T23:00,19.0,17,5.1,14.8,0.0,0.0,0.0
2025-07-13T00:00,18.5,66,4.4,11.5,0.0,0.0,0.0
2025-07-13T01:00,17.5,57,7.6,13.5,0.0,0.0,0.0
2025-07-13T02:00,16.6,90,4.1,11.2,0.0,0.0,0.0
2025-07-13T03:00,15.9,88,3.9,10.4,0.0,0.0,0.0
2025-07-13T04:00,15.6,87,3.9,9.7,4.0,0.0,4.0
2025-07-13T05:00,16.8,37,5.6,9.9,61.0,18.0,43.0
2025-07-13T06:00,18.4,37,5.0,9.3,180.0,97.0,83.0
2025-07-13T07:00,20.0,30,5.0,7.1,290.0,164.0,126.0
2025-07-13T08:00,21.7,14,4.9,6.7,455.0,332.0,123.0
2025-07-13T09:00,23.5,22,7.1,9.6,622.0,486.0,136.0
2025-07-13T10:00,24.5,14,9.8,13.1,651.0,505.0,146.0
2025-07-13T11:00,26.0,17,10.0,13.8,735.0,559.0,176.0
2025-07-13T12:00,27.1,29,9.0,12.6,757.0,601.0,156.0
2025-07-13T13:00,27.0,17,9.1,12.5,744.0,557.0,187.0
2025-07-13T14:00,27.5,44,8.9,12.1,703.0,560.0,143.0
2025-07-13T15:00,27.1,25,9.4,12.5,585.0,449.0,136.0
2025-07-13T16:00,26.8,15,7.5,10.3,458.0,346.0,112.0
2025-07-13T17:00,26.7,2,6.0,8.3,320.0,234.0,86.0
2025-07-13T18:00,25.9,6,8.3,11.4,201.0,135.0,66.0
2025-07-13T19:00,24.5,3,6.9,15.0,74.0,37.0,37.0
2025-07-13T20:00,23.0,12,7.6,17.3,5.0,1.0,4.0
2025-07-13T21:00,21.4,23,4.0,11.3,0.0,0.0,0.0
2025-07-13T22:00,20.6,3,3.1,9.0,0.0,0.0,0.0
2025-07-13T23:00,19.5,1,2.9,9.1,0.0,0.0,0.0
2025-07-14T00:00,18.5,0,2.1,8.7,0.0,0.0,0.0
2025-07-14T01:00,16.3,0,4.3,6.8,0.0,0.0,0.0
2025-07-14T02:00,15.6,0,1.8,3.9,0.0,0.0,0.0
2025-07-14T03:00,15.3,57,0.6,2.6,0.0,0.0,0.0
2025-07-14T04:00,14.8,100,2.6,6.4,4.0,1.0,3.0
2025-07-14T05:00,16.2,100,6.7,11.7,57.0,9.0,48.0
2025-07-14T06:00,18.5,100,4.1,11.9,166.0,55.0,111.0
2025-07-14T07:00,20.7,100,7.5,10.8,277.0,105.0,172.0
2025-07-14T08:00,22.2,98,13.9,20.4,405.0,186.0,219.0
2025-07-14T09:00,24.3,100,15.2,22.1,472.0,230.0,242.0
2025-07-14T10:00,25.5,100,16.8,24.0,505.0,210.0,295.0
2025-07-14T11:00,25.0,95,16.3,23.3,429.0,141.0,288.0
2025-07-14T12:00,26.8,95,14.7,20.2,719.0,424.0,295.0
2025-07-14T13:00,25.7,72,13.7,19.2,537.0,189.0,348.0
2025-07-14T14:00,26.0,100,16.6,22.5,595.0,376.0,219.0
2025-07-14T15:00,20.7,100,12.3,19.5,217.0,44.0,173.0
2025-07-14T16:00,21.5,20,9.1,13.4,222.0,83.0,139.0
2025-07-14T17:00,22.8,78,10.9,15.8,359.0,258.0,101.0
2025-07-14T18:00,22.0,9,9.0,15.2,153.0,73.0,80.0
2025-07-14T19:00,21.1,8,6.6,14.0,72.0,34.0,38.0
2025-07-14T20:00,20.2,13,5.8,14.1,4.0,1.0,3.0
2025-07-14T21:00,19.8,14,6.8,15.6,0.0,0.0,0.0
2025-07-14T22:00,19.4,56,6.6,15.7,0.0,0.0,0.0
2025-07-14T23:00,18.9,38,5.2,13.9,0.0,0.0,0.0
2025-07-15T00:00,18.6,25,4.9,13.1,0.0,0.0,0.0
2025-07-15T01:00,18.1,30,5.1,14.4,0.0,0.0,0.0
2025-07-15T02:00,18.1,85,10.1,21.7,0.0,0.0,0.0
2025-07-15T03:00,17.8,28,9.9,21.0,0.0,0.0,0.0
2025-07-15T04:00,17.2,69,8.6,17.2,3.0,0.0,3.0
2025-07-15T05:00,18.0,93,8.2,16.3,59.0,22.0,37.0
2025-07-15T06:00,18.9,69,8.8,13.4,127.0,27.0,100.0
2025-07-15T07:00,19.6,72,5.4,7.9,292.0,172.0,120.0
2025-07-15T08:00,20.9,34,2.9,3.8,415.0,253.0,162.0
2025-07-15T09:00,22.1,20,7.2,9.7,580.0,432.0,148.0
2025-07-15T10:00,23.1,88,10.5,14.3,716.0,565.0,151.0
2025-07-15T11:00,22.7,26,8.8,11.9,482.0,269.0,213.0
2025-07-15T12:00,23.8,15,9.6,13.4,703.0,530.0,173.0
2025-07-15T13:00,24.5,94,14.8,20.9,747.0,586.0,161.0
2025-07-15T14:00,25.0,99,13.1,18.6,657.0,509.0,148.0
2025-07-15T15:00,25.5,68,12.0,17.2,506.0,308.0,198.0
2025-07-15T16:00,25.3,100,13.6,19.6,424.0,315.0,109.0
2025-07-15T17:00,23.2,100,15.9,24.1,209.0,86.0,123.0
2025-07-15T18:00,22.6,88,9.4,15.5,140.0,56.0,84.0
2025-07-15T19:00,21.6,59,7.9,15.8,50.0,12.0,38.0
2025-07-15T20:00,20.0,96,5.2,13.9,3.0,0.0,3.0
2025-07-15T21:00,19.9,96,2.8,8.2,0.0,0.0,0.0
2025-07-15T22:00,18.8,50,6.7,14.4,0.0,0.0,0.0
2025-07-15T23:00,17.8,15,5.7,14.3,0.0,0.0,0.0
2025-07-16T00:00,16.5,6,4.3,11.3,0.0,0.0,0.0
2025-07-16T01:00,16.5,100,6.5,15.7,0.0,0.0,0.0
2025-07-16T02:00,16.5,90,6.7,15.3,0.0,0.0,0.0
2025-07-16T03:00,15.7,100,8.2,17.5,0.0,0.0,0.0
2025-07-16T04:00,16.3,100,10.1,20.2,1.0,0.0,1.0
2025-07-16T05:00,16.1,100,10.0,18.6,12.0,0.0,12.0
2025-07-16T06:00,16.5,100,9.3,21.0,41.0,0.0,41.0
2025-07-16T07:00,16.9,84,12.3,19.6,161.0,49.0,112.0
2025-07-16T08:00,19.3,26,16.0,23.5,396.0,238.0,158.0
2025-07-16T09:00,21.1,39,16.0,23.3,509.0,360.0,149.0
2025-07-16T10:00,22.7,100,18.9,27.6,612.0,426.0,186.0
2025-07-16T11:00,21.6,100,17.2,25.5,327.0,124.0,203.0
2025-07-16T12:00,22.1,26,18.7,27.0,593.0,366.0,227.0
2025-07-16T13:00,22.5,33,18.2,26.4,592.0,410.0,182.0
2025-07-16T14:00,23.6,31,17.9,25.9,683.0,541.0,142.0
2025-07-16T15:00,24.5,28,17.8,26.0,550.0,419.0,131.0
2025-07-16T16:00,22.9,62,22.4,33.3,405.0,295.0,110.0
2025-07-16T17:00,19.8,93,18.0,27.5,221.0,113.0,108.0
2025-07-16T18:00,17.5,60,11.9,20.2,115.0,29.0,86.0
2025-07-16T19:00,16.4,42,8.0,14.6,48.0,17.0,31.0
2025-07-16T20:00,16.1,78,9.9,18.8,3.0,0.0,3.0
2025-07-16T21:00,15.8,45,10.8,20.6,0.0,0.0,0.0
2025-07-16T22:00,15.6,24,10.1,19.7,0.0,0.0,0.0
2025-07-16T23:00,15.3,26,8.2,16.7,0.0,0.0,0.0
2025-07-17T00:00,14.9,29,6.8,14.5,0.0,0.0,0.0
2025-07-17T01:00,15.1,13,5.8,14.0,0.0,0.0,0.0
2025-07-17T02:00,14.8,11,5.4,12.8,0.0,0.0,0.0
2025-07-17T03:00,14.4,24,3.2,9.6,0.0,0.0,0.0
2025-07-17T04:00,14.6,13,4.6,6.8,2.0,0.0,2.0
2025-07-17T05:00,15.2,17,5.6,8.1,60.0,25.0,35.0
2025-07-17T06:00,16.6,33,5.0,6.9,184.0,105.0,79.0
2025-07-17T07:00,18.1,35,6.0,8.1,331.0,230.0,101.0
2025-07-17T08:00,19.4,48,7.7,10.3,413.0,265.0,148.0
2025-07-17T09:00,20.4,39,9.5,13.0,388.0,158.0,230.0
2025-07-17T10:00,22.0,47,10.2,13.9,597.0,386.0,211.0
2025-07-17T11:00,23.0,100,11.6,15.9,586.0,338.0,248.0
2025-07-17T12:00,23.2,99,13.0,18.0,462.0,103.0,359.0
2025-07-17T13:00,23.8,60,12.4,17.1,459.0,151.0,308.0
2025-07-17T14:00,24.5,100,13.1,18.2,437.0,164.0,273.0
2025-07-17T15:00,24.5,96,14.5,20.8,309.0,47.0,262.0
2025-07-17T16:00,24.5,87,13.6,19.9,240.0,48.0,192.0
2025-07-17T17:00,24.1,59,12.7,18.5,195.0,76.0,119.0
2025-07-17T18:00,22.5,1,12.7,19.2,175.0,106.0,69.0
2025-07-17T19:00,21.4,4,6.7,13.2,68.0,33.0,35.0
2025-07-17T20:00,20.0,7,4.0,11.4,3.0,1.0,2.0
2025-07-17T21:00,19.0,1,3.5,9.9,0.0,0.0,0.0
2025-07-17T22:00,18.0,0,2.1,7.6,0.0,0.0,0.0
2025-07-17T23:00,17.0,0,0.9,1.3,0.0,0.0,0.0
2025-07-18T00:00,15.9,0,2.5,3.1,0.0,0.0,0.0
2025-07-18T01:00,14.6,0,3.5,7.7,0.0,0.0,0.0
2025-07-18T02:00,13.9,0,1.8,3.3,0.0,0.0,0.0
2025-07-18T03:00,13.8,97,4.7,6.4,0.0,0.0,0.0
2025-07-18T04:00,13.4,65,3.7,8.8,2.0,0.0,2.0
2025-07-18T05:00,14.6,64,4.1,7.1,63.0,28.0,35.0
2025-07-18T06:00,17.0,24,1.8,4.8,193.0,128.0,65.0
2025-07-18T07:00,19.7,12,2.2,3.1,351.0,271.0,80.0
2025-07-18T08:00,22.2,2,1.0,1.2,506.0,411.0,95.0
2025-07-18T09:00,24.1,23,1.9,2.7,648.0,550.0,98.0
2025-07-18T10:00,26.0,100,3.5,4.6,719.0,589.0,130.0
2025-07-18T11:00,27.1,100,4.5,6.0,692.0,447.0,245.0
2025-07-18T12:00,27.2,100,4.9,6.5,474.0,190.0,284.0
2025-07-18T13:00,27.9,100,3.6,4.8,520.0,242.0,278.0
2025-07-18T14:00,28.4,100,3.6,4.6,483.0,205.0,278.0
2025-07-18T15:00,28.7,100,4.5,5.7,441.0,168.0,273.0
2025-07-18T16:00,28.2,100,6.7,8.8,304.0,105.0,199.0
2025-07-18T17:00,27.8,100,8.5,11.2,205.0,60.0,145.0
2025-07-18T18:00,27.4,62,8.8,12.1,135.0,45.0,90.0
2025-07-18T19:00,26.0,71,6.5,13.1,65.0,28.0,37.0
2025-07-18T20:00,23.7,39,9.5,17.6,3.0,0.0,3.0
2025-07-18T21:00,22.5,0,7.1,14.3,0.0,0.0,0.0
2025-07-18T22:00,21.6,0,7.6,15.5,0.0,0.0,0.0
2025-07-18T23:00,20.8,8,6.6,13.9,0.0,0.0,0.0
2025-07-19T00:00,19.8,1,6.5,12.4,0.0,0.0,0.0
2025-07-19T01:00,17.8,1,7.5,12.3,0.0,0.0,0.0
2025-07-19T02:00,16.9,0,7.8,13.1,0.0,0.0,0.0
2025-07-19T03:00,16.2,2,7.0,12.4,0.0,0.0,0.0
2025-07-19T04:00,15.9,1,7.7,12.4,2.0,0.0,2.0
2025-07-19T05:00,16.9,0,7.7,12.8,63.0,32.0,31.0
2025-07-19T06:00,19.2,1,6.3,10.8,195.0,134.0,61.0
2025-07-19T07:00,21.9,2,5.9,8.5,351.0,273.0,78.0
2025-07-19T08:00,24.7,34,5.4,7.7,505.0,414.0,91.0
2025-07-19T09:00,27.4,45,9.9,13.9,644.0,544.0,100.0
2025-07-19T10:00,29.1,96,11.2,15.5,758.0,658.0,100.0
2025-07-19T11:00,30.2,99,9.7,13.4,769.0,566.0,203.0
2025-07-19T12:00,31.0,90,8.4,11.7,695.0,339.0,356.0
2025-07-19T13:00,32.3,99,7.2,10.1,736.0,478.0,258.0
2025-07-19T14:00,33.3,100,9.9,13.7,732.0,597.0,135.0
2025-07-19T15:00,33.0,100,16.1,22.5,594.0,408.0,186.0
2025-07-19T16:00,30.6,100,17.4,25.3,237.0,30.0,207.0
2025-07-19T17:00,28.5,97,19.2,28.6,189.0,35.0,154.0
2025-07-19T18:00,26.5,72,15.4,23.1,73.0,8.0,65.0
2025-07-19T19:00,25.2,100,17.5,27.2,24.0,2.0,22.0
2025-07-19T20:00,23.9,99,14.3,22.5,1.0,0.0,1.0
2025-07-19T21:00,22.9,99,15.5,24.7,0.0,0.0,0.0
2025-07-19T22:00,21.9,99,12.2,20.1,0.0,0.0,0.0
2025-07-19T23:00,21.1,11,10.6,18.7,0.0,0.0,0.0
2025-07-20T00:00,20.3,0,7.8,15.4,0.0,0.0,0.0
2025-07-20T01:00,19.4,0,6.5,13.5,0.0,0.0,0.0
2025-07-20T02:00,18.9,1,6.7,12.9,0.0,0.0,0.0
2025-07-20T03:00,18.5,9,4.6,10.9,0.0,0.0,0.0
2025-07-20T04:00,18.1,5,2.7,8.0,2.0,0.0,2.0
2025-07-20T05:00,19.0,100,1.3,5.0,59.0,28.0,31.0
2025-07-20T06:00,20.6,100,1.6,2.4,182.0,111.0,71.0
2025-07-20T07:00,22.1,97,3.5,5.1,249.0,104.0,145.0
2025-07-20T08:00,24.5,12,3.6,5.1,438.0,321.0,117.0
2025-07-20T09:00,26.7,0,4.6,6.2,624.0,513.0,111.0
2025-07-20T10:00,28.5,95,6.8,9.2,753.0,646.0,107.0
2025-07-20T11:00,29.3,99,8.2,11.0,692.0,451.0,241.0
2025-07-20T12:00,30.2,99,10.6,14.4,699.0,424.0,275.0
2025-07-20T13:00,30.6,98,8.7,12.2,597.0,281.0,316.0
2025-07-20T14:00,29.8,100,13.4,18.9,555.0,260.0,295.0
2025-07-20T15:00,30.1,100,9.3,13.4,370.0,117.0,253.0
2025-07-20T16:00,24.6,100,22.3,32.8,188.0,11.0,177.0
2025-07-20T17:00,20.9,100,3.4,10.3,76.0,4.0,72.0
2025-07-20T18:00,21.6,47,7.5,11.5,131.0,35.0,96.0
2025-07-20T19:00,21.5,100,4.2,9.9,60.0,21.0,39.0
2025-07-20T20:00,21.4,100,6.8,14.5,1.0,0.0,1.0
2025-07-20T21:00,21.4,100,7.3,15.2,0.0,0.0,0.0
2025-07-20T22:00,21.0,100,6.4,13.4,0.0,0.0,0.0
2025-07-20T23:00,20.9,100,6.4,13.8,0.0,0.0,0.0
2025-07-21T00:00,20.5,100,6.0,13.0,0.0,0.0,0.0
2025-07-21T01:00,18.6,100,8.9,18.0,0.0,0.0,0.0
2025-07-21T02:00,18.5,100,9.4,19.2,0.0,0.0,0.0
2025-07-21T03:00,18.2,100,8.6,16.3,0.0,0.0,0.0
2025-07-21T04:00,18.0,100,5.1,11.5,0.0,0.0,0.0
2025-07-21T05:00,18.1,100,6.2,13.5,9.0,0.0,9.0
2025-07-21T06:00,19.0,100,7.7,13.9,72.0,3.0,69.0
2025-07-21T07:00,19.3,100,11.3,17.6,109.0,9.0,100.0
2025-07-21T08:00,19.4,100,10.4,16.0,117.0,0.0,117.0
2025-07-21T09:00,19.9,100,12.2,18.0,181.0,3.0,178.0
2025-07-21T10:00,20.5,100,10.5,15.2,232.0,10.0,222.0
2025-07-21T11:00,21.0,100,9.5,13.6,258.0,9.0,249.0
2025-07-21T12:00,22.1,100,10.2,14.5,396.0,59.0,337.0
2025-07-21T13:00,22.0,100,14.7,20.9,414.0,56.0,358.0
2025-07-21T14:00,22.5,94,10.9,15.6,459.0,166.0,293.0
2025-07-21T15:00,23.8,100,12.7,18.4,537.0,340.0,197.0
2025-07-21T16:00,23.0,99,19.7,28.9,399.0,210.0,189.0
2025-07-21T17:00,19.3,83,13.9,22.7,155.0,43.0,112.0
2025-07-21T18:00,19.5,97,11.3,18.0,143.0,43.0,100.0
2025-07-21T19:00,19.1,3,9.3,17.7,58.0,17.0,41.0
2025-07-21T20:00,18.3,40,7.9,17.1,2.0,0.0,2.0
2025-07-21T21:00,17.9,50,10.8,22.0,0.0,0.0,0.0
2025-07-21T22:00,17.8,60,13.2,24.4,0.0,0.0,0.0
2025-07-21T23:00,16.9,78,13.0,23.4,0.0,0.0,0.0
2025-07-22T00:00,16.5,82,13.6,24.6,0.0,0.0,0.0
2025-07-22T01:00,16.1,99,14.1,25.5,0.0,0.0,0.0
2025-07-22T02:00,16.6,90,15.2,27.0,0.0,0.0,0.0
2025-07-22T03:00,16.6,100,15.9,27.7,0.0,0.0,0.0
2025-07-22T04:00,16.1,98,15.2,26.6,1.0,0.0,1.0
2025-07-22T05:00,15.8,93,15.3,26.6,32.0,2.0,30.0
2025-07-22T06:00,16.0,90,14.2,23.7,123.0,27.0,96.0
2025-07-22T07:00,15.9,61,14.6,22.4,180.0,46.0,134.0
2025-07-22T08:00,16.7,3,14.1,20.7,331.0,213.0,118.0
2025-07-22T09:00,19.3,43,13.8,19.6,663.0,550.0,113.0
2025-07-22T10:00,20.6,16,14.0,20.1,671.0,521.0,150.0
2025-07-22T11:00,22.2,10,13.2,18.6,781.0,657.0,124.0
2025-07-22T12:00,22.8,78,19.5,27.4,811.0,673.0,138.0
2025-07-22T13:00,19.1,79,19.2,29.5,673.0,528.0,145.0
2025-07-22T14:00,20.8,57,14.6,21.3,484.0,278.0,206.0
2025-07-22T15:00,21.2,83,20.6,30.3,419.0,181.0,238.0
2025-07-22T16:00,19.3,37,13.1,21.0,223.0,73.0,150.0
2025-07-22T17:00,20.6,41,13.4,20.7,251.0,140.0,111.0
2025-07-22T18:00,18.5,21,10.6,21.2,139.0,69.0,70.0
2025-07-22T19:00,18.9,42,13.0,24.6,48.0,19.0,29.0
2025-07-22T20:00,18.4,95,11.8,23.3,1.0,0.0,1.0
2025-07-22T21:00,18.0,26,13.7,25.6,0.0,0.0,0.0
2025-07-22T22:00,17.4,32,11.4,22.0,0.0,0.0,0.0
2025-07-22T23:00,16.6,45,11.5,22.6,0.0,0.0,0.0
2025-07-23T00:00,16.3,59,12.2,24.6,0.0,0.0,0.0
2025-07-23T01:00,16.4,28,11.6,23.7,0.0,0.0,0.0
2025-07-23T02:00,15.9,2,10.8,22.2,0.0,0.0,0.0
2025-07-23T03:00,15.4,3,10.2,21.0,0.0,0.0,0.0
2025-07-23T04:00,14.9,38,9.6,19.2,1.0,0.0,1.0
2025-07-23T05:00,15.4,75,10.2,19.4,53.0,23.0,30.0
2025-07-23T06:00,16.8,22,10.4,17.1,179.0,113.0,66.0
2025-07-23T07:00,18.3,4,10.6,15.5,334.0,248.0,86.0
2025-07-23T08:00,19.7,38,12.6,18.1,495.0,398.0,97.0
2025-07-23T09:00,20.7,39,12.6,17.9,545.0,401.0,144.0
2025-07-23T10:00,21.7,59,12.2,17.0,622.0,446.0,176.0
2025-07-23T11:00,22.2,47,12.7,18.0,598.0,335.0,263.0
2025-07-23T12:00,22.8,46,12.2,17.0,630.0,400.0,230.0
2025-07-23T13:00,22.8,79,13.2,18.8,536.0,250.0,286.0
2025-07-23T14:00,22.5,100,12.9,18.5,453.0,158.0,295.0
2025-07-23T15:00,22.2,96,11.1,16.5,319.0,81.0,238.0
2025-07-23T16:00,22.7,100,10.5,15.2,402.0,236.0,166.0
2025-07-23T17:00,22.4,100,9.0,13.8,268.0,132.0,136.0
2025-07-23T18:00,21.2,63,7.1,14.5,129.0,36.0,93.0
2025-07-23T19:00,19.9,98,7.3,17.0,57.0,25.0,32.0
2025-07-23T20:00,19.0,100,5.9,14.9,1.0,0.0,1.0
2025-07-23T21:00,18.4,100,4.2,11.8,0.0,0.0,0.0
2025-07-23T22:00,18.0,100,2.9,9.4,0.0,0.0,0.0
2025-07-23T23:00,17.3,100,1.6,6.7,0.0,0.0,0.0
2025-07-24T00:00,16.9,100,0.7,3.0,0.0,0.0,0.0
2025-07-24T01:00,15.9,81,1.7,3.2,0.0,0.0,0.0
2025-07-24T02:00,15.2,49,3.5,7.2,0.0,0.0,0.0
2025-07-24T03:00,15.1,75,2.6,6.6,0.0,0.0,0.0
2025-07-24T04:00,15.4,0,5.4,9.4,1.0,0.0,1.0
2025-07-24T05:00,15.8,1,5.6,10.8,52.0,24.0,28.0
2025-07-24T06:00,17.3,10,3.7,10.2,183.0,123.0,60.0
2025-07-24T07:00,19.3,24,2.9,4.5,334.0,253.0,81.0
2025-07-24T08:00,21.1,93,1.5,2.2,489.0,394.0,95.0
2025-07-24T09:00,22.3,100,1.1,1.4,532.0,337.0,195.0
2025-07-24T10:00,23.0,37,0.4,0.4,585.0,331.0,254.0
2025-07-24T11:00,23.9,42,2.4,3.1,736.0,557.0,179.0
2025-07-24T12:00,24.1,71,5.4,7.1,609.0,335.0,274.0
2025-07-24T13:00,23.2,96,7.5,10.1,658.0,440.0,218.0
2025-07-24T14:00,23.9,100,3.8,5.2,569.0,324.0,245.0
2025-07-24T15:00,23.8,100,2.8,3.5,368.0,99.0,269.0
2025-07-24T16:00,22.1,100,6.3,8.5,203.0,30.0,173.0
2025-07-24T17:00,21.3,100,5.9,8.6,152.0,16.0,136.0
2025-07-24T18:00,20.9,100,5.0,8.0,128.0,36.0,92.0
2025-07-24T19:00,19.7,100,6.7,12.7,44.0,5.0,39.0
2025-07-24T20:00,18.5,92,7.9,15.0,1.0,0.0,1.0
2025-07-24T21:00,17.8,100,7.8,15.9,0.0,0.0,0.0
2025-07-24T22:00,17.2,100,6.9,14.7,0.0,0.0,0.0
2025-07-24T23:00,16.8,100,5.6,12.0,0.0,0.0,0.0
2025-07-25T00:00,16.4,100,3.3,8.5,0.0,0.0,0.0
2025-07-25T01:00,16.4,65,1.9,6.1,0.0,0.0,0.0
2025-07-25T02:00,15.9,32,0.9,2.8,0.0,0.0,0.0
2025-07-25T03:00,15.2,21,1.0,3.0,0.0,0.0,0.0
2025-07-25T04:00,15.1,55,0.6,1.3,0.0,0.0,0.0
2025-07-25T05:00,15.9,100,0.3,2.3,45.0,19.0,26.0
2025-07-25T06:00,17.5,6,0.4,1.2,159.0,94.0,65.0
2025-07-25T07:00,19.1,2,1.8,2.7,307.0,216.0,91.0
2025-07-25T08:00,20.8,5,1.1,1.5,446.0,316.0,130.0
2025-07-25T09:00,22.4,10,1.0,1.5,583.0,432.0,151.0
2025-07-25T10:00,23.9,34,0.4,0.5,698.0,533.0,165.0
2025-07-25T11:00,24.5,100,1.2,1.8,579.0,361.0,218.0
2025-07-25T12:00,25.6,96,1.5,2.0,612.0,303.0,309.0
2025-07-25T13:00,24.5,22,4.3,5.4,640.0,463.0,177.0
2025-07-25T14:00,25.2,88,6.7,8.8,571.0,396.0,175.0
2025-07-25T15:00,23.3,53,10.6,15.1,492.0,350.0,142.0
2025-07-25T16:00,24.2,37,3.7,5.2,404.0,287.0,117.0
2025-07-25T17:00,24.4,35,5.2,7.8,305.0,205.0,100.0
2025-07-25T18:00,20.8,97,12.2,17.8,135.0,72.0,63.0
2025-07-25T19:00,19.2,52,3.1,2.7,44.0,15.0,29.0
2025-07-25T20:00,18.2,27,2.3,6.1,1.0,0.0,1.0
2025-07-25T21:00,18.0,10,4.2,13.1,0.0,0.0,0.0
2025-07-25T22:00,18.4,12,6.7,18.7,0.0,0.0,0.0
2025-07-25T23:00,18.2,6,6.5,17.3,0.0,0.0,0.0
2025-07-26T00:00,17.7,13,5.4,15.3,0.0,0.0,0.0
2025-07-26T01:00,17.3,20,4.7,14.5,0.0,0.0,0.0
2025-07-26T02:00,17.2,55,6.2,15.7,0.0,0.0,0.0
2025-07-26T03:00,17.0,21,9.8,20.2,0.0,0.0,0.0
2025-07-26T04:00,16.7,4,9.0,19.7,0.0,0.0,0.0
2025-07-26T05:00,17.2,20,9.3,18.0,48.0,21.0,27.0
2025-07-26T06:00,18.8,16,9.7,14.6,165.0,99.0,66.0
2025-07-26T07:00,20.0,33,9.4,13.6,269.0,152.0,117.0
2025-07-26T08:00,21.0,55,6.5,8.9,349.0,196.0,153.0
2025-07-26T09:00,22.0,100,5.5,7.6,375.0,108.0,267.0
2025-07-26T10:00,22.2,89,7.1,9.6,270.0,38.0,232.0
2025-07-26T11:00,22.7,33,7.5,10.5,329.0,62.0,267.0
2025-07-26T12:00,24.2,42,8.8,12.1,720.0,509.0,211.0
2025-07-26T13:00,25.2,92,8.1,11.3,723.0,583.0,140.0
2025-07-26T14:00,25.6,53,8.9,11.9,635.0,485.0,150.0
2025-07-26T15:00,25.4,22,7.0,9.8,526.0,388.0,138.0
2025-07-26T16:00,25.7,22,5.5,7.6,461.0,367.0,94.0
2025-07-26T17:00,25.3,15,6.8,9.5,323.0,245.0,78.0
2025-07-26T18:00,24.9,27,1.0,1.5,162.0,100.0,62.0
2025-07-26T19:00,23.0,29,5.3,9.4,47.0,20.0,27.0
2025-07-26T20:00,21.7,26,5.4,11.7,1.0,0.0,1.0
2025-07-26T21:00,20.5,23,2.8,6.5,0.0,0.0,0.0
2025-07-26T22:00,19.6,24,9.3,16.3,0.0,0.0,0.0
2025-07-26T23:00,18.1,1,8.4,16.9,0.0,0.0,0.0
2025-07-27T00:00,17.5,92,4.9,10.9,0.0,0.0,0.0
2025-07-27T01:00,17.8,100,4.2,9.3,0.0,0.0,0.0
2025-07-27T02:00,17.5,100,1.2,0.7,0.0,0.0,0.0
2025-07-27T03:00,17.6,100,1.9,2.1,0.0,0.0,0.0
2025-07-27T04:00,17.2,100,1.1,1.8,0.0,0.0,0.0
2025-07-27T05:00,17.3,89,3.1,4.2,24.0,5.0,19.0
2025-07-27T06:00,17.0,100,1.3,2.8,87.0,14.0,73.0
2025-07-27T07:00,17.7,90,4.7,6.4,138.0,22.0,116.0
2025-07-27T08:00,19.2,55,6.9,9.2,330.0,151.0,179.0
2025-07-27T09:00,20.9,42,4.9,6.2,492.0,310.0,182.0
2025-07-27T10:00,21.6,100,6.8,8.9,491.0,300.0,191.0
2025-07-27T11:00,21.2,100,11.4,15.9,302.0,50.0,252.0
2025-07-27T12:00,19.5,99,9.8,15.2,202.0,19.0,183.0
2025-07-27T13:00,20.5,100,11.2,16.4,335.0,76.0,259.0
2025-07-27T14:00,19.8,100,5.2,7.3,256.0,33.0,223.0
2025-07-27T15:00,21.0,100,5.5,7.3,406.0,97.0,309.0
2025-07-27T16:00,21.1,100,6.3,8.6,294.0,66.0,228.0
2025-07-27T17:00,19.5,100,6.6,10.0,246.0,96.0,150.0
2025-07-27T18:00,19.4,100,3.1,4.8,119.0,27.0,92.0
2025-07-27T19:00,17.8,100,6.8,9.1,30.0,1.0,29.0
2025-07-27T20:00,17.0,100,10.3,19.9,0.0,0.0,0.0
2025-07-27T21:00,16.5,100,5.2,10.3,0.0,0.0,0.0
2025-07-27T22:00,15.9,100,3.9,2.2,0.0,0.0,0.0
2025-07-27T23:00,15.6,100,4.6,9.8,0.0,0.0,0.0
2025-07-28T00:00,15.2,100,4.6,14.6,0.0,0.0,0.0
2025-07-28T01:00,15.9,100,6.8,15.5,0.0,0.0,0.0
2025-07-28T02:00,15.3,98,9.7,20.4,0.0,0.0,0.0
2025-07-28T03:00,15.0,99,10.7,21.1,0.0,0.0,0.0
2025-07-28T04:00,14.8,100,8.7,18.8,0.0,0.0,0.0
2025-07-28T05:00,15.1,100,8.8,17.7,19.0,2.0,17.0
2025-07-28T06:00,15.6,100,10.0,17.7,87.0,12.0,75.0
2025-07-28T07:00,16.5,100,11.1,17.2,196.0,37.0,159.0
2025-07-28T08:00,17.8,100,11.9,17.5,371.0,197.0,174.0
2025-07-28T09:00,18.9,100,13.0,18.6,537.0,383.0,154.0
2025-07-28T10:00,19.8,78,12.9,18.7,632.0,467.0,165.0
2025-07-28T11:00,20.4,100,12.9,18.6,598.0,387.0,211.0
2025-07-28T12:00,21.1,92,10.9,15.5,624.0,405.0,219.0
2025-07-28T13:00,20.8,100,12.5,18.3,575.0,378.0,197.0
2025-07-28T14:00,21.4,100,13.2,19.3,588.0,367.0,221.0
2025-07-28T15:00,20.8,84,14.9,22.3,478.0,295.0,183.0
2025-07-28T16:00,20.6,45,12.3,18.5,361.0,202.0,159.0
2025-07-28T17:00,20.6,37,10.6,16.6,282.0,179.0,103.0
2025-07-28T18:00,18.5,76,7.0,13.8,133.0,70.0,63.0
2025-07-28T19:00,18.0,35,7.6,15.5,32.0,11.0,21.0
2025-07-28T20:00,16.9,17,8.0,17.6,0.0,0.0,0.0
2025-07-28T21:00,16.1,10,6.6,16.3,0.0,0.0,0.0
2025-07-28T22:00,15.5,27,5.1,13.3,0.0,0.0,0.0
2025-07-28T23:00,15.1,46,5.1,11.8,0.0,0.0,0.0
2025-07-29T00:00,15.0,100,5.7,12.7,0.0,0.0,0.0
2025-07-29T01:00,15.1,100,8.6,18.2,0.0,0.0,0.0
2025-07-29T02:00,15.3,100,8.4,17.8,0.0,0.0,0.0
2025-07-29T03:00,14.9,84,4.2,12.1,0.0,0.0,0.0
2025-07-29T04:00,14.2,33,2.4,6.5,0.0,0.0,0.0
2025-07-29T05:00,14.6,1,5.4,7.0,39.0,15.0,24.0
2025-07-29T06:00,15.4,7,4.7,6.8,160.0,96.0,64.0
2025-07-29T07:00,16.6,34,5.2,7.3,311.0,222.0,89.0
2025-07-29T08:00,17.8,30,5.2,7.0,422.0,292.0,130.0
2025-07-29T09:00,18.8,48,6.6,9.1,555.0,412.0,143.0
2025-07-29T10:00,19.6,98,8.5,11.7,627.0,444.0,183.0
2025-07-29T11:00,18.1,90,16.3,23.2,475.0,228.0,247.0
2025-07-29T12:00,17.3,6,9.3,13.7,323.0,70.0,253.0
2025-07-29T13:00,18.0,66,9.8,14.9,509.0,297.0,212.0
2025-07-29T14:00,20.1,23,9.1,12.6,530.0,362.0,168.0
2025-07-29T15:00,21.3,46,11.3,16.0,592.0,457.0,135.0
2025-07-29T16:00,20.9,95,10.6,16.0,319.0,183.0,136.0
2025-07-29T17:00,17.9,70,8.3,12.0,167.0,67.0,100.0
2025-07-29T18:00,16.6,100,12.4,19.6,103.0,38.0,65.0
2025-07-29T19:00,15.9,100,4.1,8.8,7.0,0.0,7.0
2025-07-29T20:00,15.8,97,5.5,9.0,0.0,0.0,0.0
2025-07-29T21:00,15.7,97,7.0,12.9,0.0,0.0,0.0
2025-07-29T22:00,15.6,100,7.7,15.8,0.0,0.0,0.0
2025-07-29T23:00,15.6,100,7.0,14.7,0.0,0.0,0.0
2025-07-30T00:00,15.6,100,5.6,12.2,0.0,0.0,0.0
2025-07-30T01:00,15.2,100,4.3,9.9,0.0,0.0,0.0
2025-07-30T02:00,15.4,100,5.6,12.0,0.0,0.0,0.0
2025-07-30T03:00,15.2,100,7.4,14.3,0.0,0.0,0.0
2025-07-30T04:00,14.8,100,7.4,13.5,0.0,0.0,0.0
2025-07-30T05:00,14.8,100,9.4,16.6,10.0,0.0,10.0
2025-07-30T06:00,15.4,100,8.4,14.9,49.0,0.0,49.0
2025-07-30T07:00,16.0,100,6.1,9.3,83.0,0.0,83.0
2025-07-30T08:00,16.5,100,4.5,6.4,139.0,17.0,122.0
2025-07-30T09:00,17.6,98,3.5,4.8,340.0,120.0,220.0
2025-07-30T10:00,19.9,100,3.4,4.8,722.0,545.0,177.0
2025-07-30T11:00,19.6,100,9.2,12.6,491.0,189.0,302.0
2025-07-30T12:00,20.5,80,11.5,16.2,587.0,201.0,386.0
2025-07-30T13:00,21.6,79,11.1,15.9,615.0,337.0,278.0
2025-07-30T14:00,21.8,47,11.4,16.4,626.0,433.0,193.0
2025-07-30T15:00,21.9,52,12.7,18.4,561.0,435.0,126.0
2025-07-30T16:00,21.3,34,10.5,15.9,379.0,261.0,118.0
2025-07-30T17:00,21.0,39,7.8,13.4,254.0,170.0,84.0
2025-07-30T18:00,20.1,65,6.7,13.6,141.0,79.0,62.0
2025-07-30T19:00,18.6,100,5.2,12.5,36.0,12.0,24.0
2025-07-30T20:00,17.5,100,6.4,15.7,0.0,0.0,0.0
2025-07-30T21:00,16.5,100,6.8,14.7,0.0,0.0,0.0
2025-07-30T22:00,15.9,82,8.4,17.9,0.0,0.0,0.0
2025-07-30T23:00,15.6,49,8.5,17.5,0.0,0.0,0.0
2025-07-31T00:00,14.9,36,7.6,15.9,0.0,0.0,0.0
2025-07-31T01:00,14.1,18,4.1,12.2,0.0,0.0,0.0
2025-07-31T02:00,13.3,13,5.1,10.0,0.0,0.0,0.0
2025-07-31T03:00,13.1,10,6.5,15.6,0.0,0.0,0.0
2025-07-31T04:00,12.2,38,5.5,15.7,0.0,0.0,0.0
2025-07-31T05:00,13.4,29,9.3,18.8,38.0,13.0,25.0
2025-07-31T06:00,14.8,72,8.1,18.0,152.0,81.0,71.0
2025-07-31T07:00,16.3,90,9.7,14.9,262.0,155.0,107.0
2025-07-31T08:00,17.9,99,11.4,16.9,323.0,141.0,182.0
2025-07-31T09:00,18.0,97,12.2,18.7,181.0,0.0,181.0
2025-07-31T10:00,19.5,99,13.2,19.7,314.0,37.0,277.0
2025-07-31T11:00,20.5,51,12.6,18.8,301.0,10.0,291.0
2025-07-31T12:00,22.7,100,13.5,19.5,712.0,493.0,219.0
2025-07-31T13:00,22.0,100,12.8,18.8,540.0,327.0,213.0
2025-07-31T14:00,20.6,100,12.1,17.5,517.0,263.0,254.0
2025-07-31T15:00,20.9,100,10.1,14.1,413.0,194.0,219.0
2025-07-31T16:00,20.0,100,4.3,6.7,266.0,96.0,170.0
2025-07-31T17:00,20.2,100,7.1,10.5,208.0,76.0,132.0
2025-07-31T18:00,19.9,100,10.6,19.7,82.0,7.0,75.0
2025-07-31T19:00,18.9,100,10.1,20.0,18.0,0.0,18.0
2025-07-31T20:00,18.1,100,10.3,20.1,0.0,0.0,0.0
2025-07-31T21:00,17.0,100,11.9,21.8,0.0,0.0,0.0
2025-07-31T22:00,16.6,100,10.0,19.3,0.0,0.0,0.0
2025-07-31T23:00,16.4,100,11.9,22.7,0.0,0.0,0.0
2025-08-01T00:00,16.5,100,11.5,21.5,0.0,0.0,0.0
2025-08-01T01:00,16.6,100,12.1,22.6,0.0,0.0,0.0
2025-08-01T02:00,16.1,98,9.7,19.8,0.0,0.0,0.0
2025-08-01T03:00,15.6,100,11.0,20.2,0.0,0.0,0.0
2025-08-01T04:00,15.3,100,9.6,18.6,0.0,0.0,0.0
2025-08-01T05:00,15.6,53,9.9,17.4,26.0,7.0,19.0
2025-08-01T06:00,16.4,48,12.6,17.3,115.0,41.0,74.0
2025-08-01T07:00,17.6,33,9.0,13.6,272.0,165.0,107.0
2025-08-01T08:00,19.0,19,7.7,10.6,445.0,315.0,130.0
2025-08-01T09:00,20.2,100,8.7,11.9,573.0,424.0,149.0
2025-08-01T10:00,21.2,100,9.4,13.0,661.0,446.0,215.0
2025-08-01T11:00,21.5,100,9.7,13.6,476.0,160.0,316.0
2025-08-01T12:00,22.0,100,9.4,13.1,376.0,108.0,268.0
2025-08-01T13:00,22.1,88,11.1,15.2,735.0,600.0,135.0
2025-08-01T14:00,19.8,81,7.7,10.9,524.0,329.0,195.0
2025-08-01T15:00,20.3,100,10.6,15.0,371.0,189.0,182.0
2025-08-01T16:00,20.8,73,8.0,11.0,387.0,198.0,189.0
2025-08-01T17:00,17.8,61,9.0,14.5,234.0,121.0,113.0
2025-08-01T18:00,18.0,56,7.8,13.0,128.0,64.0,64.0
2025-08-01T19:00,17.1,19,6.5,14.4,39.0,16.0,23.0
2025-08-01T20:00,16.5,18,6.0,13.3,0.0,0.0,0.0
2025-08-01T21:00,15.8,1,6.5,15.5,0.0,0.0,0.0
2025-08-01T22:00,14.9,99,6.2,15.7,0.0,0.0,0.0
2025-08-01T23:00,13.8,100,4.4,13.1,0.0,0.0,0.0
2025-08-02T00:00,13.6,100,3.6,10.6,0.0,0.0,0.0
2025-08-02T01:00,13.8,100,3.6,9.4,0.0,0.0,0.0
2025-08-02T02:00,13.5,100,2.0,9.3,0.0,0.0,0.0
2025-08-02T03:00,13.6,100,0.7,7.5,0.0,0.0,0.0
2025-08-02T04:00,13.4,100,0.8,2.2,0.0,0.0,0.0
2025-08-02T05:00,13.9,98,1.7,0.2,26.0,3.0,23.0
2025-08-02T06:00,14.9,100,3.2,4.4,120.0,32.0,88.0
2025-08-02T07:00,16.0,99,4.8,6.3,244.0,125.0,119.0
2025-08-02T08:00,17.1,48,6.5,8.8,307.0,98.0,209.0
2025-08-02T09:00,18.5,92,8.3,11.4,465.0,266.0,199.0
2025-08-02T10:00,19.8,22,8.4,11.6,610.0,365.0,245.0
2025-08-02T11:00,20.5,22,9.9,13.8,719.0,552.0,167.0
2025-08-02T12:00,21.3,21,10.7,15.1,741.0,601.0,140.0
2025-08-02T13:00,21.4,31,12.1,17.2,686.0,536.0,150.0
2025-08-02T14:00,21.6,43,12.4,17.8,593.0,457.0,136.0
2025-08-02T15:00,21.4,36,13.4,19.1,508.0,343.0,165.0
2025-08-02T16:00,20.6,85,12.8,18.7,395.0,272.0,123.0
2025-08-02T17:00,18.8,100,9.4,14.6,169.0,74.0,95.0
2025-08-02T18:00,18.3,100,7.9,14.2,94.0,19.0,75.0
2025-08-02T19:00,17.1,45,6.3,13.8,33.0,9.0,24.0
2025-08-02T20:00,16.4,99,6.2,14.8,0.0,0.0,0.0
2025-08-02T21:00,15.8,14,6.8,15.4,0.0,0.0,0.0
2025-08-02T22:00,15.1,39,6.3,15.4,0.0,0.0,0.0
2025-08-02T23:00,14.9,79,4.2,10.7,0.0,0.0,0.0
2025-08-03T00:00,14.6,55,5.3,9.4,0.0,0.0,0.0
2025-08-03T01:00,14.9,36,7.1,13.5,0.0,0.0,0.0
2025-08-03T02:00,14.2,88,5.6,12.7,0.0,0.0,0.0
2025-08-03T03:00,13.9,100,6.6,13.8,0.0,0.0,0.0
2025-08-03T04:00,13.7,100,5.9,12.7,0.0,0.0,0.0
2025-08-03T05:00,13.9,100,5.9,9.9,25.0,3.0,22.0
2025-08-03T06:00,14.5,100,5.4,7.9,65.0,8.0,57.0
2025-08-03T07:00,14.5,100,6.9,10.7,53.0,0.0,53.0
2025-08-03T08:00,14.6,100,7.7,12.1,69.0,0.0,69.0
2025-08-03T09:00,14.6,100,7.1,11.9,67.0,0.0,67.0
2025-08-03T10:00,15.1,100,6.2,9.3,135.0,0.0,135.0
2025-08-03T11:00,16.5,100,5.9,8.6,270.0,49.0,221.0
2025-08-03T12:00,17.6,99,6.0,8.7,250.0,44.0,206.0
2025-08-03T13:00,19.3,100,10.6,15.3,311.0,56.0,255.0
2025-08-03T14:00,19.5,100,12.4,18.4,293.0,34.0,259.0
2025-08-03T15:00,20.4,100,12.7,18.8,376.0,124.0,252.0
2025-08-03T16:00,20.2,100,10.7,18.5,191.0,31.0,160.0
2025-08-03T17:00,19.8,100,10.0,18.5,155.0,31.0,124.0
2025-08-03T18:00,19.1,100,9.8,19.6,96.0,14.0,82.0
2025-08-03T19:00,18.1,99,10.5,22.7,20.0,1.0,19.0
2025-08-03T20:00,17.2,95,10.5,22.7,0.0,0.0,0.0
2025-08-03T21:00,16.2,83,9.4,21.3,0.0,0.0,0.0
2025-08-03T22:00,15.4,99,9.9,22.4,0.0,0.0,0.0
2025-08-03T23:00,15.4,100,10.8,22.7,0.0,0.0,0.0
2025-08-04T00:00,14.9,100,10.0,19.8,0.0,0.0,0.0
2025-08-04T01:00,15.0,100,11.2,22.6,0.0,0.0,0.0
2025-08-04T02:00,14.4,100,14.3,26.2,0.0,0.0,0.0
2025-08-04T03:00,14.1,100,13.5,25.1,0.0,0.0,0.0
2025-08-04T04:00,14.2,100,13.8,25.1,0.0,0.0,0.0
2025-08-04T05:00,14.2,100,13.5,24.3,3.0,0.0,3.0
2025-08-04T06:00,14.4,100,11.2,20.4,15.0,0.0,15.0
2025-08-04T07:00,14.9,100,11.4,19.5,57.0,0.0,57.0
2025-08-04T08:00,16.4,100,11.0,17.1,160.0,48.0,112.0
2025-08-04T09:00,17.8,100,11.3,15.3,292.0,68.0,224.0
2025-08-04T10:00,19.4,78,9.7,13.3,369.0,76.0,293.0
2025-08-04T11:00,20.6,90,11.0,15.4,457.0,134.0,323.0
2025-08-04T12:00,21.5,100,12.7,18.0,455.0,203.0,252.0
2025-08-04T13:00,21.0,96,11.4,16.8,351.0,89.0,262.0
2025-08-04T14:00,22.4,100,13.0,19.0,427.0,206.0,221.0
2025-08-04T15:00,23.8,100,12.9,19.5,416.0,224.0,192.0
2025-08-04T16:00,23.8,58,12.5,20.8,256.0,61.0,195.0
2025-08-04T17:00,23.4,96,13.7,24.4,227.0,108.0,119.0
2025-08-04T18:00,22.4,100,14.4,26.9,92.0,21.0,71.0
2025-08-04T19:00,21.2,98,12.6,25.7,11.0,2.0,9.0
2025-08-04T20:00,20.5,21,11.3,24.5,0.0,0.0,0.0
2025-08-04T21:00,19.5,92,10.6,23.4,0.0,0.0,0.0
2025-08-04T22:00,19.2,100,10.1,22.2,0.0,0.0,0.0
2025-08-04T23:00,19.1,18,9.6,21.1,0.0,0.0,0.0
2025-08-05T00:00,18.3,38,10.0,21.9,0.0,0.0,0.0
2025-08-05T01:00,18.0,68,12.1,25.7,0.0,0.0,0.0
2025-08-05T02:00,17.7,41,9.2,20.8,0.0,0.0,0.0
2025-08-05T03:00,17.2,91,7.4,15.6,0.0,0.0,0.0
2025-08-05T04:00,17.4,86,8.2,17.3,0.0,0.0,0.0
2025-08-05T05:00,17.6,100,6.9,14.5,12.0,1.0,11.0
2025-08-05T06:00,18.0,100,8.0,15.3,37.0,0.0,37.0
2025-08-05T07:00,18.6,100,8.1,17.8,95.0,13.0,82.0
2025-08-05T08:00,18.8,100,7.6,16.0,78.0,0.0,78.0
2025-08-05T09:00,19.1,100,9.8,19.1,105.0,0.0,105.0
2025-08-05T10:00,18.6,100,11.1,20.8,90.0,0.0,90.0
2025-08-05T11:00,18.1,90,9.7,16.7,125.0,0.0,125.0
2025-08-05T12:00,20.1,16,5.9,8.4,486.0,289.0,197.0
2025-08-05T13:00,21.9,35,8.1,11.1,792.0,649.0,143.0
2025-08-05T14:00,22.9,16,12.8,18.3,681.0,539.0,142.0
2025-08-05T15:00,22.5,9,14.4,20.7,536.0,397.0,139.0
2025-08-05T16:00,21.9,16,14.4,21.0,440.0,329.0,111.0
2025-08-05T17:00,21.0,18,13.1,21.4,282.0,187.0,95.0
2025-08-05T18:00,19.6,16,10.7,20.8,148.0,85.0,63.0
2025-08-05T19:00,18.0,8,9.7,20.9,32.0,13.0,19.0
2025-08-05T20:00,17.0,1,8.5,19.7,0.0,0.0,0.0
2025-08-05T21:00,15.6,0,5.9,16.3,0.0,0.0,0.0
2025-08-05T22:00,14.8,0,5.8,14.7,0.0,0.0,0.0
2025-08-05T23:00,13.9,0,6.0,13.7,0.0,0.0,0.0
2025-08-06T00:00,13.0,0,5.4,13.1,0.0,0.0,0.0
2025-08-06T01:00,12.4,0,5.0,14.0,0.0,0.0,0.0
2025-08-06T02:00,11.7,0,4.6,11.5,0.0,0.0,0.0
2025-08-06T03:00,11.1,0,4.8,11.0,0.0,0.0,0.0
2025-08-06T04:00,10.4,0,3.8,9.4,0.0,0.0,0.0
2025-08-06T05:00,11.1,0,4.2,8.8,30.0,14.0,16.0
2025-08-06T06:00,12.8,0,2.3,6.4,150.0,97.0,53.0
2025-08-06T07:00,15.0,0,3.7,5.6,309.0,234.0,75.0
2025-08-06T08:00,17.1,5,4.1,5.6,469.0,380.0,89.0
2025-08-06T09:00,18.7,24,4.1,5.4,613.0,514.0,99.0
2025-08-06T10:00,19.9,91,4.8,6.3,717.0,606.0,111.0
2025-08-06T11:00,20.6,100,5.7,7.5,760.0,603.0,157.0
2025-08-06T12:00,20.9,100,4.8,6.3,639.0,366.0,273.0
2025-08-06T13:00,21.4,100,2.5,3.1,704.0,460.0,244.0
2025-08-06T14:00,21.7,100,1.5,1.9,639.0,397.0,242.0
2025-08-06T15:00,21.9,100,3.7,4.9,550.0,341.0,209.0
2025-08-06T16:00,21.6,100,4.5,6.0,420.0,248.0,172.0
2025-08-06T17:00,21.3,19,3.9,6.1,280.0,158.0,122.0
2025-08-06T18:00,20.3,0,2.8,7.6,154.0,100.0,54.0
2025-08-06T19:00,18.5,0,6.8,14.8,33.0,16.0,17.0
2025-08-06T20:00,17.0,1,5.7,14.3,0.0,0.0,0.0
2025-08-06T21:00,16.0,100,6.1,14.3,0.0,0.0,0.0
2025-08-06T22:00,15.0,98,4.8,13.5,0.0,0.0,0.0
2025-08-06T23:00,14.6,59,3.8,9.4,0.0,0.0,0.0
2025-08-07T00:00,13.8,94,4.7,9.1,0.0,0.0,0.0
2025-08-07T01:00,12.8,98,5.5,10.5,0.0,0.0,0.0
2025-08-07T02:00,12.4,99,5.6,10.3,0.0,0.0,0.0
2025-08-07T03:00,11.9,100,5.4,10.3,0.0,0.0,0.0
2025-08-07T04:00,11.8,100,5.7,9.8,0.0,0.0,0.0
2025-08-07T05:00,12.1,100,7.0,11.8,26.0,6.0,20.0
2025-08-07T06:00,14.2,63,5.2,10.5,123.0,46.0,77.0
2025-08-07T07:00,16.2,55,3.5,5.3,232.0,107.0,125.0
2025-08-07T08:00,18.2,68,1.7,2.4,386.0,228.0,158.0
2025-08-07T09:00,20.0,99,1.3,2.0,489.0,296.0,193.0
2025-08-07T10:00,21.7,1,4.1,5.6,698.0,533.0,165.0
2025-08-07T11:00,23.2,40,5.8,8.0,799.0,694.0,105.0
2025-08-07T12:00,24.4,29,7.0,9.7,822.0,712.0,110.0
2025-08-07T13:00,25.4,30,7.9,10.9,795.0,682.0,113.0
2025-08-07T14:00,25.5,65,9.3,12.9,725.0,620.0,105.0
2025-08-07T15:00,25.5,96,8.4,11.9,607.0,503.0,104.0
2025-08-07T16:00,25.4,99,8.0,11.7,436.0,324.0,112.0
2025-08-07T17:00,24.7,97,8.5,15.1,182.0,60.0,122.0
2025-08-07T18:00,23.2,95,6.0,15.1,59.0,5.0,54.0
2025-08-07T19:00,22.0,0,6.7,16.3,14.0,4.0,10.0
2025-08-07T20:00,20.0,17,6.2,17.4,0.0,0.0,0.0
2025-08-07T21:00,18.3,11,3.3,11.3,0.0,0.0,0.0
2025-08-07T22:00,17.2,13,3.3,9.3,0.0,0.0,0.0
2025-08-07T23:00,16.5,31,4.9,11.9,0.0,0.0,0.0
2025-08-08T00:00,15.9,2,5.4,14.6,0.0,0.0,0.0
2025-08-08T01:00,15.4,35,5.1,14.3,0.0,0.0,0.0
2025-08-08T02:00,15.1,80,3.8,11.9,0.0,0.0,0.0
2025-08-08T03:00,14.9,72,2.7,10.9,0.0,0.0,0.0
2025-08-08T04:00,14.4,23,4.1,12.1,0.0,0.0,0.0
2025-08-08T05:00,15.1,20,4.4,12.0,25.0,11.0,14.0
2025-08-08T06:00,17.0,10,5.5,12.2,141.0,89.0,52.0
2025-08-08T07:00,19.0,54,4.9,8.0,297.0,221.0,76.0
2025-08-08T08:00,20.8,14,5.1,7.3,375.0,251.0,124.0
2025-08-08T09:00,23.2,4,4.9,6.8,566.0,441.0,125.0
2025-08-08T10:00,25.5,1,4.7,6.6,701.0,590.0,111.0
2025-08-08T11:00,27.2,0,5.8,7.9,774.0,665.0,109.0
2025-08-08T12:00,28.4,0,8.1,11.2,800.0,691.0,109.0
2025-08-08T13:00,28.9,16,10.4,14.6,679.0,513.0,166.0
2025-08-08T14:00,29.4,1,9.6,13.5,675.0,540.0,135.0
2025-08-08T15:00,29.8,22,8.9,12.6,590.0,479.0,111.0
2025-08-08T16:00,29.5,31,9.0,13.2,425.0,328.0,97.0
2025-08-08T17:00,29.1,97,7.2,13.0,285.0,199.0,86.0
2025-08-08T18:00,27.1,98,3.1,8.3,132.0,63.0,69.0
2025-08-08T19:00,24.5,99,5.5,13.9,26.0,8.0,18.0
2025-08-08T20:00,22.9,90,14.2,27.8,0.0,0.0,0.0
2025-08-08T21:00,21.4,100,10.5,23.8,0.0,0.0,0.0
2025-08-08T22:00,21.2,100,11.4,24.3,0.0,0.0,0.0
2025-08-08T23:00,20.8,100,10.7,23.2,0.0,0.0,0.0
2025-08-09T00:00,20.1,99,9.8,22.1,0.0,0.0,0.0
2025-08-09T01:00,19.9,100,9.6,20.6,0.0,0.0,0.0
2025-08-09T02:00,19.8,100,7.9,18.0,0.0,0.0,0.0
2025-08-09T03:00,19.5,100,7.4,16.8,0.0,0.0,0.0
2025-08-09T04:00,19.1,100,8.0,17.0,0.0,0.0,0.0
2025-08-09T05:00,18.7,100,7.4,15.4,3.0,0.0,3.0
2025-08-09T06:00,18.8,100,4.5,11.1,31.0,0.0,31.0
2025-08-09T07:00,20.2,100,2.7,5.9,135.0,9.0,126.0
2025-08-09T08:00,21.0,100,1.8,2.8,150.0,11.0,139.0
2025-08-09T09:00,21.8,100,0.7,1.1,165.0,0.0,165.0
2025-08-09T10:00,22.9,98,2.2,3.0,233.0,15.0,218.0
2025-08-09T11:00,25.8,96,2.8,3.9,495.0,187.0,308.0
2025-08-09T12:00,26.8,24,4.3,5.9,433.0,160.0,273.0
2025-08-09T13:00,31.0,42,6.4,8.8,767.0,656.0,111.0
2025-08-09T14:00,31.4,21,9.3,12.7,633.0,467.0,166.0
2025-08-09T15:00,31.6,1,8.7,12.0,571.0,456.0,115.0
2025-08-09T16:00,31.8,1,7.8,10.7,444.0,356.0,88.0
2025-08-09T17:00,31.5,2,8.9,12.8,290.0,218.0,72.0
2025-08-09T18:00,30.0,3,11.6,19.8,138.0,87.0,51.0
2025-08-09T19:00,27.8,1,10.2,20.8,24.0,10.0,14.0
2025-08-09T20:00,25.8,0,14.3,25.9,0.0,0.0,0.0
2025-08-09T21:00,23.9,0,12.0,22.5,0.0,0.0,0.0
2025-08-09T22:00,22.8,0,10.3,20.1,0.0,0.0,0.0
2025-08-09T23:00,21.8,0,6.6,15.5,0.0,0.0,0.0
2025-08-10T00:00,20.8,3,8.8,17.9,0.0,0.0,0.0
2025-08-10T01:00,20.2,6,11.2,22.9,0.0,0.0,0.0
2025-08-10T02:00,18.8,1,11.7,23.1,0.0,0.0,0.0
2025-08-10T03:00,17.6,0,9.6,19.8,0.0,0.0,0.0
2025-08-10T04:00,16.7,0,7.1,16.1,0.0,0.0,0.0
2025-08-10T05:00,16.5,0,7.7,15.2,23.0,10.0,13.0
2025-08-10T06:00,17.6,0,7.6,13.5,139.0,88.0,51.0
2025-08-10T07:00,19.1,0,11.4,16.6,297.0,225.0,72.0
2025-08-10T08:00,20.6,0,12.0,17.1,460.0,374.0,86.0
2025-08-10T09:00,22.3,0,12.2,17.2,606.0,512.0,94.0
2025-08-10T10:00,23.8,0,11.6,16.2,720.0,619.0,101.0
2025-08-10T11:00,25.0,0,11.9,16.5,790.0,687.0,103.0
2025-08-10T12:00,25.9,0,12.6,17.2,814.0,709.0,105.0
2025-08-10T13:00,26.3,0,12.7,17.4,788.0,684.0,104.0
2025-08-10T14:00,26.6,0,12.8,17.7,717.0,616.0,101.0
2025-08-10T15:00,26.5,0,12.6,17.5,605.0,511.0,94.0
2025-08-10T16:00,26.2,0,12.4,17.4,462.0,377.0,85.0
2025-08-10T17:00,25.5,0,12.9,18.4,301.0,231.0,70.0
2025-08-10T18:00,24.6,0,12.2,19.1,143.0,93.0,50.0
2025-08-10T19:00,23.1,0,11.2,21.5,24.0,11.0,13.0
2025-08-10T20:00,22.4,0,11.1,22.8,0.0,0.0,0.0
2025-08-10T21:00,21.2,0,12.0,24.0,0.0,0.0,0.0
2025-08-10T22:00,19.9,14,12.0,24.1,0.0,0.0,0.0
2025-08-10T23:00,19.0,11,11.7,23.6,0.0,0.0,0.0
2025-08-11T00:00,18.1,0,10.6,21.8,0.0,0.0,0.0
2025-08-11T01:00,16.0,0,10.5,21.6,0.0,0.0,0.0
2025-08-11T02:00,15.6,0,10.3,21.0,0.0,0.0,0.0
2025-08-11T03:00,15.2,0,10.2,20.5,0.0,0.0,0.0
2025-08-11T04:00,14.6,0,10.4,20.6,0.0,0.0,0.0
2025-08-11T05:00,14.8,0,10.0,19.0,22.0,9.0,13.0
2025-08-11T06:00,16.5,0,9.8,17.9,137.0,89.0,48.0
2025-08-11T07:00,18.9,0,8.2,12.5,296.0,226.0,70.0
2025-08-11T08:00,21.1,0,8.4,11.7,458.0,374.0,84.0
2025-08-11T09:00,23.4,0,9.0,12.3,604.0,511.0,93.0
2025-08-11T10:00,25.2,0,9.3,13.1,719.0,621.0,98.0
2025-08-11T11:00,26.8,0,9.6,13.1,792.0,690.0,102.0
2025-08-11T12:00,27.9,0,9.5,13.0,817.0,715.0,102.0
2025-08-11T13:00,28.1,0,9.4,12.7,790.0,689.0,101.0
2025-08-11T14:00,28.5,0,10.7,14.5,719.0,621.0,98.0
2025-08-11T15:00,28.6,0,11.2,15.5,605.0,514.0,91.0
2025-08-11T16:00,28.4,0,11.3,15.9,460.0,378.0,82.0
2025-08-11T17:00,27.9,0,10.9,16.6,298.0,229.0,69.0
2025-08-11T18:00,26.2,0,8.8,17.7,139.0,91.0,48.0
2025-08-11T19:00,23.8,0,8.7,19.0,23.0,10.0,13.0
2025-08-11T20:00,22.4,0,8.3,18.4,0.0,0.0,0.0
2025-08-11T21:00,21.0,0,9.4,18.5,0.0,0.0,0.0
2025-08-11T22:00,19.6,0,10.1,20.0,0.0,0.0,0.0
2025-08-11T23:00,18.6,0,9.3,18.0,0.0,0.0,0.0
2025-08-12T00:00,18.0,0,9.7,17.5,0.0,0.0,0.0
2025-08-12T01:00,16.6,0,9.6,16.9,0.0,0.0,0.0
2025-08-12T02:00,16.2,0,9.4,16.1,0.0,0.0,0.0
2025-08-12T03:00,15.9,0,8.7,15.5,0.0,0.0,0.0
2025-08-12T04:00,15.2,0,7.6,13.1,0.0,0.0,0.0
2025-08-12T05:00,15.3,0,8.8,13.5,20.0,9.0,11.0
2025-08-12T06:00,17.4,0,8.5,14.5,133.0,86.0,47.0
2025-08-12T07:00,20.0,0,7.4,12.0,290.0,221.0,69.0
2025-08-12T08:00,22.3,0,7.4,10.3,451.0,368.0,83.0
2025-08-12T09:00,24.8,0,6.7,9.2,594.0,502.0,92.0
2025-08-12T10:00,27.2,0,6.8,9.4,705.0,606.0,99.0
2025-08-12T11:00,29.4,0,8.4,11.7,776.0,674.0,102.0
2025-08-12T12:00,30.7,0,8.0,11.3,800.0,698.0,102.0
2025-08-12T13:00,31.5,0,7.7,10.5,773.0,671.0,102.0
2025-08-12T14:00,32.2,0,8.3,11.5,700.0,602.0,98.0
2025-08-12T15:00,32.4,1,7.9,11.0,587.0,496.0,91.0
2025-08-12T16:00,32.4,0,6.3,8.7,444.0,361.0,83.0
2025-08-12T17:00,31.9,0,5.8,8.3,285.0,216.0,69.0
2025-08-12T18:00,30.0,0,5.4,11.1,131.0,84.0,47.0
2025-08-12T19:00,27.4,2,5.1,13.1,20.0,9.0,11.0
2025-08-12T20:00,25.9,1,8.1,18.6,0.0,0.0,0.0
2025-08-12T21:00,24.9,2,5.4,15.8,0.0,0.0,0.0
2025-08-12T22:00,23.9,1,4.8,12.1,0.0,0.0,0.0
2025-08-12T23:00,22.9,1,5.0,9.0,0.0,0.0,0.0
2025-08-13T00:00,22.0,0,7.7,10.5,0.0,0.0,0.0
2025-08-13T01:00,20.0,8,6.6,10.1,0.0,0.0,0.0
2025-08-13T02:00,19.3,0,6.0,10.3,0.0,0.0,0.0
2025-08-13T03:00,18.2,0,2.4,4.7,0.0,0.0,0.0
2025-08-13T04:00,17.9,0,0.7,0.9,0.0,0.0,0.0
2025-08-13T05:00,18.1,0,1.0,1.9,18.0,7.0,11.0
2025-08-13T06:00,20.0,0,0.2,3.1,125.0,78.0,47.0
2025-08-13T07:00,22.4,0,0.5,0.8,277.0,208.0,69.0
2025-08-13T08:00,24.8,0,0.8,1.1,434.0,351.0,83.0
2025-08-13T09:00,27.5,0,1.2,1.6,576.0,483.0,93.0
2025-08-13T10:00,29.8,0,0.9,1.3,688.0,590.0,98.0
2025-08-13T11:00,31.6,2,1.3,1.5,760.0,658.0,102.0
2025-08-13T12:00,33.0,7,2.6,3.4,784.0,681.0,103.0
2025-08-13T13:00,34.1,7,2.8,3.6,741.0,633.0,108.0
2025-08-13T14:00,34.5,1,2.7,3.6,656.0,552.0,104.0
2025-08-13T15:00,34.7,1,1.7,2.2,570.0,477.0,93.0
2025-08-13T16:00,34.5,0,1.7,2.0,432.0,350.0,82.0
2025-08-13T17:00,34.0,0,0.2,0.2,277.0,209.0,68.0
2025-08-13T18:00,32.6,0,5.1,9.2,125.0,79.0,46.0
2025-08-13T19:00,30.0,0,6.9,14.4,18.0,7.0,11.0
2025-08-13T20:00,28.0,6,3.9,10.1,0.0,0.0,0.0
2025-08-13T21:00,26.7,73,2.3,6.9,0.0,0.0,0.0
2025-08-13T22:00,25.8,98,4.6,8.1,0.0,0.0,0.0
2025-08-13T23:00,24.9,100,5.3,8.9,0.0,0.0,0.0
2025-08-14T00:00,23.6,43,7.7,10.7,0.0,0.0,0.0
2025-08-14T01:00,22.0,97,7.4,13.4,0.0,0.0,0.0
2025-08-14T02:00,21.2,59,4.2,11.2,0.0,0.0,0.0
2025-08-14T03:00,21.5,12,6.2,12.7,0.0,0.0,0.0
2025-08-14T04:00,20.5,8,9.9,19.6,0.0,0.0,0.0
2025-08-14T05:00,19.9,18,2.9,7.5,17.0,7.0,10.0
2025-08-14T06:00,21.5,0,1.8,4.0,122.0,75.0,47.0
2025-08-14T07:00,24.8,0,3.4,7.3,274.0,205.0,69.0
2025-08-14T08:00,27.3,0,3.6,5.4,431.0,349.0,82.0
2025-08-14T09:00,29.6,0,2.8,3.7,572.0,480.0,92.0
2025-08-14T10:00,31.9,0,1.3,2.2,682.0,584.0,98.0
2025-08-14T11:00,33.5,0,3.6,4.7,752.0,650.0,102.0
2025-08-14T12:00,34.7,0,4.4,5.7,776.0,674.0,102.0
2025-08-14T13:00,35.5,24,4.3,5.6,754.0,653.0,101.0
2025-08-14T14:00,35.8,24,3.7,4.7,675.0,569.0,106.0
2025-08-14T15:00,35.5,47,5.2,6.7,532.0,416.0,116.0
2025-08-14T16:00,35.2,47,6.5,8.3,389.0,269.0,120.0
2025-08-14T17:00,34.3,30,9.2,12.2,243.0,151.0,92.0
2025-08-14T18:00,32.8,34,10.3,16.7,117.0,67.0,50.0
2025-08-14T19:00,31.2,48,8.3,16.8,16.0,6.0,10.0
2025-08-14T20:00,29.4,3,2.6,10.1,0.0,0.0,0.0
2025-08-14T21:00,28.2,18,1.5,4.5,0.0,0.0,0.0
2025-08-14T22:00,27.0,22,1.5,5.0,0.0,0.0,0.0
2025-08-14T23:00,26.0,2,5.1,11.3,0.0,0.0,0.0
2025-08-15T00:00,25.5,1,6.4,15.7,0.0,0.0,0.0
2025-08-15T01:00,23.6,0,5.4,14.3,0.0,0.0,0.0
2025-08-15T02:00,22.5,1,3.7,11.4,0.0,0.0,0.0
2025-08-15T03:00,22.0,0,0.8,6.7,0.0,0.0,0.0
2025-08-15T04:00,21.4,0,2.6,8.6,0.0,0.0,0.0
2025-08-15T05:00,21.7,9,4.7,9.2,15.0,5.0,10.0
2025-08-15T06:00,23.5,0,2.8,7.3,117.0,71.0,46.0
2025-08-15T07:00,25.9,0,1.5,2.6,266.0,196.0,70.0
2025-08-15T08:00,28.2,1,3.1,4.6,421.0,336.0,85.0
2025-08-15T09:00,30.4,9,4.6,6.4,560.0,465.0,95.0
2025-08-15T10:00,32.0,22,6.4,8.6,669.0,568.0,101.0
2025-08-15T11:00,33.2,37,7.7,10.4,739.0,633.0,106.0
2025-08-15T12:00,33.8,48,7.3,9.8,758.0,649.0,109.0
2025-08-15T13:00,32.6,67,10.7,13.8,678.0,540.0,138.0
2025-08-15T14:00,30.2,96,5.9,7.2,479.0,283.0,196.0
2025-08-15T15:00,31.0,92,5.2,7.4,303.0,115.0,188.0
2025-08-15T16:00,30.6,62,7.5,10.4,292.0,124.0,168.0
2025-08-15T17:00,30.0,57,7.5,10.9,218.0,126.0,92.0
2025-08-15T18:00,28.8,15,8.0,14.4,104.0,50.0,54.0
2025-08-15T19:00,27.1,42,5.2,12.4,14.0,5.0,9.0
2025-08-15T20:00,26.4,11,13.0,24.5,0.0,0.0,0.0
2025-08-15T21:00,25.0,2,13.4,25.7,0.0,0.0,0.0
2025-08-15T22:00,24.0,6,11.9,24.2,0.0,0.0,0.0
2025-08-15T23:00,23.2,4,11.9,24.4,0.0,0.0,0.0
2025-08-16T00:00,22.5,0,10.6,22.4,0.0,0.0,0.0
2025-08-16T01:00,21.5,0,11.1,23.7,0.0,0.0,0.0
2025-08-16T02:00,20.8,0,12.7,26.1,0.0,0.0,0.0
2025-08-16T03:00,20.0,5,11.4,23.5,0.0,0.0,0.0
2025-08-16T04:00,19.3,0,13.0,25.5,0.0,0.0,0.0
2025-08-16T05:00,19.0,1,14.0,26.8,14.0,5.0,9.0
2025-08-16T06:00,20.0,0,12.1,27.0,116.0,70.0,46.0
2025-08-16T07:00,21.5,0,12.8,19.9,269.0,198.0,71.0
2025-08-16T08:00,23.3,0,11.7,17.0,427.0,341.0,86.0
2025-08-16T09:00,24.9,0,11.8,16.6,569.0,475.0,94.0
2025-08-16T10:00,26.0,9,12.2,16.9,676.0,571.0,105.0
2025-08-16T11:00,27.1,9,10.9,15.1,722.0,591.0,131.0
2025-08-16T12:00,28.0,21,10.9,15.0,735.0,599.0,136.0
2025-08-16T13:00,26.2,17,15.8,22.1,715.0,576.0,139.0
2025-08-16T14:00,25.9,13,16.5,23.3,631.0,492.0,139.0
2025-08-16T15:00,25.6,2,16.5,23.6,527.0,403.0,124.0
2025-08-16T16:00,25.3,0,15.9,23.3,402.0,305.0,97.0
2025-08-16T17:00,24.5,0,14.7,22.1,266.0,196.0,70.0
2025-08-16T18:00,23.5,8,16.0,25.5,106.0,58.0,48.0
2025-08-16T19:00,21.8,2,15.4,26.0,12.0,4.0,8.0
2025-08-16T20:00,20.9,0,15.1,25.5,0.0,0.0,0.0
2025-08-16T21:00,20.1,2,13.5,23.5,0.0,0.0,0.0
2025-08-16T22:00,19.5,2,11.8,21.5,0.0,0.0,0.0
2025-08-16T23:00,18.9,4,10.6,19.8,0.0,0.0,0.0
2025-08-17T00:00,18.2,5,9.8,19.1,0.0,0.0,0.0
2025-08-17T01:00,17.1,5,11.8,22.4,0.0,0.0,0.0
2025-08-17T02:00,16.0,6,13.8,25.2,0.0,0.0,0.0
2025-08-17T03:00,14.9,5,14.4,26.0,0.0,0.0,0.0
2025-08-17T04:00,14.1,0,13.5,24.6,0.0,0.0,0.0
2025-08-17T05:00,13.7,0,12.6,22.8,13.0,5.0,8.0
2025-08-17T06:00,14.2,0,12.1,19.3,115.0,70.0,45.0
2025-08-17T07:00,15.5,0,10.7,15.5,272.0,203.0,69.0
2025-08-17T08:00,17.1,0,10.1,14.5,436.0,353.0,83.0
2025-08-17T09:00,18.5,0,11.8,16.6,582.0,489.0,93.0
2025-08-17T10:00,19.8,4,11.8,16.5,692.0,591.0,101.0
2025-08-17T11:00,21.1,3,11.8,16.5,763.0,658.0,105.0
2025-08-17T12:00,21.7,2,9.2,13.2,786.0,680.0,106.0
2025-08-17T13:00,25.0,100,10.3,14.2,714.0,557.0,157.0
2025-08-17T14:00,24.4,21,14.5,20.0,587.0,405.0,182.0
2025-08-17T15:00,24.5,44,12.1,17.2,437.0,233.0,204.0
2025-08-17T16:00,23.4,98,17.9,25.5,325.0,182.0,143.0
2025-08-17T17:00,21.0,100,17.4,26.3,205.0,93.0,112.0
2025-08-17T18:00,19.9,96,16.1,25.2,91.0,25.0,66.0
2025-08-17T19:00,19.0,98,13.5,23.2,11.0,1.0,10.0
2025-08-17T20:00,18.4,100,11.1,20.2,0.0,0.0,0.0
2025-08-17T21:00,17.7,98,9.4,18.7,0.0,0.0,0.0
2025-08-17T22:00,17.1,89,9.1,18.6,0.0,0.0,0.0
2025-08-17T23:00,16.6,43,10.3,20.9,0.0,0.0,0.0
2025-08-18T00:00,16.0,20,11.0,22.1,0.0,0.0,0.0
2025-08-18T01:00,14.4,21,10.6,21.6,0.0,0.0,0.0
2025-08-18T02:00,13.9,6,9.7,19.9,0.0,0.0,0.0
2025-08-18T03:00,13.5,15,9.4,19.6,0.0,0.0,0.0
2025-08-18T04:00,13.2,0,9.1,19.0,0.0,0.0,0.0
2025-08-18T05:00,13.3,0,9.8,19.8,12.0,4.0,8.0
2025-08-18T06:00,14.8,0,9.1,20.5,114.0,70.0,44.0
2025-08-18T07:00,16.8,0,9.4,14.0,270.0,201.0,69.0
2025-08-18T08:00,18.8,0,9.2,13.0,432.0,348.0,84.0
2025-08-18T09:00,20.7,0,9.4,13.3,576.0,483.0,93.0
2025-08-18T10:00,22.4,0,9.3,12.8,689.0,591.0,98.0
2025-08-18T11:00,23.8,0,9.5,13.0,761.0,658.0,103.0
2025-08-18T12:00,25.0,0,10.1,14.0,784.0,680.0,104.0
2025-08-18T13:00,25.6,0,10.4,14.1,759.0,658.0,101.0
2025-08-18T14:00,26.1,0,9.5,13.1,685.0,588.0,97.0
2025-08-18T15:00,26.5,0,9.2,12.6,571.0,481.0,90.0
2025-08-18T16:00,26.3,0,9.3,12.9,425.0,345.0,80.0
2025-08-18T17:00,25.9,0,8.8,12.4,264.0,198.0,66.0
2025-08-18T18:00,24.6,0,7.4,13.8,110.0,67.0,43.0
2025-08-18T19:00,22.7,0,9.1,18.9,11.0,4.0,7.0
2025-08-18T20:00,21.8,0,7.5,16.3,0.0,0.0,0.0
2025-08-18T21:00,20.4,0,10.1,20.3,0.0,0.0,0.0
2025-08-18T22:00,19.1,0,10.1,20.6,0.0,0.0,0.0
2025-08-18T23:00,18.4,0,9.8,20.8,0.0,0.0,0.0
2025-08-19T00:00,18.0,0,7.8,16.4,0.0,0.0,0.0
2025-08-19T01:00,16.6,0,8.3,13.4,0.0,0.0,0.0
2025-08-19T02:00,16.0,3,9.1,15.5,0.0,0.0,0.0
2025-08-19T03:00,15.6,2,9.7,18.2,0.0,0.0,0.0
2025-08-19T04:00,15.2,0,9.0,18.3,0.0,0.0,0.0
2025-08-19T05:00,15.0,0,9.7,17.8,11.0,4.0,7.0
2025-08-19T06:00,16.5,0,10.1,18.5,111.0,68.0,43.0
2025-08-19T07:00,18.9,0,8.7,13.7,265.0,198.0,67.0
2025-08-19T08:00,21.2,0,7.6,10.6,427.0,345.0,82.0
2025-08-19T09:00,23.7,0,5.9,7.9,571.0,480.0,91.0
2025-08-19T10:00,26.0,0,5.8,7.7,684.0,587.0,97.0
2025-08-19T11:00,27.6,0,6.3,8.2,755.0,655.0,100.0
2025-08-19T12:00,28.5,0,6.1,7.9,780.0,679.0,101.0
2025-08-19T13:00,29.5,0,4.6,5.8,753.0,653.0,100.0
2025-08-19T14:00,29.8,0,5.0,6.4,679.0,583.0,96.0
2025-08-19T15:00,29.9,0,5.6,7.1,565.0,476.0,89.0
2025-08-19T16:00,29.5,0,6.3,8.1,420.0,341.0,79.0
2025-08-19T17:00,28.8,0,8.9,11.8,260.0,197.0,63.0
2025-08-19T18:00,27.2,0,11.5,20.0,106.0,66.0,40.0
2025-08-19T19:00,25.2,41,11.0,22.0,9.0,3.0,6.0
2025-08-19T20:00,24.3,98,9.7,20.1,0.0,0.0,0.0
2025-08-19T21:00,23.2,89,8.3,19.0,0.0,0.0,0.0
2025-08-19T22:00,21.8,96,5.1,13.8,0.0,0.0,0.0
2025-08-19T23:00,20.7,92,4.6,10.5,0.0,0.0,0.0
2025-08-20T00:00,20.2,1,7.1,12.4,0.0,0.0,0.0
2025-08-20T01:00,17.8,0,9.3,16.6,0.0,0.0,0.0
2025-08-20T02:00,17.3,0,10.3,23.6,0.0,0.0,0.0
2025-08-20T03:00,16.9,0,6.9,17.7,0.0,0.0,0.0
2025-08-20T04:00,16.5,0,7.9,18.1,0.0,0.0,0.0
2025-08-20T05:00,16.4,48,11.2,22.7,10.0,3.0,7.0
2025-08-20T06:00,17.8,37,6.9,18.6,105.0,62.0,43.0
2025-08-20T07:00,19.6,12,7.3,11.4,255.0,186.0,69.0
2025-08-20T08:00,21.6,59,9.9,14.3,406.0,310.0,96.0
2025-08-20T09:00,23.8,100,8.7,12.3,557.0,460.0,97.0
2025-08-20T10:00,25.6,6,6.9,9.4,667.0,558.0,109.0
2025-08-20T11:00,27.1,5,8.3,11.0,742.0,640.0,102.0
2025-08-20T12:00,28.3,15,9.9,13.2,777.0,680.0,97.0
2025-08-20T13:00,28.4,100,10.1,13.6,683.0,552.0,131.0
2025-08-20T14:00,28.2,100,11.2,14.8,583.0,431.0,152.0
2025-08-20T15:00,27.5,100,12.4,17.2,386.0,198.0,188.0
2025-08-20T16:00,27.0,100,12.5,17.7,249.0,75.0,174.0
2025-08-20T17:00,26.4,100,13.1,19.4,131.0,13.0,118.0
2025-08-20T18:00,25.2,100,12.7,21.2,54.0,0.0,54.0
2025-08-20T19:00,23.8,100,14.8,25.8,5.0,0.0,5.0
2025-08-20T20:00,22.4,100,16.7,29.0,0.0,0.0,0.0
2025-08-20T21:00,21.2,100,16.2,28.1,0.0,0.0,0.0
2025-08-20T22:00,20.3,100,14.4,25.9,0.0,0.0,0.0
2025-08-20T23:00,19.7,100,13.1,24.3,0.0,0.0,0.0
2025-08-21T00:00,19.0,100,12.6,23.6,0.0,0.0,0.0
2025-08-21T01:00,18.1,98,10.3,20.9,0.0,0.0,0.0
2025-08-21T02:00,17.5,97,9.2,19.3,0.0,0.0,0.0
2025-08-21T03:00,17.0,89,9.6,19.7,0.0,0.0,0.0
2025-08-21T04:00,16.5,100,9.0,18.4,0.0,0.0,0.0
2025-08-21T05:00,16.1,100,10.0,18.9,8.0,1.0,7.0
2025-08-21T06:00,17.0,98,7.9,16.3,90.0,35.0,55.0
2025-08-21T07:00,18.9,100,7.7,11.8,232.0,136.0,96.0
2025-08-21T08:00,20.7,100,7.7,11.0,375.0,239.0,136.0
2025-08-21T09:00,22.8,92,8.2,11.3,525.0,389.0,136.0
2025-08-21T10:00,24.6,89,10.5,14.4,639.0,490.0,149.0
2025-08-21T11:00,25.8,97,12.0,16.5,721.0,582.0,139.0
2025-08-21T12:00,26.6,100,13.6,18.7,715.0,553.0,162.0
2025-08-21T13:00,26.8,35,14.4,20.0,663.0,547.0,116.0
2025-08-21T14:00,27.0,9,15.0,21.3,625.0,502.0,123.0
2025-08-21T15:00,27.0,8,14.1,20.0,528.0,416.0,112.0
2025-08-21T16:00,26.9,22,14.5,20.6,396.0,302.0,94.0
2025-08-21T17:00,25.0,92,19.3,29.0,184.0,106.0,78.0
2025-08-21T18:00,23.8,30,16.9,27.1,80.0,36.0,44.0
2025-08-21T19:00,22.6,21,14.4,24.7,6.0,1.0,5.0
2025-08-21T20:00,21.6,13,14.4,25.0,0.0,0.0,0.0
2025-08-21T21:00,20.5,64,13.6,24.0,0.0,0.0,0.0
2025-08-21T22:00,19.5,30,18.5,31.3,0.0,0.0,0.0
2025-08-21T23:00,18.5,96,16.3,27.5,0.0,0.0,0.0
2025-08-22T00:00,17.4,99,17.9,29.2,0.0,0.0,0.0
2025-08-22T01:00,16.5,78,16.3,26.6,0.0,0.0,0.0
2025-08-22T02:00,15.4,98,13.8,23.3,0.0,0.0,0.0
2025-08-22T03:00,14.9,42,12.3,20.6,0.0,0.0,0.0
2025-08-22T04:00,14.3,19,10.2,17.7,0.0,0.0,0.0
2025-08-22T05:00,13.6,8,8.8,16.2,8.0,2.0,6.0
2025-08-22T06:00,14.3,4,8.3,12.9,102.0,59.0,43.0
2025-08-22T07:00,15.5,0,9.0,13.0,257.0,187.0,70.0
2025-08-22T08:00,17.0,31,9.8,13.7,425.0,342.0,83.0
2025-08-22T09:00,18.7,59,9.1,12.3,553.0,446.0,107.0
2025-08-22T10:00,19.8,48,8.8,12.0,591.0,382.0,209.0
2025-08-22T11:00,20.8,19,8.2,11.2,604.0,368.0,236.0
2025-08-22T12:00,21.7,20,6.5,8.9,694.0,498.0,196.0
2025-08-22T13:00,21.4,75,9.5,13.0,641.0,408.0,233.0
2025-08-22T14:00,21.5,90,12.6,17.3,582.0,384.0,198.0
2025-08-22T15:00,20.9,68,11.7,16.2,482.0,299.0,183.0
2025-08-22T16:00,20.8,93,13.0,18.1,381.0,272.0,109.0
2025-08-22T17:00,19.5,68,12.0,17.1,214.0,115.0,99.0
2025-08-22T18:00,18.9,91,11.1,16.5,71.0,23.0,48.0
2025-08-22T19:00,17.9,100,11.2,18.1,4.0,0.0,4.0
2025-08-22T20:00,17.3,100,8.1,14.3,0.0,0.0,0.0
2025-08-22T21:00,16.6,100,6.1,12.9,0.0,0.0,0.0
2025-08-22T22:00,16.2,100,7.1,14.7,0.0,0.0,0.0
2025-08-22T23:00,15.7,100,7.4,15.8,0.0,0.0,0.0
2025-08-23T00:00,15.4,41,6.8,14.3,0.0,0.0,0.0
2025-08-23T01:00,14.5,67,5.0,13.2,0.0,0.0,0.0
2025-08-23T02:00,14.4,98,4.1,9.8,0.0,0.0,0.0
2025-08-23T03:00,14.1,23,4.3,10.2,0.0,0.0,0.0
2025-08-23T04:00,13.1,5,2.7,8.1,0.0,0.0,0.0
2025-08-23T05:00,12.7,51,3.5,6.8,7.0,2.0,5.0
2025-08-23T06:00,14.0,100,4.6,7.2,86.0,39.0,47.0
2025-08-23T07:00,15.1,100,5.1,7.2,122.0,22.0,100.0
2025-08-23T08:00,15.1,100,5.0,7.1,68.0,0.0,68.0
2025-08-23T09:00,15.6,100,5.2,7.5,103.0,2.0,101.0
2025-08-23T10:00,17.2,68,8.5,11.9,243.0,52.0,191.0
2025-08-23T11:00,18.6,100,13.6,19.2,368.0,162.0,206.0
2025-08-23T12:00,18.5,92,14.4,20.9,228.0,73.0,155.0
2025-08-23T13:00,18.8,91,14.3,20.7,315.0,81.0,234.0
2025-08-23T14:00,18.6,99,13.0,18.6,220.0,36.0,184.0
2025-08-23T15:00,19.0,96,13.0,18.8,263.0,88.0,175.0
2025-08-23T16:00,18.7,33,10.4,15.3,180.0,88.0,92.0
2025-08-23T17:00,18.8,27,8.6,12.8,143.0,61.0,82.0
2025-08-23T18:00,18.0,32,7.3,14.0,77.0,38.0,39.0
2025-08-23T19:00,16.7,29,5.1,13.4,4.0,1.0,3.0
2025-08-23T20:00,16.0,35,4.3,12.3,0.0,0.0,0.0
2025-08-23T21:00,15.1,14,5.9,15.1,0.0,0.0,0.0
2025-08-23T22:00,14.1,3,5.1,14.4,0.0,0.0,0.0
2025-08-23T23:00,13.1,6,4.3,12.8,0.0,0.0,0.0
2025-08-24T00:00,12.4,8,4.0,11.6,0.0,0.0,0.0
2025-08-24T01:00,10.2,97,5.0,13.0,0.0,0.0,0.0
2025-08-24T02:00,9.9,4,6.0,15.9,0.0,0.0,0.0
2025-08-24T03:00,9.4,1,5.9,15.8,0.0,0.0,0.0
2025-08-24T04:00,9.0,0,6.0,15.6,0.0,0.0,0.0
2025-08-24T05:00,9.1,0,6.6,15.6,7.0,2.0,5.0
2025-08-24T06:00,10.6,0,5.5,14.5,97.0,55.0,42.0
2025-08-24T07:00,13.2,0,3.8,8.3,249.0,179.0,70.0
2025-08-24T08:00,15.9,0,3.3,4.7,413.0,328.0,85.0
2025-08-24T09:00,18.1,2,3.3,4.3,559.0,461.0,98.0
2025-08-24T10:00,19.8,92,3.8,5.1,660.0,557.0,103.0
2025-08-24T11:00,20.4,67,4.4,5.6,554.0,297.0,257.0
2025-08-24T12:00,21.5,98,5.0,6.5,591.0,335.0,256.0
2025-08-24T13:00,21.2,97,5.1,6.9,567.0,315.0,252.0
2025-08-24T14:00,21.6,86,6.5,8.7,511.0,321.0,190.0
2025-08-24T15:00,21.8,36,5.6,7.5,491.0,335.0,156.0
2025-08-24T16:00,21.5,7,1.0,1.8,323.0,197.0,126.0
2025-08-24T17:00,21.5,63,3.1,3.9,224.0,148.0,76.0
2025-08-24T18:00,20.2,5,6.0,11.0,74.0,33.0,41.0
2025-08-24T19:00,18.0,7,6.4,13.3,4.0,1.0,3.0
2025-08-24T20:00,16.5,0,3.2,9.9,0.0,0.0,0.0
2025-08-24T21:00,15.9,0,7.7,14.9,0.0,0.0,0.0
2025-08-24T22:00,15.1,0,12.2,24.9,0.0,0.0,0.0
2025-08-24T23:00,14.2,0,11.0,22.9,0.0,0.0,0.0
2025-08-25T00:00,13.8,0,9.6,21.4,0.0,0.0,0.0
2025-08-25T01:00,10.9,0,5.6,16.0,0.0,0.0,0.0
2025-08-25T02:00,9.8,0,4.7,13.7,0.0,0.0,0.0
2025-08-25T03:00,9.1,0,4.4,12.8,0.0,0.0,0.0
2025-08-25T04:00,8.8,0,5.0,13.6,0.0,0.0,0.0
2025-08-25T05:00,8.5,0,4.8,12.6,6.0,2.0,4.0
2025-08-25T06:00,9.9,0,5.5,12.2,97.0,58.0,39.0
2025-08-25T07:00,12.5,91,3.3,7.2,255.0,190.0,65.0
2025-08-25T08:00,15.4,60,3.1,4.5,418.0,336.0,82.0
2025-08-25T09:00,18.1,98,3.2,4.5,565.0,472.0,93.0
2025-08-25T10:00,20.0,96,3.2,4.1,675.0,563.0,112.0
2025-08-25T11:00,21.2,100,2.2,2.7,735.0,596.0,139.0
2025-08-25T12:00,22.2,100,1.7,2.0,749.0,582.0,167.0
2025-08-25T13:00,23.0,99,2.6,3.3,693.0,482.0,211.0
2025-08-25T14:00,23.4,94,2.6,3.1,624.0,435.0,189.0
2025-08-25T15:00,23.6,87,2.8,3.3,536.0,417.0,119.0
2025-08-25T16:00,23.4,70,3.0,3.6,392.0,294.0,98.0
2025-08-25T17:00,22.8,7,3.7,4.5,234.0,165.0,69.0
2025-08-25T18:00,21.1,0,6.1,11.4,84.0,49.0,35.0
2025-08-25T19:00,19.2,0,7.0,13.3,3.0,1.0,2.0
2025-08-25T20:00,17.6,0,3.9,11.2,0.0,0.0,0.0
2025-08-25T21:00,16.8,34,2.8,8.5,0.0,0.0,0.0
2025-08-25T22:00,15.8,22,2.8,8.0,0.0,0.0,0.0
2025-08-25T23:00,15.4,61,6.6,12.2,0.0,0.0,0.0
2025-08-26T00:00,14.4,37,8.5,17.1,0.0,0.0,0.0
2025-08-26T01:00,11.5,74,6.6,12.6,0.0,0.0,0.0
2025-08-26T02:00,11.1,79,8.0,12.5,0.0,0.0,0.0
2025-08-26T03:00,10.6,33,7.0,11.6,0.0,0.0,0.0
2025-08-26T04:00,10.1,100,7.3,11.0,0.0,0.0,0.0
2025-08-26T05:00,10.0,16,6.5,11.1,5.0,0.0,5.0
2025-08-26T06:00,11.4,0,4.4,8.1,90.0,50.0,40.0
2025-08-26T07:00,14.2,0,2.2,4.2,246.0,182.0,64.0
2025-08-26T08:00,17.5,8,0.7,1.1,409.0,332.0,77.0
2025-08-26T09:00,20.5,34,2.3,3.2,554.0,468.0,86.0
2025-08-26T10:00,23.0,89,4.6,6.5,661.0,555.0,106.0
2025-08-26T11:00,25.0,100,6.7,9.1,728.0,609.0,119.0
2025-08-26T12:00,26.4,100,8.7,11.8,691.0,479.0,212.0
2025-08-26T13:00,27.6,98,10.0,13.7,686.0,501.0,185.0
2025-08-26T14:00,28.0,99,9.9,13.9,580.0,361.0,219.0
2025-08-26T15:00,28.2,99,9.0,12.6,518.0,396.0,122.0
2025-08-26T16:00,27.8,100,8.3,11.8,344.0,207.0,137.0
2025-08-26T17:00,27.5,100,6.2,10.0,184.0,72.0,112.0
2025-08-26T18:00,25.8,100,3.0,8.6,60.0,16.0,44.0
2025-08-26T19:00,24.8,100,5.1,12.0,1.0,0.0,1.0
2025-08-26T20:00,23.6,100,8.7,14.6,0.0,0.0,0.0
2025-08-26T21:00,22.7,100,4.9,11.6,0.0,0.0,0.0
2025-08-26T22:00,22.0,100,0.8,8.9,0.0,0.0,0.0
2025-08-26T23:00,22.4,100,8.8,20.0,0.0,0.0,0.0
2025-08-27T00:00,22.0,8,14.9,28.1,0.0,0.0,0.0
2025-08-27T01:00,19.2,15,9.8,20.7,0.0,0.0,0.0
2025-08-27T02:00,19.2,14,8.8,19.0,0.0,0.0,0.0
2025-08-27T03:00,19.2,21,10.3,21.9,0.0,0.0,0.0
2025-08-27T04:00,18.8,45,9.0,19.7,0.0,0.0,0.0
2025-08-27T05:00,18.5,21,9.9,20.5,4.0,1.0,3.0
2025-08-27T06:00,19.4,41,10.0,22.3,82.0,43.0,39.0
2025-08-27T07:00,20.8,3,9.9,15.3,215.0,129.0,86.0
2025-08-27T08:00,22.6,20,10.4,14.8,389.0,306.0,83.0
2025-08-27T09:00,24.0,22,10.6,14.7,475.0,332.0,143.0
2025-08-27T10:00,25.5,16,12.3,16.8,605.0,481.0,124.0
2025-08-27T11:00,26.5,21,13.9,19.5,666.0,540.0,126.0
2025-08-27T12:00,27.2,25,13.3,18.7,658.0,491.0,167.0
2025-08-27T13:00,27.9,100,13.5,18.7,547.0,307.0,240.0
2025-08-27T14:00,25.6,94,11.3,15.8,245.0,35.0,210.0
2025-08-27T15:00,26.2,37,10.3,14.6,375.0,157.0,218.0
2025-08-27T16:00,25.8,96,16.6,24.3,297.0,197.0,100.0
2025-08-27T17:00,24.8,59,13.4,20.0,136.0,34.0,102.0
2025-08-27T18:00,23.7,80,9.7,15.5,63.0,25.0,38.0
2025-08-27T19:00,19.8,96,9.2,17.2,1.0,0.0,1.0
2025-08-27T20:00,19.1,99,6.2,7.9,0.0,0.0,0.0
2025-08-27T21:00,18.8,100,5.2,8.0,0.0,0.0,0.0
2025-08-27T22:00,18.8,100,4.6,10.1,0.0,0.0,0.0
2025-08-27T23:00,18.8,100,5.4,13.3,0.0,0.0,0.0
2025-08-28T00:00,18.5,100,3.5,10.6,0.0,0.0,0.0
2025-08-28T01:00,18.5,100,3.6,10.0,0.0,0.0,0.0
2025-08-28T02:00,18.5,100,1.5,6.2,0.0,0.0,0.0
2025-08-28T03:00,18.0,100,2.0,1.4,0.0,0.0,0.0
2025-08-28T04:00,17.8,100,4.9,8.8,0.0,0.0,0.0
2025-08-28T05:00,17.6,100,5.2,11.7,1.0,0.0,1.0
2025-08-28T06:00,18.0,100,4.8,9.1,19.0,0.0,19.0
2025-08-28T07:00,18.1,100,7.8,12.6,53.0,0.0,53.0
2025-08-28T08:00,18.1,100,7.0,12.8,34.0,0.0,34.0
2025-08-28T09:00,18.4,100,10.7,16.3,93.0,0.0,93.0
2025-08-28T10:00,19.5,100,12.7,18.7,203.0,6.0,197.0
2025-08-28T11:00,20.0,100,10.8,15.9,181.0,6.0,175.0
2025-08-28T12:00,21.5,100,8.6,12.2,310.0,31.0,279.0
2025-08-28T13:00,22.6,100,13.7,20.3,424.0,110.0,314.0
2025-08-28T14:00,20.5,100,14.5,23.2,267.0,35.0,232.0
2025-08-28T15:00,20.7,100,10.6,15.3,213.0,24.0,189.0
2025-08-28T16:00,18.7,100,13.0,19.6,180.0,29.0,151.0
2025-08-28T17:00,18.8,99,6.9,11.3,81.0,0.0,81.0
2025-08-28T18:00,18.7,94,4.5,11.9,53.0,7.0,46.0
2025-08-28T19:00,18.4,61,6.7,14.7,1.0,0.0,1.0
2025-08-28T20:00,17.6,76,8.5,18.1,0.0,0.0,0.0
2025-08-28T21:00,17.2,83,8.2,16.7,0.0,0.0,0.0
2025-08-28T22:00,16.8,100,10.0,19.9,0.0,0.0,0.0
2025-08-28T23:00,16.7,100,9.7,19.1,0.0,0.0,0.0
2025-08-29T00:00,16.5,100,10.8,20.3,0.0,0.0,0.0
2025-08-29T01:00,16.0,100,7.6,15.3,0.0,0.0,0.0
2025-08-29T02:00,15.9,100,8.8,18.0,0.0,0.0,0.0
2025-08-29T03:00,16.2,100,10.6,20.6,0.0,0.0,0.0
2025-08-29T04:00,16.1,100,10.8,20.3,0.0,0.0,0.0
2025-08-29T05:00,15.9,100,10.9,21.9,1.0,0.0,1.0
2025-08-29T06:00,16.1,30,11.6,21.1,22.0,0.0,22.0
2025-08-29T07:00,17.0,8,12.3,18.4,179.0,94.0,85.0
2025-08-29T08:00,17.9,1,10.9,15.7,382.0,293.0,89.0
2025-08-29T09:00,19.3,0,10.2,14.4,533.0,438.0,95.0
2025-08-29T10:00,20.8,28,11.8,16.6,647.0,550.0,97.0
2025-08-29T11:00,21.4,34,13.9,20.1,637.0,505.0,132.0
2025-08-29T12:00,22.0,41,12.9,18.5,637.0,504.0,133.0
2025-08-29T13:00,22.0,22,14.0,20.1,621.0,491.0,130.0
2025-08-29T14:00,21.9,72,16.4,24.1,575.0,465.0,110.0
2025-08-29T15:00,21.7,36,13.9,20.8,432.0,313.0,119.0
2025-08-29T16:00,21.7,31,10.6,16.8,314.0,220.0,94.0
2025-08-29T17:00,20.9,56,11.8,20.7,177.0,109.0,68.0
2025-08-29T18:00,19.0,30,11.4,22.8,46.0,18.0,28.0
2025-08-29T19:00,17.9,42,9.6,21.6,1.0,0.0,1.0
2025-08-29T20:00,17.5,100,10.6,22.9,0.0,0.0,0.0
2025-08-29T21:00,17.4,100,12.4,23.4,0.0,0.0,0.0
2025-08-29T22:00,16.6,82,12.0,22.4,0.0,0.0,0.0
2025-08-29T23:00,16.0,25,11.3,21.8,0.0,0.0,0.0
2025-08-30T00:00,15.4,43,11.3,22.2,0.0,0.0,0.0
2025-08-30T01:00,15.2,53,12.4,24.2,0.0,0.0,0.0
2025-08-30T02:00,14.9,98,12.2,23.7,0.0,0.0,0.0
2025-08-30T03:00,14.4,100,11.1,21.5,0.0,0.0,0.0
2025-08-30T04:00,13.9,100,11.2,22.0,0.0,0.0,0.0
2025-08-30T05:00,13.6,100,11.6,22.7,2.0,0.0,2.0
2025-08-30T06:00,14.7,100,12.2,20.0,51.0,5.0,46.0
2025-08-30T07:00,15.9,100,15.8,23.6,153.0,40.0,113.0
2025-08-30T08:00,17.1,100,14.0,20.9,205.0,46.0,159.0
2025-08-30T09:00,18.2,100,12.5,18.3,339.0,146.0,193.0
2025-08-30T10:00,19.0,81,13.4,19.3,375.0,133.0,242.0
2025-08-30T11:00,19.6,38,13.8,20.1,388.0,106.0,282.0
2025-08-30T12:00,19.6,30,14.1,20.5,412.0,189.0,223.0
2025-08-30T13:00,17.8,46,12.2,17.7,527.0,385.0,142.0
2025-08-30T14:00,19.5,20,9.8,14.3,495.0,346.0,149.0
2025-08-30T15:00,20.8,10,11.5,16.5,485.0,378.0,107.0
2025-08-30T16:00,20.6,12,10.8,16.2,340.0,244.0,96.0
2025-08-30T17:00,20.0,14,7.7,14.3,179.0,118.0,61.0
2025-08-30T18:00,18.5,7,7.4,17.3,56.0,29.0,27.0
2025-08-30T19:00,17.6,5,9.1,21.0,0.0,0.0,0.0
2025-08-30T20:00,17.0,0,8.9,20.9,0.0,0.0,0.0
2025-08-30T21:00,16.2,2,8.4,19.7,0.0,0.0,0.0
2025-08-30T22:00,15.6,2,8.4,20.0,0.0,0.0,0.0
2025-08-30T23:00,15.2,2,8.5,20.1,0.0,0.0,0.0
2025-08-31T00:00,14.9,4,8.3,19.3,0.0,0.0,0.0
2025-08-31T01:00,14.4,12,7.7,18.8,0.0,0.0,0.0
2025-08-31T02:00,14.2,26,7.1,17.7,0.0,0.0,0.0
2025-08-31T03:00,14.1,30,7.2,17.2,0.0,0.0,0.0
2025-08-31T04:00,14.0,2,6.9,17.2,0.0,0.0,0.0
2025-08-31T05:00,13.9,9,6.7,16.8,2.0,0.0,2.0
2025-08-31T06:00,14.9,11,7.5,16.8,74.0,39.0,35.0
2025-08-31T07:00,16.6,81,7.2,11.7,206.0,126.0,80.0
2025-08-31T08:00,17.8,100,7.7,11.8,247.0,135.0,112.0
2025-08-31T09:00,19.4,85,8.7,12.8,378.0,186.0,192.0
2025-08-31T10:00,20.6,71,9.3,13.8,407.0,164.0,243.0
2025-08-31T11:00,22.4,24,11.7,16.8,565.0,335.0,230.0
2025-08-31T12:00,23.0,57,13.2,18.8,478.0,183.0,295.0
2025-08-31T13:00,23.1,100,12.4,18.0,409.0,111.0,298.0
2025-08-31T14:00,24.0,98,10.6,15.2,394.0,145.0,249.0
2025-08-31T15:00,23.9,70,11.6,17.0,309.0,127.0,182.0
2025-08-31T16:00,23.4,30,8.3,13.4,210.0,79.0,131.0
2025-08-31T17:00,23.2,9,1.9,5.1,141.0,72.0,69.0
2025-08-31T18:00,21.6,26,2.0,6.6,52.0,25.0,27.0
2025-08-31T19:00,20.5,6,6.2,16.5,0.0,0.0,0.0
2025-08-31T20:00,19.2,13,5.2,16.3,0.0,0.0,0.0
2025-08-31T21:00,18.4,84,5.1,15.7,0.0,0.0,0.0
2025-08-31T22:00,17.9,26,5.1,16.8,0.0,0.0,0.0
2025-08-31T23:00,17.5,95,5.0,17.1,0.0,0.0,0.0
2025-09-01T00:00,17.1,39,4.9,15.7,0.0,0.0,0.0
2025-09-01T01:00,16.6,99,4.7,15.3,0.0,0.0,0.0
2025-09-01T02:00,16.4,98,4.6,13.2,0.0,0.0,0.0
2025-09-01T03:00,16.4,100,1.0,8.7,0.0,0.0,0.0
2025-09-01T04:00,15.6,100,3.1,6.9,0.0,0.0,0.0
2025-09-01T05:00,15.4,100,3.7,12.1,1.0,0.0,1.0
2025-09-01T06:00,16.1,100,8.9,17.6,26.0,0.0,26.0
2025-09-01T07:00,17.0,100,7.8,17.8,76.0,3.0,73.0
2025-09-01T08:00,18.6,100,7.9,11.7,183.0,35.0,148.0
2025-09-01T09:00,18.0,100,10.4,16.7,92.0,16.0,76.0
2025-09-01T10:00,17.7,100,9.1,13.8,115.0,5.0,110.0
2025-09-01T11:00,18.3,89,10.9,15.7,226.0,10.0,216.0
2025-09-01T12:00,20.3,100,12.1,17.1,472.0,216.0,256.0
2025-09-01T13:00,20.4,31,9.4,13.3,500.0,247.0,253.0
2025-09-01T14:00,21.2,100,10.4,14.7,542.0,368.0,174.0
2025-09-01T15:00,20.7,100,10.5,14.5,276.0,87.0,189.0
2025-09-01T16:00,20.0,100,9.3,13.9,145.0,5.0,140.0
2025-09-01T17:00,19.4,100,6.4,11.8,75.0,0.0,75.0
2025-09-01T18:00,18.6,99,4.7,12.6,28.0,0.0,28.0
2025-09-01T19:00,17.9,100,5.3,14.0,0.0,0.0,0.0
2025-09-01T20:00,17.5,100,5.9,15.8,0.0,0.0,0.0
2025-09-01T21:00,16.7,100,4.9,14.6,0.0,0.0,0.0
2025-09-01T22:00,16.2,100,4.3,13.0,0.0,0.0,0.0
2025-09-01T23:00,16.6,100,6.5,15.3,0.0,0.0,0.0
2025-09-02T00:00,16.4,100,8.7,18.5,0.0,0.0,0.0
2025-09-02T01:00,15.6,42,9.3,18.6,0.0,0.0,0.0
2025-09-02T02:00,15.0,21,3.8,11.9,0.0,0.0,0.0
2025-09-02T03:00,14.7,31,5.2,11.7,0.0,0.0,0.0
2025-09-02T04:00,14.2,13,6.6,16.7,0.0,0.0,0.0
2025-09-02T05:00,14.1,14,8.7,18.3,1.0,0.0,1.0
2025-09-02T06:00,14.9,23,11.5,19.2,62.0,26.0,36.0
2025-09-02T07:00,15.9,100,14.2,20.8,194.0,119.0,75.0
2025-09-02T08:00,17.0,31,13.0,18.5,300.0,154.0,146.0
2025-09-02T09:00,17.8,32,12.7,18.3,402.0,264.0,138.0
2025-09-02T10:00,19.1,67,12.4,17.5,538.0,397.0,141.0
2025-09-02T11:00,20.0,28,10.4,14.7,581.0,411.0,170.0
2025-09-02T12:00,20.7,100,11.9,17.0,577.0,404.0,173.0
2025-09-02T13:00,20.5,21,14.0,20.1,531.0,382.0,149.0
2025-09-02T14:00,21.0,11,13.1,18.8,556.0,437.0,119.0
2025-09-02T15:00,21.2,8,11.7,16.8,472.0,378.0,94.0
2025-09-02T16:00,21.0,12,13.2,19.5,330.0,253.0,77.0
2025-09-02T17:00,20.2,85,9.4,17.4,178.0,121.0,57.0
2025-09-02T18:00,18.2,100,6.7,17.0,47.0,21.0,26.0
2025-09-02T19:00,17.4,63,6.9,17.6,0.0,0.0,0.0
2025-09-02T20:00,16.8,100,7.6,18.6,0.0,0.0,0.0
2025-09-02T21:00,16.4,19,9.6,22.0,0.0,0.0,0.0
2025-09-02T22:00,15.6,39,7.4,19.2,0.0,0.0,0.0
2025-09-02T23:00,15.6,100,8.4,20.3,0.0,0.0,0.0
2025-09-03T00:00,16.3,100,10.2,22.2,0.0,0.0,0.0
2025-09-03T01:00,16.4,99,10.4,22.1,0.0,0.0,0.0
2025-09-03T02:00,16.1,100,12.3,25.1,0.0,0.0,0.0
2025-09-03T03:00,16.1,66,13.3,25.7,0.0,0.0,0.0
2025-09-03T04:00,15.8,88,13.2,26.1,0.0,0.0,0.0
2025-09-03T05:00,15.7,96,13.1,25.5,1.0,0.0,1.0
2025-09-03T06:00,16.5,96,15.4,26.7,43.0,13.0,30.0
2025-09-03T07:00,17.2,73,14.0,22.6,132.0,49.0,83.0
2025-09-03T08:00,19.0,95,19.1,28.0,314.0,191.0,123.0
2025-09-03T09:00,19.5,85,20.8,31.0,299.0,121.0,178.0
2025-09-03T10:00,20.9,100,21.0,31.0,438.0,227.0,211.0
2025-09-03T11:00,21.4,98,19.4,28.9,348.0,62.0,286.0
2025-09-03T12:00,22.5,100,19.5,28.7,416.0,127.0,289.0
2025-09-03T13:00,21.3,100,16.3,24.4,259.0,26.0,233.0
2025-09-03T14:00,22.3,98,17.5,26.3,313.0,90.0,223.0
2025-09-03T15:00,23.0,95,15.5,23.7,208.0,39.0,169.0
2025-09-03T16:00,23.1,42,14.8,22.9,218.0,86.0,132.0
2025-09-03T17:00,22.9,28,11.4,20.7,136.0,53.0,83.0
2025-09-03T18:00,21.6,30,11.7,24.4,43.0,18.0,25.0
2025-09-03T19:00,20.8,40,10.8,24.1,0.0,0.0,0.0
2025-09-03T20:00,20.0,2,9.7,23.2,0.0,0.0,0.0
2025-09-03T21:00,19.5,3,9.7,23.2,0.0,0.0,0.0
2025-09-03T22:00,19.2,22,9.8,23.6,0.0,0.0,0.0
2025-09-03T23:00,18.9,70,8.9,22.0,0.0,0.0,0.0
2025-09-04T00:00,18.8,25,10.9,23.7,0.0,0.0,0.0
2025-09-04T01:00,17.9,91,12.2,26.5,0.0,0.0,0.0
2025-09-04T02:00,17.4,50,10.8,24.3,0.0,0.0,0.0
2025-09-04T03:00,16.9,28,10.6,23.8,0.0,0.0,0.0
2025-09-04T04:00,16.4,63,9.0,21.0,0.0,0.0,0.0
2025-09-04T05:00,16.0,60,9.5,21.0,1.0,0.0,1.0
2025-09-04T06:00,17.0,4,9.8,20.0,60.0,25.0,35.0
2025-09-04T07:00,18.8,37,7.9,13.8,208.0,147.0,61.0
2025-09-04T08:00,20.5,14,8.7,12.6,366.0,286.0,80.0
2025-09-04T09:00,22.1,48,13.1,18.5,514.0,435.0,79.0
2025-09-04T10:00,23.5,50,17.4,24.8,603.0,490.0,113.0
2025-09-04T11:00,24.1,72,15.2,21.9,609.0,459.0,150.0
2025-09-04T12:00,24.8,100,16.2,23.1,633.0,432.0,201.0
2025-09-04T13:00,22.9,100,13.6,18.9,428.0,165.0,263.0
2025-09-04T14:00,21.1,100,10.6,15.8,119.0,0.0,119.0
2025-09-04T15:00,21.1,99,10.3,15.0,145.0,53.0,92.0
2025-09-04T16:00,21.6,100,12.9,19.4,220.0,90.0,130.0
2025-09-04T17:00,21.0,100,9.3,16.4,84.0,9.0,75.0
2025-09-04T18:00,20.0,100,6.4,13.9,15.0,0.0,15.0
2025-09-04T19:00,19.0,100,7.9,15.5,0.0,0.0,0.0
2025-09-04T20:00,18.5,100,9.7,18.6,0.0,0.0,0.0
2025-09-04T21:00,18.0,100,10.1,20.5,0.0,0.0,0.0
2025-09-04T22:00,17.6,100,10.8,21.0,0.0,0.0,0.0
2025-09-04T23:00,17.1,100,11.6,21.4,0.0,0.0,0.0
2025-09-05T00:00,16.4,100,11.6,21.0,0.0,0.0,0.0
2025-09-05T01:00,15.5,65,12.2,23.1,0.0,0.0,0.0
2025-09-05T02:00,15.4,40,11.2,21.4,0.0,0.0,0.0
2025-09-05T03:00,15.0,80,11.4,21.6,0.0,0.0,0.0
2025-09-05T04:00,14.5,59,10.3,19.4,0.0,0.0,0.0
2025-09-05T05:00,14.4,37,8.9,16.3,0.0,0.0,0.0
2025-09-05T06:00,14.8,84,8.2,14.6,53.0,23.0,30.0
2025-09-05T07:00,15.9,32,8.4,11.5,181.0,96.0,85.0
2025-09-05T08:00,17.2,12,7.2,10.0,330.0,217.0,113.0
2025-09-05T09:00,18.4,28,8.3,11.3,482.0,377.0,105.0
2025-09-05T10:00,19.5,100,8.0,11.0,581.0,452.0,129.0
2025-09-05T11:00,19.8,100,9.5,13.1,515.0,252.0,263.0
2025-09-05T12:00,20.2,26,9.4,13.2,505.0,213.0,292.0
2025-09-05T13:00,21.5,94,9.0,12.3,577.0,411.0,166.0
2025-09-05T14:00,21.4,36,9.2,12.9,482.0,366.0,116.0
2025-09-05T15:00,21.1,38,11.1,15.7,388.0,258.0,130.0
2025-09-05T16:00,19.5,9,12.0,17.7,245.0,161.0,84.0
2025-09-05T17:00,18.7,20,6.8,10.5,153.0,92.0,61.0
2025-09-05T18:00,17.1,9,3.7,9.2,37.0,17.0,20.0
2025-09-05T19:00,16.4,10,4.5,11.0,0.0,0.0,0.0
2025-09-05T20:00,15.4,18,3.9,9.7,0.0,0.0,0.0
2025-09-05T21:00,14.4,7,3.4,8.1,0.0,0.0,0.0
2025-09-05T22:00,13.7,5,1.6,4.7,0.0,0.0,0.0
2025-09-05T23:00,13.2,0,0.8,2.2,0.0,0.0,0.0
2025-09-06T00:00,12.5,0,3.0,6.0,0.0,0.0,0.0
2025-09-06T01:00,10.8,1,3.7,6.5,0.0,0.0,0.0
2025-09-06T02:00,10.8,96,5.2,9.8,0.0,0.0,0.0
2025-09-06T03:00,10.8,91,5.0,11.3,0.0,0.0,0.0
2025-09-06T04:00,10.5,44,3.8,10.4,0.0,0.0,0.0
2025-09-06T05:00,10.3,39,4.8,11.2,0.0,0.0,0.0
2025-09-06T06:00,10.8,100,5.6,11.5,50.0,19.0,31.0
2025-09-06T07:00,12.4,51,4.3,8.9,162.0,74.0,88.0
2025-09-06T08:00,15.1,11,3.8,5.7,325.0,203.0,122.0
2025-09-06T09:00,17.6,1,3.6,5.0,501.0,409.0,92.0
2025-09-06T10:00,19.8,22,3.4,4.7,615.0,520.0,95.0
2025-09-06T11:00,21.2,90,4.9,6.7,679.0,577.0,102.0
2025-09-06T12:00,22.4,75,6.6,8.7,697.0,581.0,116.0
2025-09-06T13:00,23.6,29,8.0,10.7,626.0,497.0,129.0
2025-09-06T14:00,23.8,67,9.5,13.2,506.0,353.0,153.0
2025-09-06T15:00,23.8,99,10.0,14.2,414.0,291.0,123.0
2025-09-06T16:00,23.3,100,11.3,16.7,246.0,99.0,147.0
2025-09-06T17:00,22.1,100,9.7,18.4,100.0,7.0,93.0
2025-09-06T18:00,20.4,100,8.9,20.3,24.0,0.0,24.0
2025-09-06T19:00,19.3,77,8.5,20.3,0.0,0.0,0.0
2025-09-06T20:00,18.0,81,9.1,21.5,0.0,0.0,0.0
2025-09-06T21:00,17.1,91,8.1,20.2,0.0,0.0,0.0
2025-09-06T22:00,16.2,100,6.3,18.0,0.0,0.0,0.0
2025-09-06T23:00,15.6,100,5.4,16.2,0.0,0.0,0.0
2025-09-07T00:00,15.2,100,5.4,14.4,0.0,0.0,0.0
2025-09-07T01:00,13.9,96,6.2,16.1,0.0,0.0,0.0
2025-09-07T02:00,13.4,88,7.7,17.1,0.0,0.0,0.0
2025-09-07T03:00,12.9,94,8.1,17.6,0.0,0.0,0.0
2025-09-07T04:00,12.4,100,7.0,15.7,0.0,0.0,0.0
2025-09-07T05:00,12.2,100,7.4,15.8,0.0,0.0,0.0
2025-09-07T06:00,13.2,100,8.6,16.4,52.0,16.0,36.0
2025-09-07T07:00,15.2,99,7.7,13.7,185.0,100.0,85.0
2025-09-07T08:00,17.4,100,7.8,11.7,347.0,243.0,104.0
2025-09-07T09:00,19.4,99,10.2,14.8,479.0,344.0,135.0
2025-09-07T10:00,21.3,100,11.0,15.9,596.0,459.0,137.0
2025-09-07T11:00,22.8,100,10.5,15.0,646.0,466.0,180.0
2025-09-07T12:00,24.0,99,10.7,15.1,665.0,487.0,178.0
2025-09-07T13:00,25.2,53,11.7,16.3,673.0,568.0,105.0
2025-09-07T14:00,25.5,39,12.6,17.7,595.0,497.0,98.0
2025-09-07T15:00,25.4,92,12.6,18.1,475.0,388.0,87.0
2025-09-07T16:00,24.6,26,13.0,19.1,314.0,225.0,89.0
2025-09-07T17:00,23.5,9,11.1,19.5,165.0,112.0,53.0
2025-09-07T18:00,21.4,0,9.5,20.3,33.0,17.0,16.0
2025-09-07T19:00,19.9,0,8.9,20.4,0.0,0.0,0.0
2025-09-07T20:00,18.6,0,6.2,16.2,0.0,0.0,0.0
2025-09-07T21:00,17.6,0,6.4,14.7,0.0,0.0,0.0
2025-09-07T22:00,16.9,0,6.9,15.5,0.0,0.0,0.0
2025-09-07T23:00,16.1,0,6.9,14.9,0.0,0.0,0.0
2025-09-08T00:00,15.5,0,6.4,13.9,0.0,0.0,0.0
2025-09-08T01:00,14.1,0,6.1,13.5,0.0,0.0,0.0
2025-09-08T02:00,13.6,19,8.2,16.4,0.0,0.0,0.0
2025-09-08T03:00,13.1,95,6.9,14.4,0.0,0.0,0.0
2025-09-08T04:00,12.9,94,6.2,11.9,0.0,0.0,0.0
2025-09-08T05:00,12.8,74,7.8,13.7,0.0,0.0,0.0
2025-09-08T06:00,13.8,78,7.6,13.1,51.0,23.0,28.0
2025-09-08T07:00,15.8,34,6.7,10.6,168.0,89.0,79.0
2025-09-08T08:00,18.0,54,4.1,5.8,334.0,248.0,86.0
2025-09-08T09:00,19.6,100,3.3,4.5,363.0,223.0,140.0
2025-09-08T10:00,19.9,98,0.5,1.1,205.0,0.0,205.0
2025-09-08T11:00,20.7,100,3.2,3.8,248.0,36.0,212.0
2025-09-08T12:00,20.6,94,3.5,4.3,186.0,3.0,183.0
2025-09-08T13:00,20.4,100,3.1,4.0,274.0,57.0,217.0
2025-09-08T14:00,19.7,100,4.1,5.6,167.0,27.0,140.0
2025-09-08T15:00,19.8,100,1.7,1.8,233.0,71.0,162.0
2025-09-08T16:00,19.2,100,0.9,1.3,100.0,3.0,97.0
2025-09-08T17:00,19.0,100,3.6,6.1,75.0,13.0,62.0
2025-09-08T18:00,17.9,100,1.5,6.4,15.0,0.0,15.0
2025-09-08T19:00,17.6,100,0.9,5.8,0.0,0.0,0.0
2025-09-08T20:00,17.3,89,1.9,7.2,0.0,0.0,0.0
2025-09-08T21:00,16.9,68,3.8,10.1,0.0,0.0,0.0
2025-09-08T22:00,16.8,92,6.2,14.2,0.0,0.0,0.0
2025-09-08T23:00,16.1,100,7.9,17.6,0.0,0.0,0.0
2025-09-09T00:00,15.5,99,5.8,14.6,0.0,0.0,0.0
2025-09-09T01:00,16.1,100,9.8,20.4,0.0,0.0,0.0
2025-09-09T02:00,16.0,100,11.1,22.4,0.0,0.0,0.0
2025-09-09T03:00,15.5,100,9.0,18.8,0.0,0.0,0.0
2025-09-09T04:00,15.4,100,10.6,20.8,0.0,0.0,0.0
2025-09-09T05:00,15.1,100,11.2,22.0,0.0,0.0,0.0
2025-09-09T06:00,15.5,100,11.4,21.9,30.0,1.0,29.0
2025-09-09T07:00,16.8,100,6.1,11.8,132.0,40.0,92.0
2025-09-09T08:00,17.9,100,5.7,7.7,216.0,59.0,157.0
2025-09-09T09:00,17.6,100,2.3,3.3,150.0,5.0,145.0
2025-09-09T10:00,16.7,100,4.2,6.4,156.0,1.0,155.0
2025-09-09T11:00,16.2,100,6.6,10.9,133.0,1.0,132.0
2025-09-09T12:00,16.5,100,2.9,4.6,139.0,1.0,138.0
2025-09-09T13:00,17.0,100,3.5,4.8,300.0,37.0,263.0
2025-09-09T14:00,17.0,100,4.8,6.6,152.0,6.0,146.0
2025-09-09T15:00,17.6,98,7.5,10.7,156.0,11.0,145.0
2025-09-09T16:00,17.5,99,8.0,11.8,94.0,1.0,93.0
2025-09-09T17:00,17.2,12,6.9,11.5,99.0,38.0,61.0
2025-09-09T18:00,16.2,14,8.3,15.6,19.0,5.0,14.0
2025-09-09T19:00,15.2,23,8.7,16.7,0.0,0.0,0.0
2025-09-09T20:00,14.6,38,9.0,17.3,0.0,0.0,0.0
2025-09-09T21:00,14.4,20,6.5,13.6,0.0,0.0,0.0
2025-09-09T22:00,13.8,14,5.9,12.2,0.0,0.0,0.0
2025-09-09T23:00,13.2,7,3.4,8.4,0.0,0.0,0.0
2025-09-10T00:00,12.6,7,3.1,5.8,0.0,0.0,0.0
2025-09-10T01:00,11.8,100,2.8,4.2,0.0,0.0,0.0
2025-09-10T02:00,11.6,100,2.7,4.3,0.0,0.0,0.0
2025-09-10T03:00,11.7,100,1.6,3.3,0.0,0.0,0.0
2025-09-10T04:00,11.9,100,0.2,1.3,0.0,0.0,0.0
2025-09-10T05:00,12.0,100,0.9,3.2,0.0,0.0,0.0
2025-09-10T06:00,12.3,100,3.1,4.2,23.0,3.0,20.0
2025-09-10T07:00,12.8,100,3.4,4.2,75.0,11.0,64.0
2025-09-10T08:00,13.9,100,6.1,7.9,152.0,24.0,128.0
2025-09-10T09:00,14.8,100,3.6,4.8,200.0,17.0,183.0
2025-09-10T10:00,15.9,100,3.3,4.6,265.0,36.0,229.0
2025-09-10T11:00,17.1,100,5.7,7.9,363.0,76.0,287.0
2025-09-10T12:00,18.1,100,6.1,8.3,353.0,47.0,306.0
2025-09-10T13:00,17.9,100,5.9,8.1,312.0,58.0,254.0
2025-09-10T14:00,18.3,96,7.3,10.3,291.0,62.0,229.0
2025-09-10T15:00,18.2,66,10.7,15.3,324.0,163.0,161.0
2025-09-10T16:00,18.1,56,8.5,12.6,222.0,118.0,104.0
2025-09-10T17:00,17.6,42,4.4,9.8,105.0,52.0,53.0
2025-09-10T18:00,16.2,27,2.5,7.7,19.0,7.0,12.0
2025-09-10T19:00,15.4,26,3.8,9.7,0.0,0.0,0.0
2025-09-10T20:00,14.5,25,4.0,10.1,0.0,0.0,0.0
2025-09-10T21:00,13.8,14,4.3,12.2,0.0,0.0,0.0
2025-09-10T22:00,13.3,1,3.2,11.5,0.0,0.0,0.0
2025-09-10T23:00,13.1,0,1.4,9.0,0.0,0.0,0.0
2025-09-11T00:00,12.9,0,1.4,9.4,0.0,0.0,0.0
2025-09-11T01:00,12.7,32,0.6,8.2,0.0,0.0,0.0
2025-09-11T02:00,12.6,31,4.4,13.3,0.0,0.0,0.0
2025-09-11T03:00,12.8,14,6.0,17.8,0.0,0.0,0.0
2025-09-11T04:00,13.2,25,7.8,19.0,0.0,0.0,0.0
2025-09-11T05:00,13.3,49,10.5,22.6,0.0,0.0,0.0
2025-09-11T06:00,14.3,38,13.8,26.1,32.0,10.0,22.0
2025-09-11T07:00,15.7,93,16.9,27.9,140.0,72.0,68.0
2025-09-11T08:00,16.1,100,14.9,24.2,171.0,72.0,99.0
2025-09-11T09:00,16.6,74,18.3,29.4,119.0,0.0,119.0
2025-09-11T10:00,18.5,100,19.0,28.3,365.0,147.0,218.0
2025-09-11T11:00,19.1,26,21.1,31.5,559.0,404.0,155.0
2025-09-11T12:00,19.4,13,20.9,31.2,582.0,452.0,130.0
2025-09-11T13:00,19.4,44,20.1,30.3,562.0,436.0,126.0
2025-09-11T14:00,19.6,35,20.5,31.2,488.0,349.0,139.0
2025-09-11T15:00,19.0,33,22.8,35.2,358.0,244.0,114.0
2025-09-11T16:00,18.5,31,18.2,30.0,234.0,147.0,87.0
2025-09-11T17:00,17.9,43,16.5,29.4,123.0,73.0,50.0
2025-09-11T18:00,16.8,11,14.3,27.3,17.0,6.0,11.0
2025-09-11T19:00,15.8,31,15.6,28.5,0.0,0.0,0.0
2025-09-11T20:00,14.6,13,11.4,23.6,0.0,0.0,0.0
2025-09-11T21:00,13.9,65,10.5,22.6,0.0,0.0,0.0
2025-09-11T22:00,13.3,99,5.4,15.6,0.0,0.0,0.0
2025-09-11T23:00,13.4,100,13.4,25.5,0.0,0.0,0.0
2025-09-12T00:00,13.1,72,13.0,23.4,0.0,0.0,0.0
2025-09-12T01:00,12.8,15,10.5,21.0,0.0,0.0,0.0
2025-09-12T02:00,12.5,14,9.2,20.0,0.0,0.0,0.0
2025-09-12T03:00,12.1,19,9.5,19.8,0.0,0.0,0.0
2025-09-12T04:00,12.1,35,11.2,23.3,0.0,0.0,0.0
2025-09-12T05:00,11.8,28,10.5,21.6,0.0,0.0,0.0
2025-09-12T06:00,12.1,52,13.2,24.3,42.0,20.0,22.0
2025-09-12T07:00,13.4,66,15.1,23.6,142.0,74.0,68.0
2025-09-12T08:00,14.8,24,14.9,22.4,279.0,169.0,110.0
2025-09-12T09:00,16.1,17,17.7,26.3,414.0,268.0,146.0
2025-09-12T10:00,17.1,29,18.9,27.9,520.0,368.0,152.0
2025-09-12T11:00,17.2,14,19.6,29.2,487.0,251.0,236.0
2025-09-12T12:00,17.9,17,19.5,28.8,589.0,446.0,143.0
2025-09-12T13:00,18.4,18,20.4,30.1,535.0,398.0,137.0
2025-09-12T14:00,18.7,11,19.1,28.6,522.0,417.0,105.0
2025-09-12T15:00,18.8,14,17.2,26.0,420.0,326.0,94.0
2025-09-12T16:00,18.3,11,14.8,23.4,277.0,206.0,71.0
2025-09-12T17:00,17.1,5,11.0,20.9,126.0,79.0,47.0
2025-09-12T18:00,15.4,1,9.6,21.7,18.0,8.0,10.0
2025-09-12T19:00,14.6,0,9.2,21.1,0.0,0.0,0.0
2025-09-12T20:00,14.0,0,8.7,21.0,0.0,0.0,0.0
2025-09-12T21:00,13.4,7,6.8,19.1,0.0,0.0,0.0
2025-09-12T22:00,12.4,77,5.4,16.6,0.0,0.0,0.0
2025-09-12T23:00,12.0,100,5.1,15.5,0.0,0.0,0.0
2025-09-13T00:00,12.2,100,5.0,15.2,0.0,0.0,0.0
2025-09-13T01:00,12.1,100,7.1,17.1,0.0,0.0,0.0
2025-09-13T02:00,11.9,100,4.0,12.8,0.0,0.0,0.0
2025-09-13T03:00,12.1,94,2.0,11.8,0.0,0.0,0.0
2025-09-13T04:00,11.6,100,2.0,12.9,0.0,0.0,0.0
2025-09-13T05:00,11.8,100,6.4,18.4,0.0,0.0,0.0
2025-09-13T06:00,11.6,98,6.0,17.7,15.0,0.0,15.0
2025-09-13T07:00,12.9,100,8.0,16.1,62.0,7.0,55.0
2025-09-13T08:00,14.1,32,4.5,11.5,122.0,10.0,112.0
2025-09-13T09:00,15.6,86,7.5,11.3,299.0,128.0,171.0
2025-09-13T10:00,16.9,61,12.7,18.8,393.0,198.0,195.0
2025-09-13T11:00,17.5,41,14.1,20.9,442.0,258.0,184.0
2025-09-13T12:00,18.7,98,15.4,22.3,534.0,368.0,166.0
2025-09-13T13:00,18.0,99,15.9,24.1,466.0,311.0,155.0
2025-09-13T14:00,18.8,100,10.9,16.3,369.0,153.0,216.0
2025-09-13T15:00,19.6,100,10.9,17.0,268.0,70.0,198.0
2025-09-13T16:00,19.5,100,12.6,21.4,199.0,79.0,120.0
2025-09-13T17:00,18.5,100,9.0,18.7,83.0,19.0,64.0
2025-09-13T18:00,16.9,100,7.9,18.7,12.0,0.0,12.0
2025-09-13T19:00,16.5,100,7.9,18.8,0.0,0.0,0.0
2025-09-13T20:00,16.4,100,10.8,23.9,0.0,0.0,0.0
2025-09-13T21:00,15.8,100,10.2,22.0,0.0,0.0,0.0
2025-09-13T22:00,14.8,100,10.1,19.9,0.0,0.0,0.0
2025-09-13T23:00,13.8,100,7.5,17.4,0.0,0.0,0.0
2025-09-14T00:00,13.7,100,10.8,20.7,0.0,0.0,0.0
2025-09-14T01:00,13.6,100,10.2,19.3,0.0,0.0,0.0
2025-09-14T02:00,13.2,100,8.0,16.9,0.0,0.0,0.0
2025-09-14T03:00,12.8,97,8.5,18.2,0.0,0.0,0.0
2025-09-14T04:00,12.4,99,8.9,18.3,0.0,0.0,0.0
2025-09-14T05:00,12.2,100,8.7,18.0,0.0,0.0,0.0
2025-09-14T06:00,12.2,100,7.3,13.9,5.0,0.0,5.0
2025-09-14T07:00,12.6,100,8.2,14.8,23.0,0.0,23.0
2025-09-14T08:00,13.9,20,8.2,12.3,143.0,62.0,81.0
2025-09-14T09:00,15.6,9,10.0,14.2,408.0,285.0,123.0
2025-09-14T10:00,16.8,20,11.9,16.7,522.0,402.0,120.0
2025-09-14T11:00,17.1,32,14.6,20.8,548.0,424.0,124.0
2025-09-14T12:00,17.9,100,15.2,21.8,574.0,445.0,129.0
2025-09-14T13:00,19.0,49,12.8,18.3,612.0,500.0,112.0
2025-09-14T14:00,19.2,100,12.3,18.2,506.0,387.0,119.0
2025-09-14T15:00,19.4,100,11.6,17.9,339.0,159.0,180.0
2025-09-14T16:00,19.1,94,6.8,13.0,239.0,117.0,122.0
2025-09-14T17:00,18.0,100,4.5,10.5,94.0,35.0,59.0
2025-09-14T18:00,17.2,100,9.5,21.1,7.0,0.0,7.0
2025-09-14T19:00,17.0,100,7.0,17.4,0.0,0.0,0.0
2025-09-14T20:00,16.9,100,11.2,23.1,0.0,0.0,0.0
2025-09-14T21:00,16.8,100,11.2,23.1,0.0,0.0,0.0
2025-09-14T22:00,16.8,100,12.2,23.6,0.0,0.0,0.0
2025-09-14T23:00,16.3,100,13.0,25.0,0.0,0.0,0.0
2025-09-15T00:00,16.6,100,16.3,29.7,0.0,0.0,0.0
2025-09-15T01:00,16.5,100,20.9,37.2,0.0,0.0,0.0
2025-09-15T02:00,17.5,100,21.5,37.7,0.0,0.0,0.0
2025-09-15T03:00,18.2,100,20.6,35.9,0.0,0.0,0.0
2025-09-15T04:00,17.6,100,20.3,34.7,0.0,0.0,0.0
2025-09-15T05:00,17.2,100,22.4,38.1,0.0,0.0,0.0
2025-09-15T06:00,18.1,82,23.5,40.0,6.0,0.0,6.0
2025-09-15T07:00,19.0,97,22.7,38.2,94.0,26.0,68.0
2025-09-15T08:00,19.4,90,23.1,37.9,190.0,57.0,133.0
2025-09-15T09:00,19.1,70,21.7,36.2,185.0,34.0,151.0
2025-09-15T10:00,20.6,100,21.9,34.6,352.0,163.0,189.0
2025-09-15T11:00,21.1,34,24.8,37.4,429.0,206.0,223.0
2025-09-15T12:00,21.4,9,21.4,32.4,555.0,425.0,130.0
2025-09-15T13:00,22.1,55,22.8,34.4,586.0,477.0,109.0
2025-09-15T14:00,21.9,39,21.0,31.4,472.0,369.0,103.0
2025-09-15T15:00,21.3,58,21.0,31.0,371.0,255.0,116.0
2025-09-15T16:00,20.1,54,18.4,30.6,229.0,142.0,87.0
2025-09-15T17:00,18.9,35,16.7,29.6,104.0,54.0,50.0
2025-09-15T18:00,17.8,49,16.2,29.9,11.0,3.0,8.0
2025-09-15T19:00,17.2,17,17.5,31.7,0.0,0.0,0.0
2025-09-15T20:00,16.4,6,17.2,31.5,0.0,0.0,0.0
2025-09-15T21:00,15.9,28,18.5,33.6,0.0,0.0,0.0
2025-09-15T22:00,15.5,23,18.6,33.5,0.0,0.0,0.0
2025-09-15T23:00,15.1,20,19.5,34.7,0.0,0.0,0.0
2025-09-16T00:00,14.9,13,21.3,37.3,0.0,0.0,0.0
2025-09-16T01:00,14.8,8,20.8,36.6,0.0,0.0,0.0
2025-09-16T02:00,14.1,34,19.8,35.0,0.0,0.0,0.0
2025-09-16T03:00,13.7,29,19.3,34.3,0.0,0.0,0.0
2025-09-16T04:00,13.4,22,19.6,34.7,0.0,0.0,0.0
2025-09-16T05:00,13.1,10,19.1,33.7,0.0,0.0,0.0
2025-09-16T06:00,13.1,7,19.2,33.2,35.0,17.0,18.0
2025-09-16T07:00,14.0,10,17.7,28.9,167.0,113.0,54.0
2025-09-16T08:00,14.9,88,25.0,37.7,301.0,214.0,87.0
2025-09-16T09:00,15.6,100,23.4,36.0,315.0,142.0,173.0
2025-09-16T10:00,16.3,92,25.3,38.4,382.0,183.0,199.0
2025-09-16T11:00,16.9,72,25.5,39.0,428.0,203.0,225.0
2025-09-16T12:00,17.8,44,25.6,39.0,519.0,360.0,159.0
2025-09-16T13:00,17.2,34,25.6,39.1,446.0,302.0,144.0
2025-09-16T14:00,17.6,31,24.5,37.7,429.0,296.0,133.0
2025-09-16T15:00,17.5,45,22.2,35.6,338.0,238.0,100.0
2025-09-16T16:00,17.2,34,18.8,31.6,198.0,122.0,76.0
2025-09-16T17:00,16.2,36,16.7,29.9,91.0,49.0,42.0
2025-09-16T18:00,14.7,49,13.8,25.9,9.0,2.0,7.0
2025-09-16T19:00,13.9,29,10.7,22.0,0.0,0.0,0.0
2025-09-16T20:00,13.6,96,13.5,26.2,0.0,0.0,0.0
2025-09-16T21:00,13.1,90,12.8,25.5,0.0,0.0,0.0
2025-09-16T22:00,12.6,96,11.2,23.4,0.0,0.0,0.0
2025-09-16T23:00,12.1,99,10.8,22.5,0.0,0.0,0.0
2025-09-17T00:00,11.7,100,10.2,21.6,0.0,0.0,0.0
2025-09-17T01:00,11.3,100,11.2,23.4,0.0,0.0,0.0
2025-09-17T02:00,10.9,25,10.0,21.1,0.0,0.0,0.0
2025-09-17T03:00,10.4,21,9.7,20.2,0.0,0.0,0.0
2025-09-17T04:00,10.1,25,9.9,20.8,0.0,0.0,0.0
2025-09-17T05:00,9.9,32,9.3,19.7,0.0,0.0,0.0
2025-09-17T06:00,10.3,46,10.2,20.2,31.0,14.0,17.0
2025-09-17T07:00,11.9,100,9.2,18.2,144.0,72.0,72.0
2025-09-17T08:00,12.9,100,10.2,15.7,181.0,48.0,133.0
2025-09-17T09:00,13.9,100,9.8,14.7,227.0,38.0,189.0
2025-09-17T10:00,14.6,100,10.9,16.3,263.0,49.0,214.0
2025-09-17T11:00,14.5,100,11.7,17.8,142.0,3.0,139.0
2025-09-17T12:00,15.3,53,11.8,17.9,185.0,14.0,171.0
2025-09-17T13:00,17.5,85,14.0,20.7,304.0,129.0,175.0
2025-09-17T14:00,18.1,58,15.3,23.0,323.0,137.0,186.0
2025-09-17T15:00,18.0,83,12.4,19.5,225.0,75.0,150.0
2025-09-17T16:00,17.7,76,11.2,20.5,105.0,19.0,86.0
2025-09-17T17:00,17.2,47,9.2,19.1,55.0,12.0,43.0
2025-09-17T18:00,16.2,92,9.0,20.4,7.0,1.0,6.0
2025-09-17T19:00,15.9,75,8.9,21.3,0.0,0.0,0.0
2025-09-17T20:00,15.5,12,9.9,22.7,0.0,0.0,0.0
2025-09-17T21:00,15.1,29,10.6,23.3,0.0,0.0,0.0
2025-09-17T22:00,14.5,27,11.3,24.4,0.0,0.0,0.0
2025-09-17T23:00,14.1,20,10.4,22.6,0.0,0.0,0.0
2025-09-18T00:00,13.6,6,10.1,21.8,0.0,0.0,0.0
2025-09-18T01:00,14.6,11,11.5,23.5,0.0,0.0,0.0
2025-09-18T02:00,14.1,7,11.1,23.4,0.0,0.0,0.0
2025-09-18T03:00,13.6,3,10.5,22.3,0.0,0.0,0.0
2025-09-18T04:00,13.3,0,11.3,23.9,0.0,0.0,0.0
2025-09-18T05:00,12.8,0,10.5,21.7,0.0,0.0,0.0
2025-09-18T06:00,13.1,0,10.7,20.9,29.0,13.0,16.0
2025-09-18T07:00,14.4,1,9.9,18.1,153.0,101.0,52.0
2025-09-18T08:00,16.1,1,10.7,16.2,302.0,229.0,73.0
2025-09-18T09:00,18.0,0,11.1,16.2,439.0,352.0,87.0
2025-09-18T10:00,19.7,0,11.1,15.8,547.0,455.0,92.0
2025-09-18T11:00,21.0,0,11.0,15.5,611.0,515.0,96.0
2025-09-18T12:00,22.2,42,11.5,16.5,631.0,534.0,97.0
2025-09-18T13:00,23.3,1,10.3,14.8,596.0,497.0,99.0
2025-09-18T14:00,24.3,68,11.5,16.5,508.0,406.0,102.0
2025-09-18T15:00,23.9,3,10.6,15.5,385.0,288.0,97.0
2025-09-18T16:00,23.4,4,8.4,15.3,246.0,177.0,69.0
2025-09-18T17:00,21.8,5,8.8,19.5,102.0,60.0,42.0
2025-09-18T18:00,20.2,0,10.5,23.3,8.0,2.0,6.0
2025-09-18T19:00,19.0,0,8.0,19.5,0.0,0.0,0.0
2025-09-18T20:00,17.9,0,7.0,17.3,0.0,0.0,0.0
2025-09-18T21:00,17.0,0,6.9,17.2,0.0,0.0,0.0
2025-09-18T22:00,16.2,0,6.4,15.6,0.0,0.0,0.0
2025-09-18T23:00,15.6,0,6.8,15.3,0.0,0.0,0.0
2025-09-19T00:00,15.0,7,6.4,14.9,0.0,0.0,0.0
2025-09-19T01:00,14.2,41,7.0,16.4,0.0,0.0,0.0
2025-09-19T02:00,13.9,57,6.9,15.9,0.0,0.0,0.0
2025-09-19T03:00,13.5,33,6.4,15.1,0.0,0.0,0.0
2025-09-19T04:00,13.2,0,7.2,15.7,0.0,0.0,0.0
2025-09-19T05:00,12.4,1,4.5,13.0,0.0,0.0,0.0
2025-09-19T06:00,12.4,30,4.6,9.5,25.0,10.0,15.0
2025-09-19T07:00,13.9,90,2.8,8.1,132.0,68.0,64.0
2025-09-19T08:00,15.9,16,1.9,3.6,271.0,168.0,103.0
2025-09-19T09:00,18.4,0,1.8,2.6,446.0,359.0,87.0
2025-09-19T10:00,20.8,14,1.6,2.2,560.0,475.0,85.0
2025-09-19T11:00,22.6,68,1.8,2.5,626.0,537.0,89.0
2025-09-19T12:00,24.1,90,1.1,1.8,642.0,548.0,94.0
2025-09-19T13:00,25.9,55,1.8,2.7,606.0,513.0,93.0
2025-09-19T14:00,26.4,5,3.1,4.4,524.0,436.0,88.0
2025-09-19T15:00,26.7,0,3.1,4.4,405.0,331.0,74.0
2025-09-19T16:00,26.8,0,0.8,2.0,256.0,195.0,61.0
2025-09-19T17:00,24.0,0,1.7,3.2,103.0,65.0,38.0
2025-09-19T18:00,21.0,0,3.9,10.1,7.0,2.0,5.0
2025-09-19T19:00,19.7,11,3.1,10.3,0.0,0.0,0.0
2025-09-19T20:00,18.2,8,2.8,11.3,0.0,0.0,0.0
2025-09-19T21:00,17.5,1,1.1,9.3,0.0,0.0,0.0
2025-09-19T22:00,16.9,11,1.3,9.2,0.0,0.0,0.0
2025-09-19T23:00,16.0,18,2.4,11.3,0.0,0.0,0.0
2025-09-20T00:00,15.1,0,4.0,13.0,0.0,0.0,0.0
2025-09-20T01:00,12.8,8,1.7,10.7,0.0,0.0,0.0
2025-09-20T02:00,12.3,14,3.6,14.3,0.0,0.0,0.0
2025-09-20T03:00,12.6,1,6.5,18.6,0.0,0.0,0.0
2025-09-20T04:00,13.0,0,7.8,19.6,0.0,0.0,0.0
2025-09-20T05:00,13.0,0,8.0,19.0,0.0,0.0,0.0
2025-09-20T06:00,12.9,5,8.7,18.7,26.0,11.0,15.0
2025-09-20T07:00,14.4,4,6.8,16.3,143.0,85.0,58.0
2025-09-20T08:00,16.7,31,5.4,13.2,286.0,195.0,91.0
2025-09-20T09:00,19.5,23,6.2,10.0,439.0,348.0,91.0
2025-09-20T10:00,22.1,60,6.9,10.5,551.0,465.0,86.0
2025-09-20T11:00,24.5,64,8.9,13.0,612.0,520.0,92.0
2025-09-20T12:00,26.3,94,10.3,14.9,628.0,534.0,94.0
2025-09-20T13:00,28.1,100,12.7,18.8,580.0,476.0,104.0
2025-09-20T14:00,28.0,100,13.3,20.1,486.0,369.0,117.0
2025-09-20T15:00,28.1,89,12.3,19.6,377.0,290.0,87.0
2025-09-20T16:00,27.4,12,15.3,27.4,230.0,163.0,67.0
2025-09-20T17:00,24.8,14,10.9,23.7,92.0,53.0,39.0
2025-09-20T18:00,22.5,10,8.8,22.1,5.0,1.0,4.0
2025-09-20T19:00,21.5,46,7.7,20.7,0.0,0.0,0.0
2025-09-20T20:00,20.6,100,7.9,20.1,0.0,0.0,0.0
2025-09-20T21:00,20.2,100,5.7,16.7,0.0,0.0,0.0
2025-09-20T22:00,19.9,100,5.5,16.2,0.0,0.0,0.0
2025-09-20T23:00,19.5,99,7.4,18.8,0.0,0.0,0.0
2025-09-21T00:00,19.5,98,8.6,19.7,0.0,0.0,0.0
2025-09-21T01:00,18.1,95,6.8,18.7,0.0,0.0,0.0
2025-09-21T02:00,17.9,61,8.1,20.5,0.0,0.0,0.0
2025-09-21T03:00,17.3,100,7.1,16.7,0.0,0.0,0.0
2025-09-21T04:00,17.0,96,8.4,19.8,0.0,0.0,0.0
2025-09-21T05:00,16.8,100,8.3,19.1,0.0,0.0,0.0
2025-09-21T06:00,17.0,99,10.3,21.4,18.0,2.0,16.0
2025-09-21T07:00,17.9,100,10.6,19.9,71.0,14.0,57.0
2025-09-21T08:00,17.4,100,11.0,20.4,46.0,0.0,46.0
2025-09-21T09:00,18.2,100,10.3,16.7,98.0,1.0,97.0
2025-09-21T10:00,19.0,100,8.0,11.4,131.0,0.0,131.0
2025-09-21T11:00,19.6,100,7.9,11.0,212.0,20.0,192.0
2025-09-21T12:00,18.9,100,10.5,14.7,128.0,0.0,128.0
2025-09-21T13:00,19.2,100,12.7,17.9,321.0,94.0,227.0
2025-09-21T14:00,16.6,100,10.7,17.5,76.0,0.0,76.0
2025-09-21T15:00,15.8,100,9.2,14.7,94.0,1.0,93.0
2025-09-21T16:00,14.8,100,5.2,11.0,37.0,0.0,37.0
2025-09-21T17:00,14.6,100,6.3,11.9,14.0,0.0,14.0
2025-09-21T18:00,14.1,100,3.4,9.6,1.0,0.0,1.0
2025-09-21T19:00,14.0,100,3.4,10.4,0.0,0.0,0.0
2025-09-21T20:00,13.9,100,4.4,11.6,0.0,0.0,0.0
2025-09-21T21:00,13.4,100,8.8,19.4,0.0,0.0,0.0
2025-09-21T22:00,13.1,100,13.9,26.0,0.0,0.0,0.0
2025-09-21T23:00,12.7,100,16.5,30.0,0.0,0.0,0.0
2025-09-22T00:00,12.0,100,16.8,30.5,0.0,0.0,0.0
2025-09-22T01:00,11.8,100,16.3,28.1,0.0,0.0,0.0
2025-09-22T02:00,11.4,100,18.1,31.3,0.0,0.0,0.0
2025-09-22T03:00,11.1,100,16.7,29.2,0.0,0.0,0.0
2025-09-22T04:00,10.9,100,17.7,30.4,0.0,0.0,0.0
2025-09-22T05:00,10.6,100,18.6,32.0,0.0,0.0,0.0
2025-09-22T06:00,10.5,100,18.5,32.0,3.0,0.0,3.0
2025-09-22T07:00,10.4,100,19.5,33.3,24.0,0.0,24.0
2025-09-22T08:00,10.2,100,19.0,34.0,43.0,0.0,43.0
2025-09-22T09:00,10.3,100,21.4,37.1,80.0,1.0,79.0
2025-09-22T10:00,11.8,100,20.0,32.4,220.0,9.0,211.0
2025-09-22T11:00,12.1,100,17.6,28.7,151.0,1.0,150.0
2025-09-22T12:00,12.6,100,16.8,26.4,168.0,1.0,167.0
2025-09-22T13:00,13.4,100,20.1,30.3,332.0,116.0,216.0
2025-09-22T14:00,14.6,74,19.9,30.1,363.0,152.0,211.0
2025-09-22T15:00,14.6,100,19.6,29.2,207.0,38.0,169.0
2025-09-22T16:00,14.0,99,15.3,26.7,78.0,5.0,73.0
2025-09-22T17:00,13.3,100,13.1,23.8,34.0,1.0,33.0
2025-09-22T18:00,12.8,100,12.4,23.0,1.0,0.0,1.0
2025-09-22T19:00,12.6,100,13.7,25.3,0.0,0.0,0.0
2025-09-22T20:00,12.4,100,14.0,25.7,0.0,0.0,0.0
2025-09-22T21:00,12.1,100,10.9,20.8,0.0,0.0,0.0
2025-09-22T22:00,11.7,100,12.1,22.6,0.0,0.0,0.0
2025-09-22T23:00,11.4,63,14.4,26.3,0.0,0.0,0.0
2025-09-23T00:00,10.6,61,13.9,26.5,0.0,0.0,0.0
2025-09-23T01:00,10.1,91,14.5,28.1,0.0,0.0,0.0
2025-09-23T02:00,10.0,83,15.0,28.3,0.0,0.0,0.0
2025-09-23T03:00,9.7,63,13.2,25.7,0.0,0.0,0.0
2025-09-23T04:00,9.8,96,14.1,26.6,0.0,0.0,0.0
2025-09-23T05:00,9.9,67,14.8,27.4,0.0,0.0,0.0
2025-09-23T06:00,9.6,9,14.2,26.8,17.0,5.0,12.0
2025-09-23T07:00,10.4,93,13.9,24.6,125.0,65.0,60.0
2025-09-23T08:00,11.6,99,16.3,25.0,251.0,141.0,110.0
2025-09-23T09:00,12.5,96,16.9,25.8,283.0,93.0,190.0
2025-09-23T10:00,13.9,52,18.2,27.4,422.0,214.0,208.0
2025-09-23T11:00,15.1,80,19.3,28.8,516.0,311.0,205.0
2025-09-23T12:00,15.8,60,21.4,32.0,547.0,350.0,197.0
2025-09-23T13:00,16.1,83,21.7,32.7,576.0,478.0,98.0
2025-09-23T14:00,16.1,10,22.7,34.6,474.0,341.0,133.0
2025-09-23T15:00,15.8,48,23.7,36.7,384.0,309.0,75.0
2025-09-23T16:00,15.1,100,20.1,33.7,186.0,99.0,87.0
2025-09-23T17:00,14.6,100,19.8,34.4,39.0,10.0,29.0
2025-09-23T18:00,14.3,100,20.1,35.0,1.0,0.0,1.0
2025-09-23T19:00,13.7,100,21.0,36.2,0.0,0.0,0.0
2025-09-23T20:00,13.2,100,19.3,33.7,0.0,0.0,0.0
2025-09-23T21:00,12.9,100,17.5,30.7,0.0,0.0,0.0
2025-09-23T22:00,12.6,100,17.0,30.2,0.0,0.0,0.0
2025-09-23T23:00,12.2,100,17.1,30.4,0.0,0.0,0.0
2025-09-24T00:00,11.9,100,17.1,30.2,0.0,0.0,0.0
2025-09-24T01:00,11.7,100,16.8,29.7,0.0,0.0,0.0
2025-09-24T02:00,11.7,100,16.8,29.5,0.0,0.0,0.0
2025-09-24T03:00,11.4,100,16.6,29.4,0.0,0.0,0.0
2025-09-24T04:00,11.1,100,16.8,29.5,0.0,0.0,0.0
2025-09-24T05:00,10.7,100,16.8,29.6,0.0,0.0,0.0
2025-09-24T06:00,10.5,100,18.6,32.0,7.0,0.0,7.0
2025-09-24T07:00,10.8,100,19.1,32.6,47.0,2.0,45.0
2025-09-24T08:00,10.9,100,17.5,29.7,110.0,2.0,108.0
2025-09-24T09:00,11.6,100,17.1,27.5,166.0,22.0,144.0
2025-09-24T10:00,12.4,100,17.9,28.5,145.0,10.0,135.0
2025-09-24T11:00,12.6,100,18.1,29.3,117.0,3.0,114.0
2025-09-24T12:00,12.9,100,18.7,30.8,99.0,0.0,99.0
2025-09-24T13:00,11.9,100,14.5,26.0,38.0,0.0,38.0
2025-09-24T14:00,10.9,100,12.5,26.4,26.0,0.0,26.0
2025-09-24T15:00,10.9,100,14.1,28.3,34.0,0.0,34.0
2025-09-24T16:00,10.8,100,13.5,27.4,13.0,0.0,13.0
2025-09-24T17:00,10.6,100,14.4,27.9,4.0,0.0,4.0
2025-09-24T18:00,10.5,100,15.0,29.1,0.0,0.0,0.0
2025-09-24T19:00,10.6,100,18.1,34.0,0.0,0.0,0.0
2025-09-24T20:00,10.4,100,20.2,36.4,0.0,0.0,0.0
2025-09-24T21:00,10.1,100,20.8,37.3,0.0,0.0,0.0
2025-09-24T22:00,9.9,100,19.9,35.9,0.0,0.0,0.0
2025-09-24T23:00,9.6,100,19.6,35.1,0.0,0.0,0.0
2025-09-25T00:00,9.2,100,20.1,35.6,0.0,0.0,0.0
2025-09-25T01:00,9.0,100,16.5,30.3,0.0,0.0,0.0
2025-09-25T02:00,8.9,100,15.0,27.7,0.0,0.0,0.0
2025-09-25T03:00,9.1,100,15.5,27.1,0.0,0.0,0.0
2025-09-25T04:00,9.1,100,15.8,27.7,0.0,0.0,0.0
2025-09-25T05:00,9.1,100,16.0,27.9,0.0,0.0,0.0
2025-09-25T06:00,9.1,100,15.2,26.6,2.0,0.0,2.0
2025-09-25T07:00,9.4,100,15.7,27.0,18.0,0.0,18.0
2025-09-25T08:00,9.4,100,16.5,27.9,36.0,0.0,36.0
2025-09-25T09:00,9.6,100,15.6,25.8,62.0,0.0,62.0
2025-09-25T10:00,9.8,100,15.4,25.0,96.0,1.0,95.0
2025-09-25T11:00,9.8,100,15.0,24.5,71.0,0.0,71.0
2025-09-25T12:00,10.4,100,14.0,22.2,118.0,1.0,117.0
2025-09-25T13:00,9.9,100,13.4,21.3,80.0,2.0,78.0
2025-09-25T14:00,9.9,100,11.8,19.5,62.0,0.0,62.0
2025-09-25T15:00,10.1,100,11.4,19.1,55.0,0.0,55.0
2025-09-25T16:00,10.0,100,12.3,21.7,20.0,0.0,20.0
2025-09-25T17:00,9.9,100,12.2,22.3,8.0,0.0,8.0
2025-09-25T18:00,9.8,100,13.1,24.0,0.0,0.0,0.0
2025-09-25T19:00,9.5,100,14.1,25.5,0.0,0.0,0.0
2025-09-25T20:00,9.6,100,13.6,24.0,0.0,0.0,0.0
2025-09-25T21:00,9.6,100,11.7,21.8,0.0,0.0,0.0
2025-09-25T22:00,9.9,100,9.8,19.5,0.0,0.0,0.0
2025-09-25T23:00,9.9,96,7.8,17.2,0.0,0.0,0.0
2025-09-26T00:00,9.8,100,6.3,14.4,0.0,0.0,0.0
2025-09-26T01:00,9.1,35,4.4,11.9,0.0,0.0,0.0
2025-09-26T02:00,9.4,100,5.5,10.2,0.0,0.0,0.0
2025-09-26T03:00,9.2,100,7.1,15.1,0.0,0.0,0.0
2025-09-26T04:00,9.6,57,6.5,13.3,0.0,0.0,0.0
2025-09-26T05:00,8.9,20,7.4,12.5,0.0,0.0,0.0
2025-09-26T06:00,8.8,88,9.6,17.0,13.0,4.0,9.0
2025-09-26T07:00,10.1,83,10.3,16.4,107.0,42.0,65.0
2025-09-26T08:00,10.9,100,12.7,18.2,194.0,78.0,116.0
2025-09-26T09:00,12.1,100,12.4,17.5,249.0,58.0,191.0
2025-09-26T10:00,13.6,100,13.1,18.6,312.0,85.0,227.0
2025-09-26T11:00,14.7,100,13.0,18.8,334.0,61.0,273.0
2025-09-26T12:00,15.2,100,12.4,17.8,307.0,61.0,246.0
2025-09-26T13:00,13.1,100,12.1,18.1,210.0,51.0,159.0
2025-09-26T14:00,13.1,100,12.2,18.5,193.0,66.0,127.0
2025-09-26T15:00,13.3,100,11.2,17.5,136.0,10.0,126.0
2025-09-26T16:00,12.9,100,12.2,21.3,64.0,0.0,64.0
2025-09-26T17:00,12.5,100,12.4,23.3,14.0,0.0,14.0
2025-09-26T18:00,12.0,100,12.7,23.4,0.0,0.0,0.0
2025-09-26T19:00,11.4,95,13.0,24.5,0.0,0.0,0.0
2025-09-26T20:00,10.9,100,10.2,20.9,0.0,0.0,0.0
2025-09-26T21:00,11.0,100,9.1,18.6,0.0,0.0,0.0
2025-09-26T22:00,10.4,100,8.4,18.5,0.0,0.0,0.0
2025-09-26T23:00,10.6,98,8.2,17.9,0.0,0.0,0.0
2025-09-27T00:00,10.6,100,7.2,16.6,0.0,0.0,0.0
2025-09-27T01:00,10.9,85,5.6,13.5,0.0,0.0,0.0
2025-09-27T02:00,11.1,89,7.5,15.6,0.0,0.0,0.0
2025-09-27T03:00,10.4,77,3.1,10.6,0.0,0.0,0.0
2025-09-27T04:00,10.4,97,4.4,12.3,0.0,0.0,0.0
2025-09-27T05:00,10.2,85,3.1,8.9,0.0,0.0,0.0
2025-09-27T06:00,10.8,100,3.8,7.5,6.0,0.0,6.0
2025-09-27T07:00,11.4,100,0.9,1.5,50.0,3.0,47.0
2025-09-27T08:00,11.8,100,3.3,3.6,67.0,0.0,67.0
2025-09-27T09:00,12.6,100,2.2,2.7,111.0,2.0,109.0
2025-09-27T10:00,14.0,100,1.6,2.2,283.0,88.0,195.0
2025-09-27T11:00,14.8,100,1.1,1.3,282.0,50.0,232.0
2025-09-27T12:00,15.9,99,1.3,1.8,432.0,214.0,218.0
2025-09-27T13:00,16.1,78,1.9,2.5,315.0,104.0,211.0
2025-09-27T14:00,16.5,85,2.1,2.9,311.0,134.0,177.0
2025-09-27T15:00,16.4,78,2.2,3.0,231.0,116.0,115.0
2025-09-27T16:00,16.0,60,2.0,2.9,137.0,63.0,74.0
2025-09-27T17:00,14.9,46,1.2,4.6,46.0,19.0,27.0
2025-09-27T18:00,13.8,33,4.2,9.8,0.0,0.0,0.0
2025-09-27T19:00,13.0,10,6.1,14.2,0.0,0.0,0.0
2025-09-27T20:00,11.6,11,4.5,12.1,0.0,0.0,0.0
2025-09-27T21:00,11.2,24,0.7,5.8,0.0,0.0,0.0
2025-09-27T22:00,10.6,12,2.4,7.4,0.0,0.0,0.0
2025-09-27T23:00,10.4,0,4.4,11.4,0.0,0.0,0.0
2025-09-28T00:00,9.8,7,4.1,9.9,0.0,0.0,0.0
2025-09-28T01:00,11.2,39,4.9,10.0,0.0,0.0,0.0
2025-09-28T02:00,11.0,100,5.3,13.2,0.0,0.0,0.0
2025-09-28T03:00,10.7,100,6.0,13.6,0.0,0.0,0.0
2025-09-28T04:00,10.9,100,6.1,11.9,0.0,0.0,0.0
2025-09-28T05:00,10.8,100,6.7,11.4,0.0,0.0,0.0
2025-09-28T06:00,10.6,100,6.6,10.4,6.0,0.0,6.0
2025-09-28T07:00,10.6,100,6.8,9.4,48.0,0.0,48.0
2025-09-28T08:00,11.0,100,7.5,9.9,113.0,0.0,113.0
2025-09-28T09:00,12.5,100,6.6,7.9,187.0,15.0,172.0
2025-09-28T10:00,14.4,100,3.7,4.9,334.0,113.0,221.0
2025-09-28T11:00,16.1,98,3.4,4.6,460.0,257.0,203.0
2025-09-28T12:00,16.8,85,4.6,6.3,376.0,154.0,222.0
2025-09-28T13:00,16.5,60,3.6,4.9,314.0,82.0,232.0
2025-09-28T14:00,17.1,52,4.0,5.3,314.0,143.0,171.0
2025-09-28T15:00,17.0,91,3.8,5.2,192.0,71.0,121.0
2025-09-28T16:00,16.9,19,2.2,4.2,134.0,46.0,88.0
2025-09-28T17:00,15.1,23,1.8,4.3,53.0,27.0,26.0
2025-09-28T18:00,13.8,6,2.3,4.7,0.0,0.0,0.0
2025-09-28T19:00,12.7,8,2.7,6.3,0.0,0.0,0.0
2025-09-28T20:00,11.6,5,2.7,7.2,0.0,0.0,0.0
2025-09-28T21:00,10.7,3,2.4,7.5,0.0,0.0,0.0
2025-09-28T22:00,10.2,3,2.2,8.0,0.0,0.0,0.0
2025-09-28T23:00,10.1,12,2.7,9.3,0.0,0.0,0.0
2025-09-29T00:00,9.8,31,3.4,10.7,0.0,0.0,0.0
2025-09-29T01:00,10.5,100,4.1,12.3,0.0,0.0,0.0
2025-09-29T02:00,10.6,100,4.1,11.1,0.0,0.0,0.0
2025-09-29T03:00,10.7,100,4.4,10.2,0.0,0.0,0.0
2025-09-29T04:00,10.8,100,4.5,10.5,0.0,0.0,0.0
2025-09-29T05:00,10.7,49,5.0,12.0,0.0,0.0,0.0
2025-09-29T06:00,10.6,25,3.2,7.8,7.0,1.0,6.0
2025-09-29T07:00,11.8,19,0.6,3.1,89.0,36.0,53.0
2025-09-29T08:00,13.4,24,1.3,1.5,220.0,125.0,95.0
2025-09-29T09:00,15.1,25,1.0,1.2,359.0,253.0,106.0
2025-09-29T10:00,16.4,9,1.1,1.5,415.0,295.0,120.0
2025-09-29T11:00,17.2,63,4.4,5.8,442.0,312.0,130.0
2025-09-29T12:00,17.8,43,3.7,5.2,465.0,331.0,134.0
2025-09-29T13:00,18.5,59,4.7,6.5,444.0,328.0,116.0
2025-09-29T14:00,18.7,67,3.1,4.5,417.0,322.0,95.0
2025-09-29T15:00,18.8,49,1.3,2.2,289.0,197.0,92.0
2025-09-29T16:00,18.2,37,1.5,2.0,164.0,106.0,58.0
2025-09-29T17:00,15.9,57,2.7,6.3,45.0,22.0,23.0
2025-09-29T18:00,14.9,97,5.6,11.6,0.0,0.0,0.0
2025-09-29T19:00,14.1,100,1.9,6.4,0.0,0.0,0.0
2025-09-29T20:00,13.9,100,2.3,1.9,0.0,0.0,0.0
2025-09-29T21:00,12.9,100,3.8,8.9,0.0,0.0,0.0
2025-09-29T22:00,12.5,100,6.5,12.9,0.0,0.0,0.0
2025-09-29T23:00,11.6,100,4.6,10.2,0.0,0.0,0.0
2025-09-30T00:00,11.3,100,4.1,9.1,0.0,0.0,0.0
2025-09-30T01:00,11.7,100,2.7,3.0,0.0,0.0,0.0
2025-09-30T02:00,10.9,100,2.3,6.2,0.0,0.0,0.0
2025-09-30T03:00,10.7,100,0.4,2.8,0.0,0.0,0.0
2025-09-30T04:00,10.3,100,2.8,6.0,0.0,0.0,0.0
2025-09-30T05:00,9.9,100,3.8,10.3,0.0,0.0,0.0
2025-09-30T06:00,10.4,100,4.7,12.0,8.0,0.0,8.0
2025-09-30T07:00,11.6,55,4.8,13.4,74.0,12.0,62.0
2025-09-30T08:00,13.1,68,5.1,8.6,205.0,100.0,105.0
2025-09-30T09:00,14.2,24,8.6,12.4,328.0,176.0,152.0
2025-09-30T10:00,15.2,83,6.8,9.7,435.0,286.0,149.0
2025-09-30T11:00,16.0,100,5.2,7.2,493.0,335.0,158.0
2025-09-30T12:00,16.5,100,5.6,7.7,454.0,283.0,171.0
2025-09-30T13:00,16.7,96,7.2,9.8,423.0,257.0,166.0
2025-09-30T14:00,16.7,82,7.5,10.5,334.0,200.0,134.0
2025-09-30T15:00,16.5,81,8.8,13.4,227.0,118.0,109.0
2025-09-30T16:00,15.1,75,8.2,15.0,137.0,74.0,63.0
2025-09-30T17:00,13.6,66,5.1,12.1,37.0,17.0,20.0
2025-09-30T18:00,12.8,52,3.7,10.2,0.0,0.0,0.0
2025-09-30T19:00,12.4,35,6.7,14.5,0.0,0.0,0.0
2025-09-30T20:00,12.1,77,8.9,18.5,0.0,0.0,0.0
2025-09-30T21:00,11.5,95,9.0,18.5,0.0,0.0,0.0
2025-09-30T22:00,11.0,78,9.1,19.1,0.0,0.0,0.0
2025-09-30T23:00,10.6,19,9.4,19.1,0.0,0.0,0.0
