latitude,longitude,elevation,utc_offset_seconds,timezone,timezone_abbreviation
53.532513,9.980879,13.0,0,GMT,GMT

time,temperature_2m (°C),cloud_cover (%),wind_speed_10m (km/h),wind_speed_100m (km/h),shortwave_radiation (W/m²),direct_radiation (W/m²),diffuse_radiation (W/m²)
2025-07-01T00:00,16.0,0,9.4,21.4,0.0,0.0,0.0
2025-07-01T01:00,14.9,0,9.8,21.8,0.0,0.0,0.0
2025-07-01T02:00,14.5,0,10.3,22.6,0.0,0.0,0.0
2025-07-01T03:00,14.2,0,9.9,22.0,0.0,0.0,0.0
2025-07-01T04:00,14.4,0,10.8,22.8,27.0,12.0,15.0
2025-07-01T05:00,15.3,0,9.6,25.7,126.0,81.0,45.0
2025-07-01T06:00,16.9,0,8.9,17.1,263.0,200.0,63.0
2025-07-01T07:00,19.2,0,8.3,13.3,413.0,336.0,77.0
2025-07-01T08:00,21.9,0,7.9,11.8,557.0,471.0,86.0
2025-07-01T09:00,24.4,0,8.8,12.9,684.0,591.0,93.0
2025-07-01T10:00,26.5,0,8.8,12.3,780.0,682.0,98.0
2025-07-01T11:00,28.2,0,8.4,11.7,838.0,737.0,101.0
2025-07-01T12:00,29.3,0,7.5,10.4,854.0,753.0,101.0
2025-07-01T13:00,31.0,0,7.3,10.1,830.0,730.0,100.0
2025-07-01T14:00,31.6,0,5.8,7.9,763.0,666.0,97.0
2025-07-01T15:00,32.0,0,5.6,7.1,659.0,569.0,90.0
2025-07-01T16:00,32.0,1,6.2,8.3,528.0,445.0,83.0
2025-07-01T17:00,31.8,1,6.7,8.8,381.0,308.0,73.0
2025-07-01T18:00,30.9,0,6.0,11.2,232.0,173.0,59.0
2025-07-01T19:00,28.5,0,4.8,13.8,101.0,62.0,39.0
2025-07-01T20:00,27.1,0,3.4,13.0,16.0,6.0,10.0
2025-07-01T21:00,25.4,1,4.0,11.4,0.0,0.0,0.0
2025-07-01T22:00,23.5,0,5.4,12.4,0.0,0.0,0.0
2025-07-01T23:00,22.5,0,6.3,17.5,0.0,0.0,0.0
2025-07-02T00:00,22.2,0,8.5,21.7,0.0,0.0,0.0
2025-07-02T01:00,19.8,9,8.7,21.5,0.0,0.0,0.0
2025-07-02T02:00,19.6,0,9.7,23.2,0.0,0.0,0.0
2025-07-02T03:00,19.4,0,9.9,23.6,0.0,0.0,0.0
2025-07-02T04:00,19.5,0,9.1,21.7,27.0,12.0,15.0
2025-07-02T05:00,21.0,0,8.9,19.8,123.0,79.0,44.0
2025-07-02T06:00,23.5,0,8.4,20.5,256.0,194.0,62.0
2025-07-02T07:00,26.8,0,6.8,17.3,403.0,327.0,76.0
2025-07-02T08:00,29.7,0,7.0,10.8,544.0,458.0,86.0
2025-07-02T09:00,32.1,0,7.8,11.7,666.0,572.0,94.0
2025-07-02T10:00,33.6,0,12.2,17.3,758.0,659.0,99.0
2025-07-02T11:00,32.8,0,11.5,16.2,800.0,682.0,118.0
2025-07-02T12:00,33.7,5,4.7,6.4,772.0,630.0,142.0
2025-07-02T13:00,33.3,49,5.3,7.3,620.0,436.0,184.0
2025-07-02T14:00,34.5,33,5.5,7.2,662.0,509.0,153.0
2025-07-02T15:00,34.1,6,7.8,10.3,601.0,466.0,135.0
2025-07-02T16:00,33.6,21,7.3,9.8,509.0,423.0,86.0
2025-07-02T17:00,33.3,89,5.8,8.6,337.0,246.0,91.0
2025-07-02T18:00,24.5,92,27.3,46.8,215.0,144.0,71.0
2025-07-02T19:00,24.4,94,9.2,17.2,49.0,14.0,35.0
2025-07-02T20:00,24.7,87,10.7,14.5,9.0,2.0,7.0
2025-07-02T21:00,22.9,15,10.0,16.3,0.0,0.0,0.0
2025-07-02T22:00,21.0,41,17.2,29.2,0.0,0.0,0.0
2025-07-02T23:00,20.3,63,16.9,27.8,0.0,0.0,0.0
2025-07-03T00:00,19.6,53,17.8,29.6,0.0,0.0,0.0
2025-07-03T01:00,18.9,100,17.0,28.1,0.0,0.0,0.0
2025-07-03T02:00,18.7,100,18.8,30.1,0.0,0.0,0.0
2025-07-03T03:00,18.4,92,19.0,30.1,0.0,0.0,0.0
2025-07-03T04:00,17.8,100,18.8,29.7,14.0,3.0,11.0
2025-07-03T05:00,17.3,100,17.7,26.3,43.0,0.0,43.0
2025-07-03T06:00,17.1,100,18.5,28.3,111.0,13.0,98.0
2025-07-03T07:00,16.6,100,18.0,27.1,106.0,3.0,103.0
2025-07-03T08:00,17.2,21,16.7,25.1,197.0,22.0,175.0
2025-07-03T09:00,18.7,85,21.9,32.2,538.0,338.0,200.0
2025-07-03T10:00,19.1,49,19.9,29.2,552.0,280.0,272.0
2025-07-03T11:00,19.9,25,18.9,27.4,720.0,498.0,222.0
2025-07-03T12:00,20.2,34,19.2,27.9,744.0,523.0,221.0
2025-07-03T13:00,20.0,100,20.0,28.9,632.0,392.0,240.0
2025-07-03T14:00,19.7,59,19.1,28.1,575.0,360.0,215.0
2025-07-03T15:00,19.0,91,18.8,27.9,319.0,75.0,244.0
2025-07-03T16:00,18.5,23,18.8,28.1,385.0,248.0,137.0
2025-07-03T17:00,18.2,36,16.6,24.8,233.0,105.0,128.0
2025-07-03T18:00,17.7,10,15.1,22.4,200.0,126.0,74.0
2025-07-03T19:00,16.9,5,12.7,19.9,94.0,50.0,44.0
2025-07-03T20:00,15.9,0,9.6,17.4,14.0,5.0,9.0
2025-07-03T21:00,15.2,2,8.2,16.3,0.0,0.0,0.0
2025-07-03T22:00,14.8,1,6.1,14.0,0.0,0.0,0.0
2025-07-03T23:00,14.3,41,4.7,12.2,0.0,0.0,0.0
2025-07-04T00:00,13.9,99,5.1,11.9,0.0,0.0,0.0
2025-07-04T01:00,12.9,100,5.0,11.3,0.0,0.0,0.0
2025-07-04T02:00,12.6,100,5.9,13.4,0.0,0.0,0.0
2025-07-04T03:00,12.4,83,6.8,15.6,0.0,0.0,0.0
2025-07-04T04:00,12.6,31,7.7,16.2,20.0,4.0,16.0
2025-07-04T05:00,13.3,75,7.4,16.6,104.0,53.0,51.0
2025-07-04T06:00,14.5,66,8.9,14.6,205.0,105.0,100.0
2025-07-04T07:00,16.0,15,11.8,17.5,316.0,174.0,142.0
2025-07-04T08:00,17.5,36,15.3,22.3,477.0,344.0,133.0
2025-07-04T09:00,18.8,58,15.3,22.0,580.0,432.0,148.0
2025-07-04T10:00,19.8,47,14.0,19.9,619.0,409.0,210.0
2025-07-04T11:00,20.7,98,14.8,21.1,671.0,467.0,204.0
2025-07-04T12:00,20.4,84,14.8,21.4,400.0,130.0,270.0
2025-07-04T13:00,21.5,87,13.4,18.9,649.0,427.0,222.0
2025-07-04T14:00,22.0,89,15.7,22.4,644.0,497.0,147.0
2025-07-04T15:00,22.1,100,17.1,25.1,454.0,276.0,178.0
2025-07-04T16:00,21.7,98,15.9,23.9,269.0,78.0,191.0
2025-07-04T17:00,21.5,79,11.4,18.5,162.0,20.0,142.0
2025-07-04T18:00,21.4,42,10.1,18.1,98.0,11.0,87.0
2025-07-04T19:00,20.3,57,6.7,14.7,76.0,32.0,44.0
2025-07-04T20:00,18.5,68,2.3,7.9,12.0,3.0,9.0
2025-07-04T21:00,17.8,4,3.5,9.2,0.0,0.0,0.0
2025-07-04T22:00,17.1,34,5.8,14.2,0.0,0.0,0.0
2025-07-04T23:00,16.6,25,9.0,20.3,0.0,0.0,0.0
2025-07-05T00:00,16.2,96,10.5,23.1,0.0,0.0,0.0
2025-07-05T01:00,16.0,91,12.6,25.9,0.0,0.0,0.0
2025-07-05T02:00,16.0,98,14.3,29.1,0.0,0.0,0.0
2025-07-05T03:00,16.4,90,15.2,30.1,0.0,0.0,0.0
2025-07-05T04:00,16.2,95,15.6,30.3,20.0,4.0,16.0
2025-07-05T05:00,16.9,98,14.8,29.5,109.0,51.0,58.0
2025-07-05T06:00,17.5,100,11.1,20.1,139.0,43.0,96.0
2025-07-05T07:00,17.6,100,12.3,21.2,124.0,16.0,108.0
2025-07-05T08:00,19.9,100,18.2,27.9,447.0,252.0,195.0
2025-07-05T09:00,20.8,100,18.0,27.3,510.0,231.0,279.0
2025-07-05T10:00,19.5,100,17.4,27.5,172.0,0.0,172.0
2025-07-05T11:00,19.1,100,18.6,28.8,241.0,5.0,236.0
2025-07-05T12:00,19.7,100,14.9,22.4,322.0,28.0,294.0
2025-07-05T13:00,21.1,58,16.4,26.2,209.0,0.0,209.0
2025-07-05T14:00,22.6,65,20.1,30.0,579.0,361.0,218.0
2025-07-05T15:00,22.8,98,24.6,36.8,556.0,353.0,203.0
2025-07-05T16:00,20.5,94,18.4,28.8,189.0,21.0,168.0
2025-07-05T17:00,20.9,40,18.2,28.5,245.0,134.0,111.0
2025-07-05T18:00,20.4,99,17.1,27.5,174.0,102.0,72.0
2025-07-05T19:00,19.6,94,13.3,23.2,69.0,13.0,56.0
2025-07-05T20:00,18.8,100,10.1,20.1,12.0,2.0,10.0
2025-07-05T21:00,18.2,100,8.6,18.3,0.0,0.0,0.0
2025-07-05T22:00,17.9,100,7.4,16.8,0.0,0.0,0.0
2025-07-05T23:00,18.0,100,6.6,14.1,0.0,0.0,0.0
2025-07-06T00:00,18.0,100,9.7,19.7,0.0,0.0,0.0
2025-07-06T01:00,17.4,100,10.7,20.6,0.0,0.0,0.0
2025-07-06T02:00,16.6,100,15.0,26.4,0.0,0.0,0.0
2025-07-06T03:00,16.4,100,16.0,28.0,0.0,0.0,0.0
2025-07-06T04:00,16.2,100,17.3,30.3,4.0,0.0,4.0
2025-07-06T05:00,16.2,100,17.1,29.3,33.0,3.0,30.0
2025-07-06T06:00,16.9,100,16.3,27.7,83.0,3.0,80.0
2025-07-06T07:00,17.6,100,17.4,27.9,130.0,6.0,124.0
2025-07-06T08:00,18.9,53,16.6,25.0,258.0,92.0,166.0
2025-07-06T09:00,20.5,39,17.0,25.1,546.0,365.0,181.0
2025-07-06T10:00,21.1,100,16.2,23.8,602.0,426.0,176.0
2025-07-06T11:00,21.9,97,15.1,21.7,671.0,445.0,226.0
2025-07-06T12:00,22.2,100,13.6,19.9,607.0,335.0,272.0
2025-07-06T13:00,23.8,86,16.4,23.8,710.0,508.0,202.0
2025-07-06T14:00,23.8,100,13.7,20.2,651.0,478.0,173.0
2025-07-06T15:00,23.5,100,16.2,24.0,439.0,206.0,233.0
2025-07-06T16:00,20.6,100,16.7,26.1,208.0,38.0,170.0
2025-07-06T17:00,19.1,100,8.4,12.9,120.0,11.0,109.0
2025-07-06T18:00,18.9,100,9.3,14.3,96.0,4.0,92.0
2025-07-06T19:00,17.5,100,10.1,17.7,37.0,0.0,37.0
2025-07-06T20:00,17.1,100,14.7,25.0,5.0,0.0,5.0
2025-07-06T21:00,16.2,100,14.7,25.7,0.0,0.0,0.0
2025-07-06T22:00,16.1,100,10.0,16.8,0.0,0.0,0.0
2025-07-06T23:00,16.1,100,13.1,23.0,0.0,0.0,0.0
2025-07-07T00:00,15.8,100,12.0,20.7,0.0,0.0,0.0
2025-07-07T01:00,14.9,65,8.8,16.9,0.0,0.0,0.0
2025-07-07T02:00,14.4,68,8.0,16.7,0.0,0.0,0.0
2025-07-07T03:00,13.9,86,8.0,17.3,0.0,0.0,0.0
2025-07-07T04:00,14.1,99,7.7,16.3,19.0,4.0,15.0
2025-07-07T05:00,14.9,100,5.1,13.9,86.0,17.0,69.0
2025-07-07T06:00,15.8,100,6.7,10.5,174.0,50.0,124.0
2025-07-07T07:00,16.6,100,7.7,11.1,289.0,131.0,158.0
2025-07-07T08:00,17.4,99,6.3,8.8,344.0,100.0,244.0
2025-07-07T09:00,18.2,97,5.5,7.5,491.0,201.0,290.0
2025-07-07T10:00,18.6,46,4.9,6.7,441.0,163.0,278.0
2025-07-07T11:00,19.4,100,8.5,11.6,584.0,314.0,270.0
2025-07-07T12:00,18.9,100,8.8,12.6,395.0,55.0,340.0
2025-07-07T13:00,17.0,99,9.8,14.4,241.0,17.0,224.0
2025-07-07T14:00,16.0,100,13.2,20.3,216.0,35.0,181.0
2025-07-07T15:00,16.9,96,14.4,21.5,290.0,90.0,200.0
2025-07-07T16:00,16.7,100,14.7,23.1,210.0,23.0,187.0
2025-07-07T17:00,17.0,100,17.1,26.7,230.0,78.0,152.0
2025-07-07T18:00,16.4,48,14.8,24.8,109.0,45.0,64.0
2025-07-07T19:00,15.7,29,14.2,24.2,67.0,25.0,42.0
2025-07-07T20:00,14.7,24,14.0,24.9,12.0,3.0,9.0
2025-07-07T21:00,14.1,24,12.3,22.6,0.0,0.0,0.0
2025-07-07T22:00,13.7,49,12.5,22.9,0.0,0.0,0.0
2025-07-07T23:00,13.4,55,12.1,22.0,0.0,0.0,0.0
2025-07-08T00:00,13.2,46,13.0,23.4,0.0,0.0,0.0
2025-07-08T01:00,12.9,44,10.6,20.9,0.0,0.0,0.0
2025-07-08T02:00,12.5,57,11.6,23.1,0.0,0.0,0.0
2025-07-08T03:00,12.5,99,11.8,21.7,0.0,0.0,0.0
2025-07-08T04:00,12.6,49,12.5,22.3,12.0,2.0,10.0
2025-07-08T05:00,12.8,36,11.7,20.4,78.0,33.0,45.0
2025-07-08T06:00,13.6,77,13.4,21.5,195.0,113.0,82.0
2025-07-08T07:00,14.9,49,16.8,25.4,296.0,154.0,142.0
2025-07-08T08:00,15.9,71,17.4,26.1,434.0,286.0,148.0
2025-07-08T09:00,16.6,40,15.2,22.4,459.0,277.0,182.0
2025-07-08T10:00,17.5,53,15.3,22.6,526.0,306.0,220.0
2025-07-08T11:00,18.2,88,16.8,24.7,634.0,367.0,267.0
2025-07-08T12:00,18.8,50,17.9,26.5,627.0,406.0,221.0
2025-07-08T13:00,17.1,100,19.3,29.6,303.0,88.0,215.0
2025-07-08T14:00,15.8,89,16.3,25.9,189.0,3.0,186.0
2025-07-08T15:00,16.6,77,20.0,30.4,283.0,105.0,178.0
2025-07-08T16:00,16.7,82,15.3,23.4,305.0,149.0,156.0
2025-07-08T17:00,16.1,63,17.4,27.7,249.0,132.0,117.0
2025-07-08T18:00,16.2,33,14.1,24.2,150.0,78.0,72.0
2025-07-08T19:00,15.9,60,15.1,26.3,72.0,31.0,41.0
2025-07-08T20:00,15.4,42,14.2,25.6,10.0,2.0,8.0
2025-07-08T21:00,15.0,33,13.0,24.0,0.0,0.0,0.0
2025-07-08T22:00,14.6,41,11.9,23.0,0.0,0.0,0.0
2025-07-08T23:00,14.4,22,10.9,21.1,0.0,0.0,0.0
2025-07-09T00:00,14.1,12,11.0,21.8,0.0,0.0,0.0
2025-07-09T01:00,14.2,39,11.7,23.0,0.0,0.0,0.0
2025-07-09T02:00,14.0,57,11.1,20.9,0.0,0.0,0.0
2025-07-09T03:00,13.6,13,9.9,19.3,0.0,0.0,0.0
2025-07-09T04:00,13.4,27,9.8,20.0,19.0,6.0,13.0
2025-07-09T05:00,13.9,7,10.8,20.7,100.0,50.0,50.0
2025-07-09T06:00,15.0,83,10.6,16.7,236.0,160.0,76.0
2025-07-09T07:00,16.1,73,11.7,17.8,297.0,161.0,136.0
2025-07-09T08:00,17.8,48,16.7,24.7,435.0,275.0,160.0
2025-07-09T09:00,18.7,40,19.2,28.5,537.0,363.0,174.0
2025-07-09T10:00,19.2,84,18.9,28.3,563.0,351.0,212.0
2025-07-09T11:00,19.8,76,19.2,28.4,702.0,523.0,179.0
2025-07-09T12:00,20.0,33,18.2,27.0,680.0,510.0,170.0
2025-07-09T13:00,20.0,69,17.7,26.1,712.0,507.0,205.0
2025-07-09T14:00,20.0,47,16.3,24.1,661.0,484.0,177.0
2025-07-09T15:00,19.8,15,15.9,23.3,584.0,464.0,120.0
2025-07-09T16:00,19.1,45,16.7,24.9,464.0,345.0,119.0
2025-07-09T17:00,18.2,92,16.4,25.1,349.0,249.0,100.0
2025-07-09T18:00,17.4,100,14.0,21.7,203.0,122.0,81.0
2025-07-09T19:00,16.5,100,12.4,21.7,82.0,33.0,49.0
2025-07-09T20:00,15.7,100,10.1,19.0,10.0,1.0,9.0
2025-07-09T21:00,15.3,100,10.1,19.4,0.0,0.0,0.0
2025-07-09T22:00,14.8,100,9.1,17.8,0.0,0.0,0.0
2025-07-09T23:00,14.2,88,8.3,17.2,0.0,0.0,0.0
2025-07-10T00:00,13.9,53,6.7,14.8,0.0,0.0,0.0
2025-07-10T01:00,13.9,38,7.2,15.7,0.0,0.0,0.0
2025-07-10T02:00,13.4,44,6.5,15.4,0.0,0.0,0.0
2025-07-10T03:00,13.1,53,7.0,15.6,0.0,0.0,0.0
2025-07-10T04:00,13.2,48,8.2,17.1,17.0,6.0,11.0
2025-07-10T05:00,13.9,53,7.6,17.7,86.0,39.0,47.0
2025-07-10T06:00,15.1,45,6.6,12.6,206.0,129.0,77.0
2025-07-10T07:00,16.5,48,7.8,11.6,322.0,203.0,119.0
2025-07-10T08:00,17.6,25,6.8,9.8,461.0,326.0,135.0
2025-07-10T09:00,19.0,26,5.6,7.9,644.0,527.0,117.0
2025-07-10T10:00,20.0,43,6.5,9.1,756.0,643.0,113.0
2025-07-10T11:00,20.9,23,7.1,9.8,834.0,715.0,119.0
2025-07-10T12:00,21.5,25,8.2,11.1,829.0,705.0,124.0
2025-07-10T13:00,22.2,93,9.9,13.4,709.0,528.0,181.0
2025-07-10T14:00,20.5,74,12.4,17.5,447.0,204.0,243.0
2025-07-10T15:00,19.7,71,12.0,17.2,361.0,150.0,211.0
2025-07-10T16:00,19.9,86,11.5,16.6,356.0,204.0,152.0
2025-07-10T17:00,19.2,48,11.7,17.2,236.0,127.0,109.0
2025-07-10T18:00,18.6,36,11.3,17.3,165.0,89.0,76.0
2025-07-10T19:00,18.0,38,9.4,16.9,74.0,33.0,41.0
2025-07-10T20:00,17.1,47,9.2,17.2,8.0,2.0,6.0
2025-07-10T21:00,16.4,30,9.6,18.7,0.0,0.0,0.0
2025-07-10T22:00,15.8,47,9.5,19.2,0.0,0.0,0.0
2025-07-10T23:00,15.6,24,9.2,18.5,0.0,0.0,0.0
2025-07-11T00:00,15.2,89,9.6,18.9,0.0,0.0,0.0
2025-07-11T01:00,14.4,15,9.5,19.2,0.0,0.0,0.0
2025-07-11T02:00,13.9,74,8.5,17.6,0.0,0.0,0.0
2025-07-11T03:00,13.7,50,7.7,16.3,0.0,0.0,0.0
2025-07-11T04:00,13.8,92,8.3,15.5,15.0,3.0,12.0
2025-07-11T05:00,14.2,100,7.8,13.6,91.0,33.0,58.0
2025-07-11T06:00,15.1,98,7.5,11.6,204.0,98.0,106.0
2025-07-11T07:00,16.9,97,7.7,11.5,368.0,258.0,110.0
2025-07-11T08:00,18.4,98,9.2,12.9,491.0,336.0,155.0
2025-07-11T09:00,19.7,78,12.2,17.2,624.0,459.0,165.0
2025-07-11T10:00,20.2,100,12.1,17.2,592.0,351.0,241.0
2025-07-11T11:00,21.3,100,11.2,15.8,598.0,286.0,312.0
2025-07-11T12:00,22.1,90,11.7,16.4,704.0,410.0,294.0
2025-07-11T13:00,22.6,96,14.1,20.4,673.0,367.0,306.0
2025-07-11T14:00,22.9,100,15.8,23.1,639.0,468.0,171.0
2025-07-11T15:00,22.5,97,16.8,25.1,532.0,365.0,167.0
2025-07-11T16:00,21.4,100,18.0,27.1,373.0,202.0,171.0
2025-07-11T17:00,20.2,100,17.1,26.3,228.0,73.0,155.0
2025-07-11T18:00,19.0,100,15.6,24.9,114.0,9.0,105.0
2025-07-11T19:00,18.3,100,13.6,23.4,46.0,4.0,42.0
2025-07-11T20:00,17.6,100,11.8,20.8,4.0,0.0,4.0
2025-07-11T21:00,17.5,100,10.5,18.8,0.0,0.0,0.0
2025-07-11T22:00,17.3,99,9.6,18.6,0.0,0.0,0.0
2025-07-11T23:00,17.1,100,11.0,21.3,0.0,0.0,0.0
2025-07-12T00:00,17.5,18,11.1,21.7,0.0,0.0,0.0
2025-07-12T01:00,16.1,26,10.5,20.8,0.0,0.0,0.0
2025-07-12T02:00,15.4,61,11.3,22.9,0.0,0.0,0.0
2025-07-12T03:00,15.4,15,12.7,25.3,0.0,0.0,0.0
2025-07-12T04:00,15.7,100,12.5,24.7,15.0,3.0,12.0
2025-07-12T05:00,16.5,99,13.3,24.6,51.0,4.0,47.0
2025-07-12T06:00,17.2,100,13.0,20.1,176.0,74.0,102.0
2025-07-12T07:00,17.4,100,13.1,19.9,246.0,85.0,161.0
2025-07-12T08:00,18.0,100,11.3,17.8,248.0,32.0,216.0
2025-07-12T09:00,19.0,100,17.4,26.3,287.0,29.0,258.0
2025-07-12T10:00,19.6,100,16.6,25.1,300.0,34.0,266.0
2025-07-12T11:00,19.6,100,15.1,23.0,281.0,12.0,269.0
2025-07-12T12:00,19.9,100,13.0,19.4,292.0,27.0,265.0
2025-07-12T13:00,20.6,88,9.5,14.0,296.0,39.0,257.0
2025-07-12T14:00,21.4,85,13.4,19.4,470.0,206.0,264.0
2025-07-12T15:00,19.9,100,15.8,24.2,258.0,100.0,158.0
2025-07-12T16:00,19.5,100,14.9,23.2,157.0,3.0,154.0
2025-07-12T17:00,19.7,79,15.3,23.6,204.0,81.0,123.0
2025-07-12T18:00,19.0,17,12.6,20.2,142.0,68.0,74.0
2025-07-12T19:00,18.4,18,11.0,19.6,77.0,37.0,40.0
2025-07-12T20:00,17.7,23,11.1,21.2,9.0,2.0,7.0
2025-07-12T21:00,17.1,11,11.2,20.9,0.0,0.0,0.0
2025-07-12T22:00,16.5,6,10.8,20.5,0.0,0.0,0.0
2025-07-12T23:00,15.7,34,10.6,20.3,0.0,0.0,0.0
2025-07-13T00:00,15.4,85,10.4,20.0,0.0,0.0,0.0
2025-07-13T01:00,15.2,28,9.5,18.6,0.0,0.0,0.0
2025-07-13T02:00,14.9,8,8.8,17.6,0.0,0.0,0.0
2025-07-13T03:00,14.4,20,8.8,18.6,0.0,0.0,0.0
2025-07-13T04:00,14.6,23,8.6,18.1,14.0,3.0,11.0
2025-07-13T05:00,15.2,27,9.7,15.5,90.0,39.0,51.0
2025-07-13T06:00,16.2,100,13.1,19.3,197.0,111.0,86.0
2025-07-13T07:00,17.0,100,13.1,19.0,184.0,29.0,155.0
2025-07-13T08:00,17.1,100,10.1,15.0,167.0,13.0,154.0
2025-07-13T09:00,17.3,100,7.2,10.5,154.0,0.0,154.0
2025-07-13T10:00,18.9,83,4.0,5.6,382.0,170.0,212.0
2025-07-13T11:00,20.2,55,2.8,4.0,479.0,243.0,236.0
2025-07-13T12:00,19.6,94,7.5,10.0,456.0,175.0,281.0
2025-07-13T13:00,18.6,100,4.1,6.6,270.0,75.0,195.0
2025-07-13T14:00,19.6,70,3.0,3.7,399.0,150.0,249.0
2025-07-13T15:00,20.6,94,4.0,5.6,423.0,245.0,178.0
2025-07-13T16:00,20.6,71,5.4,7.2,317.0,137.0,180.0
2025-07-13T17:00,20.4,45,6.4,9.1,220.0,107.0,113.0
2025-07-13T18:00,20.2,48,6.2,10.1,145.0,75.0,70.0
2025-07-13T19:00,19.5,28,3.4,9.1,58.0,17.0,41.0
2025-07-13T20:00,18.2,39,3.2,8.5,8.0,2.0,6.0
2025-07-13T21:00,17.8,35,4.3,10.5,0.0,0.0,0.0
2025-07-13T22:00,17.1,26,3.8,10.4,0.0,0.0,0.0
2025-07-13T23:00,16.4,8,3.3,8.4,0.0,0.0,0.0
2025-07-14T00:00,15.8,12,3.2,7.6,0.0,0.0,0.0
2025-07-14T01:00,15.1,49,3.7,9.2,0.0,0.0,0.0
2025-07-14T02:00,14.7,49,2.2,8.4,0.0,0.0,0.0
2025-07-14T03:00,14.4,50,1.2,4.2,0.0,0.0,0.0
2025-07-14T04:00,14.6,100,1.3,2.2,13.0,2.0,11.0
2025-07-14T05:00,15.6,100,4.2,5.5,67.0,10.0,57.0
2025-07-14T06:00,16.4,100,3.8,4.4,145.0,21.0,124.0
2025-07-14T07:00,17.4,99,5.3,6.4,240.0,60.0,180.0
2025-07-14T08:00,19.2,69,6.3,8.6,422.0,206.0,216.0
2025-07-14T09:00,20.8,6,5.1,7.3,564.0,402.0,162.0
2025-07-14T10:00,22.1,16,7.2,10.1,722.0,593.0,129.0
2025-07-14T11:00,23.0,12,7.9,11.2,744.0,613.0,131.0
2025-07-14T12:00,23.7,13,8.6,12.2,796.0,662.0,134.0
2025-07-14T13:00,23.6,100,7.7,10.8,680.0,503.0,177.0
2025-07-14T14:00,23.9,98,10.7,15.0,633.0,465.0,168.0
2025-07-14T15:00,23.8,100,11.5,16.6,517.0,329.0,188.0
2025-07-14T16:00,23.2,29,11.2,16.7,401.0,236.0,165.0
2025-07-14T17:00,22.6,27,11.3,17.1,313.0,221.0,92.0
2025-07-14T18:00,21.5,16,9.2,15.6,183.0,111.0,72.0
2025-07-14T19:00,20.2,5,7.1,14.4,79.0,42.0,37.0
2025-07-14T20:00,19.0,0,6.3,14.6,9.0,3.0,6.0
2025-07-14T21:00,18.1,6,5.2,14.2,0.0,0.0,0.0
2025-07-14T22:00,17.5,0,4.7,12.4,0.0,0.0,0.0
2025-07-14T23:00,17.0,95,4.2,11.9,0.0,0.0,0.0
2025-07-15T00:00,16.9,100,6.6,15.5,0.0,0.0,0.0
2025-07-15T01:00,17.3,100,9.6,18.1,0.0,0.0,0.0
2025-07-15T02:00,16.9,100,6.6,14.5,0.0,0.0,0.0
2025-07-15T03:00,16.6,100,8.1,18.2,0.0,0.0,0.0
2025-07-15T04:00,16.8,100,9.8,20.5,10.0,0.0,10.0
2025-07-15T05:00,17.3,100,8.3,21.9,64.0,4.0,60.0
2025-07-15T06:00,18.0,99,9.8,18.5,131.0,13.0,118.0
2025-07-15T07:00,18.5,96,15.5,24.3,234.0,67.0,167.0
2025-07-15T08:00,18.5,100,17.5,26.8,350.0,120.0,230.0
2025-07-15T09:00,17.9,100,15.5,23.1,293.0,52.0,241.0
2025-07-15T10:00,17.0,100,15.1,22.1,165.0,21.0,144.0
2025-07-15T11:00,16.6,100,10.5,15.0,149.0,0.0,149.0
2025-07-15T12:00,17.8,100,14.5,21.7,308.0,11.0,297.0
2025-07-15T13:00,19.9,26,12.9,18.6,600.0,287.0,313.0
2025-07-15T14:00,20.8,59,14.1,20.5,696.0,553.0,143.0
2025-07-15T15:00,18.6,83,17.5,26.4,460.0,323.0,137.0
2025-07-15T16:00,19.1,28,14.7,22.3,320.0,192.0,128.0
2025-07-15T17:00,19.3,14,14.6,22.4,328.0,240.0,88.0
2025-07-15T18:00,18.7,19,11.1,18.9,184.0,122.0,62.0
2025-07-15T19:00,17.8,25,8.8,17.0,70.0,35.0,35.0
2025-07-15T20:00,16.8,11,8.1,17.5,8.0,2.0,6.0
2025-07-15T21:00,15.9,2,8.7,18.8,0.0,0.0,0.0
2025-07-15T22:00,15.0,1,7.4,17.0,0.0,0.0,0.0
2025-07-15T23:00,14.4,0,6.7,16.2,0.0,0.0,0.0
2025-07-16T00:00,14.1,5,7.1,17.4,0.0,0.0,0.0
2025-07-16T01:00,13.7,8,4.6,12.9,0.0,0.0,0.0
2025-07-16T02:00,13.6,17,7.5,18.2,0.0,0.0,0.0
2025-07-16T03:00,13.8,14,8.2,19.7,0.0,0.0,0.0
2025-07-16T04:00,14.1,97,10.7,22.5,12.0,3.0,9.0
2025-07-16T05:00,14.6,100,9.3,18.4,60.0,13.0,47.0
2025-07-16T06:00,14.9,100,8.0,13.5,94.0,0.0,94.0
2025-07-16T07:00,15.1,100,4.3,7.0,109.0,0.0,109.0
2025-07-16T08:00,16.1,100,3.7,5.9,243.0,41.0,202.0
2025-07-16T09:00,18.5,100,5.1,7.5,606.0,427.0,179.0
2025-07-16T10:00,18.7,100,8.0,10.7,631.0,439.0,192.0
2025-07-16T11:00,17.8,88,9.0,12.6,447.0,210.0,237.0
2025-07-16T12:00,18.5,49,7.0,9.7,505.0,292.0,213.0
2025-07-16T13:00,18.6,51,1.4,1.9,627.0,431.0,196.0
2025-07-16T14:00,19.5,10,1.8,2.3,637.0,471.0,166.0
2025-07-16T15:00,20.0,15,2.7,3.6,584.0,469.0,115.0
2025-07-16T16:00,20.2,28,6.0,8.3,446.0,340.0,106.0
2025-07-16T17:00,19.9,51,9.9,14.5,323.0,241.0,82.0
2025-07-16T18:00,19.2,51,7.9,14.1,186.0,121.0,65.0
2025-07-16T19:00,18.3,17,7.1,14.5,65.0,29.0,36.0
2025-07-16T20:00,17.2,19,7.2,15.8,7.0,2.0,5.0
2025-07-16T21:00,16.7,22,8.5,17.9,0.0,0.0,0.0
2025-07-16T22:00,16.0,1,10.5,21.3,0.0,0.0,0.0
2025-07-16T23:00,15.4,99,11.7,23.1,0.0,0.0,0.0
2025-07-17T00:00,14.9,96,11.8,23.2,0.0,0.0,0.0
2025-07-17T01:00,14.2,100,9.8,20.6,0.0,0.0,0.0
2025-07-17T02:00,14.1,48,10.6,22.1,0.0,0.0,0.0
2025-07-17T03:00,14.1,84,11.4,23.2,0.0,0.0,0.0
2025-07-17T04:00,14.4,100,11.4,22.8,11.0,2.0,9.0
2025-07-17T05:00,15.3,100,14.7,25.9,40.0,2.0,38.0
2025-07-17T06:00,16.0,100,13.2,23.6,52.0,1.0,51.0
2025-07-17T07:00,16.6,100,13.3,23.1,71.0,0.0,71.0
2025-07-17T08:00,17.2,100,14.2,23.6,101.0,0.0,101.0
2025-07-17T09:00,18.0,90,12.6,20.9,153.0,10.0,143.0
2025-07-17T10:00,20.1,100,16.0,23.9,419.0,188.0,231.0
2025-07-17T11:00,21.2,100,17.2,25.4,444.0,125.0,319.0
2025-07-17T12:00,20.4,86,18.2,29.2,296.0,78.0,218.0
2025-07-17T13:00,20.3,79,15.5,22.7,370.0,72.0,298.0
2025-07-17T14:00,20.9,97,16.4,24.3,361.0,163.0,198.0
2025-07-17T15:00,20.0,67,19.5,29.9,329.0,148.0,181.0
2025-07-17T16:00,20.2,67,16.0,25.2,241.0,112.0,129.0
2025-07-17T17:00,20.7,100,14.5,21.5,272.0,148.0,124.0
2025-07-17T18:00,19.2,30,14.3,24.3,99.0,17.0,82.0
2025-07-17T19:00,18.5,48,10.7,18.7,23.0,0.0,23.0
2025-07-17T20:00,18.0,100,10.2,19.4,4.0,1.0,3.0
2025-07-17T21:00,17.9,100,9.4,18.1,0.0,0.0,0.0
2025-07-17T22:00,17.8,100,8.1,15.5,0.0,0.0,0.0
2025-07-17T23:00,17.5,89,7.9,15.3,0.0,0.0,0.0
2025-07-18T00:00,17.2,96,8.0,15.5,0.0,0.0,0.0
2025-07-18T01:00,17.1,100,8.6,17.5,0.0,0.0,0.0
2025-07-18T02:00,17.1,100,8.1,16.7,0.0,0.0,0.0
2025-07-18T03:00,17.1,100,8.3,15.6,0.0,0.0,0.0
2025-07-18T04:00,17.1,100,7.1,14.4,5.0,0.0,5.0
2025-07-18T05:00,17.1,100,6.6,12.0,44.0,0.0,44.0
2025-07-18T06:00,17.5,100,8.6,11.6,107.0,11.0,96.0
2025-07-18T07:00,18.9,100,8.4,11.5,201.0,53.0,148.0
2025-07-18T08:00,20.1,93,5.9,8.4,285.0,52.0,233.0
2025-07-18T09:00,20.9,54,5.3,7.3,389.0,126.0,263.0
2025-07-18T10:00,21.7,31,4.6,6.5,430.0,208.0,222.0
2025-07-18T11:00,22.8,100,5.9,8.2,621.0,351.0,270.0
2025-07-18T12:00,23.5,100,6.9,9.3,553.0,306.0,247.0
2025-07-18T13:00,22.2,100,10.6,16.5,242.0,11.0,231.0
2025-07-18T14:00,19.8,96,4.7,7.5,301.0,69.0,232.0
2025-07-18T15:00,20.9,100,4.6,7.3,377.0,139.0,238.0
2025-07-18T16:00,21.6,100,8.5,12.4,348.0,122.0,226.0
2025-07-18T17:00,21.9,87,6.6,9.7,268.0,121.0,147.0
2025-07-18T18:00,21.0,68,7.0,11.3,146.0,59.0,87.0
2025-07-18T19:00,20.1,49,3.2,7.6,63.0,24.0,39.0
2025-07-18T20:00,19.3,11,4.5,11.1,6.0,1.0,5.0
2025-07-18T21:00,18.8,7,4.4,11.0,0.0,0.0,0.0
2025-07-18T22:00,18.1,2,4.6,11.0,0.0,0.0,0.0
2025-07-18T23:00,17.5,0,4.3,11.3,0.0,0.0,0.0
2025-07-19T00:00,17.0,15,4.1,11.3,0.0,0.0,0.0
2025-07-19T01:00,16.7,0,4.3,12.2,0.0,0.0,0.0
2025-07-19T02:00,16.3,0,5.6,14.1,0.0,0.0,0.0
2025-07-19T03:00,15.8,0,6.0,14.8,0.0,0.0,0.0
2025-07-19T04:00,15.6,20,4.5,12.1,10.0,2.0,8.0
2025-07-19T05:00,16.2,53,4.5,10.3,82.0,35.0,47.0
2025-07-19T06:00,17.5,10,3.8,9.0,208.0,132.0,76.0
2025-07-19T07:00,19.2,1,4.0,6.4,369.0,291.0,78.0
2025-07-19T08:00,20.9,0,4.2,6.0,510.0,420.0,90.0
2025-07-19T09:00,22.5,12,5.2,7.1,639.0,542.0,97.0
2025-07-19T10:00,23.6,11,7.0,9.7,676.0,544.0,132.0
2025-07-19T11:00,24.5,3,8.3,11.8,750.0,615.0,135.0
2025-07-19T12:00,25.4,11,9.6,13.7,775.0,646.0,129.0
2025-07-19T13:00,26.1,2,11.6,16.8,741.0,614.0,127.0
2025-07-19T14:00,26.5,3,11.4,16.8,708.0,598.0,110.0
2025-07-19T15:00,26.6,25,11.0,16.2,594.0,482.0,112.0
2025-07-19T16:00,26.4,100,11.5,17.5,480.0,382.0,98.0
2025-07-19T17:00,25.8,100,9.7,17.2,340.0,256.0,84.0
2025-07-19T18:00,24.8,100,7.1,15.9,194.0,120.0,74.0
2025-07-19T19:00,23.1,99,6.2,16.3,72.0,28.0,44.0
2025-07-19T20:00,21.9,97,7.5,18.6,6.0,1.0,5.0
2025-07-19T21:00,21.2,98,9.6,22.2,0.0,0.0,0.0
2025-07-19T22:00,20.6,100,11.8,26.2,0.0,0.0,0.0
2025-07-19T23:00,20.1,100,13.3,28.2,0.0,0.0,0.0
2025-07-20T00:00,19.6,100,13.1,27.3,0.0,0.0,0.0
2025-07-20T01:00,19.5,99,13.3,27.7,0.0,0.0,0.0
2025-07-20T02:00,19.0,59,13.4,27.7,0.0,0.0,0.0
2025-07-20T03:00,18.8,99,12.2,25.6,0.0,0.0,0.0
2025-07-20T04:00,18.5,71,11.6,24.1,8.0,1.0,7.0
2025-07-20T05:00,19.1,84,12.6,24.5,76.0,31.0,45.0
2025-07-20T06:00,20.0,99,9.8,21.3,180.0,101.0,79.0
2025-07-20T07:00,20.7,58,9.3,15.3,222.0,103.0,119.0
2025-07-20T08:00,22.4,56,9.6,14.5,415.0,251.0,164.0
2025-07-20T09:00,23.5,67,9.7,14.3,486.0,326.0,160.0
2025-07-20T10:00,24.2,80,9.5,14.1,451.0,240.0,211.0
2025-07-20T11:00,25.7,100,11.6,17.4,550.0,323.0,227.0
2025-07-20T12:00,26.9,100,12.9,19.1,692.0,447.0,245.0
2025-07-20T13:00,27.5,100,13.6,20.2,523.0,187.0,336.0
2025-07-20T14:00,24.5,96,10.7,15.8,430.0,95.0,335.0
2025-07-20T15:00,23.2,37,11.1,15.9,281.0,97.0,184.0
2025-07-20T16:00,24.4,34,7.7,12.2,382.0,256.0,126.0
2025-07-20T17:00,25.0,15,7.5,11.8,291.0,210.0,81.0
2025-07-20T18:00,24.8,98,6.4,12.5,186.0,128.0,58.0
2025-07-20T19:00,23.8,100,6.0,14.1,50.0,12.0,38.0
2025-07-20T20:00,23.1,100,9.0,19.9,4.0,0.0,4.0
2025-07-20T21:00,22.5,92,10.1,22.2,0.0,0.0,0.0
2025-07-20T22:00,21.9,100,6.9,18.2,0.0,0.0,0.0
2025-07-20T23:00,20.5,100,8.8,17.1,0.0,0.0,0.0
2025-07-21T00:00,20.4,100,9.8,20.9,0.0,0.0,0.0
2025-07-21T01:00,19.6,100,8.9,18.3,0.0,0.0,0.0
2025-07-21T02:00,19.2,98,9.8,19.3,0.0,0.0,0.0
2025-07-21T03:00,18.8,100,9.2,18.4,0.0,0.0,0.0
2025-07-21T04:00,18.5,100,10.5,20.9,6.0,0.0,6.0
2025-07-21T05:00,18.9,100,10.3,18.3,56.0,3.0,53.0
2025-07-21T06:00,18.9,100,8.7,14.2,78.0,2.0,76.0
2025-07-21T07:00,19.0,100,7.1,11.1,105.0,0.0,105.0
2025-07-21T08:00,19.4,100,8.9,13.4,138.0,0.0,138.0
2025-07-21T09:00,20.8,100,5.5,8.2,326.0,77.0,249.0
2025-07-21T10:00,21.1,100,6.8,9.7,186.0,0.0,186.0
2025-07-21T11:00,22.3,100,4.3,6.1,352.0,49.0,303.0
2025-07-21T12:00,22.9,100,2.3,3.3,408.0,83.0,325.0
2025-07-21T13:00,21.0,100,4.8,6.8,151.0,0.0,151.0
2025-07-21T14:00,21.0,100,7.1,10.2,181.0,1.0,180.0
2025-07-21T15:00,20.9,100,10.2,15.1,202.0,9.0,193.0
2025-07-21T16:00,20.0,100,9.3,14.6,108.0,0.0,108.0
2025-07-21T17:00,19.7,100,8.8,14.2,93.0,2.0,91.0
2025-07-21T18:00,19.1,100,7.4,13.1,50.0,0.0,50.0
2025-07-21T19:00,18.6,100,4.7,10.0,30.0,0.0,30.0
2025-07-21T20:00,18.0,100,3.0,8.6,3.0,0.0,3.0
2025-07-21T21:00,17.8,100,4.0,8.1,0.0,0.0,0.0
2025-07-21T22:00,17.4,100,6.0,10.2,0.0,0.0,0.0
2025-07-21T23:00,17.1,100,5.9,13.0,0.0,0.0,0.0
2025-07-22T00:00,16.8,100,5.2,11.9,0.0,0.0,0.0
2025-07-22T01:00,16.0,100,6.6,14.4,0.0,0.0,0.0
2025-07-22T02:00,15.8,100,8.2,16.1,0.0,0.0,0.0
2025-07-22T03:00,15.6,100,6.5,13.0,0.0,0.0,0.0
2025-07-22T04:00,15.6,100,7.4,13.8,5.0,0.0,5.0
2025-07-22T05:00,16.1,100,8.1,15.0,46.0,1.0,45.0
2025-07-22T06:00,16.4,100,8.2,13.7,104.0,7.0,97.0
2025-07-22T07:00,16.9,100,12.1,17.4,144.0,6.0,138.0
2025-07-22T08:00,17.5,100,11.4,16.4,182.0,9.0,173.0
2025-07-22T09:00,18.0,100,11.6,16.9,213.0,5.0,208.0
2025-07-22T10:00,18.4,100,14.0,20.8,281.0,39.0,242.0
2025-07-22T11:00,19.1,100,14.8,21.9,318.0,50.0,268.0
2025-07-22T12:00,17.8,100,16.3,26.4,148.0,0.0,148.0
2025-07-22T13:00,21.2,100,14.3,20.3,528.0,203.0,325.0
2025-07-22T14:00,18.4,96,14.2,21.6,320.0,110.0,210.0
2025-07-22T15:00,18.0,100,14.4,22.3,286.0,117.0,169.0
2025-07-22T16:00,18.5,100,15.0,23.1,216.0,59.0,157.0
2025-07-22T17:00,17.8,100,15.7,24.5,94.0,0.0,94.0
2025-07-22T18:00,17.2,100,14.7,23.9,40.0,0.0,40.0
2025-07-22T19:00,16.8,100,13.8,23.9,15.0,0.0,15.0
2025-07-22T20:00,16.6,100,15.8,27.5,1.0,0.0,1.0
2025-07-22T21:00,16.6,100,18.6,32.3,0.0,0.0,0.0
2025-07-22T22:00,16.5,100,20.1,34.3,0.0,0.0,0.0
2025-07-22T23:00,16.5,100,20.0,34.2,0.0,0.0,0.0
2025-07-23T00:00,16.5,100,22.9,38.4,0.0,0.0,0.0
2025-07-23T01:00,17.0,100,21.6,36.9,0.0,0.0,0.0
2025-07-23T02:00,16.9,100,23.5,39.7,0.0,0.0,0.0
2025-07-23T03:00,16.9,100,25.9,42.7,0.0,0.0,0.0
2025-07-23T04:00,16.9,95,26.0,43.4,2.0,0.0,2.0
2025-07-23T05:00,16.8,100,26.8,44.2,33.0,5.0,28.0
2025-07-23T06:00,16.6,100,27.1,44.3,32.0,3.0,29.0
2025-07-23T07:00,17.0,100,27.6,44.9,62.0,2.0,60.0
2025-07-23T08:00,17.1,100,27.0,44.6,90.0,0.0,90.0
2025-07-23T09:00,17.4,100,27.3,44.9,86.0,0.0,86.0
2025-07-23T10:00,18.0,100,27.5,44.6,142.0,0.0,142.0
2025-07-23T11:00,18.6,100,26.7,43.2,272.0,38.0,234.0
2025-07-23T12:00,18.8,100,30.1,47.1,216.0,0.0,216.0
2025-07-23T13:00,19.7,94,20.9,32.0,324.0,120.0,204.0
2025-07-23T14:00,19.6,100,21.9,34.0,397.0,138.0,259.0
2025-07-23T15:00,19.0,100,22.7,37.1,135.0,0.0,135.0
2025-07-23T16:00,19.0,100,22.4,37.2,146.0,20.0,126.0
2025-07-23T17:00,18.7,100,21.3,35.5,123.0,8.0,115.0
2025-07-23T18:00,18.2,100,19.0,32.1,54.0,9.0,45.0
2025-07-23T19:00,18.0,100,15.2,26.9,21.0,4.0,17.0
2025-07-23T20:00,17.8,100,14.4,25.4,1.0,0.0,1.0
2025-07-23T21:00,17.6,100,13.5,23.8,0.0,0.0,0.0
2025-07-23T22:00,17.5,100,11.7,21.2,0.0,0.0,0.0
2025-07-23T23:00,17.4,100,12.5,22.8,0.0,0.0,0.0
2025-07-24T00:00,17.4,100,12.5,22.8,0.0,0.0,0.0
2025-07-24T01:00,17.5,100,14.1,25.3,0.0,0.0,0.0
2025-07-24T02:00,17.1,94,11.7,21.9,0.0,0.0,0.0
2025-07-24T03:00,16.8,100,11.6,21.8,0.0,0.0,0.0
2025-07-24T04:00,16.9,100,11.2,20.5,4.0,0.0,4.0
2025-07-24T05:00,17.3,100,12.6,21.5,34.0,0.0,34.0
2025-07-24T06:00,17.8,100,14.5,21.4,95.0,10.0,85.0
2025-07-24T07:00,18.9,99,12.3,18.5,192.0,34.0,158.0
2025-07-24T08:00,19.8,96,12.1,18.0,298.0,76.0,222.0
2025-07-24T09:00,21.2,90,11.1,16.0,523.0,365.0,158.0
2025-07-24T10:00,21.8,74,11.5,16.6,491.0,274.0,217.0
2025-07-24T11:00,22.2,63,13.2,18.9,553.0,282.0,271.0
2025-07-24T12:00,23.0,100,12.6,18.2,599.0,352.0,247.0
2025-07-24T13:00,21.5,98,8.3,12.3,319.0,86.0,233.0
2025-07-24T14:00,22.8,76,9.0,13.2,466.0,322.0,144.0
2025-07-24T15:00,21.5,72,11.5,17.3,379.0,156.0,223.0
2025-07-24T16:00,21.0,77,10.4,15.3,330.0,159.0,171.0
2025-07-24T17:00,20.8,77,10.5,15.7,202.0,93.0,109.0
2025-07-24T18:00,20.4,71,9.6,16.5,128.0,56.0,72.0
2025-07-24T19:00,19.8,50,9.0,17.1,56.0,22.0,34.0
2025-07-24T20:00,18.9,85,8.5,17.4,3.0,0.0,3.0
2025-07-24T21:00,18.9,100,8.8,16.8,0.0,0.0,0.0
2025-07-24T22:00,18.8,100,9.4,17.6,0.0,0.0,0.0
2025-07-24T23:00,18.7,100,9.7,17.8,0.0,0.0,0.0
2025-07-25T00:00,18.6,100,9.2,16.4,0.0,0.0,0.0
2025-07-25T01:00,18.5,100,8.7,15.8,0.0,0.0,0.0
2025-07-25T02:00,18.4,100,9.8,17.8,0.0,0.0,0.0
2025-07-25T03:00,18.4,100,10.3,18.4,0.0,0.0,0.0
2025-07-25T04:00,18.5,100,9.0,16.8,2.0,0.0,2.0
2025-07-25T05:00,18.7,100,11.4,19.1,22.0,1.0,21.0
2025-07-25T06:00,19.1,100,11.9,18.6,53.0,2.0,51.0
2025-07-25T07:00,19.4,100,11.6,17.1,110.0,15.0,95.0
2025-07-25T08:00,20.2,97,11.8,17.3,228.0,45.0,183.0
2025-07-25T09:00,20.6,100,12.0,17.4,270.0,87.0,183.0
2025-07-25T10:00,20.2,98,14.3,20.4,330.0,92.0,238.0
2025-07-25T11:00,20.7,97,14.0,20.6,277.0,35.0,242.0
2025-07-25T12:00,21.3,100,14.5,20.7,326.0,50.0,276.0
2025-07-25T13:00,20.7,100,15.2,22.5,334.0,39.0,295.0
2025-07-25T14:00,20.3,100,15.3,22.7,313.0,48.0,265.0
2025-07-25T15:00,19.9,100,15.6,23.5,265.0,36.0,229.0
2025-07-25T16:00,19.5,100,14.3,20.6,220.0,28.0,192.0
2025-07-25T17:00,19.0,100,13.4,19.3,139.0,11.0,128.0
2025-07-25T18:00,18.5,100,13.3,21.5,74.0,6.0,68.0
2025-07-25T19:00,18.0,100,11.7,20.2,30.0,2.0,28.0
2025-07-25T20:00,17.4,17,10.1,18.6,2.0,0.0,2.0
2025-07-25T21:00,16.8,32,9.5,18.1,0.0,0.0,0.0
2025-07-25T22:00,16.4,100,7.5,15.2,0.0,0.0,0.0
2025-07-25T23:00,16.4,100,6.5,13.9,0.0,0.0,0.0
2025-07-26T00:00,16.5,100,6.8,14.1,0.0,0.0,0.0
2025-07-26T01:00,16.8,100,7.9,14.7,0.0,0.0,0.0
2025-07-26T02:00,16.5,100,7.7,14.8,0.0,0.0,0.0
2025-07-26T03:00,16.4,100,7.5,14.7,0.0,0.0,0.0
2025-07-26T04:00,16.4,100,6.1,11.9,2.0,0.0,2.0
2025-07-26T05:00,16.6,96,6.1,10.6,32.0,0.0,32.0
2025-07-26T06:00,17.0,56,6.4,10.3,95.0,17.0,78.0
2025-07-26T07:00,18.0,60,10.2,14.3,265.0,126.0,139.0
2025-07-26T08:00,18.5,70,11.4,16.1,327.0,160.0,167.0
2025-07-26T09:00,19.2,64,10.5,15.1,380.0,186.0,194.0
2025-07-26T10:00,20.5,64,10.1,14.4,557.0,363.0,194.0
2025-07-26T11:00,21.0,63,9.4,13.4,515.0,230.0,285.0
2025-07-26T12:00,21.6,63,10.8,15.5,563.0,274.0,289.0
2025-07-26T13:00,21.7,39,10.5,15.1,452.0,173.0,279.0
2025-07-26T14:00,22.2,46,9.6,13.8,517.0,300.0,217.0
2025-07-26T15:00,22.5,53,8.2,11.8,435.0,228.0,207.0
2025-07-26T16:00,22.5,68,7.6,11.4,311.0,129.0,182.0
2025-07-26T17:00,22.0,23,9.8,14.8,277.0,164.0,113.0
2025-07-26T18:00,20.4,0,9.3,15.3,130.0,59.0,71.0
2025-07-26T19:00,19.1,0,5.0,12.2,52.0,22.0,30.0
2025-07-26T20:00,18.1,26,5.4,13.1,3.0,0.0,3.0
2025-07-26T21:00,17.5,28,5.0,13.1,0.0,0.0,0.0
2025-07-26T22:00,17.2,58,5.8,14.3,0.0,0.0,0.0
2025-07-26T23:00,16.6,98,2.7,9.2,0.0,0.0,0.0
2025-07-27T00:00,16.5,94,2.0,5.6,0.0,0.0,0.0
2025-07-27T01:00,16.6,100,3.6,6.5,0.0,0.0,0.0
2025-07-27T02:00,16.6,97,6.2,14.4,0.0,0.0,0.0
2025-07-27T03:00,16.4,100,5.5,12.8,0.0,0.0,0.0
2025-07-27T04:00,16.5,100,5.3,12.7,2.0,0.0,2.0
2025-07-27T05:00,16.5,100,6.4,12.4,12.0,0.0,12.0
2025-07-27T06:00,16.6,100,5.1,11.1,44.0,0.0,44.0
2025-07-27T07:00,16.8,100,4.8,9.5,55.0,0.0,55.0
2025-07-27T08:00,16.8,100,5.8,11.0,66.0,0.0,66.0
2025-07-27T09:00,17.5,100,5.2,7.4,218.0,2.0,216.0
2025-07-27T10:00,18.3,100,4.5,6.2,248.0,36.0,212.0
2025-07-27T11:00,18.5,100,7.1,9.9,210.0,12.0,198.0
2025-07-27T12:00,17.8,100,9.5,13.9,248.0,31.0,217.0
2025-07-27T13:00,20.0,100,9.3,13.0,546.0,300.0,246.0
2025-07-27T14:00,20.2,100,11.3,16.2,519.0,255.0,264.0
2025-07-27T15:00,19.7,100,13.9,20.1,402.0,161.0,241.0
2025-07-27T16:00,19.0,100,12.2,18.6,171.0,8.0,163.0
2025-07-27T17:00,18.8,99,10.9,17.4,134.0,8.0,126.0
2025-07-27T18:00,18.3,100,9.7,17.5,75.0,9.0,66.0
2025-07-27T19:00,17.8,100,9.3,17.7,11.0,0.0,11.0
2025-07-27T20:00,17.5,100,9.0,17.5,1.0,0.0,1.0
2025-07-27T21:00,17.1,100,10.4,19.7,0.0,0.0,0.0
2025-07-27T22:00,16.7,100,10.8,20.3,0.0,0.0,0.0
2025-07-27T23:00,16.5,100,10.8,20.1,0.0,0.0,0.0
2025-07-28T00:00,16.1,100,10.7,20.0,0.0,0.0,0.0
2025-07-28T01:00,16.0,100,11.9,22.4,0.0,0.0,0.0
2025-07-28T02:00,15.8,100,11.2,21.3,0.0,0.0,0.0
2025-07-28T03:00,15.4,27,9.2,18.8,0.0,0.0,0.0
2025-07-28T04:00,15.1,98,8.7,17.9,3.0,0.0,3.0
2025-07-28T05:00,15.4,96,7.0,17.2,53.0,15.0,38.0
2025-07-28T06:00,16.0,100,6.8,11.7,156.0,63.0,93.0
2025-07-28T07:00,17.4,83,9.3,13.8,310.0,208.0,102.0
2025-07-28T08:00,18.2,39,10.4,14.9,410.0,285.0,125.0
2025-07-28T09:00,19.2,30,11.6,16.4,567.0,442.0,125.0
2025-07-28T10:00,19.9,46,12.9,18.2,630.0,450.0,180.0
2025-07-28T11:00,19.9,72,16.1,23.1,647.0,454.0,193.0
2025-07-28T12:00,20.2,59,15.3,22.4,639.0,454.0,185.0
2025-07-28T13:00,21.0,100,16.1,23.8,577.0,388.0,189.0
2025-07-28T14:00,20.9,36,18.0,26.7,578.0,443.0,135.0
2025-07-28T15:00,20.8,12,18.2,27.6,498.0,364.0,134.0
2025-07-28T16:00,20.1,18,19.3,29.5,443.0,347.0,96.0
2025-07-28T17:00,19.4,14,17.6,27.5,298.0,219.0,79.0
2025-07-28T18:00,18.5,3,14.3,24.3,168.0,110.0,58.0
2025-07-28T19:00,17.5,2,12.6,22.8,57.0,28.0,29.0
2025-07-28T20:00,16.6,9,11.2,21.5,2.0,0.0,2.0
2025-07-28T21:00,16.1,12,10.6,20.9,0.0,0.0,0.0
2025-07-28T22:00,15.6,26,11.4,22.2,0.0,0.0,0.0
2025-07-28T23:00,15.4,28,11.6,22.4,0.0,0.0,0.0
2025-07-29T00:00,15.1,25,11.9,22.9,0.0,0.0,0.0
2025-07-29T01:00,14.9,30,12.6,24.2,0.0,0.0,0.0
2025-07-29T02:00,14.4,49,13.7,25.9,0.0,0.0,0.0
2025-07-29T03:00,14.1,42,13.0,24.5,0.0,0.0,0.0
2025-07-29T04:00,13.8,41,12.6,23.4,3.0,0.0,3.0
2025-07-29T05:00,14.1,36,11.4,23.1,52.0,20.0,32.0
2025-07-29T06:00,15.1,49,12.0,20.0,161.0,90.0,71.0
2025-07-29T07:00,16.0,48,13.2,20.5,252.0,144.0,108.0
2025-07-29T08:00,15.9,72,16.2,24.6,382.0,263.0,119.0
2025-07-29T09:00,16.6,61,17.6,26.0,404.0,207.0,197.0
2025-07-29T10:00,17.0,20,16.0,23.6,494.0,312.0,182.0
2025-07-29T11:00,18.2,38,15.8,23.0,657.0,472.0,185.0
2025-07-29T12:00,17.9,42,16.4,24.1,649.0,464.0,185.0
2025-07-29T13:00,18.2,67,19.1,28.2,625.0,467.0,158.0
2025-07-29T14:00,18.5,37,15.2,22.7,522.0,347.0,175.0
2025-07-29T15:00,18.8,49,16.5,24.3,487.0,324.0,163.0
2025-07-29T16:00,18.2,92,15.9,24.0,364.0,236.0,128.0
2025-07-29T17:00,17.2,97,14.2,22.7,220.0,111.0,109.0
2025-07-29T18:00,16.7,97,12.6,21.3,101.0,30.0,71.0
2025-07-29T19:00,16.1,26,11.9,21.5,47.0,16.0,31.0
2025-07-29T20:00,15.4,23,12.2,22.9,1.0,0.0,1.0
2025-07-29T21:00,14.7,6,12.9,24.5,0.0,0.0,0.0
2025-07-29T22:00,14.2,18,13.4,25.2,0.0,0.0,0.0
2025-07-29T23:00,13.8,15,13.3,24.5,0.0,0.0,0.0
2025-07-30T00:00,13.4,28,12.6,23.6,0.0,0.0,0.0
2025-07-30T01:00,12.9,1,12.5,23.4,0.0,0.0,0.0
2025-07-30T02:00,12.6,33,13.6,25.5,0.0,0.0,0.0
2025-07-30T03:00,12.6,24,13.2,24.4,0.0,0.0,0.0
2025-07-30T04:00,12.6,46,13.8,25.9,3.0,0.0,3.0
2025-07-30T05:00,13.4,93,16.0,25.9,61.0,24.0,37.0
2025-07-30T06:00,14.4,100,13.8,22.5,172.0,100.0,72.0
2025-07-30T07:00,15.5,100,16.4,25.2,295.0,183.0,112.0
2025-07-30T08:00,16.5,100,16.7,25.5,368.0,171.0,197.0
2025-07-30T09:00,17.4,100,18.7,28.1,442.0,169.0,273.0
2025-07-30T10:00,17.9,100,18.7,28.5,374.0,119.0,255.0
2025-07-30T11:00,18.9,100,19.7,29.2,533.0,269.0,264.0
2025-07-30T12:00,16.2,100,14.7,23.2,333.0,146.0,187.0
2025-07-30T13:00,18.5,100,19.1,28.8,458.0,171.0,287.0
2025-07-30T14:00,16.8,100,16.7,26.6,336.0,169.0,167.0
2025-07-30T15:00,16.6,100,19.0,30.2,197.0,25.0,172.0
2025-07-30T16:00,15.8,100,18.3,29.9,95.0,1.0,94.0
2025-07-30T17:00,15.4,100,16.4,27.7,60.0,0.0,60.0
2025-07-30T18:00,15.1,100,16.8,28.4,27.0,0.0,27.0
2025-07-30T19:00,14.8,100,17.1,29.5,12.0,0.0,12.0
2025-07-30T20:00,14.6,100,18.3,31.6,0.0,0.0,0.0
2025-07-30T21:00,14.5,100,19.4,33.3,0.0,0.0,0.0
2025-07-30T22:00,14.2,100,21.3,36.3,0.0,0.0,0.0
2025-07-30T23:00,14.1,100,24.3,41.1,0.0,0.0,0.0
2025-07-31T00:00,14.0,98,26.4,44.6,0.0,0.0,0.0
2025-07-31T01:00,14.1,100,21.8,37.3,0.0,0.0,0.0
2025-07-31T02:00,14.1,100,24.0,40.6,0.0,0.0,0.0
2025-07-31T03:00,14.1,97,25.6,42.4,0.0,0.0,0.0
2025-07-31T04:00,14.4,100,22.0,37.3,1.0,0.0,1.0
2025-07-31T05:00,14.4,100,20.2,34.0,32.0,5.0,27.0
2025-07-31T06:00,15.0,100,19.3,31.0,71.0,5.0,66.0
2025-07-31T07:00,15.8,100,20.1,29.9,146.0,35.0,111.0
2025-07-31T08:00,16.4,99,15.8,24.3,216.0,65.0,151.0
2025-07-31T09:00,17.2,100,15.3,23.5,258.0,39.0,219.0
2025-07-31T10:00,18.5,100,15.1,22.7,312.0,47.0,265.0
2025-07-31T11:00,18.6,100,14.8,21.7,296.0,35.0,261.0
2025-07-31T12:00,19.1,100,15.3,22.9,429.0,211.0,218.0
2025-07-31T13:00,19.4,61,18.9,28.1,620.0,407.0,213.0
2025-07-31T14:00,17.6,67,17.6,27.0,418.0,260.0,158.0
2025-07-31T15:00,18.0,99,16.4,25.6,329.0,157.0,172.0
2025-07-31T16:00,17.0,98,13.7,22.9,257.0,86.0,171.0
2025-07-31T17:00,17.7,81,13.7,22.0,179.0,64.0,115.0
2025-07-31T18:00,17.4,80,15.3,25.7,130.0,56.0,74.0
2025-07-31T19:00,16.6,100,12.6,22.9,35.0,8.0,27.0
2025-07-31T20:00,16.3,100,11.9,22.1,1.0,0.0,1.0
2025-07-31T21:00,16.0,100,11.5,21.1,0.0,0.0,0.0
2025-07-31T22:00,15.7,100,10.5,19.8,0.0,0.0,0.0
2025-07-31T23:00,15.4,100,11.0,21.1,0.0,0.0,0.0
2025-08-01T00:00,15.1,99,11.3,21.6,0.0,0.0,0.0
2025-08-01T01:00,14.9,86,10.7,21.0,0.0,0.0,0.0
2025-08-01T02:00,14.6,87,10.9,21.4,0.0,0.0,0.0
2025-08-01T03:00,14.4,49,10.3,20.5,0.0,0.0,0.0
2025-08-01T04:00,14.4,36,9.8,20.0,2.0,0.0,2.0
2025-08-01T05:00,14.7,27,9.8,21.4,53.0,20.0,33.0
2025-08-01T06:00,15.8,46,13.0,20.3,154.0,84.0,70.0
2025-08-01T07:00,16.6,41,14.4,21.8,284.0,184.0,100.0
2025-08-01T08:00,17.6,57,13.0,19.3,424.0,308.0,116.0
2025-08-01T09:00,17.9,98,14.2,20.9,432.0,275.0,157.0
2025-08-01T10:00,18.8,100,14.8,21.9,459.0,204.0,255.0
2025-08-01T11:00,18.0,100,13.7,20.4,310.0,35.0,275.0
2025-08-01T12:00,18.9,100,13.9,20.5,379.0,162.0,217.0
2025-08-01T13:00,18.0,81,11.5,16.6,443.0,203.0,240.0
2025-08-01T14:00,18.2,74,11.0,15.7,467.0,191.0,276.0
2025-08-01T15:00,19.1,69,10.4,15.6,415.0,219.0,196.0
2025-08-01T16:00,18.1,86,11.7,17.4,316.0,196.0,120.0
2025-08-01T17:00,18.0,46,11.2,17.1,214.0,126.0,88.0
2025-08-01T18:00,17.5,59,10.0,17.4,111.0,46.0,65.0
2025-08-01T19:00,16.4,39,9.2,17.8,38.0,14.0,24.0
2025-08-01T20:00,15.4,10,10.3,20.6,1.0,0.0,1.0
2025-08-01T21:00,15.1,68,9.8,20.0,0.0,0.0,0.0
2025-08-01T22:00,14.8,27,9.6,19.5,0.0,0.0,0.0
2025-08-01T23:00,14.6,50,9.7,19.6,0.0,0.0,0.0
2025-08-02T00:00,14.4,87,9.7,19.0,0.0,0.0,0.0
2025-08-02T01:00,14.2,90,9.6,18.2,0.0,0.0,0.0
2025-08-02T02:00,14.1,70,10.4,20.2,0.0,0.0,0.0
2025-08-02T03:00,13.9,28,10.4,20.1,0.0,0.0,0.0
2025-08-02T04:00,13.6,80,9.6,19.1,2.0,0.0,2.0
2025-08-02T05:00,13.9,100,12.8,21.2,42.0,11.0,31.0
2025-08-02T06:00,14.1,100,12.5,17.7,88.0,3.0,85.0
2025-08-02T07:00,14.7,100,13.4,18.6,153.0,25.0,128.0
2025-08-02T08:00,15.8,100,14.3,20.7,206.0,29.0,177.0
2025-08-02T09:00,16.5,41,13.9,20.8,226.0,15.0,211.0
2025-08-02T10:00,18.4,31,12.6,18.3,523.0,320.0,203.0
2025-08-02T11:00,19.3,77,12.5,18.0,684.0,523.0,161.0
2025-08-02T12:00,20.2,100,13.4,19.2,544.0,291.0,253.0
2025-08-02T13:00,19.5,96,12.3,18.2,449.0,152.0,297.0
2025-08-02T14:00,20.1,100,13.2,19.0,642.0,452.0,190.0
2025-08-02T15:00,19.2,96,14.5,21.0,440.0,267.0,173.0
2025-08-02T16:00,18.5,99,13.5,20.2,305.0,170.0,135.0
2025-08-02T17:00,17.2,79,14.6,22.5,268.0,160.0,108.0
2025-08-02T18:00,17.0,79,14.2,23.6,104.0,36.0,68.0
2025-08-02T19:00,16.3,100,14.2,24.8,35.0,9.0,26.0
2025-08-02T20:00,16.1,100,13.7,24.4,0.0,0.0,0.0
2025-08-02T21:00,15.7,100,14.9,26.8,0.0,0.0,0.0
2025-08-02T22:00,15.6,100,14.1,25.1,0.0,0.0,0.0
2025-08-02T23:00,15.4,100,15.3,26.9,0.0,0.0,0.0
2025-08-03T00:00,15.4,100,15.1,26.1,0.0,0.0,0.0
2025-08-03T01:00,15.3,100,18.2,30.4,0.0,0.0,0.0
2025-08-03T02:00,15.0,100,16.9,29.0,0.0,0.0,0.0
2025-08-03T03:00,14.6,100,17.0,29.1,0.0,0.0,0.0
2025-08-03T04:00,14.6,100,17.1,28.8,0.0,0.0,0.0
2025-08-03T05:00,14.5,100,17.9,29.9,10.0,0.0,10.0
2025-08-03T06:00,14.5,100,17.7,29.5,30.0,0.0,30.0
2025-08-03T07:00,14.6,100,17.1,28.2,48.0,0.0,48.0
2025-08-03T08:00,14.5,100,17.9,29.5,64.0,0.0,64.0
2025-08-03T09:00,14.6,100,18.4,29.3,73.0,0.0,73.0
2025-08-03T10:00,14.8,100,16.4,26.5,79.0,0.0,79.0
2025-08-03T11:00,15.5,100,17.4,26.9,205.0,3.0,202.0
2025-08-03T12:00,15.9,100,17.6,27.3,237.0,7.0,230.0
2025-08-03T13:00,16.1,100,14.0,20.6,207.0,3.0,204.0
2025-08-03T14:00,16.0,100,13.4,21.5,124.0,0.0,124.0
2025-08-03T15:00,17.1,100,12.1,18.4,244.0,18.0,226.0
2025-08-03T16:00,17.0,100,6.0,10.0,113.0,10.0,103.0
2025-08-03T17:00,16.9,100,5.8,8.8,79.0,17.0,62.0
2025-08-03T18:00,16.8,100,7.8,14.2,69.0,11.0,58.0
2025-08-03T19:00,16.5,100,5.8,11.6,28.0,2.0,26.0
2025-08-03T20:00,16.1,100,4.8,10.2,0.0,0.0,0.0
2025-08-03T21:00,16.1,100,7.9,16.5,0.0,0.0,0.0
2025-08-03T22:00,16.1,100,15.1,27.8,0.0,0.0,0.0
2025-08-03T23:00,15.4,100,10.0,18.9,0.0,0.0,0.0
2025-08-04T00:00,15.1,91,14.0,25.6,0.0,0.0,0.0
2025-08-04T01:00,15.2,100,14.2,25.7,0.0,0.0,0.0
2025-08-04T02:00,15.4,88,16.6,29.2,0.0,0.0,0.0
2025-08-04T03:00,15.6,94,17.1,29.9,0.0,0.0,0.0
2025-08-04T04:00,15.8,100,18.4,30.7,1.0,0.0,1.0
2025-08-04T05:00,16.1,95,17.9,29.7,19.0,0.0,19.0
2025-08-04T06:00,16.5,67,16.2,27.1,70.0,2.0,68.0
2025-08-04T07:00,17.5,35,14.9,23.3,219.0,101.0,118.0
2025-08-04T08:00,18.4,100,16.2,24.1,364.0,228.0,136.0
2025-08-04T09:00,19.1,26,15.2,22.3,489.0,321.0,168.0
2025-08-04T10:00,20.1,18,14.5,21.2,661.0,531.0,130.0
2025-08-04T11:00,20.9,100,14.6,21.3,727.0,595.0,132.0
2025-08-04T12:00,21.3,100,14.6,21.4,734.0,526.0,208.0
2025-08-04T13:00,21.8,100,15.2,21.9,702.0,539.0,163.0
2025-08-04T14:00,21.8,100,15.6,23.4,495.0,243.0,252.0
2025-08-04T15:00,21.9,100,12.5,19.2,384.0,131.0,253.0
2025-08-04T16:00,21.2,100,10.1,18.5,155.0,6.0,149.0
2025-08-04T17:00,20.4,100,12.6,22.6,122.0,2.0,120.0
2025-08-04T18:00,19.0,100,13.6,25.3,18.0,0.0,18.0
2025-08-04T19:00,18.5,100,13.7,25.5,13.0,0.0,13.0
2025-08-04T20:00,18.3,100,15.8,29.4,0.0,0.0,0.0
2025-08-04T21:00,18.5,100,18.6,33.4,0.0,0.0,0.0
2025-08-04T22:00,18.8,100,21.1,36.8,0.0,0.0,0.0
2025-08-04T23:00,18.6,100,22.0,38.2,0.0,0.0,0.0
2025-08-05T00:00,18.3,100,21.0,35.3,0.0,0.0,0.0
2025-08-05T01:00,17.5,100,15.3,26.6,0.0,0.0,0.0
2025-08-05T02:00,17.1,100,13.1,23.1,0.0,0.0,0.0
2025-08-05T03:00,16.8,93,12.3,22.1,0.0,0.0,0.0
2025-08-05T04:00,16.3,87,13.8,24.8,1.0,0.0,1.0
2025-08-05T05:00,16.1,100,14.8,25.7,43.0,10.0,33.0
2025-08-05T06:00,16.0,99,13.5,23.1,126.0,34.0,92.0
2025-08-05T07:00,16.5,98,14.4,22.8,239.0,80.0,159.0
2025-08-05T08:00,17.6,18,17.2,26.2,401.0,238.0,163.0
2025-08-05T09:00,18.5,15,19.0,28.5,607.0,512.0,95.0
2025-08-05T10:00,19.0,31,20.2,29.8,680.0,559.0,121.0
2025-08-05T11:00,18.8,27,21.5,32.1,662.0,503.0,159.0
2025-08-05T12:00,19.1,38,21.5,32.2,640.0,472.0,168.0
2025-08-05T13:00,19.5,34,21.9,32.5,679.0,533.0,146.0
2025-08-05T14:00,19.2,19,23.4,35.5,596.0,465.0,131.0
2025-08-05T15:00,17.3,31,20.1,31.0,480.0,355.0,125.0
2025-08-05T16:00,17.2,62,23.4,35.4,352.0,252.0,100.0
2025-08-05T17:00,15.8,33,18.7,29.7,209.0,107.0,102.0
2025-08-05T18:00,15.6,49,18.9,31.1,142.0,83.0,59.0
2025-08-05T19:00,14.8,23,17.5,30.1,35.0,15.0,20.0
2025-08-05T20:00,14.2,26,17.1,29.7,0.0,0.0,0.0
2025-08-05T21:00,13.6,58,15.2,26.8,0.0,0.0,0.0
2025-08-05T22:00,13.3,51,15.6,27.3,0.0,0.0,0.0
2025-08-05T23:00,13.1,44,14.9,26.3,0.0,0.0,0.0
2025-08-06T00:00,12.8,56,14.9,27.1,0.0,0.0,0.0
2025-08-06T01:00,12.8,67,14.6,27.1,0.0,0.0,0.0
2025-08-06T02:00,12.7,99,15.1,28.0,0.0,0.0,0.0
2025-08-06T03:00,12.4,99,15.2,28.1,0.0,0.0,0.0
2025-08-06T04:00,12.6,64,13.9,25.6,0.0,0.0,0.0
2025-08-06T05:00,12.9,42,14.5,28.0,41.0,14.0,27.0
2025-08-06T06:00,14.0,18,15.0,24.8,131.0,73.0,58.0
2025-08-06T07:00,15.3,16,14.1,22.6,288.0,208.0,80.0
2025-08-06T08:00,16.6,35,19.7,29.7,448.0,344.0,104.0
2025-08-06T09:00,17.4,36,21.8,32.7,500.0,369.0,131.0
2025-08-06T10:00,17.9,46,23.3,34.8,600.0,455.0,145.0
2025-08-06T11:00,18.2,34,22.0,33.0,631.0,472.0,159.0
2025-08-06T12:00,18.6,50,22.2,33.2,654.0,487.0,167.0
2025-08-06T13:00,18.6,20,19.8,30.1,557.0,362.0,195.0
2025-08-06T14:00,19.2,28,19.4,29.3,544.0,375.0,169.0
2025-08-06T15:00,19.3,51,18.7,28.2,480.0,310.0,170.0
2025-08-06T16:00,18.5,20,16.5,25.8,274.0,96.0,178.0
2025-08-06T17:00,18.4,86,12.2,20.5,229.0,137.0,92.0
2025-08-06T18:00,16.9,100,12.6,21.5,92.0,33.0,59.0
2025-08-06T19:00,16.1,34,9.0,17.1,19.0,4.0,15.0
2025-08-06T20:00,15.3,87,7.7,15.9,0.0,0.0,0.0
2025-08-06T21:00,14.6,87,6.6,14.9,0.0,0.0,0.0
2025-08-06T22:00,14.2,98,7.1,16.2,0.0,0.0,0.0
2025-08-06T23:00,13.8,100,7.0,16.3,0.0,0.0,0.0
2025-08-07T00:00,13.6,100,7.2,16.7,0.0,0.0,0.0
2025-08-07T01:00,13.8,100,7.2,16.3,0.0,0.0,0.0
2025-08-07T02:00,13.6,100,7.3,16.6,0.0,0.0,0.0
2025-08-07T03:00,13.6,100,7.2,17.1,0.0,0.0,0.0
2025-08-07T04:00,13.5,100,7.6,18.4,0.0,0.0,0.0
2025-08-07T05:00,13.9,100,8.7,18.8,41.0,6.0,35.0
2025-08-07T06:00,15.1,68,7.8,21.0,141.0,52.0,89.0
2025-08-07T07:00,17.0,100,6.8,14.9,279.0,161.0,118.0
2025-08-07T08:00,18.9,100,7.4,11.8,401.0,225.0,176.0
2025-08-07T09:00,20.2,100,10.0,14.6,501.0,263.0,238.0
2025-08-07T10:00,20.7,88,11.1,16.5,421.0,117.0,304.0
2025-08-07T11:00,21.5,90,12.2,17.8,535.0,286.0,249.0
2025-08-07T12:00,21.6,76,14.4,21.8,425.0,97.0,328.0
2025-08-07T13:00,22.2,96,14.7,21.9,437.0,178.0,259.0
2025-08-07T14:00,22.7,98,12.7,19.1,524.0,324.0,200.0
2025-08-07T15:00,22.6,99,10.4,17.2,350.0,125.0,225.0
2025-08-07T16:00,23.0,100,8.7,14.4,374.0,219.0,155.0
2025-08-07T17:00,22.3,100,4.4,10.1,173.0,43.0,130.0
2025-08-07T18:00,21.2,100,3.7,9.7,87.0,13.0,74.0
2025-08-07T19:00,20.0,100,4.9,11.8,17.0,0.0,17.0
2025-08-07T20:00,19.1,100,10.3,23.0,0.0,0.0,0.0
2025-08-07T21:00,18.8,99,10.2,23.1,0.0,0.0,0.0
2025-08-07T22:00,18.1,99,9.7,21.8,0.0,0.0,0.0
2025-08-07T23:00,17.2,100,9.7,22.5,0.0,0.0,0.0
2025-08-08T00:00,16.9,100,10.4,23.4,0.0,0.0,0.0
2025-08-08T01:00,16.9,100,6.1,17.4,0.0,0.0,0.0
2025-08-08T02:00,16.8,100,5.6,14.9,0.0,0.0,0.0
2025-08-08T03:00,16.5,83,9.2,21.6,0.0,0.0,0.0
2025-08-08T04:00,16.2,100,8.9,21.4,0.0,0.0,0.0
2025-08-08T05:00,16.5,68,9.3,20.7,35.0,3.0,32.0
2025-08-08T06:00,17.5,61,9.2,21.1,151.0,86.0,65.0
2025-08-08T07:00,19.1,94,8.3,17.4,279.0,187.0,92.0
2025-08-08T08:00,20.3,91,11.2,16.8,431.0,312.0,119.0
2025-08-08T09:00,21.0,77,12.1,17.6,554.0,441.0,113.0
2025-08-08T10:00,21.8,60,13.5,19.5,681.0,565.0,116.0
2025-08-08T11:00,22.6,66,14.6,21.4,689.0,527.0,162.0
2025-08-08T12:00,22.4,73,14.3,21.0,550.0,372.0,178.0
2025-08-08T13:00,23.5,91,14.6,21.5,641.0,502.0,139.0
2025-08-08T14:00,23.5,98,16.2,24.0,586.0,434.0,152.0
2025-08-08T15:00,22.1,99,14.9,22.2,423.0,255.0,168.0
2025-08-08T16:00,21.4,100,13.0,20.0,296.0,101.0,195.0
2025-08-08T17:00,20.5,90,12.1,19.4,228.0,109.0,119.0
2025-08-08T18:00,19.3,11,10.7,19.0,121.0,62.0,59.0
2025-08-08T19:00,17.9,1,8.4,17.1,31.0,14.0,17.0
2025-08-08T20:00,17.0,0,7.6,17.0,0.0,0.0,0.0
2025-08-08T21:00,16.4,0,5.9,14.8,0.0,0.0,0.0
2025-08-08T22:00,15.3,0,3.4,9.4,0.0,0.0,0.0
2025-08-08T23:00,14.9,0,1.1,5.6,0.0,0.0,0.0
2025-08-09T00:00,14.4,0,1.0,1.3,0.0,0.0,0.0
2025-08-09T01:00,14.4,0,0.9,3.4,0.0,0.0,0.0
2025-08-09T02:00,13.6,2,2.9,6.0,0.0,0.0,0.0
2025-08-09T03:00,13.7,12,4.3,10.6,0.0,0.0,0.0
2025-08-09T04:00,13.4,33,4.4,11.7,0.0,0.0,0.0
2025-08-09T05:00,13.8,76,6.2,13.3,37.0,11.0,26.0
2025-08-09T06:00,14.9,49,6.1,15.2,119.0,39.0,80.0
2025-08-09T07:00,16.6,61,5.5,14.2,265.0,150.0,115.0
2025-08-09T08:00,18.6,100,5.8,9.7,408.0,290.0,118.0
2025-08-09T09:00,20.5,100,6.6,9.9,499.0,307.0,192.0
2025-08-09T10:00,21.6,0,8.8,12.7,555.0,287.0,268.0
2025-08-09T11:00,23.4,28,8.7,12.5,754.0,652.0,102.0
2025-08-09T12:00,24.9,29,7.8,11.2,752.0,628.0,124.0
2025-08-09T13:00,25.8,73,7.9,11.3,725.0,583.0,142.0
2025-08-09T14:00,25.9,100,10.0,14.2,672.0,556.0,116.0
2025-08-09T15:00,24.8,99,11.9,17.8,401.0,179.0,222.0
2025-08-09T16:00,24.4,92,8.8,14.1,305.0,125.0,180.0
2025-08-09T17:00,24.0,88,5.4,9.9,227.0,126.0,101.0
2025-08-09T18:00,22.8,68,10.2,19.9,89.0,27.0,62.0
2025-08-09T19:00,19.8,7,14.3,25.5,25.0,9.0,16.0
2025-08-09T20:00,18.1,6,12.2,22.9,0.0,0.0,0.0
2025-08-09T21:00,17.1,1,12.2,22.9,0.0,0.0,0.0
2025-08-09T22:00,16.6,0,10.7,20.4,0.0,0.0,0.0
2025-08-09T23:00,16.0,2,10.5,20.4,0.0,0.0,0.0
2025-08-10T00:00,15.5,7,11.1,21.7,0.0,0.0,0.0
2025-08-10T01:00,14.9,0,10.3,21.3,0.0,0.0,0.0
2025-08-10T02:00,14.4,4,10.4,21.9,0.0,0.0,0.0
2025-08-10T03:00,14.1,1,10.6,21.8,0.0,0.0,0.0
2025-08-10T04:00,13.8,11,10.5,22.1,0.0,0.0,0.0
2025-08-10T05:00,14.1,11,11.3,23.5,39.0,19.0,20.0
2025-08-10T06:00,15.2,6,9.7,22.5,148.0,92.0,56.0
2025-08-10T07:00,16.8,1,10.6,17.0,299.0,223.0,76.0
2025-08-10T08:00,18.5,21,12.1,17.8,455.0,369.0,86.0
2025-08-10T09:00,19.7,18,14.2,20.5,556.0,449.0,107.0
2025-08-10T10:00,20.4,26,14.5,20.6,641.0,510.0,131.0
2025-08-10T11:00,21.0,29,16.1,23.2,685.0,519.0,166.0
2025-08-10T12:00,21.3,32,17.4,25.3,660.0,477.0,183.0
2025-08-10T13:00,21.6,33,16.3,23.8,693.0,550.0,143.0
2025-08-10T14:00,21.5,27,15.8,23.0,624.0,490.0,134.0
2025-08-10T15:00,21.0,35,15.3,22.4,544.0,425.0,119.0
2025-08-10T16:00,20.2,85,15.6,22.9,405.0,310.0,95.0
2025-08-10T17:00,19.1,67,13.3,20.5,278.0,200.0,78.0
2025-08-10T18:00,18.1,100,10.4,18.1,137.0,86.0,51.0
2025-08-10T19:00,16.9,98,8.3,16.8,24.0,5.0,19.0
2025-08-10T20:00,16.2,99,6.6,14.7,0.0,0.0,0.0
2025-08-10T21:00,15.5,90,5.3,13.0,0.0,0.0,0.0
2025-08-10T22:00,14.9,38,4.6,12.8,0.0,0.0,0.0
2025-08-10T23:00,13.9,14,3.9,11.6,0.0,0.0,0.0
2025-08-11T00:00,13.2,26,2.9,9.3,0.0,0.0,0.0
2025-08-11T01:00,11.8,1,2.3,5.9,0.0,0.0,0.0
2025-08-11T02:00,11.6,86,1.3,4.0,0.0,0.0,0.0
2025-08-11T03:00,11.6,89,1.0,1.3,0.0,0.0,0.0
2025-08-11T04:00,11.4,53,0.3,0.3,0.0,0.0,0.0
2025-08-11T05:00,12.1,66,1.9,2.9,38.0,17.0,21.0
2025-08-11T06:00,13.2,32,3.3,6.4,152.0,94.0,58.0
2025-08-11T07:00,14.8,14,2.1,3.9,290.0,203.0,87.0
2025-08-11T08:00,16.6,36,2.2,3.2,454.0,370.0,84.0
2025-08-11T09:00,18.0,45,1.3,1.6,578.0,476.0,102.0
2025-08-11T10:00,19.4,27,1.2,1.9,676.0,567.0,109.0
2025-08-11T11:00,20.5,41,1.6,2.4,738.0,628.0,110.0
2025-08-11T12:00,21.4,98,2.8,4.0,751.0,635.0,116.0
2025-08-11T13:00,22.5,99,4.3,6.1,718.0,590.0,128.0
2025-08-11T14:00,22.9,100,5.2,7.4,580.0,348.0,232.0
2025-08-11T15:00,23.0,96,5.4,7.5,501.0,332.0,169.0
2025-08-11T16:00,22.7,92,6.0,8.3,405.0,294.0,111.0
2025-08-11T17:00,22.1,22,5.4,7.7,256.0,164.0,92.0
2025-08-11T18:00,21.0,4,5.0,10.6,130.0,81.0,49.0
2025-08-11T19:00,19.5,81,5.6,14.1,25.0,11.0,14.0
2025-08-11T20:00,18.4,97,4.5,12.9,0.0,0.0,0.0
2025-08-11T21:00,17.8,71,3.7,10.0,0.0,0.0,0.0
2025-08-11T22:00,17.0,8,3.8,10.3,0.0,0.0,0.0
2025-08-11T23:00,16.5,37,4.4,11.6,0.0,0.0,0.0
2025-08-12T00:00,16.2,0,5.4,13.9,0.0,0.0,0.0
2025-08-12T01:00,14.8,14,5.2,14.3,0.0,0.0,0.0
2025-08-12T02:00,14.4,97,5.0,13.5,0.0,0.0,0.0
2025-08-12T03:00,14.1,78,6.7,15.5,0.0,0.0,0.0
2025-08-12T04:00,13.9,63,5.7,14.5,0.0,0.0,0.0
2025-08-12T05:00,14.4,98,7.4,15.2,34.0,12.0,22.0
2025-08-12T06:00,15.6,69,5.2,15.6,142.0,80.0,62.0
2025-08-12T07:00,17.3,93,4.9,12.4,271.0,172.0,99.0
2025-08-12T08:00,19.5,100,5.8,9.2,412.0,284.0,128.0
2025-08-12T09:00,21.5,52,6.4,9.5,467.0,248.0,219.0
2025-08-12T10:00,23.5,98,8.5,12.2,647.0,505.0,142.0
2025-08-12T11:00,24.6,62,8.4,12.0,600.0,337.0,263.0
2025-08-12T12:00,26.0,99,9.7,13.5,760.0,663.0,97.0
2025-08-12T13:00,26.6,100,11.8,16.8,720.0,615.0,105.0
2025-08-12T14:00,27.2,100,12.3,17.6,652.0,512.0,140.0
2025-08-12T15:00,27.0,97,12.3,18.8,440.0,220.0,220.0
2025-08-12T16:00,26.9,21,13.0,21.0,368.0,213.0,155.0
2025-08-12T17:00,26.5,15,13.5,24.2,269.0,200.0,69.0
2025-08-12T18:00,25.2,23,12.5,25.0,127.0,80.0,47.0
2025-08-12T19:00,23.4,15,10.6,24.6,22.0,9.0,13.0
2025-08-12T20:00,22.2,98,10.7,25.1,0.0,0.0,0.0
2025-08-12T21:00,21.4,95,10.7,25.1,0.0,0.0,0.0
2025-08-12T22:00,20.5,53,10.4,24.5,0.0,0.0,0.0
2025-08-12T23:00,19.8,86,10.4,24.5,0.0,0.0,0.0
2025-08-13T00:00,19.2,8,11.1,24.8,0.0,0.0,0.0
2025-08-13T01:00,18.5,65,11.3,25.7,0.0,0.0,0.0
2025-08-13T02:00,18.4,41,10.9,24.6,0.0,0.0,0.0
2025-08-13T03:00,18.1,17,10.7,23.8,0.0,0.0,0.0
2025-08-13T04:00,17.4,33,10.6,23.9,0.0,0.0,0.0
2025-08-13T05:00,17.5,31,10.1,21.9,34.0,15.0,19.0
2025-08-13T06:00,18.5,3,9.2,22.4,147.0,92.0,55.0
2025-08-13T07:00,20.0,0,9.3,16.3,300.0,232.0,68.0
2025-08-13T08:00,21.9,2,8.7,13.4,447.0,370.0,77.0
2025-08-13T09:00,23.8,4,8.5,12.3,576.0,488.0,88.0
2025-08-13T10:00,25.6,0,8.5,12.2,676.0,583.0,93.0
2025-08-13T11:00,27.1,0,8.3,11.7,738.0,643.0,95.0
2025-08-13T12:00,28.4,0,8.5,12.1,755.0,660.0,95.0
2025-08-13T13:00,30.0,0,8.9,12.6,729.0,635.0,94.0
2025-08-13T14:00,30.5,0,8.2,11.6,659.0,569.0,90.0
2025-08-13T15:00,30.8,67,8.0,11.3,551.0,467.0,84.0
2025-08-13T16:00,30.6,0,7.8,11.6,414.0,332.0,82.0
2025-08-13T17:00,29.9,0,8.6,14.3,269.0,204.0,65.0
2025-08-13T18:00,27.5,0,11.1,22.1,125.0,81.0,44.0
2025-08-13T19:00,25.2,0,10.3,22.6,21.0,9.0,12.0
2025-08-13T20:00,23.8,0,9.5,21.9,0.0,0.0,0.0
2025-08-13T21:00,22.9,0,7.2,19.4,0.0,0.0,0.0
2025-08-13T22:00,22.4,88,7.7,19.6,0.0,0.0,0.0
2025-08-13T23:00,21.8,25,7.6,19.7,0.0,0.0,0.0
2025-08-14T00:00,21.2,100,8.4,21.1,0.0,0.0,0.0
2025-08-14T01:00,19.9,100,9.7,23.1,0.0,0.0,0.0
2025-08-14T02:00,19.4,99,10.1,23.4,0.0,0.0,0.0
2025-08-14T03:00,19.1,55,11.1,24.8,0.0,0.0,0.0
2025-08-14T04:00,18.6,98,10.7,24.0,0.0,0.0,0.0
2025-08-14T05:00,18.8,100,10.1,21.7,29.0,9.0,20.0
2025-08-14T06:00,19.5,87,10.7,22.3,106.0,17.0,89.0
2025-08-14T07:00,21.0,100,7.9,18.6,253.0,152.0,101.0
2025-08-14T08:00,22.6,96,6.4,12.6,336.0,141.0,195.0
2025-08-14T09:00,25.1,3,3.7,6.0,534.0,399.0,135.0
2025-08-14T10:00,27.5,11,5.8,8.2,661.0,570.0,91.0
2025-08-14T11:00,29.4,12,7.4,10.8,688.0,547.0,141.0
2025-08-14T12:00,31.4,74,8.4,11.9,736.0,639.0,97.0
2025-08-14T13:00,32.2,97,8.7,12.7,430.0,132.0,298.0
2025-08-14T14:00,33.1,87,3.7,5.9,376.0,149.0,227.0
2025-08-14T15:00,32.8,99,10.3,16.0,394.0,223.0,171.0
2025-08-14T16:00,31.4,92,10.0,16.6,264.0,103.0,161.0
2025-08-14T17:00,30.0,100,7.2,13.1,195.0,82.0,113.0
2025-08-14T18:00,28.3,100,4.7,12.2,88.0,19.0,69.0
2025-08-14T19:00,27.0,99,7.7,18.0,12.0,2.0,10.0
2025-08-14T20:00,26.0,100,8.0,18.9,0.0,0.0,0.0
2025-08-14T21:00,25.2,100,5.3,14.5,0.0,0.0,0.0
2025-08-14T22:00,24.9,100,4.6,2.9,0.0,0.0,0.0
2025-08-14T23:00,23.5,99,3.9,8.5,0.0,0.0,0.0
2025-08-15T00:00,23.4,100,5.1,13.1,0.0,0.0,0.0
2025-08-15T01:00,22.0,99,7.0,11.0,0.0,0.0,0.0
2025-08-15T02:00,21.1,100,6.2,13.4,0.0,0.0,0.0
2025-08-15T03:00,20.9,17,8.0,17.9,0.0,0.0,0.0
2025-08-15T04:00,20.5,0,9.6,20.3,0.0,0.0,0.0
2025-08-15T05:00,20.2,0,10.4,19.6,29.0,13.0,16.0
2025-08-15T06:00,20.5,0,10.2,16.8,138.0,89.0,49.0
2025-08-15T07:00,21.5,1,10.0,15.1,278.0,208.0,70.0
2025-08-15T08:00,22.6,0,11.3,16.6,423.0,339.0,84.0
2025-08-15T09:00,23.7,0,13.1,19.1,552.0,459.0,93.0
2025-08-15T10:00,24.7,0,13.6,19.6,653.0,554.0,99.0
2025-08-15T11:00,25.5,0,13.8,19.8,720.0,621.0,99.0
2025-08-15T12:00,26.0,0,15.4,22.3,747.0,648.0,99.0
2025-08-15T13:00,26.1,3,16.2,23.4,723.0,626.0,97.0
2025-08-15T14:00,26.1,9,17.2,24.9,652.0,555.0,97.0
2025-08-15T15:00,26.0,39,18.5,27.2,533.0,435.0,98.0
2025-08-15T16:00,25.0,99,17.0,25.1,394.0,304.0,90.0
2025-08-15T17:00,23.5,47,13.1,19.8,225.0,131.0,94.0
2025-08-15T18:00,22.0,11,12.2,18.7,111.0,61.0,50.0
2025-08-15T19:00,20.5,75,13.2,20.7,15.0,5.0,10.0
2025-08-15T20:00,19.6,100,14.6,22.1,0.0,0.0,0.0
2025-08-15T21:00,19.1,100,14.1,21.7,0.0,0.0,0.0
2025-08-15T22:00,18.8,100,14.3,22.1,0.0,0.0,0.0
2025-08-15T23:00,18.5,100,13.9,21.6,0.0,0.0,0.0
2025-08-16T00:00,18.4,100,13.5,21.6,0.0,0.0,0.0
2025-08-16T01:00,17.9,100,13.1,21.0,0.0,0.0,0.0
2025-08-16T02:00,17.8,91,14.3,22.8,0.0,0.0,0.0
2025-08-16T03:00,17.3,100,13.0,20.6,0.0,0.0,0.0
2025-08-16T04:00,17.2,100,14.0,21.1,0.0,0.0,0.0
2025-08-16T05:00,17.2,100,14.0,21.2,13.0,1.0,12.0
2025-08-16T06:00,17.1,100,13.5,20.9,58.0,3.0,55.0
2025-08-16T07:00,17.5,100,14.0,20.8,147.0,19.0,128.0
2025-08-16T08:00,17.8,94,13.3,19.3,216.0,18.0,198.0
2025-08-16T09:00,19.2,21,14.1,20.2,458.0,286.0,172.0
2025-08-16T10:00,20.4,14,15.0,21.5,654.0,535.0,119.0
2025-08-16T11:00,20.6,32,16.2,23.4,701.0,580.0,121.0
2025-08-16T12:00,20.8,35,16.0,23.3,660.0,463.0,197.0
2025-08-16T13:00,20.0,44,19.5,28.3,486.0,208.0,278.0
2025-08-16T14:00,20.4,71,19.2,27.7,506.0,264.0,242.0
2025-08-16T15:00,20.1,34,19.8,29.1,457.0,279.0,178.0
2025-08-16T16:00,19.4,24,19.3,28.8,331.0,170.0,161.0
2025-08-16T17:00,18.5,37,19.2,28.8,243.0,162.0,81.0
2025-08-16T18:00,17.8,58,17.8,27.3,101.0,50.0,51.0
2025-08-16T19:00,16.7,100,17.5,27.5,14.0,4.0,10.0
2025-08-16T20:00,16.3,92,17.1,26.3,0.0,0.0,0.0
2025-08-16T21:00,16.0,83,17.2,26.8,0.0,0.0,0.0
2025-08-16T22:00,15.7,72,14.1,22.9,0.0,0.0,0.0
2025-08-16T23:00,15.6,73,11.6,20.1,0.0,0.0,0.0
2025-08-17T00:00,15.5,83,10.7,19.0,0.0,0.0,0.0
2025-08-17T01:00,14.7,100,10.9,19.1,0.0,0.0,0.0
2025-08-17T02:00,14.9,100,9.2,16.8,0.0,0.0,0.0
2025-08-17T03:00,14.9,100,8.8,16.3,0.0,0.0,0.0
2025-08-17T04:00,15.1,96,7.8,14.7,0.0,0.0,0.0
2025-08-17T05:00,15.2,39,9.0,15.6,15.0,3.0,12.0
2025-08-17T06:00,15.4,9,9.5,14.8,106.0,49.0,57.0
2025-08-17T07:00,16.0,18,8.9,12.8,280.0,206.0,74.0
2025-08-17T08:00,17.2,12,8.2,11.7,437.0,357.0,80.0
2025-08-17T09:00,18.6,96,8.3,11.6,577.0,495.0,82.0
2025-08-17T10:00,19.9,100,7.7,10.6,657.0,533.0,124.0
2025-08-17T11:00,20.9,89,6.9,9.6,712.0,557.0,155.0
2025-08-17T12:00,21.8,49,6.9,9.6,715.0,549.0,166.0
2025-08-17T13:00,22.5,63,6.6,9.1,699.0,551.0,148.0
2025-08-17T14:00,23.0,71,6.2,8.7,632.0,503.0,129.0
2025-08-17T15:00,23.2,43,5.4,7.6,525.0,413.0,112.0
2025-08-17T16:00,23.1,77,6.3,8.7,397.0,311.0,86.0
2025-08-17T17:00,22.6,25,7.8,11.4,250.0,183.0,67.0
2025-08-17T18:00,21.5,9,9.0,15.4,108.0,64.0,44.0
2025-08-17T19:00,20.0,9,11.2,20.9,13.0,5.0,8.0
2025-08-17T20:00,19.0,52,9.6,19.4,0.0,0.0,0.0
2025-08-17T21:00,18.2,25,6.2,14.5,0.0,0.0,0.0
2025-08-17T22:00,17.1,13,3.5,10.8,0.0,0.0,0.0
2025-08-17T23:00,16.7,0,1.0,6.2,0.0,0.0,0.0
2025-08-18T00:00,15.8,0,2.3,3.5,0.0,0.0,0.0
2025-08-18T01:00,14.7,7,0.9,2.9,0.0,0.0,0.0
2025-08-18T02:00,14.2,0,1.4,5.0,0.0,0.0,0.0
2025-08-18T03:00,13.6,0,2.0,7.4,0.0,0.0,0.0
2025-08-18T04:00,13.1,0,3.4,10.2,0.0,0.0,0.0
2025-08-18T05:00,13.9,0,4.0,11.3,24.0,11.0,13.0
2025-08-18T06:00,15.0,0,3.8,10.7,134.0,87.0,47.0
2025-08-18T07:00,16.9,1,2.7,5.7,279.0,211.0,68.0
2025-08-18T08:00,18.5,0,3.6,5.1,427.0,345.0,82.0
2025-08-18T09:00,20.0,0,2.9,4.0,558.0,469.0,89.0
2025-08-18T10:00,21.4,0,2.8,4.1,659.0,564.0,95.0
2025-08-18T11:00,22.5,0,4.0,5.6,722.0,625.0,97.0
2025-08-18T12:00,23.4,0,5.2,6.8,739.0,640.0,99.0
2025-08-18T13:00,24.5,0,5.4,7.2,714.0,620.0,94.0
2025-08-18T14:00,24.7,0,6.3,8.3,642.0,551.0,91.0
2025-08-18T15:00,24.6,0,6.7,9.0,534.0,450.0,84.0
2025-08-18T16:00,24.4,0,6.3,8.5,396.0,318.0,78.0
2025-08-18T17:00,23.9,0,5.4,7.3,247.0,185.0,62.0
2025-08-18T18:00,23.0,0,5.1,7.7,106.0,66.0,40.0
2025-08-18T19:00,21.9,0,5.1,11.9,12.0,4.0,8.0
2025-08-18T20:00,21.0,0,1.0,6.5,0.0,0.0,0.0
2025-08-18T21:00,19.6,0,3.1,5.7,0.0,0.0,0.0
2025-08-18T22:00,18.7,0,3.7,8.6,0.0,0.0,0.0
2025-08-18T23:00,17.8,0,1.1,3.0,0.0,0.0,0.0
2025-08-19T00:00,17.0,0,1.5,1.2,0.0,0.0,0.0
2025-08-19T01:00,16.0,0,0.4,2.9,0.0,0.0,0.0
2025-08-19T02:00,15.5,0,0.4,2.7,0.0,0.0,0.0
2025-08-19T03:00,15.0,0,1.5,5.6,0.0,0.0,0.0
2025-08-19T04:00,14.7,0,1.0,4.7,0.0,0.0,0.0
2025-08-19T05:00,15.0,0,2.0,4.6,23.0,10.0,13.0
2025-08-19T06:00,16.2,0,3.5,7.3,132.0,88.0,44.0
2025-08-19T07:00,18.1,0,3.5,6.6,278.0,215.0,63.0
2025-08-19T08:00,20.2,0,5.2,7.3,425.0,347.0,78.0
2025-08-19T09:00,21.8,0,7.2,10.0,556.0,469.0,87.0
2025-08-19T10:00,23.0,0,7.7,10.5,657.0,567.0,90.0
2025-08-19T11:00,23.8,0,8.5,11.8,719.0,624.0,95.0
2025-08-19T12:00,24.3,0,10.0,13.7,735.0,639.0,96.0
2025-08-19T13:00,24.5,7,11.8,16.2,707.0,613.0,94.0
2025-08-19T14:00,24.0,3,13.2,18.4,620.0,517.0,103.0
2025-08-19T15:00,23.5,1,13.9,19.5,524.0,436.0,88.0
2025-08-19T16:00,22.0,1,15.6,22.5,390.0,313.0,77.0
2025-08-19T17:00,20.1,0,15.7,23.2,242.0,181.0,61.0
2025-08-19T18:00,18.5,1,14.1,21.1,101.0,62.0,39.0
2025-08-19T19:00,17.5,2,12.1,19.5,10.0,3.0,7.0
2025-08-19T20:00,17.0,60,10.7,17.4,0.0,0.0,0.0
2025-08-19T21:00,16.8,100,10.9,17.4,0.0,0.0,0.0
2025-08-19T22:00,16.6,81,11.3,17.7,0.0,0.0,0.0
2025-08-19T23:00,16.5,87,11.6,18.2,0.0,0.0,0.0
2025-08-20T00:00,16.5,49,9.7,15.6,0.0,0.0,0.0
2025-08-20T01:00,15.8,59,6.8,12.4,0.0,0.0,0.0
2025-08-20T02:00,15.0,13,6.3,13.5,0.0,0.0,0.0
2025-08-20T03:00,14.6,100,6.5,13.2,0.0,0.0,0.0
2025-08-20T04:00,14.6,81,6.7,13.6,0.0,0.0,0.0
2025-08-20T05:00,14.4,58,7.7,15.9,14.0,4.0,10.0
2025-08-20T06:00,15.9,37,8.1,13.5,108.0,52.0,56.0
2025-08-20T07:00,17.6,17,14.0,20.8,247.0,167.0,80.0
2025-08-20T08:00,18.8,37,13.6,19.6,355.0,239.0,116.0
2025-08-20T09:00,19.9,45,13.6,19.3,410.0,247.0,163.0
2025-08-20T10:00,21.1,44,13.0,18.3,531.0,341.0,190.0
2025-08-20T11:00,21.9,38,12.9,18.2,541.0,317.0,224.0
2025-08-20T12:00,21.8,70,14.3,20.4,529.0,287.0,242.0
2025-08-20T13:00,22.1,52,14.0,20.0,478.0,281.0,197.0
2025-08-20T14:00,21.7,98,15.4,22.3,445.0,240.0,205.0
2025-08-20T15:00,21.4,31,16.0,23.3,343.0,173.0,170.0
2025-08-20T16:00,20.8,19,15.9,23.5,305.0,183.0,122.0
2025-08-20T17:00,20.0,31,15.4,23.3,216.0,142.0,74.0
2025-08-20T18:00,19.0,59,13.6,21.9,92.0,50.0,42.0
2025-08-20T19:00,18.1,14,12.4,21.5,8.0,2.0,6.0
2025-08-20T20:00,17.5,16,12.0,21.9,0.0,0.0,0.0
2025-08-20T21:00,16.8,19,10.4,20.1,0.0,0.0,0.0
2025-08-20T22:00,16.1,69,8.8,18.1,0.0,0.0,0.0
2025-08-20T23:00,15.6,87,6.6,14.8,0.0,0.0,0.0
2025-08-21T00:00,15.1,23,5.4,12.9,0.0,0.0,0.0
2025-08-21T01:00,12.6,0,3.8,12.5,0.0,0.0,0.0
2025-08-21T02:00,11.9,0,2.6,9.4,0.0,0.0,0.0
2025-08-21T03:00,12.0,0,0.6,6.0,0.0,0.0,0.0
2025-08-21T04:00,11.4,4,3.5,5.9,0.0,0.0,0.0
2025-08-21T05:00,11.7,3,3.9,8.1,20.0,9.0,11.0
2025-08-21T06:00,12.7,2,2.4,7.5,128.0,84.0,44.0
2025-08-21T07:00,14.7,1,2.1,4.3,275.0,210.0,65.0
2025-08-21T08:00,16.9,7,5.6,8.0,424.0,346.0,78.0
2025-08-21T09:00,18.3,16,9.8,13.9,555.0,467.0,88.0
2025-08-21T10:00,19.0,2,12.1,17.1,659.0,566.0,93.0
2025-08-21T11:00,19.9,70,13.1,18.4,696.0,583.0,113.0
2025-08-21T12:00,18.8,95,15.4,22.2,438.0,227.0,211.0
2025-08-21T13:00,19.4,61,15.0,21.5,420.0,179.0,241.0
2025-08-21T14:00,19.3,100,17.5,25.3,408.0,203.0,205.0
2025-08-21T15:00,18.2,80,17.4,25.6,249.0,64.0,185.0
2025-08-21T16:00,17.4,25,16.4,24.8,177.0,39.0,138.0
2025-08-21T17:00,16.9,53,16.7,25.5,169.0,87.0,82.0
2025-08-21T18:00,16.2,8,13.5,21.3,79.0,39.0,40.0
2025-08-21T19:00,15.4,17,11.3,19.9,7.0,2.0,5.0
2025-08-21T20:00,14.9,15,10.7,20.2,0.0,0.0,0.0
2025-08-21T21:00,14.2,7,10.0,19.5,0.0,0.0,0.0
2025-08-21T22:00,13.7,4,10.3,20.3,0.0,0.0,0.0
2025-08-21T23:00,13.2,9,10.8,21.3,0.0,0.0,0.0
2025-08-22T00:00,13.0,21,10.5,20.6,0.0,0.0,0.0
2025-08-22T01:00,12.4,13,10.7,21.4,0.0,0.0,0.0
2025-08-22T02:00,12.1,17,10.4,21.0,0.0,0.0,0.0
2025-08-22T03:00,12.0,22,10.0,20.4,0.0,0.0,0.0
2025-08-22T04:00,11.7,30,7.8,17.1,0.0,0.0,0.0
2025-08-22T05:00,11.9,90,6.6,13.7,16.0,5.0,11.0
2025-08-22T06:00,13.1,100,6.7,13.5,102.0,43.0,59.0
2025-08-22T07:00,14.4,73,8.9,13.8,151.0,27.0,124.0
2025-08-22T08:00,15.9,77,16.7,24.5,323.0,182.0,141.0
2025-08-22T09:00,16.2,100,19.9,29.0,387.0,243.0,144.0
2025-08-22T10:00,16.2,100,19.8,29.7,290.0,56.0,234.0
2025-08-22T11:00,17.5,35,22.1,32.8,480.0,210.0,270.0
2025-08-22T12:00,17.1,100,22.9,34.2,360.0,96.0,264.0
2025-08-22T13:00,16.5,55,19.0,28.4,358.0,115.0,243.0
2025-08-22T14:00,17.6,50,22.6,33.8,454.0,294.0,160.0
2025-08-22T15:00,16.8,44,21.2,31.9,340.0,198.0,142.0
2025-08-22T16:00,16.5,30,20.3,30.8,301.0,199.0,102.0
2025-08-22T17:00,15.8,37,18.7,28.7,193.0,124.0,69.0
2025-08-22T18:00,15.0,33,16.4,26.1,76.0,37.0,39.0
2025-08-22T19:00,14.1,44,14.5,25.1,6.0,1.0,5.0
2025-08-22T20:00,13.6,45,12.9,22.7,0.0,0.0,0.0
2025-08-22T21:00,13.2,80,12.6,22.8,0.0,0.0,0.0
2025-08-22T22:00,13.0,51,11.1,20.4,0.0,0.0,0.0
2025-08-22T23:00,12.6,38,9.8,18.4,0.0,0.0,0.0
2025-08-23T00:00,12.3,28,10.6,20.0,0.0,0.0,0.0
2025-08-23T01:00,12.4,78,11.8,21.6,0.0,0.0,0.0
2025-08-23T02:00,12.2,80,10.9,20.4,0.0,0.0,0.0
2025-08-23T03:00,12.1,97,11.0,20.3,0.0,0.0,0.0
2025-08-23T04:00,11.8,94,14.1,23.4,0.0,0.0,0.0
2025-08-23T05:00,11.4,68,13.2,23.3,7.0,1.0,6.0
2025-08-23T06:00,11.9,74,12.3,20.1,86.0,43.0,43.0
2025-08-23T07:00,13.2,38,14.0,21.7,163.0,84.0,79.0
2025-08-23T08:00,14.4,36,18.9,28.0,350.0,238.0,112.0
2025-08-23T09:00,15.7,21,19.5,29.1,471.0,335.0,136.0
2025-08-23T10:00,17.2,16,18.7,27.8,582.0,451.0,131.0
2025-08-23T11:00,17.4,33,18.9,27.7,619.0,484.0,135.0
2025-08-23T12:00,18.2,15,16.8,24.5,638.0,489.0,149.0
2025-08-23T13:00,18.6,22,17.3,25.3,631.0,486.0,145.0
2025-08-23T14:00,18.9,60,17.7,26.0,532.0,411.0,121.0
2025-08-23T15:00,19.0,53,17.5,25.9,479.0,367.0,112.0
2025-08-23T16:00,18.3,67,16.2,24.3,322.0,222.0,100.0
2025-08-23T17:00,17.6,48,13.3,21.1,185.0,105.0,80.0
2025-08-23T18:00,16.4,3,11.8,21.3,70.0,33.0,37.0
2025-08-23T19:00,15.1,1,11.4,22.2,5.0,1.0,4.0
2025-08-23T20:00,14.1,5,10.7,21.7,0.0,0.0,0.0
2025-08-23T21:00,13.2,1,9.2,19.8,0.0,0.0,0.0
2025-08-23T22:00,12.6,0,8.3,18.6,0.0,0.0,0.0
2025-08-23T23:00,12.1,2,8.3,18.3,0.0,0.0,0.0
2025-08-24T00:00,11.6,1,7.8,17.5,0.0,0.0,0.0
2025-08-24T01:00,10.4,6,7.0,17.0,0.0,0.0,0.0
2025-08-24T02:00,10.1,6,7.7,17.1,0.0,0.0,0.0
2025-08-24T03:00,9.8,7,8.8,19.8,0.0,0.0,0.0
2025-08-24T04:00,9.8,38,8.7,19.5,0.0,0.0,0.0
2025-08-24T05:00,10.5,32,9.6,20.1,13.0,3.0,10.0
2025-08-24T06:00,12.0,100,10.6,24.8,97.0,39.0,58.0
2025-08-24T07:00,13.6,56,10.1,19.5,150.0,44.0,106.0
2025-08-24T08:00,14.3,71,13.5,20.2,230.0,90.0,140.0
2025-08-24T09:00,14.8,52,13.9,20.3,313.0,161.0,152.0
2025-08-24T10:00,15.9,65,13.7,19.9,383.0,213.0,170.0
2025-08-24T11:00,16.5,83,15.4,22.2,444.0,249.0,195.0
2025-08-24T12:00,17.1,86,16.9,24.8,427.0,215.0,212.0
2025-08-24T13:00,18.6,100,19.8,29.5,545.0,372.0,173.0
2025-08-24T14:00,18.6,72,18.8,28.2,458.0,279.0,179.0
2025-08-24T15:00,18.1,47,20.1,30.0,331.0,161.0,170.0
2025-08-24T16:00,17.4,64,20.1,30.5,196.0,58.0,138.0
2025-08-24T17:00,16.6,14,16.5,26.5,145.0,54.0,91.0
2025-08-24T18:00,15.5,4,13.4,23.3,71.0,34.0,37.0
2025-08-24T19:00,14.5,22,11.4,21.3,4.0,1.0,3.0
2025-08-24T20:00,13.9,38,9.9,19.6,0.0,0.0,0.0
2025-08-24T21:00,13.4,25,8.6,18.0,0.0,0.0,0.0
2025-08-24T22:00,12.9,20,7.2,16.0,0.0,0.0,0.0
2025-08-24T23:00,12.4,58,6.5,14.6,0.0,0.0,0.0
2025-08-25T00:00,12.1,57,6.9,15.2,0.0,0.0,0.0
2025-08-25T01:00,12.4,100,7.3,16.0,0.0,0.0,0.0
2025-08-25T02:00,12.4,55,7.3,15.5,0.0,0.0,0.0
2025-08-25T03:00,11.9,76,7.5,16.4,0.0,0.0,0.0
2025-08-25T04:00,11.9,100,7.7,16.2,0.0,0.0,0.0
2025-08-25T05:00,12.3,97,7.3,15.3,8.0,0.0,8.0
2025-08-25T06:00,12.9,67,6.5,16.6,66.0,15.0,51.0
2025-08-25T07:00,14.2,35,7.9,12.7,194.0,81.0,113.0
2025-08-25T08:00,15.9,85,10.2,15.1,342.0,212.0,130.0
2025-08-25T09:00,17.1,64,15.1,21.9,426.0,247.0,179.0
2025-08-25T10:00,17.5,48,16.2,23.8,358.0,136.0,222.0
2025-08-25T11:00,18.6,53,15.9,23.3,522.0,279.0,243.0
2025-08-25T12:00,18.6,100,17.8,26.1,497.0,276.0,221.0
2025-08-25T13:00,18.7,65,15.3,22.0,578.0,367.0,211.0
2025-08-25T14:00,18.4,98,15.9,23.2,382.0,161.0,221.0
2025-08-25T15:00,18.5,97,16.5,23.9,396.0,220.0,176.0
2025-08-25T16:00,18.3,100,14.2,21.1,337.0,218.0,119.0
2025-08-25T17:00,17.8,100,12.3,20.0,141.0,42.0,99.0
2025-08-25T18:00,17.1,100,10.2,18.1,49.0,6.0,43.0
2025-08-25T19:00,16.2,100,7.6,15.6,3.0,0.0,3.0
2025-08-25T20:00,15.4,100,5.4,13.1,0.0,0.0,0.0
2025-08-25T21:00,14.7,100,3.9,10.4,0.0,0.0,0.0
2025-08-25T22:00,14.1,100,4.0,10.0,0.0,0.0,0.0
2025-08-25T23:00,13.4,100,3.5,9.5,0.0,0.0,0.0
2025-08-26T00:00,13.1,90,3.7,9.2,0.0,0.0,0.0
2025-08-26T01:00,10.9,0,3.3,6.1,0.0,0.0,0.0
2025-08-26T02:00,10.7,8,2.9,5.1,0.0,0.0,0.0
2025-08-26T03:00,10.6,7,2.7,4.3,0.0,0.0,0.0
2025-08-26T04:00,10.4,30,2.8,5.5,0.0,0.0,0.0
2025-08-26T05:00,11.4,100,3.5,7.0,10.0,2.0,8.0
2025-08-26T06:00,13.1,100,5.4,10.0,72.0,28.0,44.0
2025-08-26T07:00,14.6,72,4.7,12.4,151.0,46.0,105.0
2025-08-26T08:00,16.6,30,5.6,8.2,316.0,186.0,130.0
2025-08-26T09:00,18.4,40,5.3,7.2,468.0,326.0,142.0
2025-08-26T10:00,20.0,100,4.5,6.4,594.0,455.0,139.0
2025-08-26T11:00,21.0,100,3.4,4.9,523.0,272.0,251.0
2025-08-26T12:00,21.6,100,4.1,5.6,473.0,243.0,230.0
2025-08-26T13:00,22.3,55,5.1,7.2,403.0,112.0,291.0
2025-08-26T14:00,22.6,92,5.7,7.9,342.0,87.0,255.0
2025-08-26T15:00,23.0,100,7.7,10.1,290.0,98.0,192.0
2025-08-26T16:00,22.7,100,11.1,15.7,271.0,122.0,149.0
2025-08-26T17:00,21.2,100,11.4,19.7,148.0,39.0,109.0
2025-08-26T18:00,20.0,100,9.4,21.1,44.0,0.0,44.0
2025-08-26T19:00,19.5,100,10.1,22.1,2.0,0.0,2.0
2025-08-26T20:00,18.8,89,9.1,20.5,0.0,0.0,0.0
2025-08-26T21:00,18.1,100,11.2,24.0,0.0,0.0,0.0
2025-08-26T22:00,17.6,67,14.8,29.4,0.0,0.0,0.0
2025-08-26T23:00,16.9,27,13.5,27.5,0.0,0.0,0.0
2025-08-27T00:00,16.5,98,11.8,24.2,0.0,0.0,0.0
2025-08-27T01:00,17.2,96,13.8,27.7,0.0,0.0,0.0
2025-08-27T02:00,16.8,75,12.8,25.8,0.0,0.0,0.0
2025-08-27T03:00,16.5,79,10.6,22.1,0.0,0.0,0.0
2025-08-27T04:00,15.9,93,9.2,19.7,0.0,0.0,0.0
2025-08-27T05:00,16.0,100,10.1,21.1,6.0,1.0,5.0
2025-08-27T06:00,16.6,100,8.5,16.9,25.0,0.0,25.0
2025-08-27T07:00,17.9,100,7.0,12.1,102.0,18.0,84.0
2025-08-27T08:00,20.2,96,8.2,12.9,332.0,198.0,134.0
2025-08-27T09:00,21.8,15,11.1,16.3,485.0,346.0,139.0
2025-08-27T10:00,23.0,59,10.8,15.6,550.0,428.0,122.0
2025-08-27T11:00,23.7,36,11.6,16.4,533.0,364.0,169.0
2025-08-27T12:00,24.5,100,12.2,17.4,624.0,471.0,153.0
2025-08-27T13:00,24.4,100,14.9,21.8,421.0,221.0,200.0
2025-08-27T14:00,22.6,100,11.3,18.0,101.0,0.0,101.0
2025-08-27T15:00,22.9,99,9.7,14.4,150.0,0.0,150.0
2025-08-27T16:00,23.2,92,7.8,11.2,258.0,122.0,136.0
2025-08-27T17:00,22.6,100,5.6,8.3,188.0,118.0,70.0
2025-08-27T18:00,21.0,100,3.5,8.9,55.0,13.0,42.0
2025-08-27T19:00,20.0,100,3.4,7.0,2.0,0.0,2.0
2025-08-27T20:00,20.0,100,2.3,6.0,0.0,0.0,0.0
2025-08-27T21:00,19.9,99,8.0,18.3,0.0,0.0,0.0
2025-08-27T22:00,18.0,100,6.5,13.4,0.0,0.0,0.0
2025-08-27T23:00,17.0,100,9.4,17.6,0.0,0.0,0.0
2025-08-28T00:00,16.8,100,7.8,16.0,0.0,0.0,0.0
2025-08-28T01:00,16.6,100,6.8,14.6,0.0,0.0,0.0
2025-08-28T02:00,16.4,100,6.5,15.1,0.0,0.0,0.0
2025-08-28T03:00,16.1,100,7.8,16.6,0.0,0.0,0.0
2025-08-28T04:00,15.9,100,7.9,17.1,0.0,0.0,0.0
2025-08-28T05:00,15.7,100,6.4,14.9,7.0,0.0,7.0
2025-08-28T06:00,16.4,100,7.1,16.8,47.0,2.0,45.0
2025-08-28T07:00,16.9,100,6.5,20.0,76.0,0.0,76.0
2025-08-28T08:00,18.2,100,8.0,13.3,183.0,15.0,168.0
2025-08-28T09:00,19.4,100,6.3,9.2,256.0,28.0,228.0
2025-08-28T10:00,20.8,100,7.8,11.3,354.0,72.0,282.0
2025-08-28T11:00,22.0,100,8.1,11.8,402.0,75.0,327.0
2025-08-28T12:00,22.2,100,7.2,10.8,232.0,8.0,224.0
2025-08-28T13:00,23.4,98,5.6,8.3,388.0,100.0,288.0
2025-08-28T14:00,23.6,100,4.5,6.5,371.0,99.0,272.0
2025-08-28T15:00,23.9,100,5.8,7.6,276.0,91.0,185.0
2025-08-28T16:00,20.2,100,6.4,10.7,180.0,29.0,151.0
2025-08-28T17:00,20.5,99,3.3,4.5,115.0,24.0,91.0
2025-08-28T18:00,20.1,100,6.9,13.9,33.0,1.0,32.0
2025-08-28T19:00,19.5,100,7.9,16.6,1.0,0.0,1.0
2025-08-28T20:00,18.7,100,4.1,11.3,0.0,0.0,0.0
2025-08-28T21:00,18.0,77,4.1,10.5,0.0,0.0,0.0
2025-08-28T22:00,17.5,17,6.4,15.5,0.0,0.0,0.0
2025-08-28T23:00,17.1,59,7.9,18.0,0.0,0.0,0.0
2025-08-29T00:00,16.6,95,8.1,18.4,0.0,0.0,0.0
2025-08-29T01:00,15.9,98,8.7,18.7,0.0,0.0,0.0
2025-08-29T02:00,15.6,100,8.4,18.0,0.0,0.0,0.0
2025-08-29T03:00,15.4,99,7.1,16.1,0.0,0.0,0.0
2025-08-29T04:00,14.9,100,4.0,11.6,0.0,0.0,0.0
2025-08-29T05:00,14.8,99,3.6,9.0,7.0,0.0,7.0
2025-08-29T06:00,15.5,100,5.1,10.3,77.0,18.0,59.0
2025-08-29T07:00,17.0,100,4.0,7.0,190.0,80.0,110.0
2025-08-29T08:00,18.8,100,3.6,5.3,321.0,184.0,137.0
2025-08-29T09:00,20.5,99,4.2,5.9,415.0,262.0,153.0
2025-08-29T10:00,21.0,100,5.3,7.4,347.0,104.0,243.0
2025-08-29T11:00,20.9,100,5.0,6.7,237.0,8.0,229.0
2025-08-29T12:00,20.7,100,6.9,9.6,169.0,13.0,156.0
2025-08-29T13:00,22.1,28,8.7,12.0,461.0,316.0,145.0
2025-08-29T14:00,22.4,52,9.7,13.5,531.0,432.0,99.0
2025-08-29T15:00,22.5,17,9.9,14.1,430.0,334.0,96.0
2025-08-29T16:00,22.8,41,11.2,16.0,319.0,239.0,80.0
2025-08-29T17:00,21.7,19,13.9,21.9,172.0,117.0,55.0
2025-08-29T18:00,20.1,17,12.6,21.8,47.0,22.0,25.0
2025-08-29T19:00,19.1,12,11.2,21.2,1.0,0.0,1.0
2025-08-29T20:00,18.3,5,13.3,24.9,0.0,0.0,0.0
2025-08-29T21:00,17.5,19,13.0,24.9,0.0,0.0,0.0
2025-08-29T22:00,16.9,3,12.1,23.7,0.0,0.0,0.0
2025-08-29T23:00,16.2,70,11.9,23.4,0.0,0.0,0.0
2025-08-30T00:00,15.8,99,11.3,22.5,0.0,0.0,0.0
2025-08-30T01:00,15.6,1,10.1,20.5,0.0,0.0,0.0
2025-08-30T02:00,15.4,85,9.1,19.4,0.0,0.0,0.0
2025-08-30T03:00,15.2,42,8.7,19.1,0.0,0.0,0.0
2025-08-30T04:00,15.4,42,9.9,21.3,0.0,0.0,0.0
2025-08-30T05:00,15.4,27,10.4,21.7,6.0,1.0,5.0
2025-08-30T06:00,16.0,1,8.7,22.6,80.0,42.0,38.0
2025-08-30T07:00,17.5,25,12.1,18.3,212.0,142.0,70.0
2025-08-30T08:00,18.8,43,13.1,18.7,359.0,262.0,97.0
2025-08-30T09:00,19.8,95,14.0,20.1,434.0,296.0,138.0
2025-08-30T10:00,20.7,78,16.2,23.4,587.0,481.0,106.0
2025-08-30T11:00,21.2,63,17.2,24.7,651.0,545.0,106.0
2025-08-30T12:00,21.7,5,16.5,24.0,622.0,506.0,116.0
2025-08-30T13:00,21.3,68,19.2,27.9,624.0,511.0,113.0
2025-08-30T14:00,20.9,4,12.4,17.9,484.0,344.0,140.0
2025-08-30T15:00,21.4,10,11.1,16.0,397.0,304.0,93.0
2025-08-30T16:00,21.5,13,8.2,12.0,314.0,241.0,73.0
2025-08-30T17:00,21.1,12,7.4,11.2,172.0,117.0,55.0
2025-08-30T18:00,20.0,15,4.8,11.7,52.0,26.0,26.0
2025-08-30T19:00,19.0,13,5.8,14.2,1.0,0.0,1.0
2025-08-30T20:00,18.2,6,7.6,17.6,0.0,0.0,0.0
2025-08-30T21:00,17.5,4,8.3,19.3,0.0,0.0,0.0
2025-08-30T22:00,16.9,1,9.2,20.4,0.0,0.0,0.0
2025-08-30T23:00,16.4,1,8.4,19.3,0.0,0.0,0.0
2025-08-31T00:00,15.9,0,8.4,19.2,0.0,0.0,0.0
2025-08-31T01:00,15.5,0,7.4,18.3,0.0,0.0,0.0
2025-08-31T02:00,15.1,1,7.9,18.4,0.0,0.0,0.0
2025-08-31T03:00,14.8,0,9.1,20.2,0.0,0.0,0.0
2025-08-31T04:00,14.6,0,9.9,21.9,0.0,0.0,0.0
2025-08-31T05:00,14.5,8,10.4,22.2,6.0,2.0,4.0
2025-08-31T06:00,15.4,20,9.9,23.0,89.0,51.0,38.0
2025-08-31T07:00,17.2,16,8.7,20.1,226.0,160.0,66.0
2025-08-31T08:00,19.6,62,9.3,14.5,375.0,299.0,76.0
2025-08-31T09:00,21.6,79,10.7,15.7,485.0,377.0,108.0
2025-08-31T10:00,23.4,23,14.6,21.1,575.0,443.0,132.0
2025-08-31T11:00,24.1,100,14.9,21.8,549.0,363.0,186.0
2025-08-31T12:00,24.4,98,13.8,20.0,418.0,211.0,207.0
2025-08-31T13:00,23.8,99,14.1,20.4,359.0,115.0,244.0
2025-08-31T14:00,23.5,95,6.5,9.6,241.0,48.0,193.0
2025-08-31T15:00,24.5,100,7.7,11.1,242.0,82.0,160.0
2025-08-31T16:00,24.5,100,8.3,13.7,147.0,27.0,120.0
2025-08-31T17:00,24.0,73,8.3,15.3,106.0,35.0,71.0
2025-08-31T18:00,22.9,67,6.5,15.2,28.0,6.0,22.0
2025-08-31T19:00,22.1,81,6.0,15.5,0.0,0.0,0.0
2025-08-31T20:00,21.9,85,7.6,17.5,0.0,0.0,0.0
2025-08-31T21:00,21.0,98,9.9,21.0,0.0,0.0,0.0
2025-08-31T22:00,20.1,100,10.8,22.7,0.0,0.0,0.0
2025-08-31T23:00,19.4,55,10.4,22.1,0.0,0.0,0.0
2025-09-01T00:00,18.9,83,11.2,23.2,0.0,0.0,0.0
2025-09-01T01:00,19.0,53,11.7,23.5,0.0,0.0,0.0
2025-09-01T02:00,18.1,21,11.7,24.0,0.0,0.0,0.0
2025-09-01T03:00,17.6,62,13.1,26.4,0.0,0.0,0.0
2025-09-01T04:00,17.0,98,12.8,25.9,0.0,0.0,0.0
2025-09-01T05:00,16.6,40,12.9,25.7,5.0,1.0,4.0
2025-09-01T06:00,17.1,98,12.2,28.9,85.0,47.0,38.0
2025-09-01T07:00,18.2,99,12.6,23.8,188.0,86.0,102.0
2025-09-01T08:00,20.0,100,11.9,19.5,275.0,106.0,169.0
2025-09-01T09:00,21.9,100,10.5,16.3,346.0,107.0,239.0
2025-09-01T10:00,23.5,100,15.1,22.6,376.0,100.0,276.0
2025-09-01T11:00,21.5,100,15.6,23.4,231.0,3.0,228.0
2025-09-01T12:00,20.6,100,17.6,25.4,367.0,167.0,200.0
2025-09-01T13:00,20.3,100,15.0,21.6,254.0,31.0,223.0
2025-09-01T14:00,18.8,100,10.6,16.3,101.0,2.0,99.0
2025-09-01T15:00,18.3,100,7.3,10.7,52.0,0.0,52.0
2025-09-01T16:00,18.2,43,7.7,11.5,48.0,0.0,48.0
2025-09-01T17:00,18.5,100,5.9,8.7,158.0,91.0,67.0
2025-09-01T18:00,17.6,100,3.2,7.7,41.0,12.0,29.0
2025-09-01T19:00,17.1,100,3.4,9.8,0.0,0.0,0.0
2025-09-01T20:00,17.0,99,4.1,10.8,0.0,0.0,0.0
2025-09-01T21:00,16.6,100,4.8,11.7,0.0,0.0,0.0
2025-09-01T22:00,16.4,66,4.6,11.5,0.0,0.0,0.0
2025-09-01T23:00,15.9,99,5.5,10.8,0.0,0.0,0.0
2025-09-02T00:00,15.6,100,6.0,11.4,0.0,0.0,0.0
2025-09-02T01:00,15.4,81,7.3,15.6,0.0,0.0,0.0
2025-09-02T02:00,15.1,100,7.1,15.5,0.0,0.0,0.0
2025-09-02T03:00,14.9,100,8.3,15.9,0.0,0.0,0.0
2025-09-02T04:00,14.6,100,7.9,16.3,0.0,0.0,0.0
2025-09-02T05:00,14.5,100,7.6,15.1,4.0,0.0,4.0
2025-09-02T06:00,15.1,100,6.8,16.6,68.0,16.0,52.0
2025-09-02T07:00,16.5,91,7.2,14.5,180.0,82.0,98.0
2025-09-02T08:00,18.0,98,4.2,7.4,258.0,120.0,138.0
2025-09-02T09:00,19.8,75,5.9,8.6,429.0,257.0,172.0
2025-09-02T10:00,21.0,72,9.2,13.1,567.0,440.0,127.0
2025-09-02T11:00,21.8,62,10.3,14.7,605.0,465.0,140.0
2025-09-02T12:00,22.4,41,12.0,17.2,627.0,498.0,129.0
2025-09-02T13:00,21.5,87,15.7,21.8,597.0,468.0,129.0
2025-09-02T14:00,20.0,1,9.8,14.4,388.0,220.0,168.0
2025-09-02T15:00,20.7,23,11.2,16.2,418.0,311.0,107.0
2025-09-02T16:00,20.6,11,11.7,17.5,285.0,208.0,77.0
2025-09-02T17:00,20.2,11,6.7,11.9,151.0,95.0,56.0
2025-09-02T18:00,18.7,10,3.6,10.2,42.0,21.0,21.0
2025-09-02T19:00,17.9,8,4.2,10.5,0.0,0.0,0.0
2025-09-02T20:00,17.1,9,4.8,11.0,0.0,0.0,0.0
2025-09-02T21:00,16.5,5,5.2,12.2,0.0,0.0,0.0
2025-09-02T22:00,15.9,5,5.4,13.8,0.0,0.0,0.0
2025-09-02T23:00,15.4,0,6.2,13.9,0.0,0.0,0.0
2025-09-03T00:00,14.9,1,8.3,19.1,0.0,0.0,0.0
2025-09-03T01:00,14.3,3,8.5,20.6,0.0,0.0,0.0
2025-09-03T02:00,14.3,7,10.2,23.1,0.0,0.0,0.0
2025-09-03T03:00,14.1,17,10.2,22.7,0.0,0.0,0.0
2025-09-03T04:00,13.6,3,10.9,23.2,0.0,0.0,0.0
2025-09-03T05:00,13.8,64,12.3,25.8,4.0,1.0,3.0
2025-09-03T06:00,15.1,74,12.9,26.8,79.0,43.0,36.0
2025-09-03T07:00,17.0,97,10.6,23.3,209.0,143.0,66.0
2025-09-03T08:00,19.0,5,14.1,21.6,350.0,259.0,91.0
2025-09-03T09:00,20.5,20,16.6,24.9,478.0,373.0,105.0
2025-09-03T10:00,22.2,99,22.0,32.8,588.0,491.0,97.0
2025-09-03T11:00,22.2,100,21.5,32.5,403.0,166.0,237.0
2025-09-03T12:00,22.5,100,19.2,29.2,285.0,33.0,252.0
2025-09-03T13:00,23.3,86,21.4,32.8,379.0,117.0,262.0
2025-09-03T14:00,24.2,100,22.1,33.4,434.0,292.0,142.0
2025-09-03T15:00,24.2,100,18.2,29.3,239.0,54.0,185.0
2025-09-03T16:00,24.2,87,15.2,25.7,202.0,67.0,135.0
2025-09-03T17:00,23.8,96,15.3,26.8,130.0,60.0,70.0
2025-09-03T18:00,22.8,74,17.7,31.3,29.0,7.0,22.0
2025-09-03T19:00,21.9,37,16.5,30.4,0.0,0.0,0.0
2025-09-03T20:00,21.4,100,16.8,30.9,0.0,0.0,0.0
2025-09-03T21:00,21.1,91,18.4,33.1,0.0,0.0,0.0
2025-09-03T22:00,20.8,1,18.7,33.6,0.0,0.0,0.0
2025-09-03T23:00,20.4,21,18.0,33.0,0.0,0.0,0.0
2025-09-04T00:00,20.3,97,17.9,32.9,0.0,0.0,0.0
2025-09-04T01:00,20.1,39,16.9,31.5,0.0,0.0,0.0
2025-09-04T02:00,19.8,2,16.3,30.1,0.0,0.0,0.0
2025-09-04T03:00,19.2,4,16.1,29.6,0.0,0.0,0.0
2025-09-04T04:00,18.6,4,15.6,28.7,0.0,0.0,0.0
2025-09-04T05:00,18.1,2,14.7,26.9,3.0,0.0,3.0
2025-09-04T06:00,18.4,7,13.8,24.3,68.0,30.0,38.0
2025-09-04T07:00,19.4,14,15.2,23.7,203.0,134.0,69.0
2025-09-04T08:00,20.2,12,15.3,22.9,336.0,249.0,87.0
2025-09-04T09:00,21.1,49,16.2,24.0,433.0,317.0,116.0
2025-09-04T10:00,22.0,14,15.4,22.4,515.0,362.0,153.0
2025-09-04T11:00,22.9,17,16.5,23.8,600.0,470.0,130.0
2025-09-04T12:00,23.5,59,17.3,25.0,608.0,493.0,115.0
2025-09-04T13:00,23.3,88,16.7,24.7,394.0,204.0,190.0
2025-09-04T14:00,23.5,90,15.5,23.1,368.0,187.0,181.0
2025-09-04T15:00,23.3,99,14.0,20.7,267.0,110.0,157.0
2025-09-04T16:00,23.1,100,11.1,17.4,191.0,70.0,121.0
2025-09-04T17:00,22.5,100,6.0,12.2,101.0,28.0,73.0
2025-09-04T18:00,21.4,95,1.5,7.3,24.0,2.0,22.0
2025-09-04T19:00,20.8,100,0.6,4.5,0.0,0.0,0.0
2025-09-04T20:00,20.3,100,3.2,8.8,0.0,0.0,0.0
2025-09-04T21:00,19.3,98,9.9,18.7,0.0,0.0,0.0
2025-09-04T22:00,18.1,100,8.5,15.5,0.0,0.0,0.0
2025-09-04T23:00,18.0,100,11.2,21.5,0.0,0.0,0.0
2025-09-05T00:00,17.6,100,9.5,19.0,0.0,0.0,0.0
2025-09-05T01:00,17.7,100,7.3,15.2,0.0,0.0,0.0
2025-09-05T02:00,17.4,100,10.7,20.8,0.0,0.0,0.0
2025-09-05T03:00,16.5,100,10.7,19.8,0.0,0.0,0.0
2025-09-05T04:00,15.9,100,7.8,15.8,0.0,0.0,0.0
2025-09-05T05:00,15.9,100,8.9,17.7,1.0,0.0,1.0
2025-09-05T06:00,16.0,100,12.9,22.6,20.0,0.0,20.0
2025-09-05T07:00,16.5,100,13.6,21.4,92.0,3.0,89.0
2025-09-05T08:00,17.3,97,12.0,18.5,207.0,48.0,159.0
2025-09-05T09:00,18.4,83,13.9,20.6,398.0,230.0,168.0
2025-09-05T10:00,19.5,100,14.8,21.7,531.0,410.0,121.0
2025-09-05T11:00,19.6,99,15.3,22.3,541.0,360.0,181.0
2025-09-05T12:00,19.8,97,15.9,23.0,483.0,224.0,259.0
2025-09-05T13:00,19.6,31,13.7,20.0,457.0,299.0,158.0
2025-09-05T14:00,19.7,87,14.9,21.7,424.0,300.0,124.0
2025-09-05T15:00,19.0,42,14.8,21.9,332.0,215.0,117.0
2025-09-05T16:00,18.6,32,14.5,22.1,224.0,135.0,89.0
2025-09-05T17:00,18.0,20,13.0,21.0,134.0,75.0,59.0
2025-09-05T18:00,17.0,3,10.0,19.0,32.0,14.0,18.0
2025-09-05T19:00,16.3,9,8.3,17.2,0.0,0.0,0.0
2025-09-05T20:00,15.7,6,7.8,16.9,0.0,0.0,0.0
2025-09-05T21:00,15.2,3,8.1,17.8,0.0,0.0,0.0
2025-09-05T22:00,14.7,1,7.6,17.4,0.0,0.0,0.0
2025-09-05T23:00,14.2,2,7.1,16.0,0.0,0.0,0.0
2025-09-06T00:00,13.8,3,7.3,16.3,0.0,0.0,0.0
2025-09-06T01:00,12.9,3,5.7,14.1,0.0,0.0,0.0
2025-09-06T02:00,12.6,2,6.2,14.5,0.0,0.0,0.0
2025-09-06T03:00,12.4,2,6.2,14.5,0.0,0.0,0.0
2025-09-06T04:00,12.1,3,6.8,15.3,0.0,0.0,0.0
2025-09-06T05:00,11.7,2,6.2,14.9,2.0,0.0,2.0
2025-09-06T06:00,12.4,2,6.0,14.3,70.0,37.0,33.0
2025-09-06T07:00,13.9,0,4.1,11.6,206.0,145.0,61.0
2025-09-06T08:00,15.8,0,3.4,5.6,353.0,277.0,76.0
2025-09-06T09:00,17.5,0,3.8,5.4,484.0,399.0,85.0
2025-09-06T10:00,18.7,14,5.8,8.1,577.0,481.0,96.0
2025-09-06T11:00,19.6,17,5.6,7.8,620.0,508.0,112.0
2025-09-06T12:00,20.4,16,4.1,5.8,628.0,508.0,120.0
2025-09-06T13:00,21.1,10,1.8,2.4,606.0,507.0,99.0
2025-09-06T14:00,21.5,9,0.4,0.6,535.0,438.0,97.0
2025-09-06T15:00,21.2,7,2.1,2.8,409.0,317.0,92.0
2025-09-06T16:00,21.1,16,3.1,4.3,283.0,207.0,76.0
2025-09-06T17:00,20.5,8,2.0,4.9,146.0,94.0,52.0
2025-09-06T18:00,18.8,94,4.7,11.2,31.0,15.0,16.0
2025-09-06T19:00,17.5,95,9.3,19.5,0.0,0.0,0.0
2025-09-06T20:00,16.8,100,8.4,19.7,0.0,0.0,0.0
2025-09-06T21:00,16.0,4,7.8,18.5,0.0,0.0,0.0
2025-09-06T22:00,15.4,100,9.5,21.3,0.0,0.0,0.0
2025-09-06T23:00,15.1,100,10.2,22.4,0.0,0.0,0.0
2025-09-07T00:00,14.6,100,9.5,20.8,0.0,0.0,0.0
2025-09-07T01:00,13.6,100,10.4,22.2,0.0,0.0,0.0
2025-09-07T02:00,13.2,86,10.3,21.9,0.0,0.0,0.0
2025-09-07T03:00,12.8,71,9.8,20.8,0.0,0.0,0.0
2025-09-07T04:00,12.5,97,10.3,21.8,0.0,0.0,0.0
2025-09-07T05:00,12.4,100,10.1,21.6,2.0,0.0,2.0
2025-09-07T06:00,13.1,100,10.5,22.3,56.0,10.0,46.0
2025-09-07T07:00,14.2,100,8.6,24.5,153.0,38.0,115.0
2025-09-07T08:00,15.9,98,9.0,15.7,273.0,108.0,165.0
2025-09-07T09:00,18.1,100,10.0,15.7,430.0,267.0,163.0
2025-09-07T10:00,20.2,100,12.7,19.0,541.0,379.0,162.0
2025-09-07T11:00,21.2,100,14.8,21.7,575.0,373.0,202.0
2025-09-07T12:00,21.8,100,15.3,22.5,566.0,341.0,225.0
2025-09-07T13:00,22.9,82,15.6,22.9,596.0,449.0,147.0
2025-09-07T14:00,22.8,57,16.1,23.7,524.0,396.0,128.0
2025-09-07T15:00,22.5,2,16.4,24.7,421.0,321.0,100.0
2025-09-07T16:00,22.0,18,15.8,25.2,294.0,226.0,68.0
2025-09-07T17:00,20.9,18,15.1,26.3,148.0,100.0,48.0
2025-09-07T18:00,19.5,5,15.2,28.9,28.0,14.0,14.0
2025-09-07T19:00,18.8,55,13.8,27.8,0.0,0.0,0.0
2025-09-07T20:00,17.6,95,12.1,25.6,0.0,0.0,0.0
2025-09-07T21:00,16.4,54,12.3,25.8,0.0,0.0,0.0
2025-09-07T22:00,15.7,34,12.3,25.5,0.0,0.0,0.0
2025-09-07T23:00,15.1,81,12.8,26.4,0.0,0.0,0.0
2025-09-08T00:00,14.7,100,13.1,26.9,0.0,0.0,0.0
2025-09-08T01:00,14.1,42,14.0,28.7,0.0,0.0,0.0
2025-09-08T02:00,13.7,35,13.9,28.0,0.0,0.0,0.0
2025-09-08T03:00,13.3,19,13.4,27.2,0.0,0.0,0.0
2025-09-08T04:00,13.1,0,13.0,26.5,0.0,0.0,0.0
2025-09-08T05:00,12.8,0,13.3,27.0,1.0,0.0,1.0
2025-09-08T06:00,13.5,0,11.8,25.8,68.0,39.0,29.0
2025-09-08T07:00,14.8,0,10.7,18.6,205.0,149.0,56.0
2025-09-08T08:00,16.6,16,11.2,17.3,354.0,287.0,67.0
2025-09-08T09:00,18.7,66,12.1,18.2,483.0,405.0,78.0
2025-09-08T10:00,20.6,63,14.8,22.1,579.0,487.0,92.0
2025-09-08T11:00,22.0,2,14.7,21.4,642.0,555.0,87.0
2025-09-08T12:00,22.9,5,14.7,21.6,660.0,577.0,83.0
2025-09-08T13:00,23.5,96,13.5,19.6,615.0,513.0,102.0
2025-09-08T14:00,23.5,99,11.8,16.9,530.0,417.0,113.0
2025-09-08T15:00,23.2,100,10.7,15.3,363.0,204.0,159.0
2025-09-08T16:00,22.7,100,9.2,14.6,204.0,65.0,139.0
2025-09-08T17:00,21.7,100,8.1,16.0,83.0,8.0,75.0
2025-09-08T18:00,20.3,100,8.0,18.5,16.0,0.0,16.0
2025-09-08T19:00,19.5,100,8.9,20.4,0.0,0.0,0.0
2025-09-08T20:00,19.0,100,8.4,19.8,0.0,0.0,0.0
2025-09-08T21:00,18.3,97,9.9,22.4,0.0,0.0,0.0
2025-09-08T22:00,17.6,95,10.3,22.7,0.0,0.0,0.0
2025-09-08T23:00,16.8,31,7.6,19.2,0.0,0.0,0.0
2025-09-09T00:00,15.9,3,6.2,16.3,0.0,0.0,0.0
2025-09-09T01:00,14.4,19,5.2,15.1,0.0,0.0,0.0
2025-09-09T02:00,13.8,2,4.3,13.0,0.0,0.0,0.0
2025-09-09T03:00,13.2,0,3.8,11.3,0.0,0.0,0.0
2025-09-09T04:00,13.2,59,5.1,13.0,0.0,0.0,0.0
2025-09-09T05:00,12.9,97,7.1,16.6,1.0,0.0,1.0
2025-09-09T06:00,13.6,87,7.5,16.6,57.0,20.0,37.0
2025-09-09T07:00,15.1,90,4.5,14.0,185.0,111.0,74.0
2025-09-09T08:00,17.1,74,4.5,7.6,333.0,246.0,87.0
2025-09-09T09:00,19.5,69,4.5,7.0,458.0,355.0,103.0
2025-09-09T10:00,21.5,41,7.4,10.6,569.0,475.0,94.0
2025-09-09T11:00,22.3,99,11.5,16.2,515.0,367.0,148.0
2025-09-09T12:00,22.9,99,11.6,16.5,479.0,301.0,178.0
2025-09-09T13:00,23.0,100,9.1,12.7,452.0,246.0,206.0
2025-09-09T14:00,22.7,100,10.7,15.3,345.0,151.0,194.0
2025-09-09T15:00,21.3,100,6.8,10.4,270.0,82.0,188.0
2025-09-09T16:00,18.8,100,9.3,15.7,81.0,0.0,81.0
2025-09-09T17:00,18.0,100,7.0,13.0,45.0,1.0,44.0
2025-09-09T18:00,17.9,100,8.2,15.9,9.0,0.0,9.0
2025-09-09T19:00,17.5,100,9.0,17.3,0.0,0.0,0.0
2025-09-09T20:00,17.2,100,8.5,16.9,0.0,0.0,0.0
2025-09-09T21:00,16.8,100,8.9,17.5,0.0,0.0,0.0
2025-09-09T22:00,16.4,100,8.1,16.2,0.0,0.0,0.0
2025-09-09T23:00,15.9,100,8.0,16.3,0.0,0.0,0.0
2025-09-10T00:00,15.7,100,7.3,15.4,0.0,0.0,0.0
2025-09-10T01:00,15.9,100,4.7,8.6,0.0,0.0,0.0
2025-09-10T02:00,15.5,51,5.2,10.2,0.0,0.0,0.0
2025-09-10T03:00,14.9,15,5.1,11.2,0.0,0.0,0.0
2025-09-10T04:00,14.5,87,6.0,13.6,0.0,0.0,0.0
2025-09-10T05:00,14.4,100,7.1,14.7,0.0,0.0,0.0
2025-09-10T06:00,14.6,100,6.2,10.3,21.0,0.0,21.0
2025-09-10T07:00,15.0,73,6.8,10.8,66.0,7.0,59.0
2025-09-10T08:00,15.9,55,6.5,9.2,184.0,82.0,102.0
2025-09-10T09:00,17.6,79,7.0,9.7,353.0,212.0,141.0
2025-09-10T10:00,18.4,73,7.8,10.8,386.0,177.0,209.0
2025-09-10T11:00,18.9,96,5.7,7.8,386.0,170.0,216.0
2025-09-10T12:00,19.9,100,7.5,10.1,479.0,289.0,190.0
2025-09-10T13:00,19.6,100,8.1,11.2,355.0,108.0,247.0
2025-09-10T14:00,19.4,100,8.6,12.2,244.0,66.0,178.0
2025-09-10T15:00,19.2,100,8.3,11.8,209.0,41.0,168.0
2025-09-10T16:00,19.0,100,8.3,12.0,130.0,5.0,125.0
2025-09-10T17:00,18.3,100,5.5,10.0,41.0,0.0,41.0
2025-09-10T18:00,17.7,100,4.5,10.0,8.0,0.0,8.0
2025-09-10T19:00,17.3,100,5.2,11.5,0.0,0.0,0.0
2025-09-10T20:00,16.8,57,7.0,15.3,0.0,0.0,0.0
2025-09-10T21:00,15.9,0,6.5,15.5,0.0,0.0,0.0
2025-09-10T22:00,15.2,0,8.2,18.5,0.0,0.0,0.0
2025-09-10T23:00,14.5,0,9.1,19.5,0.0,0.0,0.0
2025-09-11T00:00,13.9,1,8.4,19.3,0.0,0.0,0.0
2025-09-11T01:00,13.0,0,8.5,19.6,0.0,0.0,0.0
2025-09-11T02:00,12.8,0,8.2,19.0,0.0,0.0,0.0
2025-09-11T03:00,12.6,0,8.4,18.7,0.0,0.0,0.0
2025-09-11T04:00,12.5,9,9.0,19.5,0.0,0.0,0.0
2025-09-11T05:00,12.6,10,9.8,20.7,0.0,0.0,0.0
2025-09-11T06:00,13.6,5,10.2,21.7,53.0,27.0,26.0
2025-09-11T07:00,15.4,10,9.5,22.8,183.0,124.0,59.0
2025-09-11T08:00,17.5,5,11.9,18.8,324.0,248.0,76.0
2025-09-11T09:00,19.1,36,15.9,24.1,454.0,369.0,85.0
2025-09-11T10:00,19.6,89,20.6,30.9,462.0,318.0,144.0
2025-09-11T11:00,19.1,100,18.0,27.1,297.0,63.0,234.0
2025-09-11T12:00,20.0,95,17.4,25.9,433.0,226.0,207.0
2025-09-11T13:00,18.0,65,19.4,29.6,374.0,217.0,157.0
2025-09-11T14:00,18.5,22,15.9,23.8,302.0,168.0,134.0
2025-09-11T15:00,19.2,41,15.2,22.9,357.0,264.0,93.0
2025-09-11T16:00,17.0,44,14.1,22.9,196.0,122.0,74.0
2025-09-11T17:00,16.5,11,10.4,18.3,97.0,50.0,47.0
2025-09-11T18:00,16.0,19,8.4,18.0,16.0,6.0,10.0
2025-09-11T19:00,15.5,5,10.1,21.2,0.0,0.0,0.0
2025-09-11T20:00,15.3,1,13.4,25.8,0.0,0.0,0.0
2025-09-11T21:00,14.9,35,14.9,27.6,0.0,0.0,0.0
2025-09-11T22:00,14.2,13,15.8,28.7,0.0,0.0,0.0
2025-09-11T23:00,13.9,16,15.9,29.1,0.0,0.0,0.0
2025-09-12T00:00,13.8,6,16.3,29.8,0.0,0.0,0.0
2025-09-12T01:00,12.9,0,16.2,30.3,0.0,0.0,0.0
2025-09-12T02:00,12.6,0,15.5,29.2,0.0,0.0,0.0
2025-09-12T03:00,12.5,0,15.1,28.3,0.0,0.0,0.0
2025-09-12T04:00,12.4,0,15.5,28.9,0.0,0.0,0.0
2025-09-12T05:00,12.1,1,15.7,29.1,0.0,0.0,0.0
2025-09-12T06:00,12.6,2,16.8,28.9,52.0,27.0,25.0
2025-09-12T07:00,13.8,0,14.8,24.0,183.0,125.0,58.0
2025-09-12T08:00,15.1,36,22.8,34.1,329.0,256.0,73.0
2025-09-12T09:00,15.8,20,21.1,31.8,402.0,270.0,132.0
2025-09-12T10:00,16.7,29,21.8,32.5,507.0,391.0,116.0
2025-09-12T11:00,17.2,14,21.3,31.6,539.0,416.0,123.0
2025-09-12T12:00,18.1,13,20.9,31.3,564.0,442.0,122.0
2025-09-12T13:00,18.5,30,20.5,30.4,535.0,424.0,111.0
2025-09-12T14:00,18.7,22,19.2,29.2,421.0,307.0,114.0
2025-09-12T15:00,17.9,82,22.5,34.1,355.0,268.0,87.0
2025-09-12T16:00,16.4,18,12.6,19.9,176.0,98.0,78.0
2025-09-12T17:00,15.8,3,11.5,20.2,108.0,60.0,48.0
2025-09-12T18:00,14.8,11,11.1,21.8,14.0,6.0,8.0
2025-09-12T19:00,14.1,5,10.0,21.5,0.0,0.0,0.0
2025-09-12T20:00,14.1,6,12.9,25.5,0.0,0.0,0.0
2025-09-12T21:00,13.7,2,11.3,23.1,0.0,0.0,0.0
2025-09-12T22:00,13.1,5,11.3,23.3,0.0,0.0,0.0
2025-09-12T23:00,12.8,11,12.3,25.1,0.0,0.0,0.0
2025-09-13T00:00,12.8,3,12.4,25.5,0.0,0.0,0.0
2025-09-13T01:00,11.9,3,12.5,26.0,0.0,0.0,0.0
2025-09-13T02:00,11.6,2,12.3,25.9,0.0,0.0,0.0
2025-09-13T03:00,11.4,99,12.2,25.4,0.0,0.0,0.0
2025-09-13T04:00,11.4,100,11.7,24.7,0.0,0.0,0.0
2025-09-13T05:00,11.4,90,10.8,22.8,0.0,0.0,0.0
2025-09-13T06:00,11.8,82,11.6,23.1,45.0,15.0,30.0
2025-09-13T07:00,13.1,100,9.8,26.9,147.0,73.0,74.0
2025-09-13T08:00,14.8,100,10.6,17.3,284.0,160.0,124.0
2025-09-13T09:00,16.0,100,12.3,18.6,305.0,82.0,223.0
2025-09-13T10:00,16.4,100,14.0,21.1,284.0,51.0,233.0
2025-09-13T11:00,16.5,100,15.3,22.9,300.0,44.0,256.0
2025-09-13T12:00,15.6,96,13.1,20.1,269.0,57.0,212.0
2025-09-13T13:00,15.2,84,17.1,26.5,311.0,138.0,173.0
2025-09-13T14:00,15.2,28,2.0,5.0,283.0,137.0,146.0
2025-09-13T15:00,16.6,22,9.8,17.7,222.0,138.0,84.0
2025-09-13T16:00,17.0,31,10.4,16.9,239.0,166.0,73.0
2025-09-13T17:00,16.1,58,9.0,17.7,105.0,59.0,46.0
2025-09-13T18:00,14.8,90,9.3,20.6,12.0,4.0,8.0
2025-09-13T19:00,14.1,100,11.2,23.7,0.0,0.0,0.0
2025-09-13T20:00,14.1,98,10.2,21.9,0.0,0.0,0.0
2025-09-13T21:00,13.8,100,8.7,19.1,0.0,0.0,0.0
2025-09-13T22:00,13.9,100,12.4,24.7,0.0,0.0,0.0
2025-09-13T23:00,13.6,100,12.0,24.2,0.0,0.0,0.0
2025-09-14T00:00,13.2,100,12.1,24.0,0.0,0.0,0.0
2025-09-14T01:00,12.6,100,9.7,20.2,0.0,0.0,0.0
2025-09-14T02:00,12.7,100,9.9,20.2,0.0,0.0,0.0
2025-09-14T03:00,12.6,100,10.6,21.2,0.0,0.0,0.0
2025-09-14T04:00,12.6,86,9.9,19.6,0.0,0.0,0.0
2025-09-14T05:00,11.9,92,9.3,19.3,0.0,0.0,0.0
2025-09-14T06:00,12.2,55,9.8,18.5,41.0,16.0,25.0
2025-09-14T07:00,13.1,100,14.4,22.0,147.0,76.0,71.0
2025-09-14T08:00,13.8,100,14.5,21.7,200.0,62.0,138.0
2025-09-14T09:00,14.9,91,13.3,19.5,380.0,231.0,149.0
2025-09-14T10:00,15.6,22,13.4,19.4,439.0,297.0,142.0
2025-09-14T11:00,16.6,13,14.8,21.7,556.0,440.0,116.0
2025-09-14T12:00,17.3,32,15.2,22.3,553.0,439.0,114.0
2025-09-14T13:00,17.4,32,11.8,17.2,442.0,334.0,108.0
2025-09-14T14:00,16.2,61,15.2,22.8,415.0,276.0,139.0
2025-09-14T15:00,16.4,3,8.9,13.3,327.0,223.0,104.0
2025-09-14T16:00,16.6,48,11.3,17.5,255.0,193.0,62.0
2025-09-14T17:00,15.6,100,8.6,16.7,101.0,61.0,40.0
2025-09-14T18:00,14.4,100,6.2,15.0,11.0,3.0,8.0
2025-09-14T19:00,13.9,100,6.8,15.5,0.0,0.0,0.0
2025-09-14T20:00,13.2,100,7.2,17.0,0.0,0.0,0.0
2025-09-14T21:00,12.9,100,9.1,19.8,0.0,0.0,0.0
2025-09-14T22:00,13.0,100,10.1,21.8,0.0,0.0,0.0
2025-09-14T23:00,13.4,100,11.2,23.5,0.0,0.0,0.0
2025-09-15T00:00,12.9,100,15.5,29.0,0.0,0.0,0.0
2025-09-15T01:00,12.6,100,13.8,25.9,0.0,0.0,0.0
2025-09-15T02:00,12.6,100,16.0,29.9,0.0,0.0,0.0
2025-09-15T03:00,13.0,100,17.7,32.0,0.0,0.0,0.0
2025-09-15T04:00,13.4,96,16.5,29.7,0.0,0.0,0.0
2025-09-15T05:00,13.1,100,15.7,28.4,0.0,0.0,0.0
2025-09-15T06:00,14.1,100,16.2,28.7,14.0,0.0,14.0
2025-09-15T07:00,15.6,88,15.8,27.9,64.0,3.0,61.0
2025-09-15T08:00,17.5,18,22.5,37.1,184.0,60.0,124.0
2025-09-15T09:00,18.2,19,21.9,33.2,357.0,249.0,108.0
2025-09-15T10:00,18.1,24,25.1,38.8,399.0,275.0,124.0
2025-09-15T11:00,19.1,16,25.8,40.3,522.0,395.0,127.0
2025-09-15T12:00,19.4,15,27.2,42.6,561.0,450.0,111.0
2025-09-15T13:00,19.0,24,27.4,43.4,441.0,307.0,134.0
2025-09-15T14:00,19.1,15,26.7,42.7,398.0,294.0,104.0
2025-09-15T15:00,18.6,73,27.4,44.2,351.0,267.0,84.0
2025-09-15T16:00,17.8,30,23.6,40.0,177.0,104.0,73.0
2025-09-15T17:00,17.0,47,21.9,37.8,87.0,47.0,40.0
2025-09-15T18:00,16.6,25,21.7,38.3,7.0,2.0,5.0
2025-09-15T19:00,15.9,73,22.0,38.1,0.0,0.0,0.0
2025-09-15T20:00,14.1,27,18.8,33.5,0.0,0.0,0.0
2025-09-15T21:00,14.6,23,23.5,40.6,0.0,0.0,0.0
2025-09-15T22:00,14.5,23,24.2,41.7,0.0,0.0,0.0
2025-09-15T23:00,14.4,20,24.6,42.1,0.0,0.0,0.0
2025-09-16T00:00,14.4,39,25.9,44.0,0.0,0.0,0.0
2025-09-16T01:00,14.4,88,26.9,45.8,0.0,0.0,0.0
2025-09-16T02:00,14.6,100,27.9,47.0,0.0,0.0,0.0
2025-09-16T03:00,14.4,100,28.6,47.9,0.0,0.0,0.0
2025-09-16T04:00,14.2,100,28.9,48.2,0.0,0.0,0.0
2025-09-16T05:00,14.1,100,30.0,50.2,0.0,0.0,0.0
2025-09-16T06:00,13.9,100,29.5,49.2,17.0,0.0,17.0
2025-09-16T07:00,14.2,99,29.9,49.8,75.0,5.0,70.0
2025-09-16T08:00,14.6,100,25.7,41.7,164.0,33.0,131.0
2025-09-16T09:00,15.2,87,28.8,46.8,247.0,118.0,129.0
2025-09-16T10:00,16.5,62,27.9,43.8,461.0,325.0,136.0
2025-09-16T11:00,17.1,48,27.4,42.9,444.0,284.0,160.0
2025-09-16T12:00,17.1,53,25.6,40.1,474.0,322.0,152.0
2025-09-16T13:00,16.2,61,20.7,33.4,314.0,132.0,182.0
2025-09-16T14:00,15.6,100,16.8,27.2,268.0,154.0,114.0
2025-09-16T15:00,14.6,79,20.0,34.8,187.0,71.0,116.0
2025-09-16T16:00,14.4,78,24.1,39.0,135.0,57.0,78.0
2025-09-16T17:00,13.9,92,19.4,32.6,45.0,9.0,36.0
2025-09-16T18:00,13.4,96,18.9,32.1,4.0,0.0,4.0
2025-09-16T19:00,13.1,31,18.2,31.2,0.0,0.0,0.0
2025-09-16T20:00,12.8,18,19.3,33.3,0.0,0.0,0.0
2025-09-16T21:00,12.5,46,18.8,33.0,0.0,0.0,0.0
2025-09-16T22:00,12.5,16,18.0,31.1,0.0,0.0,0.0
2025-09-16T23:00,12.2,26,18.4,33.0,0.0,0.0,0.0
2025-09-17T00:00,12.2,28,19.2,34.2,0.0,0.0,0.0
2025-09-17T01:00,12.2,36,18.3,32.7,0.0,0.0,0.0
2025-09-17T02:00,11.9,31,18.5,33.0,0.0,0.0,0.0
2025-09-17T03:00,11.9,67,18.0,32.6,0.0,0.0,0.0
2025-09-17T04:00,11.9,97,18.4,33.0,0.0,0.0,0.0
2025-09-17T05:00,12.0,100,17.1,30.9,0.0,0.0,0.0
2025-09-17T06:00,12.4,100,16.9,29.8,23.0,1.0,22.0
2025-09-17T07:00,12.9,100,15.3,26.9,73.0,2.0,71.0
2025-09-17T08:00,13.8,100,16.3,26.2,141.0,20.0,121.0
2025-09-17T09:00,14.9,94,24.5,37.4,288.0,125.0,163.0
2025-09-17T10:00,15.9,88,22.5,34.8,411.0,262.0,149.0
2025-09-17T11:00,16.4,56,20.7,32.0,398.0,219.0,179.0
2025-09-17T12:00,17.2,56,21.7,33.1,545.0,394.0,151.0
2025-09-17T13:00,17.0,46,18.8,29.3,321.0,92.0,229.0
2025-09-17T14:00,17.5,39,17.4,27.0,396.0,266.0,130.0
2025-09-17T15:00,17.2,66,18.1,28.1,325.0,242.0,83.0
2025-09-17T16:00,16.1,100,16.7,28.4,143.0,71.0,72.0
2025-09-17T17:00,15.1,100,14.0,24.6,23.0,0.0,23.0
2025-09-17T18:00,14.8,100,14.0,25.1,2.0,0.0,2.0
2025-09-17T19:00,14.6,100,13.6,25.0,0.0,0.0,0.0
2025-09-17T20:00,14.8,100,13.9,25.5,0.0,0.0,0.0
2025-09-17T21:00,14.8,100,15.5,28.4,0.0,0.0,0.0
2025-09-17T22:00,14.6,100,18.1,31.5,0.0,0.0,0.0
2025-09-17T23:00,14.6,100,19.7,34.3,0.0,0.0,0.0
2025-09-18T00:00,14.9,100,19.9,34.9,0.0,0.0,0.0
2025-09-18T01:00,14.9,100,18.5,32.7,0.0,0.0,0.0
2025-09-18T02:00,15.2,100,18.1,32.1,0.0,0.0,0.0
2025-09-18T03:00,15.4,100,16.5,29.4,0.0,0.0,0.0
2025-09-18T04:00,15.7,100,16.9,30.3,0.0,0.0,0.0
2025-09-18T05:00,16.0,100,16.7,29.9,0.0,0.0,0.0
2025-09-18T06:00,16.4,100,17.8,31.6,7.0,0.0,7.0
2025-09-18T07:00,16.5,100,15.5,27.8,27.0,0.0,27.0
2025-09-18T08:00,17.4,100,16.4,25.2,147.0,76.0,71.0
2025-09-18T09:00,17.6,100,20.4,32.4,164.0,48.0,116.0
2025-09-18T10:00,18.0,69,20.8,32.9,215.0,61.0,154.0
2025-09-18T11:00,19.2,54,21.9,33.6,357.0,175.0,182.0
2025-09-18T12:00,19.4,93,22.8,34.6,398.0,232.0,166.0
2025-09-18T13:00,19.9,48,24.0,36.6,432.0,280.0,152.0
2025-09-18T14:00,19.7,70,23.3,35.8,317.0,174.0,143.0
2025-09-18T15:00,19.1,95,21.9,35.5,219.0,120.0,99.0
2025-09-18T16:00,18.5,100,20.7,33.9,89.0,26.0,63.0
2025-09-18T17:00,18.1,100,18.9,32.1,13.0,0.0,13.0
2025-09-18T18:00,17.9,100,19.1,32.7,1.0,0.0,1.0
2025-09-18T19:00,18.2,100,22.0,37.4,0.0,0.0,0.0
2025-09-18T20:00,18.2,100,20.9,35.8,0.0,0.0,0.0
2025-09-18T21:00,18.2,100,18.7,33.1,0.0,0.0,0.0
2025-09-18T22:00,18.0,100,18.5,32.7,0.0,0.0,0.0
2025-09-18T23:00,18.0,95,18.4,32.5,0.0,0.0,0.0
2025-09-19T00:00,17.6,32,17.5,31.1,0.0,0.0,0.0
2025-09-19T01:00,17.6,92,17.2,31.0,0.0,0.0,0.0
2025-09-19T02:00,17.4,32,16.0,29.1,0.0,0.0,0.0
2025-09-19T03:00,17.0,37,15.2,28.1,0.0,0.0,0.0
2025-09-19T04:00,16.5,60,14.2,26.4,0.0,0.0,0.0
2025-09-19T05:00,16.2,97,13.2,24.8,0.0,0.0,0.0
2025-09-19T06:00,16.2,100,13.8,25.3,26.0,6.0,20.0
2025-09-19T07:00,17.0,100,12.8,22.5,82.0,12.0,70.0
2025-09-19T08:00,17.6,100,13.8,22.6,106.0,7.0,99.0
2025-09-19T09:00,18.0,100,15.4,24.0,121.0,0.0,121.0
2025-09-19T10:00,19.0,100,15.1,22.6,211.0,23.0,188.0
2025-09-19T11:00,20.2,65,12.6,18.8,332.0,132.0,200.0
2025-09-19T12:00,21.1,85,12.1,17.5,424.0,217.0,207.0
2025-09-19T13:00,22.0,2,10.0,14.4,495.0,351.0,144.0
2025-09-19T14:00,22.2,3,9.6,14.1,458.0,370.0,88.0
2025-09-19T15:00,22.2,1,9.7,14.9,350.0,275.0,75.0
2025-09-19T16:00,21.9,32,7.7,14.8,217.0,159.0,58.0
2025-09-19T17:00,20.4,7,6.8,16.7,82.0,48.0,34.0
2025-09-19T18:00,19.1,84,7.9,19.6,4.0,1.0,3.0
2025-09-19T19:00,18.4,78,7.4,19.0,0.0,0.0,0.0
2025-09-19T20:00,17.8,92,6.3,17.6,0.0,0.0,0.0
2025-09-19T21:00,17.5,62,7.7,18.9,0.0,0.0,0.0
2025-09-19T22:00,17.6,78,9.6,22.5,0.0,0.0,0.0
2025-09-19T23:00,17.6,58,11.0,25.2,0.0,0.0,0.0
2025-09-20T00:00,17.4,4,10.9,25.6,0.0,0.0,0.0
2025-09-20T01:00,16.4,10,10.8,26.1,0.0,0.0,0.0
2025-09-20T02:00,15.9,0,10.5,25.5,0.0,0.0,0.0
2025-09-20T03:00,15.5,11,10.5,25.0,0.0,0.0,0.0
2025-09-20T04:00,15.2,73,10.3,24.7,0.0,0.0,0.0
2025-09-20T05:00,15.2,99,11.0,25.7,0.0,0.0,0.0
2025-09-20T06:00,15.8,100,11.5,25.5,26.0,4.0,22.0
2025-09-20T07:00,16.7,97,11.2,23.9,106.0,15.0,91.0
2025-09-20T08:00,18.5,65,7.9,23.8,271.0,174.0,97.0
2025-09-20T09:00,20.2,97,6.8,11.7,407.0,311.0,96.0
2025-09-20T10:00,21.9,51,7.3,11.0,493.0,379.0,114.0
2025-09-20T11:00,23.3,12,8.9,13.0,560.0,466.0,94.0
2025-09-20T12:00,24.5,96,9.4,14.2,571.0,483.0,88.0
2025-09-20T13:00,26.6,84,10.8,16.3,532.0,447.0,85.0
2025-09-20T14:00,26.5,100,9.9,17.5,380.0,238.0,142.0
2025-09-20T15:00,25.9,100,10.2,19.6,269.0,105.0,164.0
2025-09-20T16:00,24.3,100,7.9,17.6,136.0,31.0,105.0
2025-09-20T17:00,22.0,99,15.2,28.7,32.0,0.0,32.0
2025-09-20T18:00,20.0,100,6.3,16.2,2.0,0.0,2.0
2025-09-20T19:00,19.6,99,3.4,9.2,0.0,0.0,0.0
2025-09-20T20:00,19.2,100,7.0,16.4,0.0,0.0,0.0
2025-09-20T21:00,19.1,100,8.4,19.3,0.0,0.0,0.0
2025-09-20T22:00,19.3,28,11.9,25.1,0.0,0.0,0.0
2025-09-20T23:00,19.3,98,12.8,25.9,0.0,0.0,0.0
2025-09-21T00:00,19.0,100,11.8,24.9,0.0,0.0,0.0
2025-09-21T01:00,19.4,100,17.3,31.9,0.0,0.0,0.0
2025-09-21T02:00,19.2,100,14.8,28.1,0.0,0.0,0.0
2025-09-21T03:00,19.1,59,15.8,29.8,0.0,0.0,0.0
2025-09-21T04:00,18.9,44,15.3,28.7,0.0,0.0,0.0
2025-09-21T05:00,18.8,96,15.4,28.8,0.0,0.0,0.0
2025-09-21T06:00,19.0,26,17.7,31.3,22.0,4.0,18.0
2025-09-21T07:00,19.4,99,19.6,33.0,130.0,73.0,57.0
2025-09-21T08:00,19.4,97,20.1,29.4,230.0,115.0,115.0
2025-09-21T09:00,18.6,100,21.2,33.6,241.0,58.0,183.0
2025-09-21T10:00,17.8,100,22.2,35.0,271.0,72.0,199.0
2025-09-21T11:00,17.2,99,25.0,39.2,281.0,69.0,212.0
2025-09-21T12:00,17.9,100,30.1,45.9,379.0,152.0,227.0
2025-09-21T13:00,18.2,100,28.4,44.3,464.0,291.0,173.0
2025-09-21T14:00,16.8,100,28.7,43.8,229.0,54.0,175.0
2025-09-21T15:00,15.8,100,23.7,34.3,227.0,87.0,140.0
2025-09-21T16:00,14.6,100,20.7,32.9,100.0,8.0,92.0
2025-09-21T17:00,13.6,100,17.3,28.4,39.0,3.0,36.0
2025-09-21T18:00,13.6,100,11.9,20.1,1.0,0.0,1.0
2025-09-21T19:00,13.1,100,9.3,17.8,0.0,0.0,0.0
2025-09-21T20:00,13.1,100,9.8,18.6,0.0,0.0,0.0
2025-09-21T21:00,12.5,100,9.4,19.0,0.0,0.0,0.0
2025-09-21T22:00,12.1,100,7.8,16.7,0.0,0.0,0.0
2025-09-21T23:00,12.1,100,7.6,16.2,0.0,0.0,0.0
2025-09-22T00:00,11.8,100,8.5,18.4,0.0,0.0,0.0
2025-09-22T01:00,10.4,100,9.6,20.3,0.0,0.0,0.0
2025-09-22T02:00,10.4,100,9.3,20.4,0.0,0.0,0.0
2025-09-22T03:00,10.3,100,8.4,19.0,0.0,0.0,0.0
2025-09-22T04:00,10.1,18,5.9,14.9,0.0,0.0,0.0
2025-09-22T05:00,9.9,23,5.0,13.0,0.0,0.0,0.0
2025-09-22T06:00,10.1,20,6.4,13.2,27.0,13.0,14.0
2025-09-22T07:00,11.1,99,5.0,10.7,143.0,90.0,53.0
2025-09-22T08:00,12.3,100,6.1,9.5,249.0,144.0,105.0
2025-09-22T09:00,13.2,100,9.3,13.9,323.0,136.0,187.0
2025-09-22T10:00,14.0,100,13.0,18.9,429.0,240.0,189.0
2025-09-22T11:00,14.6,100,14.1,20.3,494.0,334.0,160.0
2025-09-22T12:00,14.9,94,14.1,20.7,512.0,339.0,173.0
2025-09-22T13:00,14.7,100,13.6,20.1,390.0,191.0,199.0
2025-09-22T14:00,14.4,100,15.3,22.1,297.0,96.0,201.0
2025-09-22T15:00,13.9,100,14.3,21.0,238.0,95.0,143.0
2025-09-22T16:00,13.4,14,11.1,18.8,144.0,50.0,94.0
2025-09-22T17:00,12.4,10,8.9,17.4,65.0,34.0,31.0
2025-09-22T18:00,11.4,0,6.2,15.0,2.0,0.0,2.0
2025-09-22T19:00,11.1,9,6.7,16.0,0.0,0.0,0.0
2025-09-22T20:00,10.6,1,6.9,16.6,0.0,0.0,0.0
2025-09-22T21:00,10.1,3,7.1,17.6,0.0,0.0,0.0
2025-09-22T22:00,10.0,0,7.6,18.3,0.0,0.0,0.0
2025-09-22T23:00,9.9,6,7.8,18.2,0.0,0.0,0.0
2025-09-23T00:00,9.7,10,8.2,18.5,0.0,0.0,0.0
2025-09-23T01:00,8.4,8,8.3,19.3,0.0,0.0,0.0
2025-09-23T02:00,8.4,4,7.0,17.8,0.0,0.0,0.0
2025-09-23T03:00,8.4,3,7.1,16.8,0.0,0.0,0.0
2025-09-23T04:00,8.1,27,6.3,15.9,0.0,0.0,0.0
2025-09-23T05:00,8.1,39,4.7,13.3,0.0,0.0,0.0
2025-09-23T06:00,8.6,16,5.1,12.9,21.0,8.0,13.0
2025-09-23T07:00,9.9,17,6.1,15.2,124.0,73.0,51.0
2025-09-23T08:00,11.7,10,5.8,11.9,272.0,199.0,73.0
2025-09-23T09:00,13.0,0,5.8,8.7,407.0,330.0,77.0
2025-09-23T10:00,14.0,0,5.8,8.1,515.0,436.0,79.0
2025-09-23T11:00,14.7,1,7.2,10.2,576.0,495.0,81.0
2025-09-23T12:00,15.1,1,8.3,11.7,578.0,490.0,88.0
2025-09-23T13:00,15.6,14,9.2,13.0,513.0,405.0,108.0
2025-09-23T14:00,15.6,40,9.6,13.7,423.0,322.0,101.0
2025-09-23T15:00,15.2,24,10.3,14.8,326.0,243.0,83.0
2025-09-23T16:00,14.6,26,8.0,14.5,200.0,142.0,58.0
2025-09-23T17:00,13.1,23,7.8,16.9,64.0,36.0,28.0
2025-09-23T18:00,12.1,0,10.6,22.1,1.0,0.0,1.0
2025-09-23T19:00,11.1,0,9.9,21.7,0.0,0.0,0.0
2025-09-23T20:00,10.4,0,9.6,21.6,0.0,0.0,0.0
2025-09-23T21:00,9.9,0,8.7,20.2,0.0,0.0,0.0
2025-09-23T22:00,9.6,1,9.2,21.0,0.0,0.0,0.0
2025-09-23T23:00,9.2,0,8.4,19.9,0.0,0.0,0.0
2025-09-24T00:00,8.9,1,6.5,16.9,0.0,0.0,0.0
2025-09-24T01:00,7.2,0,4.8,14.4,0.0,0.0,0.0
2025-09-24T02:00,7.3,0,5.6,16.0,0.0,0.0,0.0
2025-09-24T03:00,7.3,0,7.7,19.1,0.0,0.0,0.0
2025-09-24T04:00,7.2,0,7.3,18.7,0.0,0.0,0.0
2025-09-24T05:00,7.2,0,7.7,19.5,0.0,0.0,0.0
2025-09-24T06:00,7.8,0,9.5,21.0,24.0,12.0,12.0
2025-09-24T07:00,9.3,0,9.9,23.3,142.0,97.0,45.0
2025-09-24T08:00,11.1,0,8.9,20.9,286.0,223.0,63.0
2025-09-24T09:00,13.1,0,10.5,16.7,416.0,343.0,73.0
2025-09-24T10:00,14.2,0,16.0,24.0,513.0,434.0,79.0
2025-09-24T11:00,14.9,0,16.6,24.8,566.0,483.0,83.0
2025-09-24T12:00,15.3,3,16.4,24.4,573.0,490.0,83.0
2025-09-24T13:00,15.7,0,16.9,25.6,535.0,454.0,81.0
2025-09-24T14:00,15.6,0,17.1,26.1,453.0,377.0,76.0
2025-09-24T15:00,15.2,8,17.4,27.4,334.0,266.0,68.0
2025-09-24T16:00,14.6,0,15.3,26.6,195.0,140.0,55.0
2025-09-24T17:00,13.5,0,14.4,26.7,61.0,35.0,26.0
2025-09-24T18:00,12.6,0,15.9,29.7,0.0,0.0,0.0
2025-09-24T19:00,12.0,0,16.6,30.8,0.0,0.0,0.0
2025-09-24T20:00,11.4,0,17.1,31.2,0.0,0.0,0.0
2025-09-24T21:00,10.9,0,16.1,29.9,0.0,0.0,0.0
2025-09-24T22:00,10.5,0,15.3,28.9,0.0,0.0,0.0
2025-09-24T23:00,10.1,0,14.7,28.3,0.0,0.0,0.0
2025-09-25T00:00,9.9,0,14.5,28.0,0.0,0.0,0.0
2025-09-25T01:00,9.4,0,14.9,28.5,0.0,0.0,0.0
2025-09-25T02:00,9.2,5,14.3,27.6,0.0,0.0,0.0
2025-09-25T03:00,8.9,18,14.5,28.1,0.0,0.0,0.0
2025-09-25T04:00,8.6,4,14.4,28.1,0.0,0.0,0.0
2025-09-25T05:00,8.5,0,15.3,29.6,0.0,0.0,0.0
2025-09-25T06:00,8.6,0,15.7,29.2,22.0,11.0,11.0
2025-09-25T07:00,9.5,0,13.1,25.2,136.0,92.0,44.0
2025-09-25T08:00,10.8,0,14.8,24.2,276.0,214.0,62.0
2025-09-25T09:00,12.2,0,16.0,24.9,404.0,332.0,72.0
2025-09-25T10:00,13.4,3,18.6,28.3,502.0,424.0,78.0
2025-09-25T11:00,14.2,0,21.1,32.4,558.0,477.0,81.0
2025-09-25T12:00,14.8,0,20.7,31.5,567.0,486.0,81.0
2025-09-25T13:00,15.5,0,19.0,29.0,531.0,452.0,79.0
2025-09-25T14:00,15.6,29,19.5,30.4,451.0,379.0,72.0
2025-09-25T15:00,15.2,35,18.7,30.7,311.0,219.0,92.0
2025-09-25T16:00,14.5,100,17.8,30.7,178.0,110.0,68.0
2025-09-25T17:00,13.4,100,16.2,29.2,42.0,6.0,36.0
2025-09-25T18:00,12.9,100,16.7,30.2,0.0,0.0,0.0
2025-09-25T19:00,12.2,100,16.9,31.0,0.0,0.0,0.0
2025-09-25T20:00,11.7,100,16.9,31.3,0.0,0.0,0.0
2025-09-25T21:00,11.6,100,16.7,30.7,0.0,0.0,0.0
2025-09-25T22:00,11.4,100,14.6,27.3,0.0,0.0,0.0
2025-09-25T23:00,10.9,96,14.2,27.2,0.0,0.0,0.0
2025-09-26T00:00,10.7,100,14.8,28.1,0.0,0.0,0.0
2025-09-26T01:00,10.4,93,15.0,28.8,0.0,0.0,0.0
2025-09-26T02:00,10.1,100,14.7,28.0,0.0,0.0,0.0
2025-09-26T03:00,10.4,73,14.9,27.5,0.0,0.0,0.0
2025-09-26T04:00,9.9,81,14.6,27.7,0.0,0.0,0.0
2025-09-26T05:00,9.7,100,14.7,27.8,0.0,0.0,0.0
2025-09-26T06:00,10.1,100,14.3,26.1,7.0,0.0,7.0
2025-09-26T07:00,10.6,100,14.5,26.1,52.0,0.0,52.0
2025-09-26T08:00,11.3,100,13.7,22.4,145.0,36.0,109.0
2025-09-26T09:00,11.7,99,15.7,24.9,171.0,10.0,161.0
2025-09-26T10:00,12.8,100,17.0,25.8,358.0,186.0,172.0
2025-09-26T11:00,13.2,100,16.5,25.1,377.0,178.0,199.0
2025-09-26T12:00,13.3,73,16.0,24.3,311.0,87.0,224.0
2025-09-26T13:00,14.9,24,18.0,27.4,440.0,310.0,130.0
2025-09-26T14:00,14.9,17,18.4,28.5,402.0,303.0,99.0
2025-09-26T15:00,14.6,4,17.7,28.0,305.0,232.0,73.0
2025-09-26T16:00,14.4,1,14.8,26.1,173.0,118.0,55.0
2025-09-26T17:00,13.5,0,16.6,30.3,48.0,25.0,23.0
2025-09-26T18:00,12.9,2,15.5,29.4,0.0,0.0,0.0
2025-09-26T19:00,12.4,2,14.4,28.4,0.0,0.0,0.0
2025-09-26T20:00,12.4,27,14.8,28.8,0.0,0.0,0.0
2025-09-26T21:00,12.4,97,14.6,28.6,0.0,0.0,0.0
2025-09-26T22:00,12.1,99,14.8,28.4,0.0,0.0,0.0
2025-09-26T23:00,11.9,89,13.9,26.8,0.0,0.0,0.0
2025-09-27T00:00,11.9,100,12.8,25.3,0.0,0.0,0.0
2025-09-27T01:00,11.6,64,12.0,24.5,0.0,0.0,0.0
2025-09-27T02:00,11.4,39,12.4,24.4,0.0,0.0,0.0
2025-09-27T03:00,10.9,13,11.7,23.2,0.0,0.0,0.0
2025-09-27T04:00,10.6,23,12.8,26.2,0.0,0.0,0.0
2025-09-27T05:00,10.5,25,13.1,26.7,0.0,0.0,0.0
2025-09-27T06:00,10.6,99,13.2,26.0,16.0,5.0,11.0
2025-09-27T07:00,11.4,100,12.8,24.9,71.0,8.0,63.0
2025-09-27T08:00,12.1,100,11.5,19.7,131.0,24.0,107.0
2025-09-27T09:00,12.7,100,11.1,17.8,159.0,16.0,143.0
2025-09-27T10:00,13.8,100,10.8,16.3,232.0,63.0,169.0
2025-09-27T11:00,15.2,90,10.9,16.1,362.0,171.0,191.0
2025-09-27T12:00,16.3,1,10.5,15.5,386.0,194.0,192.0
2025-09-27T13:00,17.1,96,13.0,19.0,356.0,203.0,153.0
2025-09-27T14:00,17.6,100,12.6,19.6,271.0,127.0,144.0
2025-09-27T15:00,17.6,88,10.6,18.3,166.0,39.0,127.0
2025-09-27T16:00,17.2,99,9.6,18.3,94.0,12.0,82.0
2025-09-27T17:00,16.3,100,7.7,17.9,25.0,4.0,21.0
2025-09-27T18:00,15.9,100,8.1,18.2,0.0,0.0,0.0
2025-09-27T19:00,15.4,100,8.5,18.8,0.0,0.0,0.0
2025-09-27T20:00,14.9,100,9.7,20.7,0.0,0.0,0.0
2025-09-27T21:00,14.6,96,9.9,21.0,0.0,0.0,0.0
2025-09-27T22:00,13.9,100,11.0,23.0,0.0,0.0,0.0
2025-09-27T23:00,13.2,10,10.2,22.0,0.0,0.0,0.0
2025-09-28T00:00,12.2,0,10.0,21.4,0.0,0.0,0.0
2025-09-28T01:00,12.8,8,9.3,20.3,0.0,0.0,0.0
2025-09-28T02:00,12.0,97,9.1,20.3,0.0,0.0,0.0
2025-09-28T03:00,12.0,85,7.9,17.8,0.0,0.0,0.0
2025-09-28T04:00,11.8,90,7.1,15.5,0.0,0.0,0.0
2025-09-28T05:00,11.6,89,8.4,17.7,0.0,0.0,0.0
2025-09-28T06:00,11.6,26,8.6,17.5,10.0,1.0,9.0
2025-09-28T07:00,11.9,2,8.0,15.9,79.0,29.0,50.0
2025-09-28T08:00,12.6,100,7.6,11.9,206.0,110.0,96.0
2025-09-28T09:00,13.8,51,7.0,10.5,332.0,207.0,125.0
2025-09-28T10:00,15.1,5,6.6,9.6,402.0,282.0,120.0
2025-09-28T11:00,16.4,4,7.8,11.3,493.0,378.0,115.0
2025-09-28T12:00,17.5,69,9.6,13.8,535.0,452.0,83.0
2025-09-28T13:00,18.6,80,9.1,13.1,497.0,417.0,80.0
2025-09-28T14:00,18.8,68,7.5,10.7,415.0,339.0,76.0
2025-09-28T15:00,18.6,75,6.5,9.4,300.0,232.0,68.0
2025-09-28T16:00,17.8,59,6.0,12.4,165.0,113.0,52.0
2025-09-28T17:00,16.0,29,7.6,17.6,41.0,21.0,20.0
2025-09-28T18:00,14.9,54,9.5,21.3,0.0,0.0,0.0
2025-09-28T19:00,13.8,0,10.3,22.8,0.0,0.0,0.0
2025-09-28T20:00,13.0,0,11.0,24.0,0.0,0.0,0.0
2025-09-28T21:00,12.4,0,11.3,24.8,0.0,0.0,0.0
2025-09-28T22:00,11.7,0,10.1,22.7,0.0,0.0,0.0
2025-09-28T23:00,11.1,0,9.2,21.0,0.0,0.0,0.0
2025-09-29T00:00,10.6,0,8.7,20.1,0.0,0.0,0.0
2025-09-29T01:00,9.4,0,8.4,19.5,0.0,0.0,0.0
2025-09-29T02:00,9.0,0,8.8,19.6,0.0,0.0,0.0
2025-09-29T03:00,8.6,0,9.4,20.6,0.0,0.0,0.0
2025-09-29T04:00,8.4,0,10.0,21.4,0.0,0.0,0.0
2025-09-29T05:00,8.0,0,9.2,20.2,0.0,0.0,0.0
2025-09-29T06:00,7.9,0,10.2,20.7,14.0,6.0,8.0
2025-09-29T07:00,8.8,0,9.4,21.9,117.0,76.0,41.0
2025-09-29T08:00,10.3,0,9.5,15.5,255.0,195.0,60.0
2025-09-29T09:00,12.1,0,9.3,14.3,381.0,311.0,70.0
2025-09-29T10:00,14.1,1,9.2,13.9,475.0,399.0,76.0
2025-09-29T11:00,15.6,14,9.8,14.4,526.0,444.0,82.0
2025-09-29T12:00,16.5,1,10.9,15.9,537.0,458.0,79.0
2025-09-29T13:00,17.4,6,9.3,13.3,475.0,382.0,93.0
2025-09-29T14:00,17.5,2,7.5,10.9,377.0,289.0,88.0
2025-09-29T15:00,17.4,6,5.9,8.8,271.0,194.0,77.0
2025-09-29T16:00,16.4,15,7.1,14.1,122.0,63.0,59.0
2025-09-29T17:00,14.7,29,9.0,20.4,32.0,15.0,17.0
2025-09-29T18:00,13.8,38,10.8,23.8,0.0,0.0,0.0
2025-09-29T19:00,13.2,60,9.4,21.9,0.0,0.0,0.0
2025-09-29T20:00,12.8,57,9.7,21.5,0.0,0.0,0.0
2025-09-29T21:00,12.4,21,10.8,22.8,0.0,0.0,0.0
2025-09-29T22:00,12.1,4,10.5,22.1,0.0,0.0,0.0
2025-09-29T23:00,11.6,10,9.3,20.3,0.0,0.0,0.0
2025-09-30T00:00,11.0,45,9.5,20.6,0.0,0.0,0.0
2025-09-30T01:00,10.4,9,9.7,21.7,0.0,0.0,0.0
2025-09-30T02:00,9.9,61,9.3,20.9,0.0,0.0,0.0
2025-09-30T03:00,9.9,93,8.9,20.0,0.0,0.0,0.0
2025-09-30T04:00,9.7,81,8.7,19.4,0.0,0.0,0.0
2025-09-30T05:00,9.6,100,10.0,21.0,0.0,0.0,0.0
2025-09-30T06:00,9.9,100,11.0,22.1,8.0,2.0,6.0
2025-09-30T07:00,10.5,100,9.4,20.7,73.0,36.0,37.0
2025-09-30T08:00,11.1,90,10.3,16.2,155.0,87.0,68.0
2025-09-30T09:00,11.9,1,9.8,14.6,257.0,170.0,87.0
2025-09-30T10:00,13.4,1,9.3,13.8,414.0,313.0,101.0
2025-09-30T11:00,14.6,13,10.1,14.6,510.0,410.0,100.0
2025-09-30T12:00,15.1,18,9.7,13.9,493.0,394.0,99.0
2025-09-30T13:00,15.4,27,8.8,12.5,432.0,320.0,112.0
2025-09-30T14:00,15.4,6,8.7,12.6,372.0,280.0,92.0
2025-09-30T15:00,15.1,9,9.0,13.0,276.0,205.0,71.0
2025-09-30T16:00,14.4,10,7.3,13.9,152.0,101.0,51.0
2025-09-30T17:00,12.6,29,6.1,15.3,34.0,17.0,17.0
2025-09-30T18:00,11.8,14,8.7,20.2,0.0,0.0,0.0
2025-09-30T19:00,11.2,6,10.5,23.2,0.0,0.0,0.0
2025-09-30T20:00,10.4,9,9.3,21.2,0.0,0.0,0.0
2025-09-30T21:00,9.6,16,9.4,21.4,0.0,0.0,0.0
2025-09-30T22:00,9.1,18,9.9,22.1,0.0,0.0,0.0
2025-09-30T23:00,8.6,16,9.1,20.5,0.0,0.0,0.0
