latitude,longitude,elevation,utc_offset_seconds,timezone,timezone_abbreviation
52.54833,13.407822,30.0,0,GMT,GMT

time,temperature_2m (°C),cloud_cover (%),wind_speed_10m (km/h),wind_speed_100m (km/h),shortwave_radiation (W/m²),direct_radiation (W/m²),diffuse_radiation (W/m²)
2025-07-01T00:00,17.5,0,9.7,18.9,0.0,0.0,0.0
2025-07-01T01:00,15.6,0,9.5,19.6,0.0,0.0,0.0
2025-07-01T02:00,15.1,0,9.1,19.1,0.0,0.0,0.0
2025-07-01T03:00,14.6,0,8.5,18.4,0.0,0.0,0.0
2025-07-01T04:00,15.1,0,9.0,18.8,39.0,18.0,21.0
2025-07-01T05:00,16.5,0,6.9,19.1,149.0,96.0,53.0
2025-07-01T06:00,18.9,0,6.1,10.2,293.0,220.0,73.0
2025-07-01T07:00,21.6,0,5.7,8.1,446.0,360.0,86.0
2025-07-01T08:00,24.4,0,7.1,9.9,590.0,495.0,95.0
2025-07-01T09:00,26.5,0,6.8,9.4,714.0,612.0,102.0
2025-07-01T10:00,28.2,0,5.4,7.3,805.0,699.0,106.0
2025-07-01T11:00,29.6,0,4.7,6.2,856.0,748.0,108.0
2025-07-01T12:00,30.8,0,4.8,6.3,863.0,756.0,107.0
2025-07-01T13:00,32.0,0,5.1,6.6,826.0,721.0,105.0
2025-07-01T14:00,32.7,0,5.1,6.7,749.0,647.0,102.0
2025-07-01T15:00,32.8,0,6.7,8.6,636.0,541.0,95.0
2025-07-01T16:00,32.5,0,8.7,11.5,498.0,411.0,87.0
2025-07-01T17:00,31.7,0,10.8,14.6,347.0,271.0,76.0
2025-07-01T18:00,30.3,0,13.0,18.2,197.0,138.0,59.0
2025-07-01T19:00,28.4,0,11.8,19.8,71.0,38.0,33.0
2025-07-01T20:00,26.8,0,10.0,20.1,5.0,1.0,4.0
2025-07-01T21:00,25.6,0,10.1,21.0,0.0,0.0,0.0
2025-07-01T22:00,24.5,0,9.8,21.0,0.0,0.0,0.0
2025-07-01T23:00,23.5,0,9.6,20.6,0.0,0.0,0.0
2025-07-02T00:00,22.7,0,9.8,21.2,0.0,0.0,0.0
2025-07-02T01:00,20.9,0,9.4,21.5,0.0,0.0,0.0
2025-07-02T02:00,20.2,0,8.4,19.9,0.0,0.0,0.0
2025-07-02T03:00,19.8,0,8.5,19.8,0.0,0.0,0.0
2025-07-02T04:00,20.1,0,9.4,20.0,39.0,18.0,21.0
2025-07-02T05:00,21.5,0,7.9,21.3,150.0,98.0,52.0
2025-07-02T06:00,23.6,0,6.5,12.8,295.0,224.0,71.0
2025-07-02T07:00,26.7,0,6.6,10.4,449.0,366.0,83.0
2025-07-02T08:00,29.9,0,8.0,11.5,596.0,503.0,93.0
2025-07-02T09:00,32.5,0,9.5,13.4,721.0,621.0,100.0
2025-07-02T10:00,34.2,0,9.1,12.8,812.0,708.0,104.0
2025-07-02T11:00,35.4,0,8.0,10.7,862.0,756.0,106.0
2025-07-02T12:00,36.3,0,6.9,9.3,869.0,762.0,107.0
2025-07-02T13:00,37.3,0,6.9,9.0,831.0,726.0,105.0
2025-07-02T14:00,37.6,0,7.4,9.8,752.0,651.0,101.0
2025-07-02T15:00,37.4,0,8.9,12.0,639.0,544.0,95.0
2025-07-02T16:00,37.1,0,7.4,9.9,500.0,413.0,87.0
2025-07-02T17:00,36.8,0,3.5,4.7,347.0,272.0,75.0
2025-07-02T18:00,36.8,5,4.4,5.9,197.0,138.0,59.0
2025-07-02T19:00,34.6,7,8.4,15.1,69.0,36.0,33.0
2025-07-02T20:00,32.2,8,10.0,18.4,4.0,1.0,3.0
2025-07-02T21:00,30.1,3,3.3,9.5,0.0,0.0,0.0
2025-07-02T22:00,30.4,1,9.4,21.9,0.0,0.0,0.0
2025-07-02T23:00,29.8,5,10.6,22.8,0.0,0.0,0.0
2025-07-03T00:00,29.1,4,10.8,23.1,0.0,0.0,0.0
2025-07-03T01:00,24.3,18,13.7,24.5,0.0,0.0,0.0
2025-07-03T02:00,22.4,9,11.5,19.9,0.0,0.0,0.0
2025-07-03T03:00,21.5,34,9.4,16.8,0.0,0.0,0.0
2025-07-03T04:00,21.0,100,16.9,29.2,32.0,9.0,23.0
2025-07-03T05:00,21.2,89,14.8,23.7,83.0,23.0,60.0
2025-07-03T06:00,21.9,100,18.2,28.0,156.0,34.0,122.0
2025-07-03T07:00,21.9,100,20.0,30.3,168.0,11.0,157.0
2025-07-03T08:00,21.1,100,20.1,30.3,180.0,3.0,177.0
2025-07-03T09:00,22.2,100,17.9,26.7,280.0,51.0,229.0
2025-07-03T10:00,22.4,97,19.3,28.4,270.0,36.0,234.0
2025-07-03T11:00,22.9,51,18.1,26.5,424.0,144.0,280.0
2025-07-03T12:00,24.9,67,17.8,25.6,746.0,522.0,224.0
2025-07-03T13:00,24.7,100,17.8,25.6,748.0,485.0,263.0
2025-07-03T14:00,24.3,54,18.2,26.2,590.0,279.0,311.0
2025-07-03T15:00,24.5,1,16.3,23.7,606.0,459.0,147.0
2025-07-03T16:00,24.1,4,16.0,23.2,490.0,391.0,99.0
2025-07-03T17:00,23.5,8,15.9,23.1,342.0,259.0,83.0
2025-07-03T18:00,22.4,18,16.4,24.4,183.0,116.0,67.0
2025-07-03T19:00,21.2,0,13.0,19.9,56.0,22.0,34.0
2025-07-03T20:00,20.1,15,7.9,15.3,4.0,1.0,3.0
2025-07-03T21:00,19.2,34,10.2,18.9,0.0,0.0,0.0
2025-07-03T22:00,18.4,12,10.3,19.2,0.0,0.0,0.0
2025-07-03T23:00,17.5,5,7.9,15.7,0.0,0.0,0.0
2025-07-04T00:00,16.5,5,5.7,13.0,0.0,0.0,0.0
2025-07-04T01:00,14.4,0,5.2,13.3,0.0,0.0,0.0
2025-07-04T02:00,13.9,3,4.6,12.5,0.0,0.0,0.0
2025-07-04T03:00,13.4,10,4.2,11.8,0.0,0.0,0.0
2025-07-04T04:00,13.8,0,4.8,10.9,35.0,14.0,21.0
2025-07-04T05:00,14.9,2,4.5,8.4,142.0,85.0,57.0
2025-07-04T06:00,16.5,100,4.2,6.0,284.0,199.0,85.0
2025-07-04T07:00,17.0,69,5.4,7.5,214.0,6.0,208.0
2025-07-04T08:00,19.2,15,9.7,13.5,552.0,393.0,159.0
2025-07-04T09:00,20.4,9,11.7,16.3,695.0,564.0,131.0
2025-07-04T10:00,21.2,14,13.1,18.4,767.0,622.0,145.0
2025-07-04T11:00,22.2,28,12.7,17.8,809.0,652.0,157.0
2025-07-04T12:00,23.1,46,14.6,20.4,799.0,624.0,175.0
2025-07-04T13:00,23.5,52,13.3,18.4,741.0,552.0,189.0
2025-07-04T14:00,23.9,42,13.4,18.9,647.0,440.0,207.0
2025-07-04T15:00,24.3,30,12.7,17.7,545.0,346.0,199.0
2025-07-04T16:00,24.4,40,11.9,16.6,399.0,229.0,170.0
2025-07-04T17:00,24.9,100,10.6,15.1,327.0,240.0,87.0
2025-07-04T18:00,23.4,100,20.0,29.6,120.0,25.0,95.0
2025-07-04T19:00,22.1,100,12.4,20.3,42.0,5.0,37.0
2025-07-04T20:00,21.6,99,9.3,18.1,4.0,0.0,4.0
2025-07-04T21:00,21.0,50,6.9,15.6,0.0,0.0,0.0
2025-07-04T22:00,20.1,6,5.7,14.6,0.0,0.0,0.0
2025-07-04T23:00,19.0,0,5.4,14.7,0.0,0.0,0.0
2025-07-05T00:00,18.0,6,4.1,11.5,0.0,0.0,0.0
2025-07-05T01:00,16.5,1,7.4,16.0,0.0,0.0,0.0
2025-07-05T02:00,15.6,2,6.3,15.9,0.0,0.0,0.0
2025-07-05T03:00,14.9,62,8.6,19.1,0.0,0.0,0.0
2025-07-05T04:00,15.4,97,9.1,19.6,34.0,13.0,21.0
2025-07-05T05:00,16.6,100,7.2,22.1,131.0,61.0,70.0
2025-07-05T06:00,18.7,96,6.3,11.1,260.0,150.0,110.0
2025-07-05T07:00,21.4,55,8.1,12.0,422.0,308.0,114.0
2025-07-05T08:00,24.0,98,10.8,15.7,574.0,462.0,112.0
2025-07-05T09:00,25.3,100,13.8,19.5,612.0,366.0,246.0
2025-07-05T10:00,26.3,100,14.6,20.9,667.0,356.0,311.0
2025-07-05T11:00,27.2,100,14.5,20.5,719.0,382.0,337.0
2025-07-05T12:00,27.4,100,15.5,22.1,655.0,263.0,392.0
2025-07-05T13:00,28.6,100,15.3,21.7,723.0,455.0,268.0
2025-07-05T14:00,26.7,98,15.7,23.0,225.0,16.0,209.0
2025-07-05T15:00,27.3,84,16.1,23.2,415.0,140.0,275.0
2025-07-05T16:00,27.0,31,15.0,21.8,405.0,248.0,157.0
2025-07-05T17:00,26.6,16,13.9,20.4,289.0,182.0,107.0
2025-07-05T18:00,26.0,25,18.1,27.3,188.0,125.0,63.0
2025-07-05T19:00,24.7,83,12.6,21.4,56.0,25.0,31.0
2025-07-05T20:00,23.6,100,11.0,20.9,4.0,0.0,4.0
2025-07-05T21:00,22.5,100,12.3,22.3,0.0,0.0,0.0
2025-07-05T22:00,21.4,100,12.1,22.4,0.0,0.0,0.0
2025-07-05T23:00,20.6,100,10.3,19.8,0.0,0.0,0.0
2025-07-06T00:00,20.0,100,7.6,15.7,0.0,0.0,0.0
2025-07-06T01:00,18.7,100,4.2,9.1,0.0,0.0,0.0
2025-07-06T02:00,18.3,100,4.7,12.7,0.0,0.0,0.0
2025-07-06T03:00,18.0,98,4.4,12.9,0.0,0.0,0.0
2025-07-06T04:00,18.1,26,6.4,14.6,28.0,7.0,21.0
2025-07-06T05:00,19.5,52,4.9,14.1,124.0,66.0,58.0
2025-07-06T06:00,21.8,14,6.5,10.8,272.0,185.0,87.0
2025-07-06T07:00,23.6,45,9.7,14.3,430.0,339.0,91.0
2025-07-06T08:00,25.0,36,14.4,21.0,569.0,464.0,105.0
2025-07-06T09:00,26.2,35,14.4,20.6,683.0,560.0,123.0
2025-07-06T10:00,27.2,11,13.8,19.6,774.0,643.0,131.0
2025-07-06T11:00,28.4,61,14.7,20.5,833.0,707.0,126.0
2025-07-06T12:00,29.0,48,14.5,20.3,841.0,704.0,137.0
2025-07-06T13:00,29.4,100,14.7,21.1,696.0,410.0,286.0
2025-07-06T14:00,28.8,100,21.4,31.1,448.0,128.0,320.0
2025-07-06T15:00,26.5,100,18.9,28.3,270.0,35.0,235.0
2025-07-06T16:00,27.3,100,14.3,21.1,250.0,40.0,210.0
2025-07-06T17:00,26.0,100,17.9,26.8,103.0,5.0,98.0
2025-07-06T18:00,24.8,100,16.7,25.6,58.0,1.0,57.0
2025-07-06T19:00,23.3,100,10.9,16.9,12.0,0.0,12.0
2025-07-06T20:00,22.5,100,6.9,11.5,1.0,0.0,1.0
2025-07-06T21:00,21.4,100,7.2,10.3,0.0,0.0,0.0
2025-07-06T22:00,20.6,100,9.9,15.0,0.0,0.0,0.0
2025-07-06T23:00,20.3,100,5.7,8.5,0.0,0.0,0.0
2025-07-07T00:00,19.9,94,7.9,12.3,0.0,0.0,0.0
2025-07-07T01:00,19.0,100,8.6,15.5,0.0,0.0,0.0
2025-07-07T02:00,18.2,100,10.7,18.1,0.0,0.0,0.0
2025-07-07T03:00,17.6,100,10.2,16.8,0.0,0.0,0.0
2025-07-07T04:00,17.1,100,9.6,15.4,20.0,0.0,20.0
2025-07-07T05:00,17.5,100,10.8,16.3,92.0,8.0,84.0
2025-07-07T06:00,18.3,100,15.1,22.2,152.0,24.0,128.0
2025-07-07T07:00,19.1,100,13.6,19.5,220.0,31.0,189.0
2025-07-07T08:00,19.7,100,12.4,17.9,275.0,34.0,241.0
2025-07-07T09:00,20.6,100,13.3,18.9,417.0,135.0,282.0
2025-07-07T10:00,21.9,96,10.9,15.3,541.0,241.0,300.0
2025-07-07T11:00,22.7,61,9.9,13.8,544.0,300.0,244.0
2025-07-07T12:00,23.8,100,9.6,13.4,617.0,312.0,305.0
2025-07-07T13:00,23.1,47,7.4,10.2,610.0,383.0,227.0
2025-07-07T14:00,24.4,52,8.6,11.7,677.0,516.0,161.0
2025-07-07T15:00,24.6,54,10.1,13.7,536.0,390.0,146.0
2025-07-07T16:00,23.5,100,11.1,15.2,371.0,247.0,124.0
2025-07-07T17:00,23.1,99,9.9,13.8,201.0,103.0,98.0
2025-07-07T18:00,21.3,100,9.6,14.2,141.0,63.0,78.0
2025-07-07T19:00,18.4,95,6.7,11.4,35.0,5.0,30.0
2025-07-07T20:00,16.4,99,4.9,8.6,2.0,0.0,2.0
2025-07-07T21:00,16.6,100,6.7,12.3,0.0,0.0,0.0
2025-07-07T22:00,16.6,100,7.8,14.1,0.0,0.0,0.0
2025-07-07T23:00,15.9,100,12.1,21.0,0.0,0.0,0.0
2025-07-08T00:00,15.4,94,13.9,23.9,0.0,0.0,0.0
2025-07-08T01:00,15.5,100,15.7,25.6,0.0,0.0,0.0
2025-07-08T02:00,15.3,100,13.5,21.2,0.0,0.0,0.0
2025-07-08T03:00,14.9,100,14.0,21.7,0.0,0.0,0.0
2025-07-08T04:00,14.5,100,15.2,23.5,10.0,0.0,10.0
2025-07-08T05:00,14.4,100,15.2,23.7,40.0,0.0,40.0
2025-07-08T06:00,14.9,100,16.4,24.7,157.0,35.0,122.0
2025-07-08T07:00,16.1,100,16.0,23.5,310.0,97.0,213.0
2025-07-08T08:00,17.0,100,14.5,21.2,381.0,133.0,248.0
2025-07-08T09:00,18.5,100,12.9,18.5,525.0,230.0,295.0
2025-07-08T10:00,19.5,100,13.2,18.7,561.0,212.0,349.0
2025-07-08T11:00,21.1,100,13.6,19.4,685.0,477.0,208.0
2025-07-08T12:00,21.5,100,14.0,20.0,538.0,275.0,263.0
2025-07-08T13:00,20.2,98,14.3,20.3,543.0,251.0,292.0
2025-07-08T14:00,21.1,100,14.2,20.2,572.0,340.0,232.0
2025-07-08T15:00,21.2,100,15.2,21.8,450.0,241.0,209.0
2025-07-08T16:00,20.4,91,15.5,22.8,305.0,140.0,165.0
2025-07-08T17:00,20.0,93,14.8,22.1,163.0,41.0,122.0
2025-07-08T18:00,19.5,36,14.9,22.8,146.0,72.0,74.0
2025-07-08T19:00,18.8,32,11.5,20.2,46.0,16.0,30.0
2025-07-08T20:00,18.0,40,12.0,22.0,3.0,0.0,3.0
2025-07-08T21:00,17.0,12,11.0,20.6,0.0,0.0,0.0
2025-07-08T22:00,16.2,18,12.3,22.8,0.0,0.0,0.0
2025-07-08T23:00,15.1,87,15.1,25.9,0.0,0.0,0.0
2025-07-09T00:00,14.7,66,13.5,24.0,0.0,0.0,0.0
2025-07-09T01:00,14.7,100,11.9,21.4,0.0,0.0,0.0
2025-07-09T02:00,14.9,100,13.2,23.4,0.0,0.0,0.0
2025-07-09T03:00,14.8,100,12.5,22.0,0.0,0.0,0.0
2025-07-09T04:00,14.9,100,12.2,20.0,11.0,0.0,11.0
2025-07-09T05:00,15.1,90,15.0,23.4,42.0,1.0,41.0
2025-07-09T06:00,15.6,94,13.0,21.1,104.0,17.0,87.0
2025-07-09T07:00,16.4,100,11.9,17.7,192.0,43.0,149.0
2025-07-09T08:00,17.9,100,13.0,18.8,300.0,140.0,160.0
2025-07-09T09:00,19.0,100,12.3,17.5,436.0,184.0,252.0
2025-07-09T10:00,18.4,74,16.8,24.5,327.0,18.0,309.0
2025-07-09T11:00,20.1,16,14.7,21.6,531.0,252.0,279.0
2025-07-09T12:00,21.4,50,16.2,23.3,736.0,548.0,188.0
2025-07-09T13:00,20.5,22,20.3,30.1,628.0,456.0,172.0
2025-07-09T14:00,20.9,62,18.9,27.8,624.0,459.0,165.0
2025-07-09T15:00,21.0,98,19.6,29.0,524.0,355.0,169.0
2025-07-09T16:00,19.0,95,19.9,30.2,285.0,101.0,184.0
2025-07-09T17:00,19.5,17,15.2,23.0,217.0,114.0,103.0
2025-07-09T18:00,19.0,69,16.8,26.1,140.0,67.0,73.0
2025-07-09T19:00,16.4,92,12.3,20.0,45.0,18.0,27.0
2025-07-09T20:00,16.2,43,8.9,17.6,2.0,0.0,2.0
2025-07-09T21:00,16.5,44,11.8,22.7,0.0,0.0,0.0
2025-07-09T22:00,16.2,42,12.1,23.4,0.0,0.0,0.0
2025-07-09T23:00,15.6,98,10.4,21.4,0.0,0.0,0.0
2025-07-10T00:00,15.2,100,10.4,21.7,0.0,0.0,0.0
2025-07-10T01:00,15.9,85,12.1,23.8,0.0,0.0,0.0
2025-07-10T02:00,15.5,100,9.9,20.0,0.0,0.0,0.0
2025-07-10T03:00,15.2,100,10.3,19.9,0.0,0.0,0.0
2025-07-10T04:00,15.1,100,10.1,18.6,16.0,0.0,16.0
2025-07-10T05:00,15.4,31,9.0,14.7,89.0,15.0,74.0
2025-07-10T06:00,16.5,32,10.7,15.7,255.0,163.0,92.0
2025-07-10T07:00,18.1,27,10.7,15.1,376.0,245.0,131.0
2025-07-10T08:00,19.4,14,10.1,14.3,500.0,329.0,171.0
2025-07-10T09:00,20.7,18,10.4,14.5,622.0,457.0,165.0
2025-07-10T10:00,21.5,39,11.4,16.1,698.0,543.0,155.0
2025-07-10T11:00,22.1,55,12.5,17.6,678.0,451.0,227.0
2025-07-10T12:00,22.0,61,12.1,17.4,531.0,298.0,233.0
2025-07-10T13:00,22.1,97,13.6,19.5,577.0,296.0,281.0
2025-07-10T14:00,17.5,99,13.2,19.8,330.0,90.0,240.0
2025-07-10T15:00,18.2,73,7.3,10.5,207.0,18.0,189.0
2025-07-10T16:00,20.0,16,9.1,13.3,396.0,263.0,133.0
2025-07-10T17:00,20.1,28,10.0,14.6,336.0,253.0,83.0
2025-07-10T18:00,16.1,100,8.2,14.3,132.0,68.0,64.0
2025-07-10T19:00,16.0,23,4.8,11.0,40.0,11.0,29.0
2025-07-10T20:00,15.6,20,4.6,11.9,2.0,0.0,2.0
2025-07-10T21:00,15.5,14,4.8,12.5,0.0,0.0,0.0
2025-07-10T22:00,15.4,9,6.5,16.2,0.0,0.0,0.0
2025-07-10T23:00,15.1,4,8.9,20.7,0.0,0.0,0.0
2025-07-11T00:00,14.6,0,8.3,19.5,0.0,0.0,0.0
2025-07-11T01:00,13.9,0,8.3,20.3,0.0,0.0,0.0
2025-07-11T02:00,13.5,76,9.2,21.7,0.0,0.0,0.0
2025-07-11T03:00,13.2,0,8.8,21.4,0.0,0.0,0.0
2025-07-11T04:00,13.4,99,8.9,20.2,28.0,12.0,16.0
2025-07-11T05:00,14.4,100,9.0,22.0,123.0,60.0,63.0
2025-07-11T06:00,15.8,100,9.5,16.3,258.0,165.0,93.0
2025-07-11T07:00,17.5,99,11.1,16.9,363.0,190.0,173.0
2025-07-11T08:00,19.0,100,12.5,18.7,423.0,224.0,199.0
2025-07-11T09:00,19.9,100,13.6,20.7,358.0,85.0,273.0
2025-07-11T10:00,21.0,100,15.2,22.9,387.0,51.0,336.0
2025-07-11T11:00,21.9,100,16.8,25.5,420.0,142.0,278.0
2025-07-11T12:00,20.3,100,15.5,23.8,467.0,179.0,288.0
2025-07-11T13:00,21.2,100,15.6,26.9,151.0,0.0,151.0
2025-07-11T14:00,19.7,100,17.8,29.5,202.0,6.0,196.0
2025-07-11T15:00,19.4,98,18.4,29.2,207.0,10.0,197.0
2025-07-11T16:00,18.0,100,18.9,30.0,236.0,54.0,182.0
2025-07-11T17:00,18.2,100,16.1,28.0,81.0,11.0,70.0
2025-07-11T18:00,17.8,100,17.2,29.7,36.0,6.0,30.0
2025-07-11T19:00,16.5,100,15.2,26.5,9.0,0.0,9.0
2025-07-11T20:00,15.1,100,16.5,28.5,1.0,0.0,1.0
2025-07-11T21:00,14.8,100,15.0,26.5,0.0,0.0,0.0
2025-07-11T22:00,14.4,100,11.5,22.3,0.0,0.0,0.0
2025-07-11T23:00,14.4,100,11.1,21.5,0.0,0.0,0.0
2025-07-12T00:00,14.5,100,11.5,21.4,0.0,0.0,0.0
2025-07-12T01:00,14.4,100,12.8,22.5,0.0,0.0,0.0
2025-07-12T02:00,14.5,100,13.2,23.3,0.0,0.0,0.0
2025-07-12T03:00,14.4,100,12.3,22.2,0.0,0.0,0.0
2025-07-12T04:00,14.6,100,11.0,19.6,6.0,0.0,6.0
2025-07-12T05:00,14.8,100,11.5,19.8,27.0,0.0,27.0
2025-07-12T06:00,14.8,100,11.5,19.9,22.0,0.0,22.0
2025-07-12T07:00,14.9,100,16.8,26.5,45.0,0.0,45.0
2025-07-12T08:00,15.1,100,11.3,23.7,56.0,0.0,56.0
2025-07-12T09:00,15.4,100,8.8,20.4,80.0,0.0,80.0
2025-07-12T10:00,16.3,100,7.0,11.0,143.0,3.0,140.0
2025-07-12T11:00,16.9,100,5.3,7.8,132.0,3.0,129.0
2025-07-12T12:00,17.5,100,4.4,6.0,158.0,1.0,157.0
2025-07-12T13:00,17.4,100,8.6,13.4,161.0,0.0,161.0
2025-07-12T14:00,17.1,100,7.9,12.9,147.0,0.0,147.0
2025-07-12T15:00,17.2,100,9.1,15.1,73.0,2.0,71.0
2025-07-12T16:00,17.0,100,9.9,17.0,88.0,1.0,87.0
2025-07-12T17:00,16.9,100,5.8,10.0,68.0,2.0,66.0
2025-07-12T18:00,16.8,99,4.8,7.6,64.0,9.0,55.0
2025-07-12T19:00,16.4,77,5.9,10.2,18.0,0.0,18.0
2025-07-12T20:00,15.4,100,3.2,7.8,2.0,0.0,2.0
2025-07-12T21:00,15.9,100,5.8,11.0,0.0,0.0,0.0
2025-07-12T22:00,15.8,100,3.6,6.4,0.0,0.0,0.0
2025-07-12T23:00,15.7,100,4.6,8.5,0.0,0.0,0.0
2025-07-13T00:00,15.8,100,6.0,9.5,0.0,0.0,0.0
2025-07-13T01:00,15.1,97,2.3,4.2,0.0,0.0,0.0
2025-07-13T02:00,15.1,80,2.9,5.3,0.0,0.0,0.0
2025-07-13T03:00,14.9,80,2.2,2.6,0.0,0.0,0.0
2025-07-13T04:00,15.0,99,4.7,6.5,15.0,2.0,13.0
2025-07-13T05:00,15.6,100,6.9,9.3,59.0,7.0,52.0
2025-07-13T06:00,16.0,100,8.4,11.0,77.0,2.0,75.0
2025-07-13T07:00,16.6,97,8.2,12.3,110.0,4.0,106.0
2025-07-13T08:00,17.8,100,9.6,14.1,221.0,24.0,197.0
2025-07-13T09:00,17.4,97,11.0,16.1,223.0,34.0,189.0
2025-07-13T10:00,17.7,100,9.4,13.8,180.0,6.0,174.0
2025-07-13T11:00,19.1,100,9.3,13.3,417.0,76.0,341.0
2025-07-13T12:00,20.0,100,10.6,14.9,467.0,120.0,347.0
2025-07-13T13:00,20.7,89,7.2,9.9,466.0,176.0,290.0
2025-07-13T14:00,21.3,73,7.1,10.2,476.0,249.0,227.0
2025-07-13T15:00,21.5,44,5.6,7.6,332.0,107.0,225.0
2025-07-13T16:00,21.5,39,5.6,7.8,320.0,160.0,160.0
2025-07-13T17:00,21.1,48,7.1,10.1,272.0,182.0,90.0
2025-07-13T18:00,20.5,36,6.0,11.4,132.0,70.0,62.0
2025-07-13T19:00,19.4,41,4.8,11.9,45.0,16.0,29.0
2025-07-13T20:00,18.3,28,3.8,10.5,1.0,0.0,1.0
2025-07-13T21:00,17.5,22,3.6,10.5,0.0,0.0,0.0
2025-07-13T22:00,17.5,20,6.7,15.7,0.0,0.0,0.0
2025-07-13T23:00,17.1,6,6.4,16.6,0.0,0.0,0.0
2025-07-14T00:00,16.5,1,4.9,14.4,0.0,0.0,0.0
2025-07-14T01:00,16.5,5,4.3,10.8,0.0,0.0,0.0
2025-07-14T02:00,15.4,25,2.8,9.0,0.0,0.0,0.0
2025-07-14T03:00,15.1,4,0.4,4.4,0.0,0.0,0.0
2025-07-14T04:00,15.4,15,2.9,8.3,23.0,8.0,15.0
2025-07-14T05:00,16.9,17,0.8,5.0,112.0,60.0,52.0
2025-07-14T06:00,18.2,72,2.6,4.1,236.0,153.0,83.0
2025-07-14T07:00,19.5,41,6.0,9.2,282.0,156.0,126.0
2025-07-14T08:00,21.0,51,6.0,8.7,422.0,262.0,160.0
2025-07-14T09:00,22.1,36,7.8,10.9,558.0,382.0,176.0
2025-07-14T10:00,23.0,11,7.5,10.4,701.0,536.0,165.0
2025-07-14T11:00,23.8,100,8.4,11.9,790.0,637.0,153.0
2025-07-14T12:00,23.2,90,11.2,15.1,439.0,139.0,300.0
2025-07-14T13:00,24.1,100,4.7,5.4,659.0,475.0,184.0
2025-07-14T14:00,20.0,98,2.6,2.7,373.0,155.0,218.0
2025-07-14T15:00,21.3,100,1.3,1.9,393.0,203.0,190.0
2025-07-14T16:00,21.8,100,5.0,7.1,319.0,132.0,187.0
2025-07-14T17:00,21.5,100,7.0,10.8,170.0,31.0,139.0
2025-07-14T18:00,21.1,99,4.0,7.5,119.0,22.0,97.0
2025-07-14T19:00,20.1,3,3.4,9.2,41.0,7.0,34.0
2025-07-14T20:00,19.2,24,5.5,13.8,2.0,0.0,2.0
2025-07-14T21:00,18.9,20,6.6,15.6,0.0,0.0,0.0
2025-07-14T22:00,18.7,1,6.9,16.4,0.0,0.0,0.0
2025-07-14T23:00,18.3,3,7.5,17.3,0.0,0.0,0.0
2025-07-15T00:00,17.8,0,7.6,17.5,0.0,0.0,0.0
2025-07-15T01:00,18.1,34,4.8,10.9,0.0,0.0,0.0
2025-07-15T02:00,17.9,24,5.8,12.4,0.0,0.0,0.0
2025-07-15T03:00,17.5,75,7.3,15.9,0.0,0.0,0.0
2025-07-15T04:00,17.3,76,10.9,21.9,21.0,5.0,16.0
2025-07-15T05:00,18.0,97,8.8,23.0,114.0,56.0,58.0
2025-07-15T06:00,19.0,94,7.7,13.0,210.0,111.0,99.0
2025-07-15T07:00,20.0,99,7.2,10.7,277.0,116.0,161.0
2025-07-15T08:00,21.2,99,9.4,13.4,434.0,208.0,226.0
2025-07-15T09:00,22.0,100,11.8,17.2,542.0,327.0,215.0
2025-07-15T10:00,19.7,100,17.3,26.2,522.0,191.0,331.0
2025-07-15T11:00,20.0,100,10.3,15.6,359.0,52.0,307.0
2025-07-15T12:00,20.0,100,14.5,21.7,289.0,13.0,276.0
2025-07-15T13:00,19.1,100,15.4,23.5,282.0,46.0,236.0
2025-07-15T14:00,19.1,78,13.4,20.5,300.0,55.0,245.0
2025-07-15T15:00,19.3,22,17.5,26.5,416.0,240.0,176.0
2025-07-15T16:00,19.8,21,14.1,21.7,402.0,275.0,127.0
2025-07-15T17:00,19.6,49,10.9,16.7,292.0,201.0,91.0
2025-07-15T18:00,19.0,69,8.5,15.7,154.0,87.0,67.0
2025-07-15T19:00,17.9,51,6.0,14.2,45.0,18.0,27.0
2025-07-15T20:00,17.3,96,8.0,18.4,1.0,0.0,1.0
2025-07-15T21:00,16.7,38,9.8,20.6,0.0,0.0,0.0
2025-07-15T22:00,15.8,12,10.5,22.1,0.0,0.0,0.0
2025-07-15T23:00,15.2,7,10.3,22.0,0.0,0.0,0.0
2025-07-16T00:00,14.8,1,9.1,20.6,0.0,0.0,0.0
2025-07-16T01:00,14.1,2,7.4,18.1,0.0,0.0,0.0
2025-07-16T02:00,13.8,6,8.1,19.1,0.0,0.0,0.0
2025-07-16T03:00,13.4,17,7.3,16.9,0.0,0.0,0.0
2025-07-16T04:00,13.4,16,7.1,15.3,22.0,8.0,14.0
2025-07-16T05:00,14.4,12,6.2,16.0,117.0,65.0,52.0
2025-07-16T06:00,15.9,4,6.0,9.9,256.0,178.0,78.0
2025-07-16T07:00,17.5,15,5.9,8.7,390.0,286.0,104.0
2025-07-16T08:00,19.1,91,6.2,8.8,545.0,423.0,122.0
2025-07-16T09:00,20.0,76,6.5,9.4,614.0,408.0,206.0
2025-07-16T10:00,20.5,99,12.6,17.3,740.0,568.0,172.0
2025-07-16T11:00,17.5,100,4.6,7.5,453.0,213.0,240.0
2025-07-16T12:00,19.2,63,2.1,3.1,527.0,347.0,180.0
2025-07-16T13:00,20.2,43,10.1,14.3,657.0,475.0,182.0
2025-07-16T14:00,20.5,48,7.6,11.1,584.0,387.0,197.0
2025-07-16T15:00,20.4,43,5.9,8.3,448.0,257.0,191.0
2025-07-16T16:00,19.9,52,6.0,8.1,396.0,278.0,118.0
2025-07-16T17:00,19.5,36,6.7,9.6,253.0,171.0,82.0
2025-07-16T18:00,18.7,45,3.8,6.8,129.0,67.0,62.0
2025-07-16T19:00,17.8,25,3.2,8.3,46.0,19.0,27.0
2025-07-16T20:00,17.0,79,5.2,11.7,1.0,0.0,1.0
2025-07-16T21:00,16.2,100,5.9,14.8,0.0,0.0,0.0
2025-07-16T22:00,15.8,63,8.1,18.8,0.0,0.0,0.0
2025-07-16T23:00,15.1,26,7.9,18.3,0.0,0.0,0.0
2025-07-17T00:00,14.5,100,7.4,17.5,0.0,0.0,0.0
2025-07-17T01:00,14.4,98,9.3,20.8,0.0,0.0,0.0
2025-07-17T02:00,14.1,18,9.0,20.5,0.0,0.0,0.0
2025-07-17T03:00,13.8,47,10.1,22.2,0.0,0.0,0.0
2025-07-17T04:00,13.8,56,11.3,23.4,20.0,6.0,14.0
2025-07-17T05:00,14.6,63,9.2,25.6,105.0,44.0,61.0
2025-07-17T06:00,15.7,50,10.4,16.7,223.0,110.0,113.0
2025-07-17T07:00,16.8,95,12.3,18.7,333.0,194.0,139.0
2025-07-17T08:00,18.0,98,18.7,28.0,371.0,143.0,228.0
2025-07-17T09:00,18.0,100,19.5,28.7,401.0,190.0,211.0
2025-07-17T10:00,17.7,100,17.8,26.6,268.0,29.0,239.0
2025-07-17T11:00,17.2,100,16.5,26.8,205.0,23.0,182.0
2025-07-17T12:00,17.1,100,16.5,25.5,192.0,6.0,186.0
2025-07-17T13:00,17.3,100,17.4,28.1,164.0,0.0,164.0
2025-07-17T14:00,17.6,98,15.8,23.9,269.0,60.0,209.0
2025-07-17T15:00,18.0,86,10.5,17.2,220.0,26.0,194.0
2025-07-17T16:00,18.8,96,8.9,13.6,253.0,106.0,147.0
2025-07-17T17:00,19.1,67,7.6,11.9,138.0,29.0,109.0
2025-07-17T18:00,19.1,55,11.1,19.7,102.0,37.0,65.0
2025-07-17T19:00,18.4,41,8.1,17.2,37.0,12.0,25.0
2025-07-17T20:00,17.6,23,9.7,20.1,1.0,0.0,1.0
2025-07-17T21:00,17.1,20,10.3,21.0,0.0,0.0,0.0
2025-07-17T22:00,16.7,100,10.5,20.4,0.0,0.0,0.0
2025-07-17T23:00,16.5,100,10.2,19.5,0.0,0.0,0.0
2025-07-18T00:00,16.6,100,9.8,18.5,0.0,0.0,0.0
2025-07-18T01:00,16.5,100,10.8,20.5,0.0,0.0,0.0
2025-07-18T02:00,16.5,100,11.5,21.2,0.0,0.0,0.0
2025-07-18T03:00,16.2,100,9.6,18.6,0.0,0.0,0.0
2025-07-18T04:00,16.2,100,7.9,14.3,13.0,1.0,12.0
2025-07-18T05:00,16.4,100,7.0,11.1,69.0,17.0,52.0
2025-07-18T06:00,17.0,92,7.6,10.3,168.0,48.0,120.0
2025-07-18T07:00,18.0,75,6.7,9.3,243.0,101.0,142.0
2025-07-18T08:00,19.0,100,6.0,8.2,326.0,130.0,196.0
2025-07-18T09:00,20.2,83,5.6,7.7,459.0,228.0,231.0
2025-07-18T10:00,21.4,92,4.6,6.3,503.0,193.0,310.0
2025-07-18T11:00,21.8,74,4.3,5.9,441.0,94.0,347.0
2025-07-18T12:00,22.2,43,5.2,7.3,528.0,244.0,284.0
2025-07-18T13:00,22.2,26,3.3,4.5,591.0,380.0,211.0
2025-07-18T14:00,22.8,30,3.3,4.6,603.0,436.0,167.0
2025-07-18T15:00,22.9,27,2.3,3.1,515.0,375.0,140.0
2025-07-18T16:00,22.8,18,1.9,2.3,376.0,245.0,131.0
2025-07-18T17:00,22.5,38,1.7,2.2,274.0,176.0,98.0
2025-07-18T18:00,22.0,29,2.2,3.6,149.0,89.0,60.0
2025-07-18T19:00,20.4,10,2.7,6.4,46.0,19.0,27.0
2025-07-18T20:00,19.4,6,2.4,5.0,1.0,0.0,1.0
2025-07-18T21:00,18.8,1,3.1,4.0,0.0,0.0,0.0
2025-07-18T22:00,18.1,9,2.4,6.0,0.0,0.0,0.0
2025-07-18T23:00,17.8,12,2.1,6.5,0.0,0.0,0.0
2025-07-19T00:00,17.4,3,2.2,6.9,0.0,0.0,0.0
2025-07-19T01:00,16.6,1,3.0,7.8,0.0,0.0,0.0
2025-07-19T02:00,16.1,1,1.4,5.4,0.0,0.0,0.0
2025-07-19T03:00,15.8,1,0.6,1.5,0.0,0.0,0.0
2025-07-19T04:00,16.1,0,3.4,3.7,18.0,7.0,11.0
2025-07-19T05:00,17.0,0,4.2,6.8,108.0,55.0,53.0
2025-07-19T06:00,19.0,2,1.8,6.0,246.0,169.0,77.0
2025-07-19T07:00,20.9,0,2.4,3.5,403.0,319.0,84.0
2025-07-19T08:00,22.2,11,2.5,3.5,547.0,452.0,95.0
2025-07-19T09:00,23.3,15,0.7,1.0,616.0,483.0,133.0
2025-07-19T10:00,24.1,15,0.9,0.9,701.0,565.0,136.0
2025-07-19T11:00,24.7,11,3.1,3.8,762.0,613.0,149.0
2025-07-19T12:00,25.1,19,3.5,4.5,764.0,610.0,154.0
2025-07-19T13:00,25.9,5,6.1,8.3,724.0,573.0,151.0
2025-07-19T14:00,26.0,13,4.8,6.7,577.0,370.0,207.0
2025-07-19T15:00,26.0,25,3.3,4.4,453.0,257.0,196.0
2025-07-19T16:00,25.9,17,2.3,3.2,359.0,233.0,126.0
2025-07-19T17:00,25.6,17,4.1,5.8,274.0,188.0,86.0
2025-07-19T18:00,24.5,16,5.6,12.3,154.0,99.0,55.0
2025-07-19T19:00,22.8,2,8.7,19.4,47.0,21.0,26.0
2025-07-19T20:00,21.4,28,7.5,18.3,1.0,0.0,1.0
2025-07-19T21:00,20.5,7,6.4,16.1,0.0,0.0,0.0
2025-07-19T22:00,19.9,23,8.1,19.3,0.0,0.0,0.0
2025-07-19T23:00,19.3,1,7.9,18.5,0.0,0.0,0.0
2025-07-20T00:00,18.8,0,7.5,18.5,0.0,0.0,0.0
2025-07-20T01:00,18.1,0,5.8,15.5,0.0,0.0,0.0
2025-07-20T02:00,17.8,0,6.5,16.3,0.0,0.0,0.0
2025-07-20T03:00,17.5,0,7.9,17.8,0.0,0.0,0.0
2025-07-20T04:00,17.7,83,9.0,19.8,17.0,6.0,11.0
2025-07-20T05:00,18.9,95,9.0,19.9,108.0,60.0,48.0
2025-07-20T06:00,20.4,100,6.3,18.1,238.0,155.0,83.0
2025-07-20T07:00,22.4,91,7.0,11.5,386.0,283.0,103.0
2025-07-20T08:00,24.2,99,8.8,12.8,530.0,414.0,116.0
2025-07-20T09:00,25.6,80,8.5,11.9,657.0,535.0,122.0
2025-07-20T10:00,26.6,14,8.0,11.2,723.0,589.0,134.0
2025-07-20T11:00,27.2,11,8.4,11.8,752.0,618.0,134.0
2025-07-20T12:00,27.8,14,9.5,13.1,784.0,662.0,122.0
2025-07-20T13:00,28.6,74,10.9,15.1,723.0,573.0,150.0
2025-07-20T14:00,28.9,100,9.6,13.6,674.0,521.0,153.0
2025-07-20T15:00,28.6,80,8.6,12.0,464.0,204.0,260.0
2025-07-20T16:00,28.5,34,9.9,14.4,339.0,177.0,162.0
2025-07-20T17:00,27.6,27,7.1,11.8,277.0,193.0,84.0
2025-07-20T18:00,26.6,66,8.3,17.0,146.0,92.0,54.0
2025-07-20T19:00,24.8,99,10.7,23.4,40.0,16.0,24.0
2025-07-20T20:00,23.8,100,10.2,23.7,1.0,0.0,1.0
2025-07-20T21:00,23.1,88,9.9,23.3,0.0,0.0,0.0
2025-07-20T22:00,22.6,99,10.5,24.2,0.0,0.0,0.0
2025-07-20T23:00,22.0,99,10.5,24.2,0.0,0.0,0.0
2025-07-21T00:00,21.7,100,9.6,23.1,0.0,0.0,0.0
2025-07-21T01:00,22.2,100,9.1,18.9,0.0,0.0,0.0
2025-07-21T02:00,19.3,100,10.0,21.0,0.0,0.0,0.0
2025-07-21T03:00,19.5,98,6.9,12.1,0.0,0.0,0.0
2025-07-21T04:00,19.2,100,4.5,11.7,8.0,2.0,6.0
2025-07-21T05:00,19.5,100,3.1,4.6,25.0,0.0,25.0
2025-07-21T06:00,20.0,100,2.9,4.7,81.0,3.0,78.0
2025-07-21T07:00,20.6,100,4.5,8.7,118.0,29.0,89.0
2025-07-21T08:00,21.3,100,9.6,14.3,225.0,54.0,171.0
2025-07-21T09:00,21.7,100,6.6,9.5,289.0,62.0,227.0
2025-07-21T10:00,21.5,100,8.0,11.1,221.0,7.0,214.0
2025-07-21T11:00,21.3,100,7.6,10.5,229.0,22.0,207.0
2025-07-21T12:00,20.9,100,7.6,10.6,179.0,0.0,179.0
2025-07-21T13:00,21.9,100,14.2,21.8,256.0,54.0,202.0
2025-07-21T14:00,21.7,100,14.9,22.6,225.0,11.0,214.0
2025-07-21T15:00,21.3,100,16.9,25.7,284.0,33.0,251.0
2025-07-21T16:00,19.5,100,17.8,29.3,64.0,0.0,64.0
2025-07-21T17:00,18.0,100,20.3,34.1,37.0,0.0,37.0
2025-07-21T18:00,16.7,100,17.4,31.6,12.0,0.0,12.0
2025-07-21T19:00,16.4,100,16.0,28.5,4.0,0.0,4.0
2025-07-21T20:00,16.1,100,14.7,27.3,0.0,0.0,0.0
2025-07-21T21:00,16.0,100,12.3,22.9,0.0,0.0,0.0
2025-07-21T22:00,16.0,100,10.4,19.7,0.0,0.0,0.0
2025-07-21T23:00,15.8,100,9.5,18.9,0.0,0.0,0.0
2025-07-22T00:00,15.6,100,8.6,17.5,0.0,0.0,0.0
2025-07-22T01:00,14.4,100,3.9,11.1,0.0,0.0,0.0
2025-07-22T02:00,14.6,100,6.1,12.4,0.0,0.0,0.0
2025-07-22T03:00,14.9,100,6.0,13.4,0.0,0.0,0.0
2025-07-22T04:00,15.3,100,5.2,11.1,6.0,0.0,6.0
2025-07-22T05:00,16.1,100,12.5,22.4,36.0,0.0,36.0
2025-07-22T06:00,17.1,43,15.3,22.9,119.0,17.0,102.0
2025-07-22T07:00,18.5,37,17.9,27.2,345.0,228.0,117.0
2025-07-22T08:00,19.5,36,16.7,25.1,476.0,320.0,156.0
2025-07-22T09:00,20.5,32,16.2,24.5,556.0,408.0,148.0
2025-07-22T10:00,21.5,100,16.4,24.3,666.0,502.0,164.0
2025-07-22T11:00,19.5,79,14.2,22.3,240.0,3.0,237.0
2025-07-22T12:00,19.8,100,7.9,12.1,251.0,64.0,187.0
2025-07-22T13:00,20.6,79,18.0,27.3,614.0,395.0,219.0
2025-07-22T14:00,21.0,58,16.4,24.8,555.0,358.0,197.0
2025-07-22T15:00,21.5,49,16.8,25.2,525.0,380.0,145.0
2025-07-22T16:00,21.4,36,13.5,20.4,338.0,204.0,134.0
2025-07-22T17:00,18.4,86,14.3,24.6,252.0,138.0,114.0
2025-07-22T18:00,18.3,95,11.3,20.5,85.0,23.0,62.0
2025-07-22T19:00,17.9,100,13.8,25.4,25.0,0.0,25.0
2025-07-22T20:00,17.6,100,15.3,28.2,0.0,0.0,0.0
2025-07-22T21:00,16.4,100,15.3,27.9,0.0,0.0,0.0
2025-07-22T22:00,16.5,100,13.6,25.5,0.0,0.0,0.0
2025-07-22T23:00,16.4,95,14.2,26.5,0.0,0.0,0.0
2025-07-23T00:00,16.1,100,14.7,26.8,0.0,0.0,0.0
2025-07-23T01:00,16.0,100,12.2,22.6,0.0,0.0,0.0
2025-07-23T02:00,15.6,100,14.9,27.2,0.0,0.0,0.0
2025-07-23T03:00,15.6,100,13.0,24.0,0.0,0.0,0.0
2025-07-23T04:00,15.7,100,13.1,24.4,2.0,0.0,2.0
2025-07-23T05:00,16.2,100,15.8,27.2,24.0,0.0,24.0
2025-07-23T06:00,16.5,100,19.5,31.8,62.0,0.0,62.0
2025-07-23T07:00,16.5,100,18.7,30.5,65.0,0.0,65.0
2025-07-23T08:00,17.0,100,17.4,28.8,93.0,0.0,93.0
2025-07-23T09:00,17.5,100,18.7,30.9,144.0,6.0,138.0
2025-07-23T10:00,18.4,100,15.9,26.3,212.0,9.0,203.0
2025-07-23T11:00,18.3,100,17.1,29.5,126.0,0.0,126.0
2025-07-23T12:00,18.2,100,18.3,30.6,145.0,0.0,145.0
2025-07-23T13:00,18.7,100,15.2,25.9,183.0,18.0,165.0
2025-07-23T14:00,19.6,100,11.4,20.0,172.0,22.0,150.0
2025-07-23T15:00,19.7,100,20.0,33.4,184.0,24.0,160.0
2025-07-23T16:00,19.2,100,20.2,35.0,128.0,21.0,107.0
2025-07-23T17:00,19.0,100,18.3,32.7,64.0,0.0,64.0
2025-07-23T18:00,19.5,100,17.1,31.1,39.0,0.0,39.0
2025-07-23T19:00,19.1,94,16.6,30.3,22.0,4.0,18.0
2025-07-23T20:00,19.0,100,14.4,26.8,0.0,0.0,0.0
2025-07-23T21:00,18.9,75,13.3,24.9,0.0,0.0,0.0
2025-07-23T22:00,18.5,100,12.4,23.8,0.0,0.0,0.0
2025-07-23T23:00,18.3,100,12.8,24.1,0.0,0.0,0.0
2025-07-24T00:00,18.1,100,13.3,24.8,0.0,0.0,0.0
2025-07-24T01:00,17.1,25,7.7,17.3,0.0,0.0,0.0
2025-07-24T02:00,16.7,39,8.5,18.6,0.0,0.0,0.0
2025-07-24T03:00,16.4,48,8.6,18.6,0.0,0.0,0.0
2025-07-24T04:00,16.2,24,8.9,18.4,12.0,3.0,9.0
2025-07-24T05:00,17.0,92,11.1,18.2,89.0,40.0,49.0
2025-07-24T06:00,17.7,100,11.9,17.7,154.0,48.0,106.0
2025-07-24T07:00,18.2,100,11.2,16.1,177.0,29.0,148.0
2025-07-24T08:00,19.1,100,10.9,16.3,215.0,5.0,210.0
2025-07-24T09:00,19.9,68,11.4,16.4,289.0,73.0,216.0
2025-07-24T10:00,21.0,100,10.6,15.3,510.0,261.0,249.0
2025-07-24T11:00,22.0,100,10.8,15.4,654.0,413.0,241.0
2025-07-24T12:00,22.4,90,11.2,16.2,496.0,161.0,335.0
2025-07-24T13:00,21.6,98,9.4,13.3,515.0,203.0,312.0
2025-07-24T14:00,22.0,100,9.4,13.4,473.0,238.0,235.0
2025-07-24T15:00,22.4,99,9.7,13.9,464.0,275.0,189.0
2025-07-24T16:00,22.2,100,9.1,13.2,334.0,163.0,171.0
2025-07-24T17:00,21.6,99,7.6,12.9,174.0,50.0,124.0
2025-07-24T18:00,21.0,100,6.7,13.6,100.0,19.0,81.0
2025-07-24T19:00,20.0,99,5.3,13.3,30.0,4.0,26.0
2025-07-24T20:00,18.9,100,4.1,11.5,0.0,0.0,0.0
2025-07-24T21:00,18.6,100,4.1,11.2,0.0,0.0,0.0
2025-07-24T22:00,18.2,100,4.7,11.5,0.0,0.0,0.0
2025-07-24T23:00,18.5,100,6.4,14.8,0.0,0.0,0.0
2025-07-25T00:00,18.4,80,8.0,17.6,0.0,0.0,0.0
2025-07-25T01:00,18.3,100,7.9,17.2,0.0,0.0,0.0
2025-07-25T02:00,18.0,100,6.8,15.5,0.0,0.0,0.0
2025-07-25T03:00,17.9,100,4.7,12.2,0.0,0.0,0.0
2025-07-25T04:00,18.0,100,4.5,10.8,4.0,0.0,4.0
2025-07-25T05:00,18.1,100,7.2,14.0,38.0,2.0,36.0
2025-07-25T06:00,18.4,100,7.4,14.4,79.0,8.0,71.0
2025-07-25T07:00,19.1,100,9.1,13.2,210.0,62.0,148.0
2025-07-25T08:00,19.9,100,10.0,14.2,312.0,122.0,190.0
2025-07-25T09:00,20.9,100,12.0,17.4,451.0,219.0,232.0
2025-07-25T10:00,21.4,87,12.7,18.5,468.0,224.0,244.0
2025-07-25T11:00,22.2,99,11.5,16.6,520.0,270.0,250.0
2025-07-25T12:00,23.0,100,9.9,14.4,555.0,293.0,262.0
2025-07-25T13:00,22.5,100,11.2,16.6,302.0,88.0,214.0
2025-07-25T14:00,23.5,36,11.0,15.8,567.0,323.0,244.0
2025-07-25T15:00,20.6,96,15.9,23.7,524.0,384.0,140.0
2025-07-25T16:00,21.0,62,6.9,9.8,277.0,105.0,172.0
2025-07-25T17:00,21.3,35,8.6,13.0,222.0,109.0,113.0
2025-07-25T18:00,20.9,70,8.6,14.6,139.0,79.0,60.0
2025-07-25T19:00,19.5,57,6.1,13.1,31.0,10.0,21.0
2025-07-25T20:00,18.8,39,7.9,15.5,0.0,0.0,0.0
2025-07-25T21:00,18.3,44,7.8,16.5,0.0,0.0,0.0
2025-07-25T22:00,18.0,50,8.2,16.8,0.0,0.0,0.0
2025-07-25T23:00,17.8,43,7.5,15.7,0.0,0.0,0.0
2025-07-26T00:00,17.7,68,7.0,14.7,0.0,0.0,0.0
2025-07-26T01:00,17.2,100,4.9,13.3,0.0,0.0,0.0
2025-07-26T02:00,17.4,100,6.5,13.4,0.0,0.0,0.0
2025-07-26T03:00,17.2,100,7.3,15.0,0.0,0.0,0.0
2025-07-26T04:00,17.4,100,7.7,14.0,4.0,0.0,4.0
2025-07-26T05:00,17.4,100,9.3,14.9,35.0,1.0,34.0
2025-07-26T06:00,17.4,100,7.3,11.6,65.0,4.0,61.0
2025-07-26T07:00,17.7,100,8.4,12.3,125.0,2.0,123.0
2025-07-26T08:00,18.5,100,8.9,13.0,221.0,45.0,176.0
2025-07-26T09:00,19.1,100,8.0,11.3,321.0,71.0,250.0
2025-07-26T10:00,19.8,100,8.2,11.3,421.0,124.0,297.0
2025-07-26T11:00,20.0,100,8.5,12.1,356.0,65.0,291.0
2025-07-26T12:00,20.5,100,8.1,11.6,421.0,98.0,323.0
2025-07-26T13:00,20.0,100,9.5,13.5,394.0,102.0,292.0
2025-07-26T14:00,20.5,100,8.7,12.6,353.0,61.0,292.0
2025-07-26T15:00,20.6,95,7.4,10.8,281.0,55.0,226.0
2025-07-26T16:00,20.8,100,8.4,12.3,293.0,153.0,140.0
2025-07-26T17:00,20.4,100,7.4,11.9,134.0,14.0,120.0
2025-07-26T18:00,20.0,100,4.4,9.6,90.0,21.0,69.0
2025-07-26T19:00,19.2,100,1.5,5.0,26.0,6.0,20.0
2025-07-26T20:00,19.0,100,1.9,3.0,0.0,0.0,0.0
2025-07-26T21:00,18.4,100,0.9,3.0,0.0,0.0,0.0
2025-07-26T22:00,17.5,100,2.5,3.8,0.0,0.0,0.0
2025-07-26T23:00,17.0,100,3.6,6.7,0.0,0.0,0.0
2025-07-27T00:00,16.8,99,4.6,10.4,0.0,0.0,0.0
2025-07-27T01:00,15.8,99,4.3,11.5,0.0,0.0,0.0
2025-07-27T02:00,15.6,100,3.8,10.0,0.0,0.0,0.0
2025-07-27T03:00,15.4,49,2.9,9.0,0.0,0.0,0.0
2025-07-27T04:00,15.2,69,3.9,10.2,10.0,1.0,9.0
2025-07-27T05:00,16.6,91,4.0,8.6,89.0,38.0,51.0
2025-07-27T06:00,18.1,94,2.3,7.5,191.0,85.0,106.0
2025-07-27T07:00,19.6,100,1.0,1.7,301.0,129.0,172.0
2025-07-27T08:00,20.9,93,0.9,1.3,456.0,248.0,208.0
2025-07-27T09:00,21.9,72,1.1,1.7,547.0,303.0,244.0
2025-07-27T10:00,22.3,100,2.0,2.6,620.0,417.0,203.0
2025-07-27T11:00,22.8,100,1.8,2.3,557.0,289.0,268.0
2025-07-27T12:00,22.7,100,1.5,1.7,510.0,205.0,305.0
2025-07-27T13:00,23.5,75,2.3,2.9,715.0,545.0,170.0
2025-07-27T14:00,23.7,61,2.8,3.5,610.0,463.0,147.0
2025-07-27T15:00,23.8,29,3.9,5.3,498.0,357.0,141.0
2025-07-27T16:00,23.2,21,6.2,8.9,360.0,223.0,137.0
2025-07-27T17:00,22.5,37,6.5,10.5,246.0,156.0,90.0
2025-07-27T18:00,21.0,65,7.6,14.2,118.0,61.0,57.0
2025-07-27T19:00,19.5,49,6.0,12.5,18.0,6.0,12.0
2025-07-27T20:00,18.8,55,6.8,14.4,0.0,0.0,0.0
2025-07-27T21:00,17.9,32,6.0,13.4,0.0,0.0,0.0
2025-07-27T22:00,17.2,30,7.4,16.3,0.0,0.0,0.0
2025-07-27T23:00,17.0,6,7.3,16.4,0.0,0.0,0.0
2025-07-28T00:00,16.5,13,7.3,15.6,0.0,0.0,0.0
2025-07-28T01:00,16.0,100,8.7,12.9,0.0,0.0,0.0
2025-07-28T02:00,15.8,73,9.0,16.8,0.0,0.0,0.0
2025-07-28T03:00,15.7,21,8.0,14.6,0.0,0.0,0.0
2025-07-28T04:00,15.5,71,10.2,19.7,8.0,1.0,7.0
2025-07-28T05:00,16.2,97,13.5,19.6,51.0,13.0,38.0
2025-07-28T06:00,16.7,96,9.4,14.7,133.0,42.0,91.0
2025-07-28T07:00,17.0,97,11.5,17.5,142.0,35.0,107.0
2025-07-28T08:00,18.0,97,10.7,16.0,218.0,46.0,172.0
2025-07-28T09:00,19.8,100,9.8,14.4,413.0,203.0,210.0
2025-07-28T10:00,19.7,100,12.7,18.5,421.0,122.0,299.0
2025-07-28T11:00,18.8,100,14.1,20.9,244.0,23.0,221.0
2025-07-28T12:00,18.8,96,15.6,23.9,309.0,70.0,239.0
2025-07-28T13:00,20.7,100,17.7,26.6,422.0,194.0,228.0
2025-07-28T14:00,21.4,80,17.2,26.3,467.0,230.0,237.0
2025-07-28T15:00,22.3,91,17.6,27.3,533.0,387.0,146.0
2025-07-28T16:00,22.0,98,16.0,25.3,418.0,297.0,121.0
2025-07-28T17:00,21.2,100,14.5,25.2,267.0,173.0,94.0
2025-07-28T18:00,20.0,32,12.2,23.2,134.0,75.0,59.0
2025-07-28T19:00,18.7,54,12.6,24.8,31.0,13.0,18.0
2025-07-28T20:00,17.8,8,13.3,25.9,0.0,0.0,0.0
2025-07-28T21:00,17.0,24,12.9,25.4,0.0,0.0,0.0
2025-07-28T22:00,16.5,55,12.7,25.1,0.0,0.0,0.0
2025-07-28T23:00,16.1,10,13.4,25.8,0.0,0.0,0.0
2025-07-29T00:00,15.6,0,14.8,28.0,0.0,0.0,0.0
2025-07-29T01:00,15.5,7,13.7,26.3,0.0,0.0,0.0
2025-07-29T02:00,14.8,2,13.2,25.4,0.0,0.0,0.0
2025-07-29T03:00,14.3,9,13.0,24.8,0.0,0.0,0.0
2025-07-29T04:00,14.1,8,13.0,24.8,8.0,2.0,6.0
2025-07-29T05:00,14.7,67,11.4,20.7,86.0,42.0,44.0
2025-07-29T06:00,15.7,94,18.2,27.7,211.0,130.0,81.0
2025-07-29T07:00,16.7,27,17.1,26.5,302.0,173.0,129.0
2025-07-29T08:00,17.8,33,16.6,25.1,476.0,361.0,115.0
2025-07-29T09:00,18.4,31,17.1,25.4,542.0,424.0,118.0
2025-07-29T10:00,19.2,34,16.6,24.5,653.0,511.0,142.0
2025-07-29T11:00,19.8,58,17.0,24.9,691.0,534.0,157.0
2025-07-29T12:00,20.2,32,16.4,24.2,672.0,491.0,181.0
2025-07-29T13:00,20.0,32,13.1,19.1,632.0,484.0,148.0
2025-07-29T14:00,19.1,34,14.0,20.7,520.0,365.0,155.0
2025-07-29T15:00,19.5,32,12.5,18.4,492.0,349.0,143.0
2025-07-29T16:00,19.0,28,13.2,19.7,376.0,259.0,117.0
2025-07-29T17:00,18.5,10,10.1,15.5,247.0,160.0,87.0
2025-07-29T18:00,17.9,48,11.5,20.5,142.0,89.0,53.0
2025-07-29T19:00,16.2,43,9.2,18.7,26.0,10.0,16.0
2025-07-29T20:00,15.5,97,8.8,19.5,0.0,0.0,0.0
2025-07-29T21:00,15.1,100,8.4,19.4,0.0,0.0,0.0
2025-07-29T22:00,14.8,98,8.7,19.9,0.0,0.0,0.0
2025-07-29T23:00,14.5,63,8.7,19.5,0.0,0.0,0.0
2025-07-30T00:00,14.1,96,7.8,18.1,0.0,0.0,0.0
2025-07-30T01:00,13.8,10,8.6,19.9,0.0,0.0,0.0
2025-07-30T02:00,13.5,1,8.2,18.9,0.0,0.0,0.0
2025-07-30T03:00,13.1,0,7.9,18.2,0.0,0.0,0.0
2025-07-30T04:00,12.9,0,8.1,17.8,7.0,2.0,5.0
2025-07-30T05:00,13.8,11,7.4,19.0,87.0,46.0,41.0
2025-07-30T06:00,15.1,7,7.3,12.3,222.0,153.0,69.0
2025-07-30T07:00,16.5,4,8.6,12.8,376.0,290.0,86.0
2025-07-30T08:00,17.7,8,10.3,15.0,525.0,428.0,97.0
2025-07-30T09:00,18.6,9,12.8,18.4,632.0,525.0,107.0
2025-07-30T10:00,19.5,10,12.9,18.6,717.0,594.0,123.0
2025-07-30T11:00,20.0,17,13.4,19.5,733.0,592.0,141.0
2025-07-30T12:00,20.5,18,13.1,19.0,705.0,565.0,140.0
2025-07-30T13:00,21.0,20,11.2,16.2,717.0,580.0,137.0
2025-07-30T14:00,21.4,24,11.2,16.4,641.0,520.0,121.0
2025-07-30T15:00,21.2,19,13.0,19.2,522.0,406.0,116.0
2025-07-30T16:00,21.0,16,11.7,18.0,393.0,275.0,118.0
2025-07-30T17:00,20.3,28,10.2,18.3,260.0,181.0,79.0
2025-07-30T18:00,19.0,30,9.0,19.1,119.0,66.0,53.0
2025-07-30T19:00,17.6,12,8.2,20.2,26.0,10.0,16.0
2025-07-30T20:00,16.5,30,8.0,19.5,0.0,0.0,0.0
2025-07-30T21:00,15.9,5,8.7,20.2,0.0,0.0,0.0
2025-07-30T22:00,15.2,2,8.0,19.5,0.0,0.0,0.0
2025-07-30T23:00,14.8,18,8.2,19.1,0.0,0.0,0.0
2025-07-31T00:00,14.3,47,7.6,17.9,0.0,0.0,0.0
2025-07-31T01:00,15.3,100,11.8,23.7,0.0,0.0,0.0
2025-07-31T02:00,14.9,99,10.0,19.7,0.0,0.0,0.0
2025-07-31T03:00,14.2,94,9.6,18.8,0.0,0.0,0.0
2025-07-31T04:00,14.1,30,10.7,21.4,4.0,0.0,4.0
2025-07-31T05:00,14.7,78,12.3,22.2,71.0,30.0,41.0
2025-07-31T06:00,15.5,96,12.2,20.8,134.0,38.0,96.0
2025-07-31T07:00,16.0,100,15.5,24.2,217.0,68.0,149.0
2025-07-31T08:00,16.8,100,18.4,27.7,340.0,129.0,211.0
2025-07-31T09:00,16.9,100,17.6,26.7,313.0,105.0,208.0
2025-07-31T10:00,16.9,100,14.0,22.2,168.0,0.0,168.0
2025-07-31T11:00,17.5,100,18.3,28.0,293.0,67.0,226.0
2025-07-31T12:00,18.0,99,17.8,27.4,326.0,75.0,251.0
2025-07-31T13:00,18.2,91,13.6,20.1,443.0,218.0,225.0
2025-07-31T14:00,19.4,100,16.1,24.2,556.0,353.0,203.0
2025-07-31T15:00,19.1,99,15.9,23.8,343.0,115.0,228.0
2025-07-31T16:00,19.0,85,17.1,26.7,278.0,135.0,143.0
2025-07-31T17:00,18.0,50,16.1,26.6,211.0,106.0,105.0
2025-07-31T18:00,17.2,67,12.1,22.1,108.0,48.0,60.0
2025-07-31T19:00,16.5,67,8.9,19.2,22.0,6.0,16.0
2025-07-31T20:00,16.1,78,10.7,22.7,0.0,0.0,0.0
2025-07-31T21:00,16.0,84,9.3,21.2,0.0,0.0,0.0
2025-07-31T22:00,16.1,100,10.7,22.4,0.0,0.0,0.0
2025-07-31T23:00,15.7,100,10.6,21.3,0.0,0.0,0.0
2025-08-01T00:00,15.4,83,8.1,18.0,0.0,0.0,0.0
2025-08-01T01:00,15.0,99,8.1,17.7,0.0,0.0,0.0
2025-08-01T02:00,14.9,100,8.0,17.9,0.0,0.0,0.0
2025-08-01T03:00,14.6,99,7.8,17.6,0.0,0.0,0.0
2025-08-01T04:00,14.5,94,8.5,18.4,5.0,0.0,5.0
2025-08-01T05:00,15.1,44,6.7,18.6,72.0,25.0,47.0
2025-08-01T06:00,16.3,64,11.1,15.9,201.0,119.0,82.0
2025-08-01T07:00,17.2,88,8.8,12.9,273.0,136.0,137.0
2025-08-01T08:00,18.0,92,9.1,13.1,347.0,175.0,172.0
2025-08-01T09:00,19.0,81,10.0,14.2,459.0,229.0,230.0
2025-08-01T10:00,19.9,55,9.8,13.8,586.0,316.0,270.0
2025-08-01T11:00,20.8,100,9.6,13.8,649.0,355.0,294.0
2025-08-01T12:00,18.4,100,14.0,20.7,493.0,222.0,271.0
2025-08-01T13:00,18.6,91,11.7,16.8,469.0,288.0,181.0
2025-08-01T14:00,19.5,79,9.6,14.0,509.0,293.0,216.0
2025-08-01T15:00,20.2,100,11.1,16.0,486.0,320.0,166.0
2025-08-01T16:00,18.1,77,10.7,16.5,222.0,49.0,173.0
2025-08-01T17:00,18.1,95,7.3,11.0,197.0,95.0,102.0
2025-08-01T18:00,17.7,0,5.1,9.9,127.0,71.0,56.0
2025-08-01T19:00,16.8,10,6.3,14.1,25.0,9.0,16.0
2025-08-01T20:00,16.1,4,7.3,16.0,0.0,0.0,0.0
2025-08-01T21:00,15.8,7,7.5,17.3,0.0,0.0,0.0
2025-08-01T22:00,15.5,19,8.1,18.3,0.0,0.0,0.0
2025-08-01T23:00,15.2,100,7.6,17.7,0.0,0.0,0.0
2025-08-02T00:00,15.1,98,8.2,18.3,0.0,0.0,0.0
2025-08-02T01:00,15.4,27,8.1,17.7,0.0,0.0,0.0
2025-08-02T02:00,14.4,93,10.6,20.2,0.0,0.0,0.0
2025-08-02T03:00,14.1,91,7.4,14.5,0.0,0.0,0.0
2025-08-02T04:00,13.9,100,8.3,16.1,4.0,0.0,4.0
2025-08-02T05:00,14.4,100,9.8,17.1,58.0,13.0,45.0
2025-08-02T06:00,14.9,100,12.5,18.2,105.0,5.0,100.0
2025-08-02T07:00,15.4,100,12.0,17.5,132.0,9.0,123.0
2025-08-02T08:00,16.8,100,12.5,18.2,252.0,33.0,219.0
2025-08-02T09:00,18.0,97,12.1,17.3,394.0,131.0,263.0
2025-08-02T10:00,19.2,35,11.6,16.5,567.0,375.0,192.0
2025-08-02T11:00,20.5,26,11.5,16.3,708.0,555.0,153.0
2025-08-02T12:00,21.1,22,10.7,15.3,729.0,576.0,153.0
2025-08-02T13:00,19.3,64,10.7,15.9,254.0,67.0,187.0
2025-08-02T14:00,21.2,41,10.5,15.4,571.0,414.0,157.0
2025-08-02T15:00,21.6,46,13.3,19.9,490.0,344.0,146.0
2025-08-02T16:00,20.8,74,12.3,18.6,348.0,238.0,110.0
2025-08-02T17:00,19.9,63,7.6,11.2,263.0,190.0,73.0
2025-08-02T18:00,19.1,75,2.8,7.2,119.0,59.0,60.0
2025-08-02T19:00,17.8,45,4.2,11.1,22.0,8.0,14.0
2025-08-02T20:00,17.3,67,7.9,18.1,0.0,0.0,0.0
2025-08-02T21:00,16.5,98,7.7,18.3,0.0,0.0,0.0
2025-08-02T22:00,16.0,100,5.7,15.8,0.0,0.0,0.0
2025-08-02T23:00,15.6,100,7.1,17.5,0.0,0.0,0.0
2025-08-03T00:00,15.4,100,8.7,18.8,0.0,0.0,0.0
2025-08-03T01:00,14.8,24,9.3,20.0,0.0,0.0,0.0
2025-08-03T02:00,14.2,12,8.6,18.8,0.0,0.0,0.0
2025-08-03T03:00,13.9,79,8.3,18.5,0.0,0.0,0.0
2025-08-03T04:00,13.8,100,9.5,19.7,4.0,0.0,4.0
2025-08-03T05:00,14.4,100,11.6,20.9,63.0,13.0,50.0
2025-08-03T06:00,15.1,100,12.4,19.0,103.0,7.0,96.0
2025-08-03T07:00,15.4,100,13.2,19.7,144.0,16.0,128.0
2025-08-03T08:00,16.1,100,14.9,22.2,214.0,22.0,192.0
2025-08-03T09:00,17.2,100,14.8,21.8,313.0,53.0,260.0
2025-08-03T10:00,18.0,61,14.5,21.2,366.0,80.0,286.0
2025-08-03T11:00,18.8,53,14.6,21.2,549.0,280.0,269.0
2025-08-03T12:00,18.5,93,16.9,25.1,464.0,175.0,289.0
2025-08-03T13:00,18.9,73,15.1,22.1,434.0,171.0,263.0
2025-08-03T14:00,18.6,94,14.6,21.6,440.0,206.0,234.0
2025-08-03T15:00,18.6,98,14.4,21.8,309.0,116.0,193.0
2025-08-03T16:00,17.9,95,15.7,24.1,254.0,96.0,158.0
2025-08-03T17:00,16.8,94,13.6,21.7,181.0,62.0,119.0
2025-08-03T18:00,16.3,100,11.3,19.8,95.0,30.0,65.0
2025-08-03T19:00,15.9,100,9.7,18.0,7.0,0.0,7.0
2025-08-03T20:00,15.8,100,9.8,18.6,0.0,0.0,0.0
2025-08-03T21:00,15.4,100,10.7,20.3,0.0,0.0,0.0
2025-08-03T22:00,15.1,100,10.7,20.5,0.0,0.0,0.0
2025-08-03T23:00,15.2,100,11.9,22.6,0.0,0.0,0.0
2025-08-04T00:00,15.2,100,11.8,23.0,0.0,0.0,0.0
2025-08-04T01:00,14.9,100,11.6,22.6,0.0,0.0,0.0
2025-08-04T02:00,14.9,100,11.8,22.7,0.0,0.0,0.0
2025-08-04T03:00,14.9,100,11.5,22.9,0.0,0.0,0.0
2025-08-04T04:00,14.6,100,11.6,23.0,2.0,0.0,2.0
2025-08-04T05:00,14.6,100,13.9,25.3,27.0,3.0,24.0
2025-08-04T06:00,14.9,98,15.3,26.9,44.0,2.0,42.0
2025-08-04T07:00,15.2,100,14.6,25.1,68.0,7.0,61.0
2025-08-04T08:00,16.1,93,15.6,23.3,133.0,1.0,132.0
2025-08-04T09:00,18.0,90,11.6,17.4,428.0,243.0,185.0
2025-08-04T10:00,19.1,100,13.5,19.8,379.0,192.0,187.0
2025-08-04T11:00,18.8,100,9.1,14.0,204.0,0.0,204.0
2025-08-04T12:00,18.6,77,12.5,18.6,257.0,42.0,215.0
2025-08-04T13:00,19.0,62,12.7,18.6,425.0,190.0,235.0
2025-08-04T14:00,20.6,18,10.5,15.6,551.0,376.0,175.0
2025-08-04T15:00,21.6,70,11.6,17.4,510.0,379.0,131.0
2025-08-04T16:00,22.2,98,10.6,16.4,386.0,283.0,103.0
2025-08-04T17:00,21.6,100,10.2,18.9,253.0,164.0,89.0
2025-08-04T18:00,19.9,100,4.6,13.5,110.0,40.0,70.0
2025-08-04T19:00,19.0,100,6.1,12.5,16.0,1.0,15.0
2025-08-04T20:00,18.7,100,7.9,18.5,0.0,0.0,0.0
2025-08-04T21:00,18.4,100,9.1,21.5,0.0,0.0,0.0
2025-08-04T22:00,18.0,100,9.7,22.4,0.0,0.0,0.0
2025-08-04T23:00,17.5,100,9.9,21.2,0.0,0.0,0.0
2025-08-05T00:00,17.4,100,11.8,25.7,0.0,0.0,0.0
2025-08-05T01:00,18.5,100,15.7,29.3,0.0,0.0,0.0
2025-08-05T02:00,18.0,100,16.0,30.2,0.0,0.0,0.0
2025-08-05T03:00,18.0,100,14.8,28.8,0.0,0.0,0.0
2025-08-05T04:00,18.2,100,14.8,28.8,1.0,0.0,1.0
2025-08-05T05:00,18.5,100,13.3,25.8,13.0,0.0,13.0
2025-08-05T06:00,18.6,100,13.5,25.2,24.0,0.0,24.0
2025-08-05T07:00,19.1,100,13.0,22.8,123.0,14.0,109.0
2025-08-05T08:00,18.4,100,13.7,23.4,54.0,0.0,54.0
2025-08-05T09:00,18.5,100,13.4,20.6,142.0,6.0,136.0
2025-08-05T10:00,18.0,100,12.0,19.9,99.0,1.0,98.0
2025-08-05T11:00,17.4,100,13.4,22.3,99.0,0.0,99.0
2025-08-05T12:00,17.0,100,13.4,22.3,82.0,0.0,82.0
2025-08-05T13:00,17.3,100,13.1,20.2,161.0,1.0,160.0
2025-08-05T14:00,17.4,100,10.5,17.2,111.0,3.0,108.0
2025-08-05T15:00,17.9,19,9.5,15.0,163.0,0.0,163.0
2025-08-05T16:00,19.2,26,11.1,16.8,376.0,278.0,98.0
2025-08-05T17:00,19.1,33,9.5,16.8,227.0,149.0,78.0
2025-08-05T18:00,18.5,14,10.3,21.1,105.0,58.0,47.0
2025-08-05T19:00,17.2,19,11.6,24.6,17.0,6.0,11.0
2025-08-05T20:00,16.4,30,13.6,27.1,0.0,0.0,0.0
2025-08-05T21:00,15.5,17,10.7,22.4,0.0,0.0,0.0
2025-08-05T22:00,14.8,2,13.0,25.4,0.0,0.0,0.0
2025-08-05T23:00,14.0,0,13.2,25.7,0.0,0.0,0.0
2025-08-06T00:00,13.4,0,14.1,26.8,0.0,0.0,0.0
2025-08-06T01:00,12.6,6,11.4,24.1,0.0,0.0,0.0
2025-08-06T02:00,12.4,2,12.7,25.6,0.0,0.0,0.0
2025-08-06T03:00,12.2,0,13.1,25.7,0.0,0.0,0.0
2025-08-06T04:00,12.0,1,12.0,24.0,3.0,0.0,3.0
2025-08-06T05:00,12.6,0,12.4,23.5,69.0,35.0,34.0
2025-08-06T06:00,13.6,12,12.4,20.2,202.0,136.0,66.0
2025-08-06T07:00,14.9,35,17.8,26.9,348.0,254.0,94.0
2025-08-06T08:00,16.2,39,17.1,25.6,458.0,305.0,153.0
2025-08-06T09:00,17.4,19,16.2,23.9,553.0,392.0,161.0
2025-08-06T10:00,18.4,34,16.8,24.9,659.0,528.0,131.0
2025-08-06T11:00,19.2,24,15.2,22.2,711.0,549.0,162.0
2025-08-06T12:00,19.8,37,14.9,22.0,720.0,571.0,149.0
2025-08-06T13:00,20.0,41,13.9,20.3,655.0,471.0,184.0
2025-08-06T14:00,20.0,53,14.4,21.4,514.0,352.0,162.0
2025-08-06T15:00,20.4,40,13.2,20.1,449.0,310.0,139.0
2025-08-06T16:00,20.3,43,10.5,18.2,267.0,120.0,147.0
2025-08-06T17:00,19.6,25,10.6,19.3,218.0,134.0,84.0
2025-08-06T18:00,18.4,19,8.1,17.7,100.0,50.0,50.0
2025-08-06T19:00,16.9,12,7.0,18.1,16.0,6.0,10.0
2025-08-06T20:00,15.8,2,5.2,15.5,0.0,0.0,0.0
2025-08-06T21:00,15.0,22,3.3,10.8,0.0,0.0,0.0
2025-08-06T22:00,14.4,3,4.5,11.0,0.0,0.0,0.0
2025-08-06T23:00,14.1,62,4.5,10.7,0.0,0.0,0.0
2025-08-07T00:00,13.6,41,4.8,10.8,0.0,0.0,0.0
2025-08-07T01:00,13.2,100,4.9,9.3,0.0,0.0,0.0
2025-08-07T02:00,12.8,100,4.7,12.0,0.0,0.0,0.0
2025-08-07T03:00,12.6,100,4.5,13.0,0.0,0.0,0.0
2025-08-07T04:00,12.7,100,4.8,13.7,2.0,0.0,2.0
2025-08-07T05:00,13.2,100,5.6,12.9,47.0,3.0,44.0
2025-08-07T06:00,14.8,86,4.2,12.3,161.0,57.0,104.0
2025-08-07T07:00,17.0,100,4.0,10.1,333.0,225.0,108.0
2025-08-07T08:00,18.7,78,4.2,6.5,421.0,223.0,198.0
2025-08-07T09:00,20.5,99,5.8,8.3,608.0,473.0,135.0
2025-08-07T10:00,21.8,100,8.6,12.3,703.0,555.0,148.0
2025-08-07T11:00,22.6,100,10.2,14.7,729.0,515.0,214.0
2025-08-07T12:00,23.2,99,9.5,13.6,702.0,425.0,277.0
2025-08-07T13:00,23.7,44,10.3,14.8,691.0,474.0,217.0
2025-08-07T14:00,24.0,65,10.9,15.8,665.0,539.0,126.0
2025-08-07T15:00,24.1,75,9.8,14.6,507.0,334.0,173.0
2025-08-07T16:00,24.0,68,8.6,14.5,412.0,320.0,92.0
2025-08-07T17:00,23.1,100,6.8,14.4,253.0,170.0,83.0
2025-08-07T18:00,21.4,54,5.8,15.4,108.0,50.0,58.0
2025-08-07T19:00,19.6,49,5.2,13.3,16.0,4.0,12.0
2025-08-07T20:00,18.8,99,5.2,14.4,0.0,0.0,0.0
2025-08-07T21:00,18.1,100,6.5,15.6,0.0,0.0,0.0
2025-08-07T22:00,17.8,100,6.7,17.1,0.0,0.0,0.0
2025-08-07T23:00,17.5,100,6.9,18.3,0.0,0.0,0.0
2025-08-08T00:00,17.5,100,5.3,16.5,0.0,0.0,0.0
2025-08-08T01:00,16.8,94,3.5,12.4,0.0,0.0,0.0
2025-08-08T02:00,15.9,99,4.5,9.6,0.0,0.0,0.0
2025-08-08T03:00,15.7,100,3.3,5.5,0.0,0.0,0.0
2025-08-08T04:00,15.4,100,4.7,9.8,2.0,0.0,2.0
2025-08-08T05:00,16.5,100,2.4,4.4,55.0,12.0,43.0
2025-08-08T06:00,17.6,99,3.2,4.6,116.0,22.0,94.0
2025-08-08T07:00,19.5,98,3.1,8.2,239.0,91.0,148.0
2025-08-08T08:00,21.5,94,4.8,7.3,430.0,266.0,164.0
2025-08-08T09:00,23.0,100,6.2,9.0,510.0,291.0,219.0
2025-08-08T10:00,23.7,100,8.1,11.7,516.0,213.0,303.0
2025-08-08T11:00,24.4,100,8.7,12.6,551.0,232.0,319.0
2025-08-08T12:00,25.1,100,10.3,15.1,528.0,164.0,364.0
2025-08-08T13:00,26.1,100,10.7,16.8,463.0,117.0,346.0
2025-08-08T14:00,26.8,100,9.3,16.1,393.0,93.0,300.0
2025-08-08T15:00,25.6,100,15.5,25.8,362.0,106.0,256.0
2025-08-08T16:00,24.4,100,11.6,20.0,257.0,64.0,193.0
2025-08-08T17:00,23.2,100,7.9,16.6,152.0,28.0,124.0
2025-08-08T18:00,22.2,100,5.4,14.5,83.0,16.0,67.0
2025-08-08T19:00,21.0,100,6.1,16.5,12.0,1.0,11.0
2025-08-08T20:00,20.5,100,7.3,18.9,0.0,0.0,0.0
2025-08-08T21:00,19.4,16,5.7,16.0,0.0,0.0,0.0
2025-08-08T22:00,18.0,24,4.4,11.7,0.0,0.0,0.0
2025-08-08T23:00,17.5,0,5.0,13.8,0.0,0.0,0.0
2025-08-09T00:00,17.1,0,5.2,14.3,0.0,0.0,0.0
2025-08-09T01:00,16.4,7,5.5,13.5,0.0,0.0,0.0
2025-08-09T02:00,15.6,7,4.9,13.6,0.0,0.0,0.0
2025-08-09T03:00,15.0,1,4.3,12.9,0.0,0.0,0.0
2025-08-09T04:00,14.9,1,4.4,13.3,2.0,0.0,2.0
2025-08-09T05:00,15.9,2,5.0,11.4,62.0,32.0,30.0
2025-08-09T06:00,17.5,0,3.4,10.3,192.0,129.0,63.0
2025-08-09T07:00,19.5,0,4.6,7.6,343.0,261.0,82.0
2025-08-09T08:00,21.5,28,5.8,8.7,493.0,402.0,91.0
2025-08-09T09:00,23.3,92,6.6,9.5,618.0,520.0,98.0
2025-08-09T10:00,24.8,100,6.5,9.0,696.0,560.0,136.0
2025-08-09T11:00,25.6,89,5.7,8.1,655.0,376.0,279.0
2025-08-09T12:00,26.6,6,5.7,8.0,746.0,579.0,167.0
2025-08-09T13:00,27.6,2,7.6,10.6,732.0,626.0,106.0
2025-08-09T14:00,28.2,23,9.8,14.3,646.0,542.0,104.0
2025-08-09T15:00,28.5,39,10.9,16.3,531.0,432.0,99.0
2025-08-09T16:00,28.4,96,7.4,12.2,393.0,306.0,87.0
2025-08-09T17:00,27.5,93,4.9,10.9,243.0,171.0,72.0
2025-08-09T18:00,25.3,23,5.8,15.3,98.0,51.0,47.0
2025-08-09T19:00,23.8,12,8.5,20.4,13.0,4.0,9.0
2025-08-09T20:00,22.2,74,5.7,14.8,0.0,0.0,0.0
2025-08-09T21:00,21.5,89,10.9,23.2,0.0,0.0,0.0
2025-08-09T22:00,21.2,17,12.3,27.0,0.0,0.0,0.0
2025-08-09T23:00,20.4,80,10.3,23.5,0.0,0.0,0.0
2025-08-10T00:00,19.8,29,10.1,22.7,0.0,0.0,0.0
2025-08-10T01:00,18.9,1,12.9,27.6,0.0,0.0,0.0
2025-08-10T02:00,17.8,0,14.4,28.8,0.0,0.0,0.0
2025-08-10T03:00,17.0,1,13.1,26.3,0.0,0.0,0.0
2025-08-10T04:00,16.2,81,12.0,24.1,1.0,0.0,1.0
2025-08-10T05:00,16.2,56,13.7,25.5,59.0,28.0,31.0
2025-08-10T06:00,16.5,5,14.4,22.7,193.0,132.0,61.0
2025-08-10T07:00,17.5,10,16.2,24.2,348.0,265.0,83.0
2025-08-10T08:00,18.6,7,15.5,22.9,484.0,380.0,104.0
2025-08-10T09:00,20.2,100,18.2,26.6,611.0,501.0,110.0
2025-08-10T10:00,21.0,40,17.3,25.3,542.0,270.0,272.0
2025-08-10T11:00,21.9,44,18.5,27.0,645.0,401.0,244.0
2025-08-10T12:00,22.5,36,18.2,26.9,641.0,415.0,226.0
2025-08-10T13:00,23.0,77,16.3,24.2,625.0,450.0,175.0
2025-08-10T14:00,23.2,37,16.1,24.0,517.0,323.0,194.0
2025-08-10T15:00,23.5,51,16.1,24.1,491.0,351.0,140.0
2025-08-10T16:00,23.0,100,14.6,22.7,343.0,209.0,134.0
2025-08-10T17:00,22.4,70,10.6,18.4,233.0,144.0,89.0
2025-08-10T18:00,20.9,99,7.5,17.1,101.0,49.0,52.0
2025-08-10T19:00,19.2,70,7.7,19.5,11.0,2.0,9.0
2025-08-10T20:00,18.1,100,7.8,19.5,0.0,0.0,0.0
2025-08-10T21:00,17.2,90,6.5,17.5,0.0,0.0,0.0
2025-08-10T22:00,16.3,81,5.1,14.8,0.0,0.0,0.0
2025-08-10T23:00,15.3,80,4.2,11.8,0.0,0.0,0.0
2025-08-11T00:00,14.7,30,2.6,9.2,0.0,0.0,0.0
2025-08-11T01:00,12.9,1,2.3,7.2,0.0,0.0,0.0
2025-08-11T02:00,12.4,6,2.2,7.3,0.0,0.0,0.0
2025-08-11T03:00,12.2,2,1.8,8.2,0.0,0.0,0.0
2025-08-11T04:00,12.1,3,3.0,10.1,1.0,0.0,1.0
2025-08-11T05:00,13.6,5,5.0,12.1,58.0,29.0,29.0
2025-08-11T06:00,15.4,10,3.2,10.7,189.0,127.0,62.0
2025-08-11T07:00,17.5,14,2.5,4.7,339.0,253.0,86.0
2025-08-11T08:00,19.4,0,3.9,5.5,487.0,387.0,100.0
2025-08-11T09:00,21.2,0,3.9,5.4,620.0,521.0,99.0
2025-08-11T10:00,22.5,16,5.4,7.8,718.0,615.0,103.0
2025-08-11T11:00,23.5,45,5.9,8.3,770.0,662.0,108.0
2025-08-11T12:00,24.1,69,6.5,9.0,778.0,669.0,109.0
2025-08-11T13:00,24.8,24,5.0,7.0,736.0,625.0,111.0
2025-08-11T14:00,25.1,52,4.5,6.1,654.0,548.0,106.0
2025-08-11T15:00,25.1,57,3.4,4.6,540.0,446.0,94.0
2025-08-11T16:00,24.9,36,4.1,5.5,397.0,314.0,83.0
2025-08-11T17:00,24.2,71,4.6,6.7,233.0,155.0,78.0
2025-08-11T18:00,22.7,99,2.9,7.1,94.0,46.0,48.0
2025-08-11T19:00,21.1,78,4.1,9.0,10.0,1.0,9.0
2025-08-11T20:00,19.8,54,4.9,11.1,0.0,0.0,0.0
2025-08-11T21:00,18.6,0,4.8,10.7,0.0,0.0,0.0
2025-08-11T22:00,18.0,0,4.0,9.4,0.0,0.0,0.0
2025-08-11T23:00,17.4,0,4.4,9.7,0.0,0.0,0.0
2025-08-12T00:00,16.5,0,4.1,10.6,0.0,0.0,0.0
2025-08-12T01:00,14.6,0,5.1,11.9,0.0,0.0,0.0
2025-08-12T02:00,14.5,0,5.9,14.7,0.0,0.0,0.0
2025-08-12T03:00,14.4,0,5.9,14.8,0.0,0.0,0.0
2025-08-12T04:00,14.1,1,5.7,14.1,1.0,0.0,1.0
2025-08-12T05:00,14.9,0,6.4,12.8,55.0,28.0,27.0
2025-08-12T06:00,16.9,0,4.4,10.9,183.0,125.0,58.0
2025-08-12T07:00,19.5,0,3.1,8.6,334.0,258.0,76.0
2025-08-12T08:00,22.1,4,3.8,5.9,481.0,393.0,88.0
2025-08-12T09:00,24.4,0,3.8,5.5,604.0,503.0,101.0
2025-08-12T10:00,26.0,13,5.9,7.9,701.0,600.0,101.0
2025-08-12T11:00,27.0,39,6.4,8.8,752.0,644.0,108.0
2025-08-12T12:00,27.8,57,6.4,8.7,758.0,644.0,114.0
2025-08-12T13:00,28.4,0,7.4,10.2,724.0,623.0,101.0
2025-08-12T14:00,28.8,0,7.7,10.5,646.0,551.0,95.0
2025-08-12T15:00,28.8,3,9.6,13.2,535.0,449.0,86.0
2025-08-12T16:00,28.3,12,11.4,16.3,387.0,306.0,81.0
2025-08-12T17:00,27.4,3,11.2,18.0,236.0,171.0,65.0
2025-08-12T18:00,25.6,6,10.4,20.7,96.0,56.0,40.0
2025-08-12T19:00,23.8,0,10.6,23.2,9.0,3.0,6.0
2025-08-12T20:00,22.8,1,11.4,24.7,0.0,0.0,0.0
2025-08-12T21:00,21.7,0,10.8,23.6,0.0,0.0,0.0
2025-08-12T22:00,20.9,0,10.7,23.7,0.0,0.0,0.0
2025-08-12T23:00,20.1,5,10.4,22.9,0.0,0.0,0.0
2025-08-13T00:00,19.4,0,10.0,22.0,0.0,0.0,0.0
2025-08-13T01:00,18.2,0,10.8,24.1,0.0,0.0,0.0
2025-08-13T02:00,17.7,1,11.5,25.6,0.0,0.0,0.0
2025-08-13T03:00,17.2,17,11.8,25.7,0.0,0.0,0.0
2025-08-13T04:00,16.7,79,10.7,23.5,0.0,0.0,0.0
2025-08-13T05:00,17.1,14,10.7,22.1,49.0,19.0,30.0
2025-08-13T06:00,18.5,91,9.1,24.9,171.0,107.0,64.0
2025-08-13T07:00,20.1,95,7.3,13.7,251.0,134.0,117.0
2025-08-13T08:00,21.9,41,6.9,10.8,309.0,128.0,181.0
2025-08-13T09:00,24.6,0,7.3,10.8,537.0,399.0,138.0
2025-08-13T10:00,26.9,26,7.2,10.4,660.0,538.0,122.0
2025-08-13T11:00,28.6,52,8.5,12.1,739.0,624.0,115.0
2025-08-13T12:00,30.0,0,9.8,13.7,763.0,650.0,113.0
2025-08-13T13:00,31.1,0,9.6,13.4,725.0,622.0,103.0
2025-08-13T14:00,31.5,0,9.2,12.7,643.0,548.0,95.0
2025-08-13T15:00,31.2,0,10.1,13.9,531.0,444.0,87.0
2025-08-13T16:00,30.3,0,12.2,17.3,389.0,311.0,78.0
2025-08-13T17:00,29.0,0,10.8,18.4,236.0,174.0,62.0
2025-08-13T18:00,27.2,0,9.1,19.6,95.0,56.0,39.0
2025-08-13T19:00,25.4,0,11.0,24.2,8.0,3.0,5.0
2025-08-13T20:00,24.4,0,10.5,24.3,0.0,0.0,0.0
2025-08-13T21:00,23.1,0,9.5,22.3,0.0,0.0,0.0
2025-08-13T22:00,22.2,0,9.1,21.6,0.0,0.0,0.0
2025-08-13T23:00,21.4,0,8.3,20.4,0.0,0.0,0.0
2025-08-14T00:00,20.7,0,8.0,19.8,0.0,0.0,0.0
2025-08-14T01:00,19.0,92,7.5,19.5,0.0,0.0,0.0
2025-08-14T02:00,18.5,0,7.6,19.1,0.0,0.0,0.0
2025-08-14T03:00,18.0,0,8.1,19.9,0.0,0.0,0.0
2025-08-14T04:00,17.8,0,8.0,20.6,0.0,0.0,0.0
2025-08-14T05:00,18.5,0,8.5,19.7,50.0,26.0,24.0
2025-08-14T06:00,20.2,0,7.8,21.4,176.0,120.0,56.0
2025-08-14T07:00,22.3,39,6.5,14.1,326.0,253.0,73.0
2025-08-14T08:00,24.5,93,6.8,10.8,465.0,368.0,97.0
2025-08-14T09:00,26.6,0,6.5,9.5,595.0,496.0,99.0
2025-08-14T10:00,28.8,0,7.3,10.5,693.0,593.0,100.0
2025-08-14T11:00,30.5,0,6.7,9.4,746.0,646.0,100.0
2025-08-14T12:00,31.6,0,6.8,9.4,753.0,652.0,101.0
2025-08-14T13:00,32.5,0,5.9,8.1,717.0,618.0,99.0
2025-08-14T14:00,32.7,0,5.3,7.3,636.0,541.0,95.0
2025-08-14T15:00,32.8,0,5.6,7.6,520.0,432.0,88.0
2025-08-14T16:00,32.3,0,6.9,9.4,379.0,301.0,78.0
2025-08-14T17:00,31.3,2,7.9,13.6,227.0,164.0,63.0
2025-08-14T18:00,29.5,93,8.7,19.6,89.0,51.0,38.0
2025-08-14T19:00,27.8,33,6.5,17.5,7.0,2.0,5.0
2025-08-14T20:00,26.4,64,6.3,16.9,0.0,0.0,0.0
2025-08-14T21:00,25.4,93,6.9,18.9,0.0,0.0,0.0
2025-08-14T22:00,25.0,31,9.1,22.5,0.0,0.0,0.0
2025-08-14T23:00,24.4,59,8.9,22.1,0.0,0.0,0.0
2025-08-15T00:00,23.5,42,8.3,21.0,0.0,0.0,0.0
2025-08-15T01:00,22.1,9,7.3,18.5,0.0,0.0,0.0
2025-08-15T02:00,21.5,100,7.3,19.3,0.0,0.0,0.0
2025-08-15T03:00,21.0,2,8.1,19.0,0.0,0.0,0.0
2025-08-15T04:00,20.2,25,6.4,17.5,0.0,0.0,0.0
2025-08-15T05:00,20.9,68,8.5,18.6,46.0,20.0,26.0
2025-08-15T06:00,22.4,91,2.5,13.0,165.0,97.0,68.0
2025-08-15T07:00,24.1,100,0.4,0.5,305.0,208.0,97.0
2025-08-15T08:00,26.2,96,2.3,3.1,447.0,329.0,118.0
2025-08-15T09:00,28.5,8,2.1,2.7,578.0,461.0,117.0
2025-08-15T10:00,30.4,13,0.4,0.5,681.0,577.0,104.0
2025-08-15T11:00,32.0,8,0.2,0.2,735.0,632.0,103.0
2025-08-15T12:00,32.8,11,2.0,2.7,743.0,640.0,103.0
2025-08-15T13:00,33.0,60,7.4,9.9,511.0,356.0,155.0
2025-08-15T14:00,32.0,53,12.6,17.8,499.0,328.0,171.0
2025-08-15T15:00,30.9,96,12.5,18.0,386.0,245.0,141.0
2025-08-15T16:00,30.1,96,13.3,19.6,275.0,108.0,167.0
2025-08-15T17:00,29.5,91,11.3,18.5,167.0,69.0,98.0
2025-08-15T18:00,28.2,95,11.9,21.3,75.0,30.0,45.0
2025-08-15T19:00,26.5,100,16.7,29.7,5.0,1.0,4.0
2025-08-15T20:00,24.9,72,13.6,24.9,0.0,0.0,0.0
2025-08-15T21:00,23.5,0,10.6,20.4,0.0,0.0,0.0
2025-08-15T22:00,22.1,0,8.4,17.6,0.0,0.0,0.0
2025-08-15T23:00,21.0,1,9.6,20.1,0.0,0.0,0.0
2025-08-16T00:00,20.1,1,9.1,19.9,0.0,0.0,0.0
2025-08-16T01:00,19.1,12,10.2,21.8,0.0,0.0,0.0
2025-08-16T02:00,18.5,0,8.8,19.5,0.0,0.0,0.0
2025-08-16T03:00,17.9,3,7.9,17.2,0.0,0.0,0.0
2025-08-16T04:00,17.4,34,8.0,17.3,0.0,0.0,0.0
2025-08-16T05:00,18.0,100,11.1,17.3,36.0,12.0,24.0
2025-08-16T06:00,18.7,100,11.2,16.8,78.0,5.0,73.0
2025-08-16T07:00,19.5,100,10.4,15.1,154.0,11.0,143.0
2025-08-16T08:00,20.2,100,10.8,15.4,231.0,31.0,200.0
2025-08-16T09:00,20.5,100,11.3,16.4,252.0,22.0,230.0
2025-08-16T10:00,21.5,21,12.0,17.2,435.0,131.0,304.0
2025-08-16T11:00,23.4,44,12.9,18.4,687.0,508.0,179.0
2025-08-16T12:00,24.5,29,14.3,20.5,697.0,511.0,186.0
2025-08-16T13:00,24.6,29,14.3,20.5,596.0,386.0,210.0
2025-08-16T14:00,24.7,9,15.6,22.5,601.0,475.0,126.0
2025-08-16T15:00,24.0,2,16.0,23.3,521.0,426.0,95.0
2025-08-16T16:00,23.4,3,15.2,22.4,373.0,290.0,83.0
2025-08-16T17:00,22.6,0,14.5,22.1,222.0,159.0,63.0
2025-08-16T18:00,21.5,1,11.8,20.6,82.0,46.0,36.0
2025-08-16T19:00,20.0,2,9.3,18.8,5.0,1.0,4.0
2025-08-16T20:00,18.9,3,6.1,14.6,0.0,0.0,0.0
2025-08-16T21:00,18.0,21,6.7,14.7,0.0,0.0,0.0
2025-08-16T22:00,17.1,40,6.9,15.1,0.0,0.0,0.0
2025-08-16T23:00,16.5,31,7.4,15.7,0.0,0.0,0.0
2025-08-17T00:00,15.9,20,9.0,18.2,0.0,0.0,0.0
2025-08-17T01:00,14.1,10,10.6,20.8,0.0,0.0,0.0
2025-08-17T02:00,13.4,13,10.6,20.7,0.0,0.0,0.0
2025-08-17T03:00,12.8,2,10.4,20.2,0.0,0.0,0.0
2025-08-17T04:00,12.2,15,10.2,20.0,0.0,0.0,0.0
2025-08-17T05:00,12.4,12,9.3,17.3,41.0,18.0,23.0
2025-08-17T06:00,13.4,8,9.6,14.9,165.0,102.0,63.0
2025-08-17T07:00,15.2,46,10.1,14.5,319.0,237.0,82.0
2025-08-17T08:00,16.9,100,8.9,12.3,442.0,313.0,129.0
2025-08-17T09:00,18.1,93,8.6,12.0,449.0,258.0,191.0
2025-08-17T10:00,19.0,92,8.8,12.1,447.0,200.0,247.0
2025-08-17T11:00,20.5,100,8.0,10.9,568.0,324.0,244.0
2025-08-17T12:00,21.3,100,7.6,10.5,485.0,178.0,307.0
2025-08-17T13:00,21.7,100,6.8,9.4,477.0,263.0,214.0
2025-08-17T14:00,22.8,98,7.3,10.1,467.0,260.0,207.0
2025-08-17T15:00,23.0,74,9.0,12.5,326.0,123.0,203.0
2025-08-17T16:00,23.4,95,9.9,13.9,320.0,193.0,127.0
2025-08-17T17:00,23.0,19,9.6,14.7,195.0,109.0,86.0
2025-08-17T18:00,21.0,32,1.8,6.2,75.0,38.0,37.0
2025-08-17T19:00,19.4,27,4.1,12.0,4.0,1.0,3.0
2025-08-17T20:00,18.8,10,7.4,15.3,0.0,0.0,0.0
2025-08-17T21:00,17.6,64,7.5,16.7,0.0,0.0,0.0
2025-08-17T22:00,16.5,100,4.6,13.6,0.0,0.0,0.0
2025-08-17T23:00,15.6,3,3.1,10.3,0.0,0.0,0.0
2025-08-18T00:00,15.2,0,1.9,8.5,0.0,0.0,0.0
2025-08-18T01:00,12.8,0,3.1,6.6,0.0,0.0,0.0
2025-08-18T02:00,12.4,0,4.2,9.9,0.0,0.0,0.0
2025-08-18T03:00,12.1,0,4.7,12.2,0.0,0.0,0.0
2025-08-18T04:00,11.6,0,4.8,13.6,0.0,0.0,0.0
2025-08-18T05:00,12.1,0,4.9,10.5,41.0,21.0,20.0
2025-08-18T06:00,13.9,0,1.5,6.5,167.0,112.0,55.0
2025-08-18T07:00,16.5,0,1.1,2.5,320.0,245.0,75.0
2025-08-18T08:00,18.8,0,2.8,3.9,468.0,381.0,87.0
2025-08-18T09:00,20.4,0,3.8,5.0,593.0,497.0,96.0
2025-08-18T10:00,21.6,0,3.8,5.0,685.0,582.0,103.0
2025-08-18T11:00,22.5,0,4.3,5.8,736.0,630.0,106.0
2025-08-18T12:00,24.0,100,6.6,8.7,732.0,606.0,126.0
2025-08-18T13:00,24.0,100,6.5,8.9,534.0,274.0,260.0
2025-08-18T14:00,24.0,100,8.5,11.6,435.0,168.0,267.0
2025-08-18T15:00,23.5,48,9.8,13.4,348.0,153.0,195.0
2025-08-18T16:00,23.1,26,8.7,12.0,269.0,146.0,123.0
2025-08-18T17:00,22.5,8,8.9,13.0,137.0,55.0,82.0
2025-08-18T18:00,21.4,3,9.9,16.5,64.0,27.0,37.0
2025-08-18T19:00,20.1,1,8.0,16.3,3.0,1.0,2.0
2025-08-18T20:00,19.2,1,8.2,17.0,0.0,0.0,0.0
2025-08-18T21:00,18.4,0,6.6,15.7,0.0,0.0,0.0
2025-08-18T22:00,17.8,0,5.7,14.3,0.0,0.0,0.0
2025-08-18T23:00,17.3,1,5.2,14.7,0.0,0.0,0.0
2025-08-19T00:00,17.0,1,6.2,15.7,0.0,0.0,0.0
2025-08-19T01:00,14.6,0,3.9,10.7,0.0,0.0,0.0
2025-08-19T02:00,14.6,0,5.2,13.7,0.0,0.0,0.0
2025-08-19T03:00,14.2,0,6.0,15.1,0.0,0.0,0.0
2025-08-19T04:00,13.9,0,5.5,15.2,0.0,0.0,0.0
2025-08-19T05:00,14.6,0,6.3,14.7,38.0,18.0,20.0
2025-08-19T06:00,16.4,0,3.7,12.2,159.0,105.0,54.0
2025-08-19T07:00,18.8,0,1.9,5.4,310.0,236.0,74.0
2025-08-19T08:00,21.2,0,3.5,5.5,458.0,371.0,87.0
2025-08-19T09:00,22.9,0,5.2,7.4,585.0,490.0,95.0
2025-08-19T10:00,24.0,0,5.2,7.0,679.0,579.0,100.0
2025-08-19T11:00,24.9,0,5.2,7.1,733.0,630.0,103.0
2025-08-19T12:00,25.5,0,5.3,7.1,741.0,638.0,103.0
2025-08-19T13:00,26.3,0,3.9,5.4,702.0,602.0,100.0
2025-08-19T14:00,26.6,0,3.5,5.1,622.0,527.0,95.0
2025-08-19T15:00,26.6,1,5.4,7.3,505.0,418.0,87.0
2025-08-19T16:00,26.1,1,7.4,10.1,362.0,286.0,76.0
2025-08-19T17:00,25.3,0,9.0,12.7,209.0,149.0,60.0
2025-08-19T18:00,24.1,0,6.7,12.8,72.0,39.0,33.0
2025-08-19T19:00,22.6,0,2.5,7.4,3.0,1.0,2.0
2025-08-19T20:00,22.4,0,0.4,2.7,0.0,0.0,0.0
2025-08-19T21:00,21.6,0,0.9,2.8,0.0,0.0,0.0
2025-08-19T22:00,20.8,0,3.1,8.3,0.0,0.0,0.0
2025-08-19T23:00,20.4,6,7.2,16.8,0.0,0.0,0.0
2025-08-20T00:00,18.1,0,8.9,18.9,0.0,0.0,0.0
2025-08-20T01:00,16.0,99,9.0,19.5,0.0,0.0,0.0
2025-08-20T02:00,15.6,100,7.9,18.0,0.0,0.0,0.0
2025-08-20T03:00,15.2,95,7.7,16.8,0.0,0.0,0.0
2025-08-20T04:00,14.8,7,6.6,15.0,0.0,0.0,0.0
2025-08-20T05:00,14.9,1,7.5,16.2,34.0,15.0,19.0
2025-08-20T06:00,16.1,0,7.4,12.7,154.0,98.0,56.0
2025-08-20T07:00,18.0,66,8.5,12.1,306.0,230.0,76.0
2025-08-20T08:00,19.8,47,7.8,10.7,431.0,323.0,108.0
2025-08-20T09:00,21.0,43,8.0,11.0,494.0,323.0,171.0
2025-08-20T10:00,22.2,94,7.3,9.8,585.0,385.0,200.0
2025-08-20T11:00,23.4,51,6.7,9.2,562.0,330.0,232.0
2025-08-20T12:00,24.0,93,7.0,9.9,524.0,267.0,257.0
2025-08-20T13:00,23.9,87,8.9,12.2,436.0,210.0,226.0
2025-08-20T14:00,23.4,59,11.8,16.4,453.0,277.0,176.0
2025-08-20T15:00,22.5,14,13.3,18.9,349.0,189.0,160.0
2025-08-20T16:00,22.0,28,13.6,19.6,314.0,222.0,92.0
2025-08-20T17:00,21.4,32,12.0,18.2,162.0,96.0,66.0
2025-08-20T18:00,21.0,50,12.0,20.4,48.0,18.0,30.0
2025-08-20T19:00,19.3,2,15.5,26.8,2.0,0.0,2.0
2025-08-20T20:00,17.8,0,14.1,25.5,0.0,0.0,0.0
2025-08-20T21:00,16.8,1,11.8,22.5,0.0,0.0,0.0
2025-08-20T22:00,15.8,9,10.2,20.6,0.0,0.0,0.0
2025-08-20T23:00,15.1,12,10.7,21.1,0.0,0.0,0.0
2025-08-21T00:00,14.3,0,9.6,19.7,0.0,0.0,0.0
2025-08-21T01:00,12.9,2,8.2,17.8,0.0,0.0,0.0
2025-08-21T02:00,12.4,6,7.3,15.5,0.0,0.0,0.0
2025-08-21T03:00,11.9,13,6.7,14.9,0.0,0.0,0.0
2025-08-21T04:00,11.4,11,6.0,13.4,0.0,0.0,0.0
2025-08-21T05:00,11.8,9,6.6,12.9,33.0,15.0,18.0
2025-08-21T06:00,13.4,2,4.8,10.2,155.0,98.0,57.0
2025-08-21T07:00,15.5,0,3.7,5.5,308.0,231.0,77.0
2025-08-21T08:00,17.5,0,1.9,2.7,466.0,383.0,83.0
2025-08-21T09:00,19.2,0,2.0,2.5,594.0,504.0,90.0
2025-08-21T10:00,20.6,0,3.9,5.2,690.0,594.0,96.0
2025-08-21T11:00,21.8,0,5.1,6.8,738.0,635.0,103.0
2025-08-21T12:00,22.5,0,6.5,8.9,715.0,583.0,132.0
2025-08-21T13:00,23.4,0,9.0,12.1,718.0,622.0,96.0
2025-08-21T14:00,23.5,0,9.8,13.5,632.0,541.0,91.0
2025-08-21T15:00,23.4,0,10.7,14.9,512.0,428.0,84.0
2025-08-21T16:00,22.9,0,12.2,17.5,362.0,288.0,74.0
2025-08-21T17:00,21.9,0,12.5,18.6,202.0,142.0,60.0
2025-08-21T18:00,20.5,2,8.1,14.9,65.0,36.0,29.0
2025-08-21T19:00,18.6,1,17.8,30.1,1.0,0.0,1.0
2025-08-21T20:00,17.2,1,13.9,24.7,0.0,0.0,0.0
2025-08-21T21:00,16.4,1,11.2,20.5,0.0,0.0,0.0
2025-08-21T22:00,15.5,0,9.4,18.1,0.0,0.0,0.0
2025-08-21T23:00,14.6,12,8.4,17.3,0.0,0.0,0.0
2025-08-22T00:00,14.1,0,8.3,17.6,0.0,0.0,0.0
2025-08-22T01:00,12.7,1,10.9,22.2,0.0,0.0,0.0
2025-08-22T02:00,12.1,1,11.0,22.3,0.0,0.0,0.0
2025-08-22T03:00,11.6,4,10.8,21.8,0.0,0.0,0.0
2025-08-22T04:00,11.1,6,10.4,20.8,0.0,0.0,0.0
2025-08-22T05:00,11.3,24,9.6,22.0,31.0,13.0,18.0
2025-08-22T06:00,12.4,25,10.7,17.3,139.0,72.0,67.0
2025-08-22T07:00,13.8,24,11.1,16.7,269.0,164.0,105.0
2025-08-22T08:00,15.5,29,11.9,17.2,418.0,285.0,133.0
2025-08-22T09:00,17.0,57,16.2,23.1,530.0,390.0,140.0
2025-08-22T10:00,18.1,3,16.5,24.1,501.0,325.0,176.0
2025-08-22T11:00,19.4,98,17.9,26.0,711.0,568.0,143.0
2025-08-22T12:00,19.6,100,21.4,31.2,690.0,501.0,189.0
2025-08-22T13:00,18.0,81,20.2,30.5,322.0,114.0,208.0
2025-08-22T14:00,18.2,100,20.3,30.4,328.0,88.0,240.0
2025-08-22T15:00,18.3,38,19.7,29.7,240.0,53.0,187.0
2025-08-22T16:00,18.3,100,19.8,30.0,224.0,105.0,119.0
2025-08-22T17:00,17.8,84,19.3,29.9,80.0,8.0,72.0
2025-08-22T18:00,17.1,98,16.7,27.3,33.0,6.0,27.0
2025-08-22T19:00,16.4,98,14.4,24.3,1.0,0.0,1.0
2025-08-22T20:00,15.9,27,12.3,21.5,0.0,0.0,0.0
2025-08-22T21:00,15.4,36,13.4,23.6,0.0,0.0,0.0
2025-08-22T22:00,14.6,10,14.5,25.8,0.0,0.0,0.0
2025-08-22T23:00,13.8,16,14.0,25.2,0.0,0.0,0.0
2025-08-23T00:00,13.1,29,14.4,26.0,0.0,0.0,0.0
2025-08-23T01:00,12.9,26,13.7,25.5,0.0,0.0,0.0
2025-08-23T02:00,12.6,64,14.5,26.3,0.0,0.0,0.0
2025-08-23T03:00,12.4,31,14.4,25.7,0.0,0.0,0.0
2025-08-23T04:00,11.9,98,14.1,25.8,0.0,0.0,0.0
2025-08-23T05:00,12.1,88,14.4,24.4,15.0,4.0,11.0
2025-08-23T06:00,12.6,93,14.9,24.0,85.0,28.0,57.0
2025-08-23T07:00,13.3,100,17.6,27.4,139.0,46.0,93.0
2025-08-23T08:00,13.7,88,20.7,31.5,155.0,29.0,126.0
2025-08-23T09:00,14.2,24,17.2,25.7,325.0,148.0,177.0
2025-08-23T10:00,16.4,50,19.6,28.6,614.0,459.0,155.0
2025-08-23T11:00,17.0,100,23.9,35.6,566.0,384.0,182.0
2025-08-23T12:00,15.3,18,19.6,30.2,268.0,52.0,216.0
2025-08-23T13:00,17.5,78,18.4,27.0,637.0,505.0,132.0
2025-08-23T14:00,15.9,41,20.4,30.4,557.0,377.0,180.0
2025-08-23T15:00,16.2,59,18.9,28.4,390.0,254.0,136.0
2025-08-23T16:00,15.9,12,16.7,25.3,285.0,193.0,92.0
2025-08-23T17:00,15.2,2,13.9,21.6,183.0,121.0,62.0
2025-08-23T18:00,14.5,0,10.3,19.7,58.0,31.0,27.0
2025-08-23T19:00,13.5,4,9.6,20.5,1.0,0.0,1.0
2025-08-23T20:00,12.8,0,9.8,21.7,0.0,0.0,0.0
2025-08-23T21:00,12.3,1,10.0,22.3,0.0,0.0,0.0
2025-08-23T22:00,11.9,3,8.5,20.2,0.0,0.0,0.0
2025-08-23T23:00,11.4,2,8.1,19.0,0.0,0.0,0.0
2025-08-24T00:00,11.0,1,8.5,19.6,0.0,0.0,0.0
2025-08-24T01:00,9.2,6,9.1,21.6,0.0,0.0,0.0
2025-08-24T02:00,9.1,3,9.1,21.4,0.0,0.0,0.0
2025-08-24T03:00,8.7,3,9.9,22.1,0.0,0.0,0.0
2025-08-24T04:00,8.4,1,10.6,22.8,0.0,0.0,0.0
2025-08-24T05:00,8.9,0,11.2,22.6,28.0,13.0,15.0
2025-08-24T06:00,10.1,0,9.6,20.4,148.0,96.0,52.0
2025-08-24T07:00,11.9,0,11.9,18.6,304.0,232.0,72.0
2025-08-24T08:00,13.8,0,12.7,19.0,457.0,372.0,85.0
2025-08-24T09:00,15.4,0,14.2,20.9,588.0,493.0,95.0
2025-08-24T10:00,17.2,62,17.9,25.9,684.0,585.0,99.0
2025-08-24T11:00,17.4,95,16.5,24.3,498.0,281.0,217.0
2025-08-24T12:00,17.5,81,14.8,22.0,357.0,55.0,302.0
2025-08-24T13:00,18.2,100,17.0,25.2,487.0,302.0,185.0
2025-08-24T14:00,18.1,95,16.0,24.3,292.0,61.0,231.0
2025-08-24T15:00,18.1,72,16.2,24.4,292.0,98.0,194.0
2025-08-24T16:00,17.2,53,14.7,23.0,173.0,57.0,116.0
2025-08-24T17:00,16.8,43,12.1,20.5,135.0,70.0,65.0
2025-08-24T18:00,15.9,43,9.8,19.4,44.0,17.0,27.0
2025-08-24T19:00,15.2,100,10.0,20.4,0.0,0.0,0.0
2025-08-24T20:00,15.5,92,11.5,22.3,0.0,0.0,0.0
2025-08-24T21:00,15.0,15,11.8,23.1,0.0,0.0,0.0
2025-08-24T22:00,13.9,6,10.4,22.2,0.0,0.0,0.0
2025-08-24T23:00,13.0,5,10.1,22.0,0.0,0.0,0.0
2025-08-25T00:00,12.4,1,10.1,22.1,0.0,0.0,0.0
2025-08-25T01:00,11.1,93,9.7,21.9,0.0,0.0,0.0
2025-08-25T02:00,10.8,33,10.3,22.8,0.0,0.0,0.0
2025-08-25T03:00,10.4,31,10.3,22.6,0.0,0.0,0.0
2025-08-25T04:00,9.9,100,10.3,22.1,0.0,0.0,0.0
2025-08-25T05:00,10.8,100,10.3,21.2,19.0,5.0,14.0
2025-08-25T06:00,11.6,100,7.9,21.1,73.0,10.0,63.0
2025-08-25T07:00,12.8,100,8.2,13.9,151.0,19.0,132.0
2025-08-25T08:00,14.1,52,9.4,14.2,247.0,66.0,181.0
2025-08-25T09:00,15.6,71,10.6,15.5,432.0,223.0,209.0
2025-08-25T10:00,16.6,100,14.7,21.6,504.0,292.0,212.0
2025-08-25T11:00,16.8,93,16.2,24.1,345.0,79.0,266.0
2025-08-25T12:00,18.0,70,17.3,25.2,518.0,274.0,244.0
2025-08-25T13:00,17.9,100,15.0,22.2,373.0,120.0,253.0
2025-08-25T14:00,18.3,100,14.7,22.0,366.0,104.0,262.0
2025-08-25T15:00,18.6,55,14.5,21.7,306.0,97.0,209.0
2025-08-25T16:00,18.6,77,14.4,22.0,274.0,140.0,134.0
2025-08-25T17:00,18.0,100,8.9,16.2,161.0,86.0,75.0
2025-08-25T18:00,16.1,88,4.0,11.8,44.0,13.0,31.0
2025-08-25T19:00,15.4,97,4.1,11.2,0.0,0.0,0.0
2025-08-25T20:00,15.0,100,6.2,14.0,0.0,0.0,0.0
2025-08-25T21:00,14.2,99,5.7,15.9,0.0,0.0,0.0
2025-08-25T22:00,13.9,98,7.1,17.3,0.0,0.0,0.0
2025-08-25T23:00,12.7,80,4.6,12.1,0.0,0.0,0.0
2025-08-26T00:00,11.9,29,3.3,6.2,0.0,0.0,0.0
2025-08-26T01:00,10.2,22,7.5,18.7,0.0,0.0,0.0
2025-08-26T02:00,9.8,0,8.1,20.0,0.0,0.0,0.0
2025-08-26T03:00,9.4,1,8.2,19.6,0.0,0.0,0.0
2025-08-26T04:00,8.9,4,7.1,18.0,0.0,0.0,0.0
2025-08-26T05:00,9.2,8,6.9,15.9,24.0,10.0,14.0
2025-08-26T06:00,10.6,0,5.6,16.8,139.0,88.0,51.0
2025-08-26T07:00,12.8,0,5.2,9.9,290.0,216.0,74.0
2025-08-26T08:00,15.1,0,5.1,7.6,441.0,354.0,87.0
2025-08-26T09:00,17.0,0,6.0,8.7,571.0,476.0,95.0
2025-08-26T10:00,18.4,37,8.1,11.4,665.0,566.0,99.0
2025-08-26T11:00,19.4,59,8.0,11.1,646.0,483.0,163.0
2025-08-26T12:00,20.2,45,7.0,9.7,661.0,484.0,177.0
2025-08-26T13:00,20.6,18,6.5,9.0,654.0,509.0,145.0
2025-08-26T14:00,20.9,8,5.2,7.3,574.0,457.0,117.0
2025-08-26T15:00,21.0,21,3.1,4.4,465.0,364.0,101.0
2025-08-26T16:00,20.9,40,1.5,2.7,329.0,253.0,76.0
2025-08-26T17:00,20.4,100,1.8,2.2,166.0,98.0,68.0
2025-08-26T18:00,18.4,100,6.3,13.4,42.0,14.0,28.0
2025-08-26T19:00,17.5,100,8.6,18.1,0.0,0.0,0.0
2025-08-26T20:00,16.8,100,8.8,20.5,0.0,0.0,0.0
2025-08-26T21:00,16.3,99,8.6,20.7,0.0,0.0,0.0
2025-08-26T22:00,15.6,95,10.3,23.3,0.0,0.0,0.0
2025-08-26T23:00,15.4,100,8.7,21.1,0.0,0.0,0.0
2025-08-27T00:00,14.9,100,9.9,22.2,0.0,0.0,0.0
2025-08-27T01:00,14.8,100,10.4,22.3,0.0,0.0,0.0
2025-08-27T02:00,14.2,8,11.3,24.8,0.0,0.0,0.0
2025-08-27T03:00,13.7,1,10.8,23.7,0.0,0.0,0.0
2025-08-27T04:00,13.3,23,10.7,23.6,0.0,0.0,0.0
2025-08-27T05:00,13.6,12,10.9,23.2,19.0,7.0,12.0
2025-08-27T06:00,15.1,87,11.7,25.7,122.0,70.0,52.0
2025-08-27T07:00,16.8,98,9.7,17.5,263.0,179.0,84.0
2025-08-27T08:00,18.8,100,8.1,12.4,384.0,242.0,142.0
2025-08-27T09:00,21.0,81,8.0,11.6,499.0,320.0,179.0
2025-08-27T10:00,23.5,98,9.8,14.2,627.0,492.0,135.0
2025-08-27T11:00,25.2,71,10.6,15.3,663.0,491.0,172.0
2025-08-27T12:00,26.8,9,11.5,16.7,675.0,529.0,146.0
2025-08-27T13:00,27.1,92,11.8,16.9,650.0,542.0,108.0
2025-08-27T14:00,27.9,83,10.8,15.8,522.0,386.0,136.0
2025-08-27T15:00,27.8,71,10.4,15.2,363.0,244.0,119.0
2025-08-27T16:00,27.1,41,4.3,7.5,234.0,151.0,83.0
2025-08-27T17:00,25.3,92,2.8,5.5,148.0,90.0,58.0
2025-08-27T18:00,22.5,93,8.7,16.3,37.0,17.0,20.0
2025-08-27T19:00,21.9,77,7.3,17.8,0.0,0.0,0.0
2025-08-27T20:00,21.5,100,7.4,16.4,0.0,0.0,0.0
2025-08-27T21:00,20.9,100,8.7,19.3,0.0,0.0,0.0
2025-08-27T22:00,20.7,100,9.1,21.1,0.0,0.0,0.0
2025-08-27T23:00,20.4,100,9.4,21.1,0.0,0.0,0.0
2025-08-28T00:00,20.0,100,8.4,19.0,0.0,0.0,0.0
2025-08-28T01:00,18.5,93,8.1,17.7,0.0,0.0,0.0
2025-08-28T02:00,17.9,100,6.9,12.6,0.0,0.0,0.0
2025-08-28T03:00,18.0,100,11.5,22.8,0.0,0.0,0.0
2025-08-28T04:00,17.5,100,8.9,19.1,0.0,0.0,0.0
2025-08-28T05:00,17.7,100,9.4,18.6,7.0,1.0,6.0
2025-08-28T06:00,18.1,100,9.3,18.0,43.0,8.0,35.0
2025-08-28T07:00,18.8,100,4.7,14.5,72.0,3.0,69.0
2025-08-28T08:00,19.6,100,5.4,11.0,121.0,14.0,107.0
2025-08-28T09:00,19.6,100,5.3,9.3,78.0,0.0,78.0
2025-08-28T10:00,20.2,100,5.3,8.8,143.0,0.0,143.0
2025-08-28T11:00,21.3,100,4.8,6.5,291.0,98.0,193.0
2025-08-28T12:00,20.5,100,6.2,9.1,151.0,2.0,149.0
2025-08-28T13:00,21.5,100,1.0,1.5,93.0,1.0,92.0
2025-08-28T14:00,21.6,100,2.3,3.5,172.0,5.0,167.0
2025-08-28T15:00,20.9,100,2.4,2.7,70.0,0.0,70.0
2025-08-28T16:00,20.0,100,1.2,1.3,38.0,0.0,38.0
2025-08-28T17:00,19.8,100,2.5,7.6,12.0,0.0,12.0
2025-08-28T18:00,19.5,100,6.1,12.3,11.0,0.0,11.0
2025-08-28T19:00,19.3,100,7.4,15.6,0.0,0.0,0.0
2025-08-28T20:00,18.9,100,8.2,17.2,0.0,0.0,0.0
2025-08-28T21:00,18.7,100,8.5,18.0,0.0,0.0,0.0
2025-08-28T22:00,18.4,100,8.3,17.4,0.0,0.0,0.0
2025-08-28T23:00,18.2,100,8.6,17.9,0.0,0.0,0.0
2025-08-29T00:00,17.9,100,8.5,17.8,0.0,0.0,0.0
2025-08-29T01:00,17.6,100,7.1,15.4,0.0,0.0,0.0
2025-08-29T02:00,17.4,39,5.3,13.0,0.0,0.0,0.0
2025-08-29T03:00,16.9,97,4.3,10.2,0.0,0.0,0.0
2025-08-29T04:00,16.9,100,4.2,7.3,0.0,0.0,0.0
2025-08-29T05:00,16.9,100,6.9,11.1,14.0,1.0,13.0
2025-08-29T06:00,17.5,100,5.5,6.9,55.0,0.0,55.0
2025-08-29T07:00,18.0,100,5.1,6.7,83.0,0.0,83.0
2025-08-29T08:00,18.5,100,5.4,6.8,120.0,0.0,120.0
2025-08-29T09:00,19.2,100,4.0,5.4,183.0,4.0,179.0
2025-08-29T10:00,19.5,100,5.4,7.4,146.0,0.0,146.0
2025-08-29T11:00,19.8,100,6.3,8.8,257.0,10.0,247.0
2025-08-29T12:00,19.9,100,6.7,9.5,158.0,5.0,153.0
2025-08-29T13:00,20.1,100,3.8,5.0,215.0,24.0,191.0
2025-08-29T14:00,20.5,100,2.5,3.1,218.0,23.0,195.0
2025-08-29T15:00,20.3,99,4.3,5.6,149.0,26.0,123.0
2025-08-29T16:00,20.1,100,3.4,5.0,148.0,49.0,99.0
2025-08-29T17:00,20.0,95,0.6,0.3,72.0,7.0,65.0
2025-08-29T18:00,18.4,16,1.3,1.9,30.0,11.0,19.0
2025-08-29T19:00,17.5,39,4.9,7.1,0.0,0.0,0.0
2025-08-29T20:00,17.2,100,6.8,13.6,0.0,0.0,0.0
2025-08-29T21:00,16.8,31,5.3,12.3,0.0,0.0,0.0
2025-08-29T22:00,16.3,9,4.7,13.0,0.0,0.0,0.0
2025-08-29T23:00,15.9,96,4.8,12.8,0.0,0.0,0.0
2025-08-30T00:00,15.9,100,6.3,14.7,0.0,0.0,0.0
2025-08-30T01:00,15.1,100,5.6,13.0,0.0,0.0,0.0
2025-08-30T02:00,14.8,100,4.8,14.0,0.0,0.0,0.0
2025-08-30T03:00,14.9,100,5.6,14.7,0.0,0.0,0.0
2025-08-30T04:00,15.1,100,7.7,16.8,0.0,0.0,0.0
2025-08-30T05:00,15.3,100,6.8,15.5,9.0,0.0,9.0
2025-08-30T06:00,16.0,100,6.9,14.6,54.0,0.0,54.0
2025-08-30T07:00,16.9,100,6.9,15.9,127.0,8.0,119.0
2025-08-30T08:00,18.0,45,7.9,12.5,234.0,29.0,205.0
2025-08-30T09:00,20.0,1,8.3,12.0,534.0,403.0,131.0
2025-08-30T10:00,21.1,2,9.6,13.4,622.0,509.0,113.0
2025-08-30T11:00,21.8,4,10.0,14.1,681.0,578.0,103.0
2025-08-30T12:00,22.3,68,10.1,14.1,694.0,595.0,99.0
2025-08-30T13:00,22.4,28,10.2,14.4,522.0,355.0,167.0
2025-08-30T14:00,22.3,53,9.6,13.6,444.0,312.0,132.0
2025-08-30T15:00,22.2,21,10.4,14.5,380.0,260.0,120.0
2025-08-30T16:00,21.4,39,8.8,13.5,254.0,177.0,77.0
2025-08-30T17:00,20.6,8,3.1,7.3,136.0,82.0,54.0
2025-08-30T18:00,19.5,39,4.9,10.9,28.0,12.0,16.0
2025-08-30T19:00,18.9,4,5.3,13.1,0.0,0.0,0.0
2025-08-30T20:00,18.1,7,4.0,9.1,0.0,0.0,0.0
2025-08-30T21:00,17.4,7,4.1,8.5,0.0,0.0,0.0
2025-08-30T22:00,17.0,1,5.5,12.0,0.0,0.0,0.0
2025-08-30T23:00,16.4,0,6.0,15.1,0.0,0.0,0.0
2025-08-31T00:00,15.5,0,4.8,12.7,0.0,0.0,0.0
2025-08-31T01:00,14.1,0,4.6,12.0,0.0,0.0,0.0
2025-08-31T02:00,13.6,0,3.9,11.0,0.0,0.0,0.0
2025-08-31T03:00,13.2,0,2.7,9.3,0.0,0.0,0.0
2025-08-31T04:00,12.6,0,3.1,5.8,0.0,0.0,0.0
2025-08-31T05:00,13.0,0,5.7,7.5,16.0,6.0,10.0
2025-08-31T06:00,14.3,0,6.7,13.3,121.0,75.0,46.0
2025-08-31T07:00,16.3,0,4.3,13.6,270.0,202.0,68.0
2025-08-31T08:00,18.8,0,4.6,7.9,417.0,335.0,82.0
2025-08-31T09:00,20.8,0,5.6,8.1,544.0,454.0,90.0
2025-08-31T10:00,22.2,0,6.7,9.4,639.0,544.0,95.0
2025-08-31T11:00,23.3,0,8.1,11.3,690.0,593.0,97.0
2025-08-31T12:00,23.9,3,8.3,11.4,695.0,597.0,98.0
2025-08-31T13:00,24.5,23,8.1,11.3,620.0,496.0,124.0
2025-08-31T14:00,24.5,5,7.4,10.4,511.0,387.0,124.0
2025-08-31T15:00,24.6,2,5.4,7.9,417.0,318.0,99.0
2025-08-31T16:00,24.5,30,3.4,6.3,272.0,180.0,92.0
2025-08-31T17:00,23.5,46,2.9,6.1,138.0,82.0,56.0
2025-08-31T18:00,21.1,88,6.4,14.2,27.0,11.0,16.0
2025-08-31T19:00,20.1,7,9.3,21.1,0.0,0.0,0.0
2025-08-31T20:00,19.2,11,8.5,20.4,0.0,0.0,0.0
2025-08-31T21:00,18.0,0,8.1,18.8,0.0,0.0,0.0
2025-08-31T22:00,17.2,0,8.2,19.9,0.0,0.0,0.0
2025-08-31T23:00,16.5,0,8.6,20.6,0.0,0.0,0.0
2025-09-01T00:00,16.1,0,8.5,20.7,0.0,0.0,0.0
2025-09-01T01:00,15.3,0,9.4,22.2,0.0,0.0,0.0
2025-09-01T02:00,15.1,0,9.5,22.3,0.0,0.0,0.0
2025-09-01T03:00,15.0,0,10.3,23.3,0.0,0.0,0.0
2025-09-01T04:00,14.8,0,10.5,23.3,0.0,0.0,0.0
2025-09-01T05:00,14.8,0,11.7,24.6,14.0,6.0,8.0
2025-09-01T06:00,16.0,0,11.1,23.9,119.0,75.0,44.0
2025-09-01T07:00,17.8,0,8.5,17.4,266.0,199.0,67.0
2025-09-01T08:00,20.0,8,9.0,14.7,410.0,330.0,80.0
2025-09-01T09:00,22.1,74,10.7,16.2,534.0,444.0,90.0
2025-09-01T10:00,23.8,77,13.4,19.7,620.0,511.0,109.0
2025-09-01T11:00,24.9,18,15.0,22.0,666.0,545.0,121.0
2025-09-01T12:00,25.9,100,17.4,25.8,688.0,599.0,89.0
2025-09-01T13:00,25.9,71,14.3,21.7,424.0,223.0,201.0
2025-09-01T14:00,26.4,98,12.6,18.8,498.0,356.0,142.0
2025-09-01T15:00,26.5,94,11.6,17.8,420.0,309.0,111.0
2025-09-01T16:00,25.9,100,7.6,14.5,244.0,119.0,125.0
2025-09-01T17:00,24.2,100,5.5,12.9,95.0,20.0,75.0
2025-09-01T18:00,23.0,100,6.6,17.7,14.0,0.0,14.0
2025-09-01T19:00,21.6,100,11.7,22.3,0.0,0.0,0.0
2025-09-01T20:00,19.6,100,12.2,23.8,0.0,0.0,0.0
2025-09-01T21:00,18.9,100,9.8,20.0,0.0,0.0,0.0
2025-09-01T22:00,18.4,100,8.5,17.1,0.0,0.0,0.0
2025-09-01T23:00,17.8,100,7.4,15.5,0.0,0.0,0.0
2025-09-02T00:00,17.4,100,6.4,13.9,0.0,0.0,0.0
2025-09-02T01:00,16.0,100,3.1,9.4,0.0,0.0,0.0
2025-09-02T02:00,16.5,100,4.8,11.8,0.0,0.0,0.0
2025-09-02T03:00,16.2,93,5.3,14.1,0.0,0.0,0.0
2025-09-02T04:00,16.1,100,5.3,12.4,0.0,0.0,0.0
2025-09-02T05:00,16.2,100,7.5,14.4,2.0,0.0,2.0
2025-09-02T06:00,16.5,100,4.3,10.3,26.0,0.0,26.0
2025-09-02T07:00,16.8,100,4.3,10.8,56.0,2.0,54.0
2025-09-02T08:00,16.7,100,4.7,7.8,37.0,0.0,37.0
2025-09-02T09:00,16.7,100,6.2,10.1,51.0,0.0,51.0
2025-09-02T10:00,16.6,100,7.8,14.8,37.0,0.0,37.0
2025-09-02T11:00,17.0,100,4.7,7.8,95.0,0.0,95.0
2025-09-02T12:00,18.0,100,4.9,6.9,209.0,16.0,193.0
2025-09-02T13:00,19.4,100,4.5,6.3,361.0,76.0,285.0
2025-09-02T14:00,19.5,29,6.3,9.0,201.0,0.0,201.0
2025-09-02T15:00,20.4,30,8.5,12.1,380.0,236.0,144.0
2025-09-02T16:00,20.0,33,9.8,14.5,243.0,156.0,87.0
2025-09-02T17:00,19.3,42,9.3,16.6,120.0,65.0,55.0
2025-09-02T18:00,17.8,82,5.3,11.0,19.0,7.0,12.0
2025-09-02T19:00,16.3,57,3.1,7.4,0.0,0.0,0.0
2025-09-02T20:00,15.8,99,4.0,11.4,0.0,0.0,0.0
2025-09-02T21:00,16.1,100,6.2,15.6,0.0,0.0,0.0
2025-09-02T22:00,16.0,1,7.1,16.0,0.0,0.0,0.0
2025-09-02T23:00,16.0,6,8.1,18.5,0.0,0.0,0.0
2025-09-03T00:00,15.4,1,8.5,19.5,0.0,0.0,0.0
2025-09-03T01:00,15.1,0,6.8,15.0,0.0,0.0,0.0
2025-09-03T02:00,14.6,1,9.2,20.4,0.0,0.0,0.0
2025-09-03T03:00,14.5,0,7.8,18.7,0.0,0.0,0.0
2025-09-03T04:00,14.1,1,8.4,19.1,0.0,0.0,0.0
2025-09-03T05:00,13.9,0,9.2,20.0,11.0,4.0,7.0
2025-09-03T06:00,14.9,0,10.1,20.8,112.0,69.0,43.0
2025-09-03T07:00,16.4,0,8.6,17.9,259.0,194.0,65.0
2025-09-03T08:00,18.2,2,8.9,14.1,405.0,325.0,80.0
2025-09-03T09:00,20.2,0,10.4,15.6,530.0,442.0,88.0
2025-09-03T10:00,21.8,24,13.0,19.3,624.0,530.0,94.0
2025-09-03T11:00,22.6,4,14.7,21.8,621.0,505.0,116.0
2025-09-03T12:00,23.4,100,17.9,27.3,632.0,493.0,139.0
2025-09-03T13:00,22.5,38,14.6,23.6,275.0,62.0,213.0
2025-09-03T14:00,23.3,39,17.9,27.7,463.0,314.0,149.0
2025-09-03T15:00,23.1,51,13.5,22.8,309.0,169.0,140.0
2025-09-03T16:00,22.8,10,11.5,21.1,234.0,136.0,98.0
2025-09-03T17:00,21.6,7,11.5,23.4,126.0,73.0,53.0
2025-09-03T18:00,20.1,56,12.1,26.7,21.0,9.0,12.0
2025-09-03T19:00,19.4,100,11.9,26.5,0.0,0.0,0.0
2025-09-03T20:00,19.0,97,11.5,25.9,0.0,0.0,0.0
2025-09-03T21:00,18.5,64,11.0,25.0,0.0,0.0,0.0
2025-09-03T22:00,18.0,0,11.5,25.6,0.0,0.0,0.0
2025-09-03T23:00,17.7,0,11.0,24.6,0.0,0.0,0.0
2025-09-04T00:00,17.2,0,10.6,24.2,0.0,0.0,0.0
2025-09-04T01:00,16.5,0,9.7,22.6,0.0,0.0,0.0
2025-09-04T02:00,16.1,52,10.1,23.1,0.0,0.0,0.0
2025-09-04T03:00,15.9,72,10.8,23.8,0.0,0.0,0.0
2025-09-04T04:00,15.9,36,10.4,23.2,0.0,0.0,0.0
2025-09-04T05:00,15.9,94,10.3,22.7,10.0,3.0,7.0
2025-09-04T06:00,17.0,26,9.6,20.1,95.0,38.0,57.0
2025-09-04T07:00,18.7,19,7.4,17.5,250.0,182.0,68.0
2025-09-04T08:00,20.6,22,7.8,12.2,396.0,316.0,80.0
2025-09-04T09:00,22.5,59,8.3,12.3,519.0,426.0,93.0
2025-09-04T10:00,24.1,95,8.1,11.8,609.0,506.0,103.0
2025-09-04T11:00,25.1,100,10.2,14.5,614.0,450.0,164.0
2025-09-04T12:00,25.8,100,12.5,18.6,559.0,372.0,187.0
2025-09-04T13:00,26.1,61,10.3,15.2,516.0,294.0,222.0
2025-09-04T14:00,26.4,100,11.0,16.6,516.0,394.0,122.0
2025-09-04T15:00,26.2,100,9.2,15.6,387.0,240.0,147.0
2025-09-04T16:00,25.2,100,6.7,15.4,211.0,66.0,145.0
2025-09-04T17:00,23.9,100,7.8,18.8,92.0,17.0,75.0
2025-09-04T18:00,22.2,99,7.1,18.8,16.0,2.0,14.0
2025-09-04T19:00,21.2,74,6.9,18.8,0.0,0.0,0.0
2025-09-04T20:00,20.5,100,6.1,16.3,0.0,0.0,0.0
2025-09-04T21:00,20.2,98,3.2,7.3,0.0,0.0,0.0
2025-09-04T22:00,19.3,73,3.0,6.5,0.0,0.0,0.0
2025-09-04T23:00,18.5,94,2.7,3.7,0.0,0.0,0.0
2025-09-05T00:00,18.4,100,7.3,9.4,0.0,0.0,0.0
2025-09-05T01:00,18.5,100,7.2,11.0,0.0,0.0,0.0
2025-09-05T02:00,17.4,55,11.1,21.4,0.0,0.0,0.0
2025-09-05T03:00,16.7,95,12.8,25.8,0.0,0.0,0.0
2025-09-05T04:00,16.5,100,8.6,18.1,0.0,0.0,0.0
2025-09-05T05:00,16.4,100,6.8,14.1,5.0,0.0,5.0
2025-09-05T06:00,16.7,100,7.7,13.9,33.0,0.0,33.0
2025-09-05T07:00,16.9,100,8.8,14.7,62.0,2.0,60.0
2025-09-05T08:00,17.4,51,8.0,13.1,98.0,0.0,98.0
2025-09-05T09:00,19.2,94,12.6,18.3,485.0,354.0,131.0
2025-09-05T10:00,19.6,100,14.4,21.1,442.0,273.0,169.0
2025-09-05T11:00,20.0,100,15.0,22.7,373.0,75.0,298.0
2025-09-05T12:00,19.2,100,12.4,19.5,141.0,0.0,141.0
2025-09-05T13:00,18.1,100,12.8,19.4,164.0,11.0,153.0
2025-09-05T14:00,17.9,77,9.1,14.4,94.0,0.0,94.0
2025-09-05T15:00,18.7,29,8.6,13.0,218.0,45.0,173.0
2025-09-05T16:00,19.0,9,8.1,12.5,252.0,170.0,82.0
2025-09-05T17:00,18.4,12,4.9,12.1,117.0,68.0,49.0
2025-09-05T18:00,17.1,28,4.4,11.1,16.0,6.0,10.0
2025-09-05T19:00,16.9,62,5.5,14.3,0.0,0.0,0.0
2025-09-05T20:00,16.4,100,7.7,18.0,0.0,0.0,0.0
2025-09-05T21:00,15.9,100,9.2,20.7,0.0,0.0,0.0
2025-09-05T22:00,15.6,100,10.2,22.2,0.0,0.0,0.0
2025-09-05T23:00,15.1,99,9.1,20.3,0.0,0.0,0.0
2025-09-06T00:00,14.6,96,8.8,19.6,0.0,0.0,0.0
2025-09-06T01:00,14.1,100,8.4,19.5,0.0,0.0,0.0
2025-09-06T02:00,13.9,100,7.6,17.5,0.0,0.0,0.0
2025-09-06T03:00,13.6,100,6.9,16.3,0.0,0.0,0.0
2025-09-06T04:00,13.3,100,7.5,16.7,0.0,0.0,0.0
2025-09-06T05:00,12.9,100,7.8,17.4,6.0,0.0,6.0
2025-09-06T06:00,13.6,4,4.4,14.1,83.0,35.0,48.0
2025-09-06T07:00,14.8,0,6.1,10.7,214.0,125.0,89.0
2025-09-06T08:00,16.4,0,4.4,6.8,352.0,229.0,123.0
2025-09-06T09:00,18.0,0,5.7,8.0,517.0,426.0,91.0
2025-09-06T10:00,19.0,12,5.6,7.9,605.0,509.0,96.0
2025-09-06T11:00,19.8,20,7.3,10.2,641.0,525.0,116.0
2025-09-06T12:00,20.2,11,8.2,11.6,623.0,500.0,123.0
2025-09-06T13:00,20.3,33,5.5,7.7,522.0,403.0,119.0
2025-09-06T14:00,20.4,3,5.1,7.3,483.0,372.0,111.0
2025-09-06T15:00,20.3,9,4.5,6.3,382.0,289.0,93.0
2025-09-06T16:00,20.0,10,3.6,5.4,257.0,187.0,70.0
2025-09-06T17:00,19.2,6,0.0,2.0,116.0,71.0,45.0
2025-09-06T18:00,17.5,5,1.3,2.4,14.0,5.0,9.0
2025-09-06T19:00,16.6,5,3.9,6.6,0.0,0.0,0.0
2025-09-06T20:00,16.2,9,1.8,5.9,0.0,0.0,0.0
2025-09-06T21:00,14.9,4,3.8,5.6,0.0,0.0,0.0
2025-09-06T22:00,14.4,0,5.8,11.6,0.0,0.0,0.0
2025-09-06T23:00,13.9,0,5.2,13.4,0.0,0.0,0.0
2025-09-07T00:00,13.4,0,4.5,12.5,0.0,0.0,0.0
2025-09-07T01:00,12.6,0,6.3,16.6,0.0,0.0,0.0
2025-09-07T02:00,12.4,0,5.5,15.3,0.0,0.0,0.0
2025-09-07T03:00,12.1,0,5.4,14.6,0.0,0.0,0.0
2025-09-07T04:00,11.9,0,6.1,14.6,0.0,0.0,0.0
2025-09-07T05:00,11.9,0,7.0,16.2,7.0,2.0,5.0
2025-09-07T06:00,13.0,0,7.4,17.3,98.0,58.0,40.0
2025-09-07T07:00,14.9,0,5.9,16.1,243.0,177.0,66.0
2025-09-07T08:00,16.9,0,5.9,9.3,390.0,311.0,79.0
2025-09-07T09:00,18.5,0,7.3,10.3,516.0,426.0,90.0
2025-09-07T10:00,19.5,12,7.1,9.9,608.0,512.0,96.0
2025-09-07T11:00,20.1,8,6.8,9.4,648.0,544.0,104.0
2025-09-07T12:00,20.8,11,7.2,9.9,641.0,535.0,106.0
2025-09-07T13:00,21.1,14,7.0,9.8,576.0,461.0,115.0
2025-09-07T14:00,21.3,15,7.3,10.0,495.0,394.0,101.0
2025-09-07T15:00,21.1,18,8.1,11.7,385.0,297.0,88.0
2025-09-07T16:00,20.4,10,8.0,13.8,245.0,169.0,76.0
2025-09-07T17:00,19.0,6,5.8,13.9,108.0,62.0,46.0
2025-09-07T18:00,17.4,4,5.5,14.1,12.0,4.0,8.0
2025-09-07T19:00,16.5,0,8.9,20.8,0.0,0.0,0.0
2025-09-07T20:00,15.9,0,10.9,24.1,0.0,0.0,0.0
2025-09-07T21:00,15.2,0,9.2,21.4,0.0,0.0,0.0
2025-09-07T22:00,14.6,0,8.7,20.2,0.0,0.0,0.0
2025-09-07T23:00,14.1,0,8.1,19.5,0.0,0.0,0.0
2025-09-08T00:00,13.7,0,8.1,19.2,0.0,0.0,0.0
2025-09-08T01:00,12.6,0,7.2,18.4,0.0,0.0,0.0
2025-09-08T02:00,12.2,0,7.0,17.6,0.0,0.0,0.0
2025-09-08T03:00,12.1,0,7.4,17.9,0.0,0.0,0.0
2025-09-08T04:00,11.9,0,7.7,18.5,0.0,0.0,0.0
2025-09-08T05:00,11.9,0,8.5,19.6,6.0,2.0,4.0
2025-09-08T06:00,13.1,0,8.3,18.1,93.0,54.0,39.0
2025-09-08T07:00,14.8,0,6.3,18.7,238.0,174.0,64.0
2025-09-08T08:00,17.0,0,6.2,10.8,385.0,306.0,79.0
2025-09-08T09:00,19.0,0,7.1,10.8,512.0,424.0,88.0
2025-09-08T10:00,20.2,22,9.1,13.0,605.0,512.0,93.0
2025-09-08T11:00,20.9,40,9.7,13.9,582.0,436.0,146.0
2025-09-08T12:00,21.4,61,9.1,12.9,556.0,364.0,192.0
2025-09-08T13:00,21.8,56,9.0,12.6,526.0,376.0,150.0
2025-09-08T14:00,21.9,54,7.1,10.4,414.0,262.0,152.0
2025-09-08T15:00,21.8,35,5.1,7.7,303.0,162.0,141.0
2025-09-08T16:00,21.4,51,3.7,7.4,175.0,69.0,106.0
2025-09-08T17:00,20.1,10,3.4,8.7,81.0,29.0,52.0
2025-09-08T18:00,18.4,1,6.5,15.1,11.0,4.0,7.0
2025-09-08T19:00,17.8,0,8.0,20.5,0.0,0.0,0.0
2025-09-08T20:00,17.1,27,6.4,18.0,0.0,0.0,0.0
2025-09-08T21:00,16.5,50,7.3,18.9,0.0,0.0,0.0
2025-09-08T22:00,16.0,5,6.9,18.2,0.0,0.0,0.0
2025-09-08T23:00,15.1,7,4.8,13.8,0.0,0.0,0.0
2025-09-09T00:00,14.6,1,4.3,11.7,0.0,0.0,0.0
2025-09-09T01:00,13.3,4,2.8,9.6,0.0,0.0,0.0
2025-09-09T02:00,12.9,41,1.8,5.0,0.0,0.0,0.0
2025-09-09T03:00,12.6,2,4.4,8.1,0.0,0.0,0.0
2025-09-09T04:00,12.6,1,6.9,13.8,0.0,0.0,0.0
2025-09-09T05:00,12.9,22,6.0,14.7,5.0,1.0,4.0
2025-09-09T06:00,14.4,17,6.5,14.3,89.0,49.0,40.0
2025-09-09T07:00,16.5,8,5.1,18.1,231.0,164.0,67.0
2025-09-09T08:00,18.5,2,5.4,9.1,376.0,297.0,79.0
2025-09-09T09:00,20.2,3,6.7,9.7,494.0,399.0,95.0
2025-09-09T10:00,21.6,2,7.0,9.9,586.0,489.0,97.0
2025-09-09T11:00,22.7,20,8.7,12.4,632.0,526.0,106.0
2025-09-09T12:00,23.5,4,11.0,15.9,624.0,521.0,103.0
2025-09-09T13:00,24.0,9,10.6,15.6,561.0,457.0,104.0
2025-09-09T14:00,24.1,16,9.6,13.9,493.0,399.0,94.0
2025-09-09T15:00,24.0,26,9.0,13.5,370.0,287.0,83.0
2025-09-09T16:00,23.0,100,8.8,16.0,220.0,151.0,69.0
2025-09-09T17:00,21.5,100,6.0,15.6,80.0,27.0,53.0
2025-09-09T18:00,20.4,100,8.5,19.7,8.0,0.0,8.0
2025-09-09T19:00,19.8,100,9.4,21.5,0.0,0.0,0.0
2025-09-09T20:00,19.0,100,6.1,18.6,0.0,0.0,0.0
2025-09-09T21:00,18.0,100,4.3,12.8,0.0,0.0,0.0
2025-09-09T22:00,18.0,100,6.1,15.8,0.0,0.0,0.0
2025-09-09T23:00,17.5,100,4.3,12.5,0.0,0.0,0.0
2025-09-10T00:00,17.1,100,5.3,12.7,0.0,0.0,0.0
2025-09-10T01:00,16.4,100,6.7,14.3,0.0,0.0,0.0
2025-09-10T02:00,15.9,88,7.4,15.0,0.0,0.0,0.0
2025-09-10T03:00,15.6,96,5.4,12.2,0.0,0.0,0.0
2025-09-10T04:00,15.4,23,5.7,13.6,0.0,0.0,0.0
2025-09-10T05:00,15.1,12,5.8,14.5,4.0,1.0,3.0
2025-09-10T06:00,15.8,14,4.8,11.4,83.0,41.0,42.0
2025-09-10T07:00,17.1,3,4.2,8.0,225.0,150.0,75.0
2025-09-10T08:00,18.8,58,5.4,8.1,368.0,283.0,85.0
2025-09-10T09:00,20.3,98,6.8,9.3,495.0,400.0,95.0
2025-09-10T10:00,21.1,45,6.7,9.4,544.0,394.0,150.0
2025-09-10T11:00,21.6,60,4.5,6.2,549.0,387.0,162.0
2025-09-10T12:00,22.1,100,4.7,6.5,533.0,369.0,164.0
2025-09-10T13:00,21.5,100,8.3,12.2,279.0,63.0,216.0
2025-09-10T14:00,21.4,100,10.3,15.4,291.0,71.0,220.0
2025-09-10T15:00,21.4,100,9.1,13.9,275.0,90.0,185.0
2025-09-10T16:00,21.1,100,3.3,7.4,122.0,11.0,111.0
2025-09-10T17:00,20.0,100,1.9,5.1,29.0,0.0,29.0
2025-09-10T18:00,19.0,100,3.4,6.6,2.0,0.0,2.0
2025-09-10T19:00,18.5,100,3.4,7.3,0.0,0.0,0.0
2025-09-10T20:00,18.0,100,5.1,10.4,0.0,0.0,0.0
2025-09-10T21:00,16.9,100,7.9,15.7,0.0,0.0,0.0
2025-09-10T22:00,16.6,100,7.8,15.4,0.0,0.0,0.0
2025-09-10T23:00,16.2,100,10.4,20.2,0.0,0.0,0.0
2025-09-11T00:00,16.0,100,10.2,20.2,0.0,0.0,0.0
2025-09-11T01:00,15.6,100,3.1,7.4,0.0,0.0,0.0
2025-09-11T02:00,15.1,93,10.0,18.3,0.0,0.0,0.0
2025-09-11T03:00,14.6,54,9.9,19.9,0.0,0.0,0.0
2025-09-11T04:00,14.1,17,7.5,16.5,0.0,0.0,0.0
2025-09-11T05:00,13.6,0,9.7,18.5,4.0,1.0,3.0
2025-09-11T06:00,13.9,4,9.3,21.1,80.0,41.0,39.0
2025-09-11T07:00,14.9,4,9.2,14.8,215.0,146.0,69.0
2025-09-11T08:00,16.4,0,9.5,14.5,365.0,274.0,91.0
2025-09-11T09:00,18.1,0,9.2,13.7,496.0,410.0,86.0
2025-09-11T10:00,19.8,3,11.0,16.1,583.0,490.0,93.0
2025-09-11T11:00,21.3,27,14.3,21.0,623.0,518.0,105.0
2025-09-11T12:00,22.0,22,16.8,25.6,559.0,443.0,116.0
2025-09-11T13:00,20.0,26,11.6,17.7,428.0,278.0,150.0
2025-09-11T14:00,21.5,91,14.8,21.9,451.0,330.0,121.0
2025-09-11T15:00,18.9,95,17.3,29.0,285.0,143.0,142.0
2025-09-11T16:00,17.6,46,10.9,18.7,94.0,28.0,66.0
2025-09-11T17:00,17.4,52,12.4,22.3,75.0,32.0,43.0
2025-09-11T18:00,17.0,100,11.1,21.1,3.0,1.0,2.0
2025-09-11T19:00,17.1,75,11.5,21.9,0.0,0.0,0.0
2025-09-11T20:00,16.6,8,11.0,21.7,0.0,0.0,0.0
2025-09-11T21:00,15.8,22,11.8,23.9,0.0,0.0,0.0
2025-09-11T22:00,15.2,0,11.6,23.6,0.0,0.0,0.0
2025-09-11T23:00,14.7,0,12.5,25.4,0.0,0.0,0.0
2025-09-12T00:00,14.2,0,12.7,26.2,0.0,0.0,0.0
2025-09-12T01:00,13.4,29,11.8,25.7,0.0,0.0,0.0
2025-09-12T02:00,13.0,2,11.1,24.4,0.0,0.0,0.0
2025-09-12T03:00,12.7,5,11.6,25.1,0.0,0.0,0.0
2025-09-12T04:00,12.6,3,12.0,25.5,0.0,0.0,0.0
2025-09-12T05:00,12.4,19,9.0,20.9,3.0,1.0,2.0
2025-09-12T06:00,13.4,60,10.0,20.4,64.0,28.0,36.0
2025-09-12T07:00,14.3,98,9.6,17.4,146.0,68.0,78.0
2025-09-12T08:00,14.2,58,12.3,20.0,156.0,16.0,140.0
2025-09-12T09:00,15.1,52,11.5,16.7,307.0,178.0,129.0
2025-09-12T10:00,16.7,22,11.3,16.8,413.0,268.0,145.0
2025-09-12T11:00,18.2,93,12.7,18.5,584.0,434.0,150.0
2025-09-12T12:00,19.0,28,12.2,18.0,557.0,370.0,187.0
2025-09-12T13:00,18.8,42,16.9,24.7,477.0,289.0,188.0
2025-09-12T14:00,18.5,19,10.2,15.6,402.0,278.0,124.0
2025-09-12T15:00,18.9,40,14.1,21.9,370.0,284.0,86.0
2025-09-12T16:00,18.4,17,11.7,21.1,218.0,149.0,69.0
2025-09-12T17:00,17.1,2,9.3,19.8,79.0,44.0,35.0
2025-09-12T18:00,15.4,1,6.3,16.7,5.0,1.0,4.0
2025-09-12T19:00,14.9,0,10.1,22.6,0.0,0.0,0.0
2025-09-12T20:00,14.2,3,10.2,22.6,0.0,0.0,0.0
2025-09-12T21:00,13.7,0,9.2,21.5,0.0,0.0,0.0
2025-09-12T22:00,13.2,7,8.6,20.5,0.0,0.0,0.0
2025-09-12T23:00,12.9,1,9.3,22.0,0.0,0.0,0.0
2025-09-13T00:00,12.6,0,8.0,19.8,0.0,0.0,0.0
2025-09-13T01:00,11.1,0,7.7,17.3,0.0,0.0,0.0
2025-09-13T02:00,10.6,3,8.0,19.1,0.0,0.0,0.0
2025-09-13T03:00,10.3,99,8.5,19.6,0.0,0.0,0.0
2025-09-13T04:00,10.2,100,9.1,20.8,0.0,0.0,0.0
2025-09-13T05:00,10.4,100,9.1,19.8,2.0,0.0,2.0
2025-09-13T06:00,11.3,100,8.9,19.2,49.0,2.0,47.0
2025-09-13T07:00,12.3,93,8.0,23.4,114.0,7.0,107.0
2025-09-13T08:00,14.3,6,8.9,14.8,296.0,156.0,140.0
2025-09-13T09:00,16.8,95,9.0,13.8,486.0,395.0,91.0
2025-09-13T10:00,18.3,64,9.3,13.9,451.0,273.0,178.0
2025-09-13T11:00,20.4,54,13.8,20.8,622.0,510.0,112.0
2025-09-13T12:00,21.0,95,16.0,24.0,587.0,455.0,132.0
2025-09-13T13:00,20.5,99,14.8,22.4,572.0,435.0,137.0
2025-09-13T14:00,20.5,90,14.9,23.8,387.0,206.0,181.0
2025-09-13T15:00,20.0,86,11.1,20.7,233.0,111.0,122.0
2025-09-13T16:00,15.7,99,14.5,23.6,104.0,32.0,72.0
2025-09-13T17:00,14.9,89,4.9,7.8,67.0,28.0,39.0
2025-09-13T18:00,13.8,97,3.7,11.7,4.0,1.0,3.0
2025-09-13T19:00,14.1,95,4.8,14.0,0.0,0.0,0.0
2025-09-13T20:00,14.2,100,6.5,19.0,0.0,0.0,0.0
2025-09-13T21:00,14.6,100,9.1,21.6,0.0,0.0,0.0
2025-09-13T22:00,14.4,100,10.0,22.1,0.0,0.0,0.0
2025-09-13T23:00,14.1,100,9.9,21.7,0.0,0.0,0.0
2025-09-14T00:00,13.9,100,8.7,20.4,0.0,0.0,0.0
2025-09-14T01:00,15.0,100,10.3,22.9,0.0,0.0,0.0
2025-09-14T02:00,14.8,100,9.5,21.5,0.0,0.0,0.0
2025-09-14T03:00,14.6,100,10.1,21.7,0.0,0.0,0.0
2025-09-14T04:00,14.1,100,8.8,19.1,0.0,0.0,0.0
2025-09-14T05:00,14.1,100,9.3,20.9,1.0,0.0,1.0
2025-09-14T06:00,14.8,100,10.6,21.9,40.0,7.0,33.0
2025-09-14T07:00,15.1,100,11.2,20.3,70.0,4.0,66.0
2025-09-14T08:00,15.1,100,8.9,14.5,102.0,0.0,102.0
2025-09-14T09:00,15.6,100,12.2,18.3,210.0,35.0,175.0
2025-09-14T10:00,15.6,100,10.6,15.9,215.0,9.0,206.0
2025-09-14T11:00,16.4,98,10.9,15.8,301.0,53.0,248.0
2025-09-14T12:00,17.4,100,11.6,16.9,471.0,215.0,256.0
2025-09-14T13:00,18.0,35,13.4,19.5,522.0,377.0,145.0
2025-09-14T14:00,18.0,8,12.4,18.6,459.0,353.0,106.0
2025-09-14T15:00,17.9,11,12.4,18.9,363.0,286.0,77.0
2025-09-14T16:00,17.2,33,9.5,17.3,220.0,156.0,64.0
2025-09-14T17:00,15.8,21,6.0,15.4,74.0,37.0,37.0
2025-09-14T18:00,14.4,5,5.4,14.8,3.0,1.0,2.0
2025-09-14T19:00,13.5,39,4.8,13.0,0.0,0.0,0.0
2025-09-14T20:00,12.9,16,4.8,13.5,0.0,0.0,0.0
2025-09-14T21:00,12.9,45,6.8,15.9,0.0,0.0,0.0
2025-09-14T22:00,12.3,49,7.9,19.0,0.0,0.0,0.0
2025-09-14T23:00,11.9,92,8.7,20.7,0.0,0.0,0.0
2025-09-15T00:00,11.8,100,9.2,21.3,0.0,0.0,0.0
2025-09-15T01:00,11.4,100,11.0,23.4,0.0,0.0,0.0
2025-09-15T02:00,11.8,99,11.8,24.6,0.0,0.0,0.0
2025-09-15T03:00,12.4,100,14.2,28.5,0.0,0.0,0.0
2025-09-15T04:00,12.7,100,14.2,27.4,0.0,0.0,0.0
2025-09-15T05:00,13.1,99,15.6,29.6,0.0,0.0,0.0
2025-09-15T06:00,13.6,97,16.4,29.9,46.0,6.0,40.0
2025-09-15T07:00,14.4,80,14.2,31.8,117.0,21.0,96.0
2025-09-15T08:00,17.3,74,14.6,24.4,221.0,83.0,138.0
2025-09-15T09:00,19.0,94,14.8,24.0,306.0,154.0,152.0
2025-09-15T10:00,19.2,47,17.9,28.2,295.0,129.0,166.0
2025-09-15T11:00,21.2,73,16.2,25.3,465.0,312.0,153.0
2025-09-15T12:00,19.2,29,19.0,31.7,394.0,212.0,182.0
2025-09-15T13:00,19.9,100,17.3,27.4,319.0,172.0,147.0
2025-09-15T14:00,20.0,13,16.5,26.8,197.0,43.0,154.0
2025-09-15T15:00,20.4,20,14.3,23.8,293.0,208.0,85.0
2025-09-15T16:00,19.8,32,10.3,18.9,193.0,127.0,66.0
2025-09-15T17:00,18.2,3,7.5,17.9,72.0,36.0,36.0
2025-09-15T18:00,17.0,60,7.2,18.7,2.0,0.0,2.0
2025-09-15T19:00,16.6,100,9.5,21.6,0.0,0.0,0.0
2025-09-15T20:00,16.1,47,10.0,22.5,0.0,0.0,0.0
2025-09-15T21:00,15.8,23,10.1,22.9,0.0,0.0,0.0
2025-09-15T22:00,15.1,14,12.2,26.8,0.0,0.0,0.0
2025-09-15T23:00,15.1,26,17.0,33.2,0.0,0.0,0.0
2025-09-16T00:00,15.6,10,18.5,34.2,0.0,0.0,0.0
2025-09-16T01:00,15.3,9,18.8,34.6,0.0,0.0,0.0
2025-09-16T02:00,15.1,0,19.6,35.6,0.0,0.0,0.0
2025-09-16T03:00,14.6,1,19.3,34.9,0.0,0.0,0.0
2025-09-16T04:00,14.3,7,19.9,35.7,0.0,0.0,0.0
2025-09-16T05:00,14.1,33,19.3,34.9,1.0,0.0,1.0
2025-09-16T06:00,14.4,100,20.4,35.5,59.0,26.0,33.0
2025-09-16T07:00,15.1,100,22.2,37.7,112.0,8.0,104.0
2025-09-16T08:00,15.5,100,21.9,36.5,142.0,17.0,125.0
2025-09-16T09:00,16.1,100,27.6,44.3,235.0,41.0,194.0
2025-09-16T10:00,16.3,74,27.3,43.4,325.0,115.0,210.0
2025-09-16T11:00,17.1,33,28.9,45.0,438.0,266.0,172.0
2025-09-16T12:00,17.7,41,26.4,41.3,483.0,350.0,133.0
2025-09-16T13:00,17.3,43,23.6,37.1,462.0,318.0,144.0
2025-09-16T14:00,17.8,26,22.5,35.6,335.0,216.0,119.0
2025-09-16T15:00,17.7,11,19.3,32.7,286.0,190.0,96.0
2025-09-16T16:00,17.1,10,18.6,32.6,197.0,133.0,64.0
2025-09-16T17:00,16.0,22,17.3,31.8,67.0,36.0,31.0
2025-09-16T18:00,15.1,20,15.6,29.4,2.0,0.0,2.0
2025-09-16T19:00,14.6,8,17.6,32.8,0.0,0.0,0.0
2025-09-16T20:00,13.9,96,19.7,35.2,0.0,0.0,0.0
2025-09-16T21:00,13.1,100,18.4,32.7,0.0,0.0,0.0
2025-09-16T22:00,12.4,86,16.8,29.7,0.0,0.0,0.0
2025-09-16T23:00,12.1,68,15.5,28.0,0.0,0.0,0.0
2025-09-17T00:00,12.2,21,17.3,31.3,0.0,0.0,0.0
2025-09-17T01:00,12.4,74,17.2,30.7,0.0,0.0,0.0
2025-09-17T02:00,12.4,73,17.9,31.5,0.0,0.0,0.0
2025-09-17T03:00,12.1,30,15.6,27.9,0.0,0.0,0.0
2025-09-17T04:00,11.6,21,14.5,27.0,0.0,0.0,0.0
2025-09-17T05:00,11.4,79,14.9,27.5,1.0,0.0,1.0
2025-09-17T06:00,12.1,100,15.8,27.5,58.0,24.0,34.0
2025-09-17T07:00,13.1,100,20.8,32.5,112.0,8.0,104.0
2025-09-17T08:00,14.0,100,22.2,34.1,185.0,32.0,153.0
2025-09-17T09:00,15.0,100,18.2,28.3,270.0,64.0,206.0
2025-09-17T10:00,16.1,100,18.1,27.6,407.0,211.0,196.0
2025-09-17T11:00,17.0,31,19.1,29.4,468.0,230.0,238.0
2025-09-17T12:00,17.8,29,20.0,30.4,552.0,434.0,118.0
2025-09-17T13:00,17.4,71,18.7,29.3,366.0,195.0,171.0
2025-09-17T14:00,17.6,32,18.4,28.7,387.0,274.0,113.0
2025-09-17T15:00,17.4,51,18.7,30.4,313.0,224.0,89.0
2025-09-17T16:00,16.6,66,15.7,27.2,186.0,124.0,62.0
2025-09-17T17:00,15.6,4,13.2,25.1,58.0,29.0,29.0
2025-09-17T18:00,14.6,15,10.7,22.7,1.0,0.0,1.0
2025-09-17T19:00,13.9,48,9.5,22.1,0.0,0.0,0.0
2025-09-17T20:00,13.4,46,9.9,22.5,0.0,0.0,0.0
2025-09-17T21:00,13.1,100,9.6,22.1,0.0,0.0,0.0
2025-09-17T22:00,13.0,100,9.7,22.3,0.0,0.0,0.0
2025-09-17T23:00,13.6,100,10.1,22.5,0.0,0.0,0.0
2025-09-18T00:00,14.1,97,12.6,26.0,0.0,0.0,0.0
2025-09-18T01:00,14.4,99,13.2,25.6,0.0,0.0,0.0
2025-09-18T02:00,14.3,100,12.9,25.4,0.0,0.0,0.0
2025-09-18T03:00,14.6,100,12.4,24.4,0.0,0.0,0.0
2025-09-18T04:00,14.6,100,13.2,25.1,0.0,0.0,0.0
2025-09-18T05:00,14.6,100,12.7,24.0,0.0,0.0,0.0
2025-09-18T06:00,14.8,100,13.1,24.8,9.0,0.0,9.0
2025-09-18T07:00,15.6,100,13.9,25.5,44.0,0.0,44.0
2025-09-18T08:00,16.5,100,11.5,20.8,106.0,9.0,97.0
2025-09-18T09:00,17.9,100,12.5,20.5,185.0,17.0,168.0
2025-09-18T10:00,18.9,100,21.4,33.3,260.0,56.0,204.0
2025-09-18T11:00,18.8,100,18.5,27.1,187.0,15.0,172.0
2025-09-18T12:00,19.2,100,19.0,29.0,232.0,25.0,207.0
2025-09-18T13:00,19.4,100,18.2,28.3,237.0,16.0,221.0
2025-09-18T14:00,19.1,100,12.4,21.9,98.0,5.0,93.0
2025-09-18T15:00,19.3,100,14.2,25.0,87.0,1.0,86.0
2025-09-18T16:00,19.2,100,13.2,24.1,65.0,1.0,64.0
2025-09-18T17:00,19.1,100,15.3,28.4,17.0,0.0,17.0
2025-09-18T18:00,19.0,59,14.8,27.6,0.0,0.0,0.0
2025-09-18T19:00,18.7,100,14.3,27.0,0.0,0.0,0.0
2025-09-18T20:00,18.5,81,13.7,26.1,0.0,0.0,0.0
2025-09-18T21:00,18.6,100,14.5,27.4,0.0,0.0,0.0
2025-09-18T22:00,18.7,94,14.8,27.8,0.0,0.0,0.0
2025-09-18T23:00,18.4,100,15.2,28.7,0.0,0.0,0.0
2025-09-19T00:00,18.4,88,15.5,29.1,0.0,0.0,0.0
2025-09-19T01:00,18.0,36,14.1,27.6,0.0,0.0,0.0
2025-09-19T02:00,17.4,23,11.9,24.3,0.0,0.0,0.0
2025-09-19T03:00,16.7,12,10.2,21.9,0.0,0.0,0.0
2025-09-19T04:00,16.1,10,10.2,21.8,0.0,0.0,0.0
2025-09-19T05:00,15.8,10,10.7,22.7,0.0,0.0,0.0
2025-09-19T06:00,16.2,15,11.0,22.0,55.0,26.0,29.0
2025-09-19T07:00,17.6,18,11.4,19.8,175.0,107.0,68.0
2025-09-19T08:00,18.8,47,13.7,20.5,315.0,228.0,87.0
2025-09-19T09:00,19.9,98,14.8,22.2,421.0,302.0,119.0
2025-09-19T10:00,20.2,100,15.0,22.2,378.0,156.0,222.0
2025-09-19T11:00,20.2,100,13.4,19.9,266.0,17.0,249.0
2025-09-19T12:00,21.5,56,12.8,18.8,425.0,215.0,210.0
2025-09-19T13:00,22.1,9,6.5,9.3,511.0,384.0,127.0
2025-09-19T14:00,22.7,2,4.8,7.3,452.0,369.0,83.0
2025-09-19T15:00,22.9,10,5.1,7.7,329.0,256.0,73.0
2025-09-19T16:00,22.3,2,4.5,10.0,189.0,133.0,56.0
2025-09-19T17:00,20.5,3,6.4,14.8,57.0,31.0,26.0
2025-09-19T18:00,19.6,36,7.9,18.9,0.0,0.0,0.0
2025-09-19T19:00,19.0,81,7.9,20.0,0.0,0.0,0.0
2025-09-19T20:00,18.6,100,8.9,21.2,0.0,0.0,0.0
2025-09-19T21:00,18.2,100,9.5,22.3,0.0,0.0,0.0
2025-09-19T22:00,17.9,15,9.2,22.4,0.0,0.0,0.0
2025-09-19T23:00,17.5,0,10.6,24.6,0.0,0.0,0.0
2025-09-20T00:00,17.3,0,11.2,25.6,0.0,0.0,0.0
2025-09-20T01:00,16.2,14,11.3,26.6,0.0,0.0,0.0
2025-09-20T02:00,15.9,13,11.9,26.8,0.0,0.0,0.0
2025-09-20T03:00,15.8,3,12.3,27.7,0.0,0.0,0.0
2025-09-20T04:00,15.4,0,12.2,27.2,0.0,0.0,0.0
2025-09-20T05:00,15.1,0,11.7,26.7,0.0,0.0,0.0
2025-09-20T06:00,15.8,34,11.2,24.7,58.0,33.0,25.0
2025-09-20T07:00,17.2,100,11.0,23.8,196.0,142.0,54.0
2025-09-20T08:00,19.0,100,8.7,20.8,326.0,232.0,94.0
2025-09-20T09:00,20.8,100,7.9,13.6,415.0,257.0,158.0
2025-09-20T10:00,22.5,100,7.9,12.4,471.0,261.0,210.0
2025-09-20T11:00,23.8,49,7.7,11.4,508.0,275.0,233.0
2025-09-20T12:00,25.0,97,8.9,13.0,593.0,498.0,95.0
2025-09-20T13:00,27.0,59,9.0,13.5,538.0,435.0,103.0
2025-09-20T14:00,27.1,43,10.3,17.6,452.0,364.0,88.0
2025-09-20T15:00,26.5,80,9.8,19.1,335.0,266.0,69.0
2025-09-20T16:00,25.2,61,10.1,22.1,190.0,135.0,55.0
2025-09-20T17:00,23.0,97,9.4,23.3,55.0,31.0,24.0
2025-09-20T18:00,22.0,28,10.3,25.4,0.0,0.0,0.0
2025-09-20T19:00,21.5,100,11.1,26.3,0.0,0.0,0.0
2025-09-20T20:00,21.0,14,11.6,26.6,0.0,0.0,0.0
2025-09-20T21:00,20.5,73,10.9,25.5,0.0,0.0,0.0
2025-09-20T22:00,20.2,43,11.8,27.1,0.0,0.0,0.0
2025-09-20T23:00,19.8,22,11.3,26.0,0.0,0.0,0.0
2025-09-21T00:00,19.2,11,10.6,24.7,0.0,0.0,0.0
2025-09-21T01:00,18.8,13,7.6,21.4,0.0,0.0,0.0
2025-09-21T02:00,18.0,82,5.9,17.0,0.0,0.0,0.0
2025-09-21T03:00,17.4,7,3.7,11.8,0.0,0.0,0.0
2025-09-21T04:00,17.4,31,8.3,16.8,0.0,0.0,0.0
2025-09-21T05:00,17.3,2,9.8,23.0,0.0,0.0,0.0
2025-09-21T06:00,18.1,19,10.6,23.2,51.0,27.0,24.0
2025-09-21T07:00,19.8,39,11.6,25.7,179.0,124.0,55.0
2025-09-21T08:00,21.5,100,8.0,20.1,317.0,245.0,72.0
2025-09-21T09:00,22.9,44,8.5,14.3,343.0,173.0,170.0
2025-09-21T10:00,24.4,66,11.4,17.7,510.0,399.0,111.0
2025-09-21T11:00,24.8,62,12.1,18.4,422.0,273.0,149.0
2025-09-21T12:00,25.4,58,10.7,15.9,511.0,368.0,143.0
2025-09-21T13:00,24.4,99,15.0,22.4,416.0,249.0,167.0
2025-09-21T14:00,22.8,99,16.2,25.4,250.0,113.0,137.0
2025-09-21T15:00,21.7,43,14.6,24.3,146.0,36.0,110.0
2025-09-21T16:00,21.0,54,17.1,29.2,149.0,83.0,66.0
2025-09-21T17:00,19.0,100,19.7,34.2,37.0,14.0,23.0
2025-09-21T18:00,17.0,100,16.2,28.8,0.0,0.0,0.0
2025-09-21T19:00,16.5,100,15.5,27.7,0.0,0.0,0.0
2025-09-21T20:00,15.8,98,13.8,24.5,0.0,0.0,0.0
2025-09-21T21:00,15.1,100,14.5,25.5,0.0,0.0,0.0
2025-09-21T22:00,14.3,100,13.6,23.7,0.0,0.0,0.0
2025-09-21T23:00,13.7,100,12.8,22.1,0.0,0.0,0.0
2025-09-22T00:00,13.2,100,11.3,19.8,0.0,0.0,0.0
2025-09-22T01:00,12.2,100,8.9,15.8,0.0,0.0,0.0
2025-09-22T02:00,11.9,100,6.5,12.4,0.0,0.0,0.0
2025-09-22T03:00,11.7,100,5.2,11.1,0.0,0.0,0.0
2025-09-22T04:00,11.4,100,7.0,13.8,0.0,0.0,0.0
2025-09-22T05:00,11.1,100,8.0,15.7,0.0,0.0,0.0
2025-09-22T06:00,11.1,100,9.2,17.1,22.0,0.0,22.0
2025-09-22T07:00,11.4,100,8.7,14.4,76.0,8.0,68.0
2025-09-22T08:00,11.9,100,8.3,13.2,113.0,2.0,111.0
2025-09-22T09:00,12.9,100,8.6,12.8,208.0,43.0,165.0
2025-09-22T10:00,14.2,100,9.2,13.5,366.0,197.0,169.0
2025-09-22T11:00,14.6,100,10.0,15.2,224.0,61.0,163.0
2025-09-22T12:00,15.1,100,10.7,16.1,213.0,18.0,195.0
2025-09-22T13:00,14.8,100,8.7,13.7,161.0,6.0,155.0
2025-09-22T14:00,14.4,100,6.8,12.6,84.0,0.0,84.0
2025-09-22T15:00,14.4,100,8.6,15.3,116.0,4.0,112.0
2025-09-22T16:00,14.0,100,4.9,11.8,69.0,0.0,69.0
2025-09-22T17:00,13.4,100,2.4,7.5,13.0,0.0,13.0
2025-09-22T18:00,12.9,100,5.7,12.8,0.0,0.0,0.0
2025-09-22T19:00,12.2,99,11.6,23.1,0.0,0.0,0.0
2025-09-22T20:00,11.2,6,7.2,17.3,0.0,0.0,0.0
2025-09-22T21:00,10.5,44,6.1,16.0,0.0,0.0,0.0
2025-09-22T22:00,9.6,0,5.2,15.4,0.0,0.0,0.0
2025-09-22T23:00,8.9,0,4.7,14.3,0.0,0.0,0.0
2025-09-23T00:00,8.8,0,5.2,15.2,0.0,0.0,0.0
2025-09-23T01:00,7.7,0,6.4,17.5,0.0,0.0,0.0
2025-09-23T02:00,7.2,0,6.3,17.1,0.0,0.0,0.0
2025-09-23T03:00,6.8,3,5.7,15.7,0.0,0.0,0.0
2025-09-23T04:00,6.5,0,6.2,16.5,0.0,0.0,0.0
2025-09-23T05:00,6.2,0,5.9,16.3,0.0,0.0,0.0
2025-09-23T06:00,6.9,0,6.9,15.9,48.0,26.0,22.0
2025-09-23T07:00,8.4,0,4.3,11.3,179.0,124.0,55.0
2025-09-23T08:00,10.3,0,3.9,6.2,322.0,250.0,72.0
2025-09-23T09:00,12.1,0,3.4,4.9,447.0,364.0,83.0
2025-09-23T10:00,13.7,0,3.1,4.5,537.0,449.0,88.0
2025-09-23T11:00,14.9,50,4.2,6.2,575.0,480.0,95.0
2025-09-23T12:00,15.2,53,6.3,8.5,457.0,287.0,170.0
2025-09-23T13:00,15.6,35,7.6,10.7,457.0,334.0,123.0
2025-09-23T14:00,15.6,30,8.3,11.8,381.0,268.0,113.0
2025-09-23T15:00,15.4,18,8.8,12.8,306.0,229.0,77.0
2025-09-23T16:00,14.6,17,5.0,10.7,163.0,108.0,55.0
2025-09-23T17:00,13.0,31,5.3,13.7,40.0,21.0,19.0
2025-09-23T18:00,12.1,9,9.4,21.3,0.0,0.0,0.0
2025-09-23T19:00,11.4,0,11.2,23.4,0.0,0.0,0.0
2025-09-23T20:00,10.5,1,10.8,23.4,0.0,0.0,0.0
2025-09-23T21:00,9.9,11,10.6,23.3,0.0,0.0,0.0
2025-09-23T22:00,9.4,0,10.2,22.8,0.0,0.0,0.0
2025-09-23T23:00,8.9,0,10.3,22.9,0.0,0.0,0.0
2025-09-24T00:00,8.6,0,11.1,23.9,0.0,0.0,0.0
2025-09-24T01:00,7.3,0,11.3,24.6,0.0,0.0,0.0
2025-09-24T02:00,7.0,0,11.3,24.5,0.0,0.0,0.0
2025-09-24T03:00,6.8,0,11.7,25.0,0.0,0.0,0.0
2025-09-24T04:00,6.6,0,11.8,25.1,0.0,0.0,0.0
2025-09-24T05:00,6.4,0,11.7,25.0,0.0,0.0,0.0
2025-09-24T06:00,7.0,0,12.4,24.6,46.0,25.0,21.0
2025-09-24T07:00,8.4,0,11.4,26.1,182.0,128.0,54.0
2025-09-24T08:00,10.1,0,12.4,20.0,330.0,261.0,69.0
2025-09-24T09:00,11.9,0,13.6,20.8,456.0,378.0,78.0
2025-09-24T10:00,13.4,0,16.0,24.0,548.0,465.0,83.0
2025-09-24T11:00,14.3,0,17.3,26.0,597.0,512.0,85.0
2025-09-24T12:00,15.1,0,18.3,27.3,594.0,509.0,85.0
2025-09-24T13:00,15.4,1,17.9,27.1,539.0,454.0,85.0
2025-09-24T14:00,15.5,21,19.2,29.4,443.0,365.0,78.0
2025-09-24T15:00,15.1,5,19.1,30.7,314.0,243.0,71.0
2025-09-24T16:00,14.2,0,16.3,28.8,168.0,115.0,53.0
2025-09-24T17:00,12.9,0,15.6,29.2,39.0,21.0,18.0
2025-09-24T18:00,12.1,0,16.0,30.4,0.0,0.0,0.0
2025-09-24T19:00,11.5,0,15.1,29.0,0.0,0.0,0.0
2025-09-24T20:00,10.9,0,15.3,29.3,0.0,0.0,0.0
2025-09-24T21:00,10.4,0,16.7,31.6,0.0,0.0,0.0
2025-09-24T22:00,10.1,0,17.0,32.2,0.0,0.0,0.0
2025-09-24T23:00,9.6,0,16.9,31.8,0.0,0.0,0.0
2025-09-25T00:00,9.2,0,18.0,33.4,0.0,0.0,0.0
2025-09-25T01:00,8.8,0,18.4,34.4,0.0,0.0,0.0
2025-09-25T02:00,8.4,0,17.0,32.1,0.0,0.0,0.0
2025-09-25T03:00,8.1,0,18.0,33.5,0.0,0.0,0.0
2025-09-25T04:00,7.8,0,17.7,33.0,0.0,0.0,0.0
2025-09-25T05:00,7.7,0,17.9,33.5,0.0,0.0,0.0
2025-09-25T06:00,8.1,1,18.2,33.1,43.0,24.0,19.0
2025-09-25T07:00,9.2,22,15.1,27.8,177.0,126.0,51.0
2025-09-25T08:00,10.4,42,17.9,28.4,323.0,256.0,67.0
2025-09-25T09:00,11.8,91,19.5,30.3,438.0,341.0,97.0
2025-09-25T10:00,13.1,99,22.0,33.9,517.0,387.0,130.0
2025-09-25T11:00,13.8,100,22.9,35.2,539.0,371.0,168.0
2025-09-25T12:00,14.2,100,23.7,36.7,521.0,339.0,182.0
2025-09-25T13:00,14.2,100,22.1,34.4,391.0,147.0,244.0
2025-09-25T14:00,14.1,100,21.4,34.3,269.0,47.0,222.0
2025-09-25T15:00,14.2,100,19.6,32.8,260.0,122.0,138.0
2025-09-25T16:00,13.6,99,17.6,31.2,128.0,33.0,95.0
2025-09-25T17:00,12.6,100,15.5,29.1,29.0,5.0,24.0
2025-09-25T18:00,12.2,100,15.0,28.3,0.0,0.0,0.0
2025-09-25T19:00,12.2,100,16.0,29.4,0.0,0.0,0.0
2025-09-25T20:00,12.1,100,16.6,30.1,0.0,0.0,0.0
2025-09-25T21:00,11.9,100,16.1,29.2,0.0,0.0,0.0
2025-09-25T22:00,11.6,100,16.1,29.0,0.0,0.0,0.0
2025-09-25T23:00,11.0,100,16.2,29.2,0.0,0.0,0.0
2025-09-26T00:00,10.7,100,15.7,28.5,0.0,0.0,0.0
2025-09-26T01:00,10.9,100,16.6,30.5,0.0,0.0,0.0
2025-09-26T02:00,10.9,100,15.4,28.1,0.0,0.0,0.0
2025-09-26T03:00,10.6,100,14.6,26.7,0.0,0.0,0.0
2025-09-26T04:00,10.4,100,15.3,27.4,0.0,0.0,0.0
2025-09-26T05:00,10.2,99,15.5,28.0,0.0,0.0,0.0
2025-09-26T06:00,10.2,100,16.0,28.6,18.0,0.0,18.0
2025-09-26T07:00,10.4,100,17.0,29.2,50.0,1.0,49.0
2025-09-26T08:00,10.4,100,18.9,30.2,112.0,9.0,103.0
2025-09-26T09:00,11.2,100,19.1,29.5,321.0,170.0,151.0
2025-09-26T10:00,12.1,100,19.2,29.4,419.0,207.0,212.0
2025-09-26T11:00,12.6,100,17.5,26.6,345.0,114.0,231.0
2025-09-26T12:00,12.8,100,17.0,26.2,285.0,51.0,234.0
2025-09-26T13:00,14.1,100,16.8,26.1,288.0,85.0,203.0
2025-09-26T14:00,15.1,97,17.3,27.2,333.0,187.0,146.0
2025-09-26T15:00,15.1,97,15.5,26.1,238.0,140.0,98.0
2025-09-26T16:00,14.5,100,14.2,25.8,108.0,35.0,73.0
2025-09-26T17:00,13.9,100,15.0,28.0,19.0,2.0,17.0
2025-09-26T18:00,13.6,100,16.4,29.9,0.0,0.0,0.0
2025-09-26T19:00,13.3,100,16.7,30.5,0.0,0.0,0.0
2025-09-26T20:00,12.6,99,16.9,31.4,0.0,0.0,0.0
2025-09-26T21:00,12.1,100,16.2,30.9,0.0,0.0,0.0
2025-09-26T22:00,11.6,98,15.9,30.6,0.0,0.0,0.0
2025-09-26T23:00,11.4,24,16.1,30.8,0.0,0.0,0.0
2025-09-27T00:00,10.9,44,15.6,30.4,0.0,0.0,0.0
2025-09-27T01:00,11.5,13,15.4,29.9,0.0,0.0,0.0
2025-09-27T02:00,10.9,15,14.7,29.1,0.0,0.0,0.0
2025-09-27T03:00,10.4,1,14.2,28.6,0.0,0.0,0.0
2025-09-27T04:00,9.9,7,13.7,27.7,0.0,0.0,0.0
2025-09-27T05:00,9.5,8,13.9,27.6,0.0,0.0,0.0
2025-09-27T06:00,9.6,15,14.4,27.6,33.0,15.0,18.0
2025-09-27T07:00,10.4,15,12.3,23.3,150.0,92.0,58.0
2025-09-27T08:00,11.6,12,13.3,20.9,283.0,201.0,82.0
2025-09-27T09:00,13.1,1,13.0,19.6,409.0,317.0,92.0
2025-09-27T10:00,14.6,0,12.8,18.9,501.0,413.0,88.0
2025-09-27T11:00,15.8,0,12.8,18.9,548.0,458.0,90.0
2025-09-27T12:00,16.6,0,12.8,18.7,546.0,458.0,88.0
2025-09-27T13:00,17.8,0,11.9,17.5,494.0,406.0,88.0
2025-09-27T14:00,17.6,0,12.6,18.6,404.0,324.0,80.0
2025-09-27T15:00,17.2,2,12.8,19.6,282.0,215.0,67.0
2025-09-27T16:00,16.3,15,10.4,19.3,144.0,93.0,51.0
2025-09-27T17:00,14.8,53,9.5,20.8,26.0,12.0,14.0
2025-09-27T18:00,14.0,31,10.8,23.8,0.0,0.0,0.0
2025-09-27T19:00,13.5,98,10.9,23.8,0.0,0.0,0.0
2025-09-27T20:00,12.7,16,10.6,23.5,0.0,0.0,0.0
2025-09-27T21:00,12.1,28,10.6,23.5,0.0,0.0,0.0
2025-09-27T22:00,11.4,16,9.9,22.4,0.0,0.0,0.0
2025-09-27T23:00,10.8,0,9.4,21.3,0.0,0.0,0.0
2025-09-28T00:00,10.1,58,9.0,20.5,0.0,0.0,0.0
2025-09-28T01:00,9.7,4,8.9,21.1,0.0,0.0,0.0
2025-09-28T02:00,9.1,0,8.6,20.2,0.0,0.0,0.0
2025-09-28T03:00,8.6,0,9.1,20.4,0.0,0.0,0.0
2025-09-28T04:00,8.1,0,8.8,19.6,0.0,0.0,0.0
2025-09-28T05:00,7.6,0,8.9,20.0,0.0,0.0,0.0
2025-09-28T06:00,7.8,1,9.2,18.9,33.0,16.0,17.0
2025-09-28T07:00,9.1,0,7.5,16.3,156.0,106.0,50.0
2025-09-28T08:00,10.8,21,6.8,11.1,298.0,231.0,67.0
2025-09-28T09:00,12.7,3,6.5,9.7,420.0,344.0,76.0
2025-09-28T10:00,14.6,19,6.8,10.0,509.0,427.0,82.0
2025-09-28T11:00,16.0,18,8.6,12.2,554.0,469.0,85.0
2025-09-28T12:00,16.9,22,10.0,14.3,554.0,470.0,84.0
2025-09-28T13:00,17.7,36,8.6,12.2,501.0,415.0,86.0
2025-09-28T14:00,17.6,2,9.0,12.7,413.0,338.0,75.0
2025-09-28T15:00,17.0,0,11.0,16.5,288.0,224.0,64.0
2025-09-28T16:00,15.8,0,9.6,18.6,145.0,99.0,46.0
2025-09-28T17:00,13.8,0,8.8,20.5,25.0,12.0,13.0
2025-09-28T18:00,12.8,0,8.3,20.3,0.0,0.0,0.0
2025-09-28T19:00,11.9,0,8.5,20.4,0.0,0.0,0.0
2025-09-28T20:00,11.3,0,10.4,23.4,0.0,0.0,0.0
2025-09-28T21:00,10.9,2,11.4,24.6,0.0,0.0,0.0
2025-09-28T22:00,10.4,16,8.7,20.3,0.0,0.0,0.0
2025-09-28T23:00,9.9,3,7.0,17.4,0.0,0.0,0.0
2025-09-29T00:00,9.2,0,8.4,19.3,0.0,0.0,0.0
2025-09-29T01:00,8.1,0,8.1,20.2,0.0,0.0,0.0
2025-09-29T02:00,7.8,0,7.4,18.9,0.0,0.0,0.0
2025-09-29T03:00,7.5,0,6.9,17.6,0.0,0.0,0.0
2025-09-29T04:00,7.2,1,7.0,17.6,0.0,0.0,0.0
2025-09-29T05:00,6.9,0,7.7,18.2,0.0,0.0,0.0
2025-09-29T06:00,7.3,0,8.4,18.0,31.0,15.0,16.0
2025-09-29T07:00,8.9,0,7.1,18.7,152.0,102.0,50.0
2025-09-29T08:00,10.7,1,6.6,10.7,297.0,232.0,65.0
2025-09-29T09:00,12.5,0,7.7,11.3,416.0,338.0,78.0
2025-09-29T10:00,13.9,3,8.0,11.5,493.0,398.0,95.0
2025-09-29T11:00,14.9,31,8.1,11.4,547.0,454.0,93.0
2025-09-29T12:00,15.4,39,6.4,9.0,487.0,369.0,118.0
2025-09-29T13:00,16.0,22,10.6,15.0,442.0,333.0,109.0
2025-09-29T14:00,15.9,26,9.8,14.0,359.0,267.0,92.0
2025-09-29T15:00,15.4,20,8.5,12.4,244.0,165.0,79.0
2025-09-29T16:00,14.5,28,5.8,12.4,119.0,70.0,49.0
2025-09-29T17:00,13.1,35,8.0,18.0,18.0,7.0,11.0
2025-09-29T18:00,12.1,11,13.5,26.7,0.0,0.0,0.0
2025-09-29T19:00,11.1,11,12.5,25.9,0.0,0.0,0.0
2025-09-29T20:00,10.4,15,10.8,23.5,0.0,0.0,0.0
2025-09-29T21:00,9.9,25,10.2,22.4,0.0,0.0,0.0
2025-09-29T22:00,9.6,0,9.1,20.9,0.0,0.0,0.0
2025-09-29T23:00,9.1,3,8.4,19.7,0.0,0.0,0.0
2025-09-30T00:00,8.5,5,9.3,20.9,0.0,0.0,0.0
2025-09-30T01:00,7.1,2,8.7,19.4,0.0,0.0,0.0
2025-09-30T02:00,6.6,0,9.9,21.3,0.0,0.0,0.0
2025-09-30T03:00,6.2,0,10.8,22.7,0.0,0.0,0.0
2025-09-30T04:00,5.8,0,11.1,23.2,0.0,0.0,0.0
2025-09-30T05:00,5.5,0,11.2,23.4,0.0,0.0,0.0
2025-09-30T06:00,5.8,0,11.7,23.3,29.0,14.0,15.0
2025-09-30T07:00,7.1,0,10.5,22.4,151.0,101.0,50.0
2025-09-30T08:00,8.8,0,9.8,15.8,292.0,224.0,68.0
2025-09-30T09:00,10.6,0,10.2,15.2,416.0,339.0,77.0
2025-09-30T10:00,12.0,0,10.5,15.2,506.0,423.0,83.0
2025-09-30T11:00,12.9,53,12.4,17.7,554.0,471.0,83.0
2025-09-30T12:00,13.0,100,12.3,17.5,439.0,259.0,180.0
2025-09-30T13:00,12.8,45,11.0,16.0,270.0,76.0,194.0
2025-09-30T14:00,13.0,54,10.2,14.9,298.0,168.0,130.0
2025-09-30T15:00,12.8,59,9.8,14.5,198.0,102.0,96.0
2025-09-30T16:00,12.0,65,7.7,14.7,108.0,55.0,53.0
2025-09-30T17:00,10.7,23,7.1,16.6,15.0,5.0,10.0
2025-09-30T18:00,9.8,22,7.7,17.8,0.0,0.0,0.0
2025-09-30T19:00,8.9,4,9.6,21.1,0.0,0.0,0.0
2025-09-30T20:00,8.4,0,10.0,22.0,0.0,0.0,0.0
2025-09-30T21:00,7.8,0,8.3,19.5,0.0,0.0,0.0
2025-09-30T22:00,7.3,0,6.4,16.8,0.0,0.0,0.0
2025-09-30T23:00,6.8,1,5.6,15.1,0.0,0.0,0.0
