latitude,longitude,elevation,utc_offset_seconds,timezone,timezone_abbreviation
48.119507,11.55,524.0,0,GMT,GMT

time,temperature_2m (°C),cloud_cover (%),wind_speed_10m (km/h),wind_speed_100m (km/h),shortwave_radiation (W/m²),direct_radiation (W/m²),diffuse_radiation (W/m²)
2025-07-01T00:00,22.9,0,3.0,8.1,0.0,0.0,0.0
2025-07-01T01:00,21.4,46,2.3,7.1,0.0,0.0,0.0
2025-07-01T02:00,20.6,40,5.2,11.7,0.0,0.0,0.0
2025-07-01T03:00,19.6,0,5.5,10.6,0.0,0.0,0.0
2025-07-01T04:00,19.1,1,4.7,7.7,11.0,3.0,8.0
2025-07-01T05:00,20.2,0,2.9,7.3,99.0,53.0,46.0
2025-07-01T06:00,22.7,1,0.0,2.7,244.0,170.0,74.0
2025-07-01T07:00,25.4,0,1.5,1.5,406.0,314.0,92.0
2025-07-01T08:00,27.5,6,3.6,4.3,564.0,460.0,104.0
2025-07-01T09:00,29.1,21,5.8,7.2,699.0,585.0,114.0
2025-07-01T10:00,30.5,18,7.4,9.4,775.0,640.0,135.0
2025-07-01T11:00,31.4,28,8.7,10.9,815.0,663.0,152.0
2025-07-01T12:00,32.0,48,10.0,12.7,823.0,646.0,177.0
2025-07-01T13:00,31.7,78,8.7,11.4,562.0,275.0,287.0
2025-07-01T14:00,30.7,83,10.9,14.8,585.0,331.0,254.0
2025-07-01T15:00,31.0,44,4.8,6.2,434.0,231.0,203.0
2025-07-01T16:00,31.4,71,5.5,6.9,430.0,292.0,138.0
2025-07-01T17:00,31.0,89,6.4,8.2,299.0,178.0,121.0
2025-07-01T18:00,30.2,60,7.6,11.1,158.0,77.0,81.0
2025-07-01T19:00,29.1,66,4.5,9.4,51.0,18.0,33.0
2025-07-01T20:00,27.7,47,2.9,8.5,1.0,0.0,1.0
2025-07-01T21:00,27.0,9,4.8,12.8,0.0,0.0,0.0
2025-07-01T22:00,26.0,2,8.2,17.5,0.0,0.0,0.0
2025-07-01T23:00,24.8,2,8.6,17.8,0.0,0.0,0.0
2025-07-02T00:00,23.6,1,7.5,15.5,0.0,0.0,0.0
2025-07-02T01:00,21.1,9,4.1,10.2,0.0,0.0,0.0
2025-07-02T02:00,20.1,0,5.3,11.6,0.0,0.0,0.0
2025-07-02T03:00,19.4,0,4.7,9.3,0.0,0.0,0.0
2025-07-02T04:00,18.5,0,3.4,6.5,11.0,3.0,8.0
2025-07-02T05:00,19.6,0,1.9,4.7,96.0,49.0,47.0
2025-07-02T06:00,22.4,0,2.8,5.2,238.0,156.0,82.0
2025-07-02T07:00,24.9,0,5.0,6.8,413.0,321.0,92.0
2025-07-02T08:00,27.5,0,6.0,8.0,572.0,470.0,102.0
2025-07-02T09:00,29.7,0,7.9,10.8,709.0,598.0,111.0
2025-07-02T10:00,31.4,0,9.3,12.8,811.0,693.0,118.0
2025-07-02T11:00,32.6,4,10.1,13.7,870.0,751.0,119.0
2025-07-02T12:00,33.3,17,10.6,14.1,873.0,748.0,125.0
2025-07-02T13:00,34.4,7,12.3,16.4,793.0,638.0,155.0
2025-07-02T14:00,33.7,78,5.6,7.8,625.0,443.0,182.0
2025-07-02T15:00,32.8,31,5.6,7.2,539.0,362.0,177.0
2025-07-02T16:00,32.0,83,6.2,8.4,416.0,259.0,157.0
2025-07-02T17:00,31.5,25,3.7,5.0,287.0,176.0,111.0
2025-07-02T18:00,31.2,77,0.5,0.7,157.0,90.0,67.0
2025-07-02T19:00,30.2,63,7.7,11.6,45.0,13.0,32.0
2025-07-02T20:00,28.8,37,8.6,15.7,1.0,0.0,1.0
2025-07-02T21:00,27.8,27,8.5,15.5,0.0,0.0,0.0
2025-07-02T22:00,26.9,8,8.5,16.2,0.0,0.0,0.0
2025-07-02T23:00,25.7,6,10.0,19.2,0.0,0.0,0.0
2025-07-03T00:00,24.9,3,11.2,22.1,0.0,0.0,0.0
2025-07-03T01:00,22.0,25,6.6,17.7,0.0,0.0,0.0
2025-07-03T02:00,21.5,31,8.6,18.4,0.0,0.0,0.0
2025-07-03T03:00,21.2,8,11.2,22.0,0.0,0.0,0.0
2025-07-03T04:00,21.0,4,12.4,25.2,10.0,2.0,8.0
2025-07-03T05:00,22.0,0,13.2,25.1,95.0,49.0,46.0
2025-07-03T06:00,23.5,0,11.7,20.1,238.0,164.0,74.0
2025-07-03T07:00,24.6,0,13.4,20.3,400.0,308.0,92.0
2025-07-03T08:00,25.8,0,11.6,17.0,557.0,451.0,106.0
2025-07-03T09:00,27.1,0,11.7,16.8,703.0,593.0,110.0
2025-07-03T10:00,27.0,9,11.8,17.2,810.0,682.0,128.0
2025-07-03T11:00,27.8,69,10.2,14.2,836.0,702.0,134.0
2025-07-03T12:00,27.2,70,12.0,16.5,807.0,642.0,165.0
2025-07-03T13:00,25.2,82,7.3,10.3,472.0,218.0,254.0
2025-07-03T14:00,26.0,92,7.8,11.1,549.0,309.0,240.0
2025-07-03T15:00,25.4,98,9.0,11.9,483.0,237.0,246.0
2025-07-03T16:00,23.3,61,5.8,8.4,189.0,26.0,163.0
2025-07-03T17:00,23.1,71,7.3,9.9,227.0,117.0,110.0
2025-07-03T18:00,21.6,91,7.9,11.3,136.0,62.0,74.0
2025-07-03T19:00,21.1,100,4.5,6.9,42.0,8.0,34.0
2025-07-03T20:00,20.8,28,3.6,7.2,1.0,0.0,1.0
2025-07-03T21:00,20.4,29,1.9,5.9,0.0,0.0,0.0
2025-07-03T22:00,20.0,60,1.9,7.1,0.0,0.0,0.0
2025-07-03T23:00,19.9,34,6.4,11.9,0.0,0.0,0.0
2025-07-04T00:00,19.1,96,4.3,8.8,0.0,0.0,0.0
2025-07-04T01:00,17.5,94,7.1,13.7,0.0,0.0,0.0
2025-07-04T02:00,17.2,60,3.3,7.3,0.0,0.0,0.0
2025-07-04T03:00,17.1,67,4.4,6.5,0.0,0.0,0.0
2025-07-04T04:00,17.1,100,6.4,11.0,8.0,1.0,7.0
2025-07-04T05:00,17.5,100,7.5,11.5,47.0,5.0,42.0
2025-07-04T06:00,18.0,100,8.0,11.2,102.0,7.0,95.0
2025-07-04T07:00,17.7,93,7.6,10.9,99.0,0.0,99.0
2025-07-04T08:00,18.9,98,4.6,6.6,278.0,57.0,221.0
2025-07-04T09:00,19.4,100,6.9,9.5,324.0,80.0,244.0
2025-07-04T10:00,19.5,100,6.4,9.4,206.0,8.0,198.0
2025-07-04T11:00,21.1,30,2.8,4.2,495.0,270.0,225.0
2025-07-04T12:00,22.6,39,4.5,6.2,648.0,420.0,228.0
2025-07-04T13:00,24.0,65,5.2,7.2,561.0,296.0,265.0
2025-07-04T14:00,24.5,96,7.6,10.1,507.0,202.0,305.0
2025-07-04T15:00,24.6,49,8.4,11.5,549.0,369.0,180.0
2025-07-04T16:00,24.4,9,6.2,8.7,426.0,296.0,130.0
2025-07-04T17:00,24.2,7,3.9,5.2,320.0,232.0,88.0
2025-07-04T18:00,23.7,4,3.4,5.9,174.0,110.0,64.0
2025-07-04T19:00,21.9,2,3.6,6.9,51.0,22.0,29.0
2025-07-04T20:00,20.1,0,5.3,9.9,1.0,0.0,1.0
2025-07-04T21:00,19.0,1,8.6,19.5,0.0,0.0,0.0
2025-07-04T22:00,18.1,1,7.3,17.5,0.0,0.0,0.0
2025-07-04T23:00,17.5,0,6.8,17.0,0.0,0.0,0.0
2025-07-05T00:00,17.1,0,6.7,16.3,0.0,0.0,0.0
2025-07-05T01:00,16.0,2,6.7,14.9,0.0,0.0,0.0
2025-07-05T02:00,15.0,0,3.6,11.0,0.0,0.0,0.0
2025-07-05T03:00,14.8,0,1.1,9.2,0.0,0.0,0.0
2025-07-05T04:00,14.9,0,4.2,11.7,10.0,2.0,8.0
2025-07-05T05:00,16.2,0,5.2,11.7,95.0,49.0,46.0
2025-07-05T06:00,18.6,0,1.3,9.2,241.0,163.0,78.0
2025-07-05T07:00,21.3,0,2.9,4.6,410.0,316.0,94.0
2025-07-05T08:00,23.7,0,5.4,7.7,573.0,471.0,102.0
2025-07-05T09:00,25.4,0,5.2,7.1,713.0,603.0,110.0
2025-07-05T10:00,26.6,1,4.3,5.4,819.0,703.0,116.0
2025-07-05T11:00,27.5,8,5.3,6.7,856.0,718.0,138.0
2025-07-05T12:00,28.0,5,4.7,5.9,851.0,702.0,149.0
2025-07-05T13:00,29.8,100,4.3,6.0,757.0,568.0,189.0
2025-07-05T14:00,30.0,100,9.4,12.8,661.0,447.0,214.0
2025-07-05T15:00,29.1,73,9.9,13.6,488.0,289.0,199.0
2025-07-05T16:00,28.7,83,7.2,10.1,417.0,268.0,149.0
2025-07-05T17:00,28.4,64,7.9,11.6,292.0,196.0,96.0
2025-07-05T18:00,27.5,57,11.0,16.7,159.0,91.0,68.0
2025-07-05T19:00,25.5,25,10.4,18.7,47.0,18.0,29.0
2025-07-05T20:00,23.8,35,8.1,13.9,1.0,0.0,1.0
2025-07-05T21:00,22.4,26,11.8,21.0,0.0,0.0,0.0
2025-07-05T22:00,21.6,86,11.6,22.0,0.0,0.0,0.0
2025-07-05T23:00,20.5,70,9.8,17.8,0.0,0.0,0.0
2025-07-06T00:00,19.6,78,7.4,11.5,0.0,0.0,0.0
2025-07-06T01:00,18.0,49,6.5,9.8,0.0,0.0,0.0
2025-07-06T02:00,17.2,94,6.6,8.9,0.0,0.0,0.0
2025-07-06T03:00,16.8,89,7.4,11.7,0.0,0.0,0.0
2025-07-06T04:00,16.6,100,6.5,12.2,9.0,1.0,8.0
2025-07-06T05:00,17.8,62,5.4,10.6,91.0,38.0,53.0
2025-07-06T06:00,20.2,72,4.4,9.4,216.0,129.0,87.0
2025-07-06T07:00,22.2,77,3.1,4.3,310.0,185.0,125.0
2025-07-06T08:00,23.5,64,4.7,6.3,435.0,259.0,176.0
2025-07-06T09:00,23.0,99,6.5,8.5,465.0,247.0,218.0
2025-07-06T10:00,22.9,98,3.7,4.9,495.0,271.0,224.0
2025-07-06T11:00,23.9,91,2.3,3.3,626.0,359.0,267.0
2025-07-06T12:00,25.3,97,4.6,6.4,638.0,421.0,217.0
2025-07-06T13:00,26.4,100,11.6,16.4,551.0,263.0,288.0
2025-07-06T14:00,26.2,100,10.7,15.2,414.0,166.0,248.0
2025-07-06T15:00,27.0,95,14.0,20.3,487.0,291.0,196.0
2025-07-06T16:00,25.8,100,11.5,17.0,216.0,49.0,167.0
2025-07-06T17:00,24.7,100,12.5,18.4,168.0,31.0,137.0
2025-07-06T18:00,22.5,100,16.4,26.0,38.0,0.0,38.0
2025-07-06T19:00,20.2,100,13.7,21.5,17.0,0.0,17.0
2025-07-06T20:00,19.0,100,12.3,20.7,0.0,0.0,0.0
2025-07-06T21:00,18.1,100,11.8,21.0,0.0,0.0,0.0
2025-07-06T22:00,17.2,100,11.7,20.3,0.0,0.0,0.0
2025-07-06T23:00,16.1,100,13.6,24.1,0.0,0.0,0.0
2025-07-07T00:00,15.7,100,14.8,26.2,0.0,0.0,0.0
2025-07-07T01:00,14.6,100,15.4,27.4,0.0,0.0,0.0
2025-07-07T02:00,14.1,100,15.1,27.2,0.0,0.0,0.0
2025-07-07T03:00,13.9,100,14.3,25.8,0.0,0.0,0.0
2025-07-07T04:00,14.1,100,13.9,25.4,3.0,0.0,3.0
2025-07-07T05:00,14.6,100,13.6,24.5,56.0,5.0,51.0
2025-07-07T06:00,15.4,100,10.9,18.4,144.0,12.0,132.0
2025-07-07T07:00,16.4,100,17.8,27.1,263.0,61.0,202.0
2025-07-07T08:00,17.6,62,17.4,26.3,387.0,150.0,237.0
2025-07-07T09:00,19.1,29,14.5,21.7,574.0,389.0,185.0
2025-07-07T10:00,20.5,100,13.3,19.4,718.0,517.0,201.0
2025-07-07T11:00,21.5,100,14.2,20.6,694.0,333.0,361.0
2025-07-07T12:00,19.5,79,14.9,22.1,347.0,23.0,324.0
2025-07-07T13:00,21.0,47,16.7,24.5,766.0,564.0,202.0
2025-07-07T14:00,20.4,24,15.1,22.3,662.0,463.0,199.0
2025-07-07T15:00,21.3,38,15.3,23.1,568.0,411.0,157.0
2025-07-07T16:00,21.0,59,16.2,24.8,454.0,323.0,131.0
2025-07-07T17:00,19.0,92,14.2,21.8,258.0,149.0,109.0
2025-07-07T18:00,17.7,100,11.9,18.5,100.0,33.0,67.0
2025-07-07T19:00,14.6,100,17.4,30.2,6.0,0.0,6.0
2025-07-07T20:00,14.1,100,15.2,27.1,0.0,0.0,0.0
2025-07-07T21:00,13.9,100,16.5,28.9,0.0,0.0,0.0
2025-07-07T22:00,13.4,100,16.5,28.2,0.0,0.0,0.0
2025-07-07T23:00,12.9,100,16.1,27.9,0.0,0.0,0.0
2025-07-08T00:00,12.9,100,16.2,27.8,0.0,0.0,0.0
2025-07-08T01:00,12.4,100,17.2,29.1,0.0,0.0,0.0
2025-07-08T02:00,12.3,100,15.8,27.3,0.0,0.0,0.0
2025-07-08T03:00,12.0,100,15.3,26.3,0.0,0.0,0.0
2025-07-08T04:00,12.1,100,15.0,24.4,2.0,0.0,2.0
2025-07-08T05:00,11.9,100,15.9,27.8,17.0,0.0,17.0
2025-07-08T06:00,12.0,100,15.3,26.6,34.0,0.0,34.0
2025-07-08T07:00,12.3,100,13.2,22.3,80.0,0.0,80.0
2025-07-08T08:00,12.8,100,11.9,17.8,158.0,0.0,158.0
2025-07-08T09:00,14.1,96,10.4,15.3,335.0,76.0,259.0
2025-07-08T10:00,15.1,100,9.1,12.8,509.0,241.0,268.0
2025-07-08T11:00,15.5,100,12.0,17.5,409.0,74.0,335.0
2025-07-08T12:00,12.4,100,19.7,32.2,179.0,0.0,179.0
2025-07-08T13:00,14.0,100,16.3,24.2,426.0,141.0,285.0
2025-07-08T14:00,12.8,100,17.1,26.3,307.0,72.0,235.0
2025-07-08T15:00,13.4,100,12.7,19.3,236.0,16.0,220.0
2025-07-08T16:00,13.7,100,16.5,25.6,349.0,140.0,209.0
2025-07-08T17:00,11.6,99,15.9,27.4,182.0,48.0,134.0
2025-07-08T18:00,11.9,100,11.8,21.2,107.0,35.0,72.0
2025-07-08T19:00,11.6,100,11.8,21.5,37.0,7.0,30.0
2025-07-08T20:00,11.1,100,16.1,28.7,0.0,0.0,0.0
2025-07-08T21:00,10.5,89,15.8,28.5,0.0,0.0,0.0
2025-07-08T22:00,10.1,64,13.6,25.8,0.0,0.0,0.0
2025-07-08T23:00,9.9,26,14.4,26.8,0.0,0.0,0.0
2025-07-09T00:00,9.8,87,15.2,28.5,0.0,0.0,0.0
2025-07-09T01:00,10.6,87,13.1,24.1,0.0,0.0,0.0
2025-07-09T02:00,10.2,70,14.3,26.6,0.0,0.0,0.0
2025-07-09T03:00,9.8,37,14.0,26.6,0.0,0.0,0.0
2025-07-09T04:00,9.9,45,13.8,25.9,6.0,1.0,5.0
2025-07-09T05:00,10.6,23,13.4,24.4,78.0,31.0,47.0
2025-07-09T06:00,11.9,28,16.2,24.8,213.0,123.0,90.0
2025-07-09T07:00,13.2,28,13.7,20.6,352.0,223.0,129.0
2025-07-09T08:00,14.4,73,12.5,18.5,444.0,227.0,217.0
2025-07-09T09:00,15.5,59,14.1,20.6,605.0,362.0,243.0
2025-07-09T10:00,16.4,46,15.6,22.5,697.0,437.0,260.0
2025-07-09T11:00,16.8,33,16.6,24.4,720.0,501.0,219.0
2025-07-09T12:00,17.5,45,15.4,22.6,723.0,546.0,177.0
2025-07-09T13:00,16.9,96,16.7,24.9,672.0,483.0,189.0
2025-07-09T14:00,16.9,66,14.4,21.7,427.0,210.0,217.0
2025-07-09T15:00,17.1,91,13.9,21.1,400.0,224.0,176.0
2025-07-09T16:00,16.8,82,12.2,19.0,310.0,165.0,145.0
2025-07-09T17:00,16.5,72,11.1,17.9,213.0,108.0,105.0
2025-07-09T18:00,16.0,45,8.6,16.0,111.0,48.0,63.0
2025-07-09T19:00,14.9,75,10.1,20.6,36.0,12.0,24.0
2025-07-09T20:00,14.1,100,10.1,21.5,0.0,0.0,0.0
2025-07-09T21:00,13.8,49,8.8,19.7,0.0,0.0,0.0
2025-07-09T22:00,13.0,38,7.3,16.6,0.0,0.0,0.0
2025-07-09T23:00,12.4,45,7.9,15.7,0.0,0.0,0.0
2025-07-10T00:00,12.1,61,7.9,15.5,0.0,0.0,0.0
2025-07-10T01:00,12.9,28,8.8,18.1,0.0,0.0,0.0
2025-07-10T02:00,12.6,22,7.0,16.8,0.0,0.0,0.0
2025-07-10T03:00,11.6,42,3.8,11.1,0.0,0.0,0.0
2025-07-10T04:00,11.6,36,5.8,11.2,6.0,1.0,5.0
2025-07-10T05:00,12.4,71,7.1,12.9,80.0,35.0,45.0
2025-07-10T06:00,14.1,40,5.5,10.3,219.0,131.0,88.0
2025-07-10T07:00,15.9,47,5.1,7.5,399.0,302.0,97.0
2025-07-10T08:00,17.0,32,7.1,10.1,547.0,424.0,123.0
2025-07-10T09:00,17.6,35,8.3,11.6,556.0,400.0,156.0
2025-07-10T10:00,18.5,34,7.9,11.0,653.0,465.0,188.0
2025-07-10T11:00,19.0,45,8.3,11.6,667.0,458.0,209.0
2025-07-10T12:00,19.5,51,8.0,11.3,653.0,433.0,220.0
2025-07-10T13:00,21.4,48,8.0,11.2,696.0,489.0,207.0
2025-07-10T14:00,21.1,49,10.0,14.3,478.0,274.0,204.0
2025-07-10T15:00,20.6,81,9.6,14.8,258.0,40.0,218.0
2025-07-10T16:00,20.8,88,10.3,15.9,273.0,87.0,186.0
2025-07-10T17:00,20.2,58,7.3,13.5,178.0,52.0,126.0
2025-07-10T18:00,19.1,92,5.6,12.9,120.0,50.0,70.0
2025-07-10T19:00,17.9,73,4.3,11.8,36.0,10.0,26.0
2025-07-10T20:00,17.4,97,6.6,15.0,0.0,0.0,0.0
2025-07-10T21:00,16.8,86,2.5,9.4,0.0,0.0,0.0
2025-07-10T22:00,15.9,32,8.5,18.0,0.0,0.0,0.0
2025-07-10T23:00,14.6,16,9.8,19.3,0.0,0.0,0.0
2025-07-11T00:00,14.1,100,10.7,21.7,0.0,0.0,0.0
2025-07-11T01:00,14.6,100,7.4,12.8,0.0,0.0,0.0
2025-07-11T02:00,14.6,100,8.0,15.6,0.0,0.0,0.0
2025-07-11T03:00,14.4,41,10.3,18.6,0.0,0.0,0.0
2025-07-11T04:00,14.1,87,8.6,16.8,5.0,1.0,4.0
2025-07-11T05:00,14.5,95,5.6,11.5,59.0,23.0,36.0
2025-07-11T06:00,15.4,88,5.8,9.6,160.0,63.0,97.0
2025-07-11T07:00,15.9,66,6.1,8.5,258.0,112.0,146.0
2025-07-11T08:00,16.3,43,2.5,3.7,412.0,226.0,186.0
2025-07-11T09:00,17.6,76,3.1,4.7,529.0,331.0,198.0
2025-07-11T10:00,19.0,44,3.1,4.6,612.0,379.0,233.0
2025-07-11T11:00,20.1,36,7.3,10.3,739.0,545.0,194.0
2025-07-11T12:00,21.2,85,7.6,11.1,762.0,527.0,235.0
2025-07-11T13:00,19.8,58,2.5,3.1,743.0,521.0,222.0
2025-07-11T14:00,20.0,48,6.2,8.0,663.0,479.0,184.0
2025-07-11T15:00,19.0,77,9.4,12.9,456.0,237.0,219.0
2025-07-11T16:00,18.6,64,8.3,11.9,360.0,195.0,165.0
2025-07-11T17:00,18.9,31,7.3,10.6,300.0,206.0,94.0
2025-07-11T18:00,18.5,100,7.8,12.3,138.0,60.0,78.0
2025-07-11T19:00,17.3,100,9.4,18.5,37.0,10.0,27.0
2025-07-11T20:00,16.5,99,10.5,21.2,0.0,0.0,0.0
2025-07-11T21:00,16.0,100,10.8,22.4,0.0,0.0,0.0
2025-07-11T22:00,15.3,100,11.3,22.9,0.0,0.0,0.0
2025-07-11T23:00,14.9,97,10.2,20.3,0.0,0.0,0.0
2025-07-12T00:00,14.6,100,10.4,20.4,0.0,0.0,0.0
2025-07-12T01:00,13.6,100,10.1,16.5,0.0,0.0,0.0
2025-07-12T02:00,13.6,100,12.9,25.5,0.0,0.0,0.0
2025-07-12T03:00,13.8,100,13.2,25.6,0.0,0.0,0.0
2025-07-12T04:00,13.8,100,13.2,25.5,3.0,0.0,3.0
2025-07-12T05:00,14.2,34,10.9,20.1,55.0,9.0,46.0
2025-07-12T06:00,15.4,34,9.3,14.7,209.0,115.0,94.0
2025-07-12T07:00,16.9,25,8.1,11.7,353.0,232.0,121.0
2025-07-12T08:00,18.8,15,9.3,13.2,565.0,464.0,101.0
2025-07-12T09:00,20.0,18,8.2,11.6,627.0,491.0,136.0
2025-07-12T10:00,21.2,28,7.3,10.2,751.0,607.0,144.0
2025-07-12T11:00,22.1,29,8.0,11.2,786.0,647.0,139.0
2025-07-12T12:00,22.8,48,8.7,12.3,750.0,573.0,177.0
2025-07-12T13:00,23.7,11,10.6,14.9,789.0,633.0,156.0
2025-07-12T14:00,24.0,15,11.2,16.3,704.0,566.0,138.0
2025-07-12T15:00,24.6,31,9.1,13.3,583.0,448.0,135.0
2025-07-12T16:00,24.8,85,11.3,16.8,437.0,321.0,116.0
2025-07-12T17:00,22.8,100,13.3,20.6,315.0,200.0,115.0
2025-07-12T18:00,21.9,99,4.7,12.0,126.0,43.0,83.0
2025-07-12T19:00,20.3,98,4.3,11.5,40.0,9.0,31.0
2025-07-12T20:00,19.0,90,5.4,12.0,0.0,0.0,0.0
2025-07-12T21:00,17.8,15,3.8,6.7,0.0,0.0,0.0
2025-07-12T22:00,16.4,25,2.9,6.9,0.0,0.0,0.0
2025-07-12T23:00,15.5,17,3.9,10.1,0.0,0.0,0.0
2025-07-13T00:00,14.8,40,4.9,11.8,0.0,0.0,0.0
2025-07-13T01:00,13.9,93,4.4,12.4,0.0,0.0,0.0
2025-07-13T02:00,13.2,19,7.3,12.8,0.0,0.0,0.0
2025-07-13T03:00,12.8,1,7.6,14.2,0.0,0.0,0.0
2025-07-13T04:00,12.8,0,7.8,15.4,6.0,1.0,5.0
2025-07-13T05:00,14.4,0,7.4,16.8,86.0,47.0,39.0
2025-07-13T06:00,17.2,1,4.7,17.1,233.0,167.0,66.0
2025-07-13T07:00,20.4,31,4.9,8.5,398.0,312.0,86.0
2025-07-13T08:00,22.4,24,5.3,7.6,516.0,394.0,122.0
2025-07-13T09:00,23.8,26,7.6,10.6,613.0,469.0,144.0
2025-07-13T10:00,25.0,25,10.8,15.4,721.0,563.0,158.0
2025-07-13T11:00,26.0,23,12.6,18.3,743.0,579.0,164.0
2025-07-13T12:00,26.8,15,13.7,19.9,777.0,607.0,170.0
2025-07-13T13:00,25.9,45,15.9,22.9,663.0,491.0,172.0
2025-07-13T14:00,27.2,18,13.0,18.6,636.0,477.0,159.0
2025-07-13T15:00,28.3,12,12.0,17.2,597.0,472.0,125.0
2025-07-13T16:00,28.2,8,12.2,17.9,491.0,394.0,97.0
2025-07-13T17:00,27.5,52,13.0,19.2,311.0,224.0,87.0
2025-07-13T18:00,25.8,20,10.7,17.3,143.0,80.0,63.0
2025-07-13T19:00,24.1,14,8.3,14.8,39.0,16.0,23.0
2025-07-13T20:00,22.2,16,12.0,22.8,0.0,0.0,0.0
2025-07-13T21:00,21.5,12,11.8,23.4,0.0,0.0,0.0
2025-07-13T22:00,21.1,10,12.2,24.3,0.0,0.0,0.0
2025-07-13T23:00,20.4,9,12.3,24.6,0.0,0.0,0.0
2025-07-14T00:00,19.8,2,14.0,27.8,0.0,0.0,0.0
2025-07-14T01:00,17.8,43,16.2,31.1,0.0,0.0,0.0
2025-07-14T02:00,17.6,59,11.7,23.6,0.0,0.0,0.0
2025-07-14T03:00,17.0,3,13.6,26.6,0.0,0.0,0.0
2025-07-14T04:00,17.1,0,14.9,29.6,5.0,1.0,4.0
2025-07-14T05:00,18.7,13,14.1,28.4,82.0,43.0,39.0
2025-07-14T06:00,21.2,33,11.9,29.6,224.0,156.0,68.0
2025-07-14T07:00,23.2,52,16.2,25.4,371.0,270.0,101.0
2025-07-14T08:00,23.1,86,19.6,30.0,518.0,382.0,136.0
2025-07-14T09:00,21.5,93,18.8,28.9,546.0,300.0,246.0
2025-07-14T10:00,22.8,100,18.0,27.1,409.0,136.0,273.0
2025-07-14T11:00,22.5,100,19.4,29.0,414.0,126.0,288.0
2025-07-14T12:00,22.9,100,14.7,21.8,431.0,71.0,360.0
2025-07-14T13:00,21.3,100,16.5,25.4,352.0,13.0,339.0
2025-07-14T14:00,21.8,100,16.4,25.3,275.0,10.0,265.0
2025-07-14T15:00,22.0,100,14.2,21.9,354.0,69.0,285.0
2025-07-14T16:00,23.0,93,14.1,21.5,305.0,76.0,229.0
2025-07-14T17:00,21.5,100,13.9,22.1,237.0,103.0,134.0
2025-07-14T18:00,20.5,29,10.5,17.2,117.0,47.0,70.0
2025-07-14T19:00,19.2,10,11.1,21.4,42.0,17.0,25.0
2025-07-14T20:00,18.4,5,11.5,23.1,0.0,0.0,0.0
2025-07-14T21:00,18.1,5,11.6,23.8,0.0,0.0,0.0
2025-07-14T22:00,18.0,5,11.2,23.3,0.0,0.0,0.0
2025-07-14T23:00,17.8,1,11.0,23.0,0.0,0.0,0.0
2025-07-15T00:00,17.6,3,10.1,21.6,0.0,0.0,0.0
2025-07-15T01:00,16.2,79,15.9,31.4,0.0,0.0,0.0
2025-07-15T02:00,16.2,95,11.4,22.2,0.0,0.0,0.0
2025-07-15T03:00,16.0,28,9.1,18.9,0.0,0.0,0.0
2025-07-15T04:00,15.9,25,9.1,18.6,4.0,1.0,3.0
2025-07-15T05:00,16.4,7,9.1,18.6,72.0,34.0,38.0
2025-07-15T06:00,18.2,24,7.0,22.6,208.0,136.0,72.0
2025-07-15T07:00,21.0,1,8.5,14.4,369.0,272.0,97.0
2025-07-15T08:00,22.2,2,12.7,19.0,532.0,423.0,109.0
2025-07-15T09:00,22.0,30,14.0,20.9,659.0,539.0,120.0
2025-07-15T10:00,21.8,64,16.9,24.8,559.0,367.0,192.0
2025-07-15T11:00,24.1,98,8.9,12.9,697.0,461.0,236.0
2025-07-15T12:00,19.4,100,15.2,23.5,450.0,201.0,249.0
2025-07-15T13:00,19.8,97,15.8,23.7,496.0,197.0,299.0
2025-07-15T14:00,20.2,99,16.1,24.6,406.0,165.0,241.0
2025-07-15T15:00,20.2,97,11.4,17.4,294.0,83.0,211.0
2025-07-15T16:00,21.1,93,9.6,14.4,334.0,156.0,178.0
2025-07-15T17:00,19.0,100,13.4,20.0,198.0,66.0,132.0
2025-07-15T18:00,15.5,100,12.1,22.2,44.0,0.0,44.0
2025-07-15T19:00,16.1,100,9.9,16.1,8.0,0.0,8.0
2025-07-15T20:00,16.3,99,10.3,20.0,0.0,0.0,0.0
2025-07-15T21:00,16.2,100,9.3,18.6,0.0,0.0,0.0
2025-07-15T22:00,16.1,100,10.5,19.0,0.0,0.0,0.0
2025-07-15T23:00,15.5,100,12.0,22.4,0.0,0.0,0.0
2025-07-16T00:00,15.6,100,11.4,21.6,0.0,0.0,0.0
2025-07-16T01:00,16.0,100,8.2,16.1,0.0,0.0,0.0
2025-07-16T02:00,15.1,100,14.2,25.8,0.0,0.0,0.0
2025-07-16T03:00,15.0,100,12.5,23.4,0.0,0.0,0.0
2025-07-16T04:00,15.1,100,11.3,21.4,1.0,0.0,1.0
2025-07-16T05:00,15.3,100,10.7,20.9,22.0,0.0,22.0
2025-07-16T06:00,15.8,100,9.4,20.4,61.0,0.0,61.0
2025-07-16T07:00,17.1,100,8.3,16.2,179.0,17.0,162.0
2025-07-16T08:00,17.4,100,7.8,13.9,130.0,3.0,127.0
2025-07-16T09:00,18.5,100,10.3,15.7,222.0,7.0,215.0
2025-07-16T10:00,18.1,100,10.3,17.7,210.0,6.0,204.0
2025-07-16T11:00,19.5,97,18.1,28.4,306.0,68.0,238.0
2025-07-16T12:00,19.5,100,17.9,28.0,339.0,69.0,270.0
2025-07-16T13:00,21.4,27,19.1,29.0,708.0,537.0,171.0
2025-07-16T14:00,22.2,96,22.0,33.4,655.0,445.0,210.0
2025-07-16T15:00,21.5,72,23.8,37.2,439.0,248.0,191.0
2025-07-16T16:00,20.3,95,19.5,30.7,358.0,223.0,135.0
2025-07-16T17:00,19.6,91,14.6,23.5,231.0,111.0,120.0
2025-07-16T18:00,15.9,100,13.6,23.0,93.0,27.0,66.0
2025-07-16T19:00,15.2,100,16.4,28.0,9.0,0.0,9.0
2025-07-16T20:00,14.8,55,19.6,33.6,0.0,0.0,0.0
2025-07-16T21:00,14.6,71,16.6,29.1,0.0,0.0,0.0
2025-07-16T22:00,14.1,82,17.2,28.4,0.0,0.0,0.0
2025-07-16T23:00,13.6,45,13.2,23.5,0.0,0.0,0.0
2025-07-17T00:00,13.2,41,11.6,22.0,0.0,0.0,0.0
2025-07-17T01:00,13.3,98,14.0,25.4,0.0,0.0,0.0
2025-07-17T02:00,13.1,95,13.2,24.5,0.0,0.0,0.0
2025-07-17T03:00,12.4,63,12.4,23.2,0.0,0.0,0.0
2025-07-17T04:00,12.1,74,13.7,24.5,2.0,0.0,2.0
2025-07-17T05:00,12.9,29,13.5,23.6,53.0,16.0,37.0
2025-07-17T06:00,13.7,79,14.1,21.4,186.0,98.0,88.0
2025-07-17T07:00,14.6,51,13.2,20.1,267.0,126.0,141.0
2025-07-17T08:00,15.7,28,13.5,20.2,380.0,225.0,155.0
2025-07-17T09:00,17.5,43,13.6,19.7,600.0,461.0,139.0
2025-07-17T10:00,18.3,69,14.8,21.6,677.0,504.0,173.0
2025-07-17T11:00,18.5,56,14.0,20.4,657.0,459.0,198.0
2025-07-17T12:00,19.4,44,13.3,19.5,708.0,536.0,172.0
2025-07-17T13:00,20.0,39,12.4,18.1,729.0,561.0,168.0
2025-07-17T14:00,20.4,97,14.0,20.5,594.0,387.0,207.0
2025-07-17T15:00,20.2,58,14.6,21.7,500.0,317.0,183.0
2025-07-17T16:00,20.0,63,13.2,20.1,336.0,184.0,152.0
2025-07-17T17:00,19.6,24,11.6,18.8,223.0,118.0,105.0
2025-07-17T18:00,18.8,20,8.1,15.5,152.0,90.0,62.0
2025-07-17T19:00,17.3,17,4.7,12.2,37.0,15.0,22.0
2025-07-17T20:00,16.5,6,3.6,9.9,0.0,0.0,0.0
2025-07-17T21:00,15.7,41,5.9,10.6,0.0,0.0,0.0
2025-07-17T22:00,15.0,27,8.1,13.7,0.0,0.0,0.0
2025-07-17T23:00,14.6,15,8.4,18.1,0.0,0.0,0.0
2025-07-18T00:00,14.5,20,8.0,17.7,0.0,0.0,0.0
2025-07-18T01:00,15.2,35,7.9,17.7,0.0,0.0,0.0
2025-07-18T02:00,14.6,30,9.2,18.3,0.0,0.0,0.0
2025-07-18T03:00,14.1,52,8.7,17.5,0.0,0.0,0.0
2025-07-18T04:00,13.9,35,7.8,15.5,3.0,0.0,3.0
2025-07-18T05:00,14.8,21,6.9,13.3,74.0,35.0,39.0
2025-07-18T06:00,16.9,9,4.4,12.5,219.0,151.0,68.0
2025-07-18T07:00,19.0,5,5.2,7.9,385.0,298.0,87.0
2025-07-18T08:00,20.2,6,4.8,6.9,546.0,447.0,99.0
2025-07-18T09:00,21.5,58,5.6,7.9,689.0,582.0,107.0
2025-07-18T10:00,22.8,93,7.7,10.7,783.0,655.0,128.0
2025-07-18T11:00,23.3,100,8.9,12.3,723.0,489.0,234.0
2025-07-18T12:00,23.5,100,9.1,12.5,657.0,359.0,298.0
2025-07-18T13:00,24.3,98,6.9,9.4,715.0,416.0,299.0
2025-07-18T14:00,24.5,95,7.1,9.9,685.0,455.0,230.0
2025-07-18T15:00,24.8,95,7.4,10.3,614.0,445.0,169.0
2025-07-18T16:00,24.5,39,8.2,11.7,467.0,333.0,134.0
2025-07-18T17:00,24.0,14,7.9,11.7,306.0,207.0,99.0
2025-07-18T18:00,22.8,13,3.9,9.8,160.0,99.0,61.0
2025-07-18T19:00,20.7,3,4.1,9.4,40.0,18.0,22.0
2025-07-18T20:00,19.2,0,6.4,11.2,0.0,0.0,0.0
2025-07-18T21:00,17.6,0,6.7,10.5,0.0,0.0,0.0
2025-07-18T22:00,16.4,0,7.1,10.7,0.0,0.0,0.0
2025-07-18T23:00,15.4,0,3.4,9.3,0.0,0.0,0.0
2025-07-19T00:00,14.8,0,1.0,5.8,0.0,0.0,0.0
2025-07-19T01:00,14.2,0,2.8,7.8,0.0,0.0,0.0
2025-07-19T02:00,13.9,0,4.0,8.6,0.0,0.0,0.0
2025-07-19T03:00,13.2,0,4.0,9.6,0.0,0.0,0.0
2025-07-19T04:00,13.1,0,3.9,10.6,3.0,1.0,2.0
2025-07-19T05:00,14.8,0,5.6,12.0,75.0,39.0,36.0
2025-07-19T06:00,17.4,0,3.4,11.7,217.0,148.0,69.0
2025-07-19T07:00,20.3,2,3.4,6.4,385.0,300.0,85.0
2025-07-19T08:00,22.9,4,6.1,8.8,546.0,448.0,98.0
2025-07-19T09:00,24.9,4,8.0,11.2,688.0,582.0,106.0
2025-07-19T10:00,26.1,32,8.8,12.1,795.0,686.0,109.0
2025-07-19T11:00,27.3,58,9.7,13.5,859.0,745.0,114.0
2025-07-19T12:00,28.5,39,8.4,11.3,874.0,753.0,121.0
2025-07-19T13:00,29.5,96,9.2,12.7,834.0,707.0,127.0
2025-07-19T14:00,29.6,81,10.2,13.7,745.0,611.0,134.0
2025-07-19T15:00,29.2,63,8.9,12.2,622.0,487.0,135.0
2025-07-19T16:00,28.4,100,0.8,1.6,469.0,370.0,99.0
2025-07-19T17:00,23.4,100,18.9,31.2,192.0,68.0,124.0
2025-07-19T18:00,22.1,100,12.7,21.3,62.0,0.0,62.0
2025-07-19T19:00,22.0,100,10.0,18.3,24.0,1.0,23.0
2025-07-19T20:00,21.2,100,10.3,19.6,0.0,0.0,0.0
2025-07-19T21:00,20.5,100,11.0,21.2,0.0,0.0,0.0
2025-07-19T22:00,20.0,95,10.7,21.3,0.0,0.0,0.0
2025-07-19T23:00,19.8,100,8.5,17.4,0.0,0.0,0.0
2025-07-20T00:00,19.1,76,6.7,13.9,0.0,0.0,0.0
2025-07-20T01:00,18.6,100,8.1,17.8,0.0,0.0,0.0
2025-07-20T02:00,18.3,80,2.3,10.6,0.0,0.0,0.0
2025-07-20T03:00,17.1,33,3.3,8.1,0.0,0.0,0.0
2025-07-20T04:00,17.1,0,6.1,13.7,3.0,0.0,3.0
2025-07-20T05:00,18.0,0,6.6,14.9,72.0,38.0,34.0
2025-07-20T06:00,19.9,94,4.7,10.7,214.0,149.0,65.0
2025-07-20T07:00,22.4,28,4.6,7.0,375.0,283.0,92.0
2025-07-20T08:00,25.0,62,6.6,9.4,538.0,439.0,99.0
2025-07-20T09:00,27.4,92,7.5,10.4,680.0,574.0,106.0
2025-07-20T10:00,29.1,94,7.9,10.9,772.0,626.0,146.0
2025-07-20T11:00,30.5,100,8.6,11.7,849.0,728.0,121.0
2025-07-20T12:00,31.3,100,9.8,13.5,840.0,656.0,184.0
2025-07-20T13:00,31.0,52,4.7,6.6,599.0,359.0,240.0
2025-07-20T14:00,31.6,99,8.3,11.5,710.0,581.0,129.0
2025-07-20T15:00,31.6,82,6.7,9.1,583.0,453.0,130.0
2025-07-20T16:00,31.2,95,5.2,7.1,430.0,305.0,125.0
2025-07-20T17:00,30.7,34,5.2,7.7,284.0,189.0,95.0
2025-07-20T18:00,29.2,22,7.9,12.5,145.0,80.0,65.0
2025-07-20T19:00,27.3,54,4.9,11.4,34.0,13.0,21.0
2025-07-20T20:00,25.7,100,16.0,28.1,0.0,0.0,0.0
2025-07-20T21:00,20.5,100,6.0,10.4,0.0,0.0,0.0
2025-07-20T22:00,20.1,63,9.3,16.6,0.0,0.0,0.0
2025-07-20T23:00,19.5,89,9.9,17.5,0.0,0.0,0.0
2025-07-21T00:00,18.8,99,10.1,18.7,0.0,0.0,0.0
2025-07-21T01:00,17.9,100,9.8,17.9,0.0,0.0,0.0
2025-07-21T02:00,17.6,98,8.1,15.3,0.0,0.0,0.0
2025-07-21T03:00,17.6,100,7.3,14.2,0.0,0.0,0.0
2025-07-21T04:00,17.7,100,5.1,11.6,0.0,0.0,0.0
2025-07-21T05:00,17.5,100,8.5,15.5,13.0,0.0,13.0
2025-07-21T06:00,17.7,100,7.3,13.0,71.0,14.0,57.0
2025-07-21T07:00,17.8,100,7.2,11.9,80.0,0.0,80.0
2025-07-21T08:00,17.6,100,6.7,11.2,98.0,1.0,97.0
2025-07-21T09:00,17.4,100,6.7,13.2,90.0,0.0,90.0
2025-07-21T10:00,17.6,100,11.2,17.8,155.0,10.0,145.0
2025-07-21T11:00,16.7,100,15.0,26.3,97.0,0.0,97.0
2025-07-21T12:00,16.8,100,11.2,19.7,143.0,0.0,143.0
2025-07-21T13:00,17.8,9,8.7,12.7,174.0,2.0,172.0
2025-07-21T14:00,19.9,7,6.5,9.5,494.0,353.0,141.0
2025-07-21T15:00,21.4,4,6.1,8.7,653.0,552.0,101.0
2025-07-21T16:00,21.5,5,4.5,6.4,480.0,375.0,105.0
2025-07-21T17:00,21.2,68,5.7,8.2,323.0,244.0,79.0
2025-07-21T18:00,20.5,18,6.0,11.1,133.0,59.0,74.0
2025-07-21T19:00,19.0,6,6.4,13.9,35.0,15.0,20.0
2025-07-21T20:00,18.1,81,10.2,21.3,0.0,0.0,0.0
2025-07-21T21:00,17.7,56,11.3,22.8,0.0,0.0,0.0
2025-07-21T22:00,17.2,14,11.6,23.7,0.0,0.0,0.0
2025-07-21T23:00,17.0,2,12.5,25.1,0.0,0.0,0.0
2025-07-22T00:00,16.9,14,13.3,25.7,0.0,0.0,0.0
2025-07-22T01:00,15.8,45,12.6,25.6,0.0,0.0,0.0
2025-07-22T02:00,16.1,37,17.2,32.2,0.0,0.0,0.0
2025-07-22T03:00,16.1,11,17.4,31.7,0.0,0.0,0.0
2025-07-22T04:00,15.9,6,16.9,31.2,2.0,0.0,2.0
2025-07-22T05:00,16.4,17,15.3,27.6,68.0,32.0,36.0
2025-07-22T06:00,17.5,15,12.8,21.4,205.0,136.0,69.0
2025-07-22T07:00,19.0,11,16.5,25.2,367.0,273.0,94.0
2025-07-22T08:00,20.0,26,17.9,27.2,526.0,417.0,109.0
2025-07-22T09:00,20.0,43,23.0,34.0,637.0,506.0,131.0
2025-07-22T10:00,21.4,32,20.7,30.9,661.0,501.0,160.0
2025-07-22T11:00,22.2,27,22.8,34.2,745.0,581.0,164.0
2025-07-22T12:00,21.5,24,22.2,33.2,746.0,568.0,178.0
2025-07-22T13:00,22.9,24,20.8,30.7,720.0,557.0,163.0
2025-07-22T14:00,21.9,21,16.1,23.3,670.0,528.0,142.0
2025-07-22T15:00,22.4,19,15.3,22.5,569.0,422.0,147.0
2025-07-22T16:00,22.2,25,15.3,22.6,453.0,342.0,111.0
2025-07-22T17:00,21.5,12,14.2,21.1,296.0,211.0,85.0
2025-07-22T18:00,20.6,20,10.0,15.9,145.0,86.0,59.0
2025-07-22T19:00,19.1,28,6.2,13.2,33.0,13.0,20.0
2025-07-22T20:00,18.2,0,5.1,11.9,0.0,0.0,0.0
2025-07-22T21:00,17.3,13,6.0,12.1,0.0,0.0,0.0
2025-07-22T22:00,16.5,20,7.5,14.4,0.0,0.0,0.0
2025-07-22T23:00,15.8,15,7.0,14.1,0.0,0.0,0.0
2025-07-23T00:00,15.2,17,8.2,16.2,0.0,0.0,0.0
2025-07-23T01:00,15.4,8,7.5,16.4,0.0,0.0,0.0
2025-07-23T02:00,14.8,13,8.3,17.7,0.0,0.0,0.0
2025-07-23T03:00,14.5,90,8.2,17.8,0.0,0.0,0.0
2025-07-23T04:00,14.4,99,6.4,13.8,2.0,0.0,2.0
2025-07-23T05:00,15.3,98,6.4,12.4,53.0,14.0,39.0
2025-07-23T06:00,17.0,49,4.3,8.3,171.0,73.0,98.0
2025-07-23T07:00,18.7,49,5.0,7.1,358.0,251.0,107.0
2025-07-23T08:00,20.1,30,5.0,6.9,508.0,371.0,137.0
2025-07-23T09:00,21.6,7,4.4,6.1,674.0,550.0,124.0
2025-07-23T10:00,23.2,100,5.1,7.2,690.0,513.0,177.0
2025-07-23T11:00,23.5,100,6.7,9.2,563.0,267.0,296.0
2025-07-23T12:00,23.9,100,6.3,8.5,549.0,215.0,334.0
2025-07-23T13:00,24.4,91,9.9,13.7,485.0,149.0,336.0
2025-07-23T14:00,24.9,74,8.9,12.4,568.0,308.0,260.0
2025-07-23T15:00,25.3,80,7.8,10.9,486.0,271.0,215.0
2025-07-23T16:00,25.1,99,7.1,9.8,383.0,223.0,160.0
2025-07-23T17:00,24.4,96,6.5,9.1,204.0,65.0,139.0
2025-07-23T18:00,23.9,100,0.5,1.2,100.0,27.0,73.0
2025-07-23T19:00,22.5,100,4.1,7.9,20.0,4.0,16.0
2025-07-23T20:00,21.6,65,4.1,8.2,0.0,0.0,0.0
2025-07-23T21:00,21.0,61,3.8,6.2,0.0,0.0,0.0
2025-07-23T22:00,20.4,79,2.9,7.4,0.0,0.0,0.0
2025-07-23T23:00,19.6,100,3.1,7.1,0.0,0.0,0.0
2025-07-24T00:00,18.6,100,3.5,7.2,0.0,0.0,0.0
2025-07-24T01:00,18.5,100,4.6,7.7,0.0,0.0,0.0
2025-07-24T02:00,17.4,100,2.6,4.0,0.0,0.0,0.0
2025-07-24T03:00,15.9,100,9.0,10.4,0.0,0.0,0.0
2025-07-24T04:00,15.3,100,6.6,12.3,0.0,0.0,0.0
2025-07-24T05:00,15.1,100,3.8,10.6,21.0,0.0,21.0
2025-07-24T06:00,15.4,100,5.4,9.4,58.0,3.0,55.0
2025-07-24T07:00,15.4,100,3.8,5.2,54.0,0.0,54.0
2025-07-24T08:00,15.4,100,5.2,7.9,57.0,0.0,57.0
2025-07-24T09:00,15.9,100,4.2,6.0,111.0,0.0,111.0
2025-07-24T10:00,16.1,100,4.3,6.5,144.0,0.0,144.0
2025-07-24T11:00,16.9,100,6.6,9.1,255.0,26.0,229.0
2025-07-24T12:00,18.5,100,8.2,11.4,507.0,162.0,345.0
2025-07-24T13:00,17.5,100,6.3,8.6,210.0,11.0,199.0
2025-07-24T14:00,18.1,100,3.5,4.7,333.0,56.0,277.0
2025-07-24T15:00,18.4,99,4.0,5.3,283.0,29.0,254.0
2025-07-24T16:00,18.6,85,4.4,6.1,274.0,69.0,205.0
2025-07-24T17:00,18.5,44,5.7,8.1,231.0,104.0,127.0
2025-07-24T18:00,18.3,39,2.9,5.8,127.0,64.0,63.0
2025-07-24T19:00,17.5,43,0.8,3.2,26.0,8.0,18.0
2025-07-24T20:00,16.5,56,2.9,6.6,0.0,0.0,0.0
2025-07-24T21:00,15.8,44,3.1,8.0,0.0,0.0,0.0
2025-07-24T22:00,15.1,15,2.8,8.1,0.0,0.0,0.0
2025-07-24T23:00,14.8,19,1.9,3.6,0.0,0.0,0.0
2025-07-25T00:00,14.4,100,0.9,3.4,0.0,0.0,0.0
2025-07-25T01:00,15.0,100,0.4,0.3,0.0,0.0,0.0
2025-07-25T02:00,14.7,100,2.2,4.9,0.0,0.0,0.0
2025-07-25T03:00,14.9,100,0.5,1.6,0.0,0.0,0.0
2025-07-25T04:00,14.6,100,1.6,1.9,1.0,0.0,1.0
2025-07-25T05:00,14.9,100,1.2,2.6,43.0,2.0,41.0
2025-07-25T06:00,16.0,97,2.9,3.9,149.0,48.0,101.0
2025-07-25T07:00,17.0,80,3.4,4.6,265.0,116.0,149.0
2025-07-25T08:00,18.1,99,3.7,4.8,399.0,212.0,187.0
2025-07-25T09:00,19.0,100,4.8,6.5,439.0,211.0,228.0
2025-07-25T10:00,19.8,100,4.9,6.4,459.0,142.0,317.0
2025-07-25T11:00,20.2,100,6.9,9.3,432.0,147.0,285.0
2025-07-25T12:00,20.6,100,7.0,9.7,372.0,36.0,336.0
2025-07-25T13:00,19.2,100,5.5,6.9,336.0,162.0,174.0
2025-07-25T14:00,18.1,100,7.6,10.6,437.0,112.0,325.0
2025-07-25T15:00,18.8,98,4.4,6.0,372.0,124.0,248.0
2025-07-25T16:00,18.5,98,9.4,13.2,338.0,142.0,196.0
2025-07-25T17:00,17.4,93,6.2,9.3,169.0,45.0,124.0
2025-07-25T18:00,17.1,77,4.9,7.3,94.0,30.0,64.0
2025-07-25T19:00,16.5,98,5.3,10.6,26.0,6.0,20.0
2025-07-25T20:00,16.1,99,7.6,15.0,0.0,0.0,0.0
2025-07-25T21:00,15.9,100,7.3,14.2,0.0,0.0,0.0
2025-07-25T22:00,15.4,100,9.4,18.8,0.0,0.0,0.0
2025-07-25T23:00,15.0,81,9.5,19.3,0.0,0.0,0.0
2025-07-26T00:00,14.4,84,7.7,16.4,0.0,0.0,0.0
2025-07-26T01:00,14.7,76,5.8,12.5,0.0,0.0,0.0
2025-07-26T02:00,14.4,100,5.8,10.7,0.0,0.0,0.0
2025-07-26T03:00,14.1,89,6.7,13.9,0.0,0.0,0.0
2025-07-26T04:00,13.9,100,4.7,10.0,1.0,0.0,1.0
2025-07-26T05:00,14.2,100,5.8,11.2,32.0,1.0,31.0
2025-07-26T06:00,14.9,100,5.3,8.5,69.0,0.0,69.0
2025-07-26T07:00,15.2,100,5.4,9.7,81.0,0.0,81.0
2025-07-26T08:00,15.4,100,6.4,9.6,113.0,0.0,113.0
2025-07-26T09:00,15.6,100,8.2,11.2,133.0,9.0,124.0
2025-07-26T10:00,16.4,100,9.1,13.4,174.0,6.0,168.0
2025-07-26T11:00,17.4,100,8.7,12.5,256.0,14.0,242.0
2025-07-26T12:00,18.6,100,7.2,10.1,402.0,68.0,334.0
2025-07-26T13:00,16.8,100,2.6,4.0,154.0,18.0,136.0
2025-07-26T14:00,17.0,100,4.6,6.8,140.0,12.0,128.0
2025-07-26T15:00,16.7,100,8.7,12.8,148.0,4.0,144.0
2025-07-26T16:00,16.2,100,6.6,10.7,184.0,42.0,142.0
2025-07-26T17:00,16.5,97,10.1,15.5,151.0,51.0,100.0
2025-07-26T18:00,16.0,99,6.1,10.7,58.0,6.0,52.0
2025-07-26T19:00,15.2,99,10.0,18.5,23.0,5.0,18.0
2025-07-26T20:00,14.8,100,10.3,19.7,0.0,0.0,0.0
2025-07-26T21:00,14.9,100,8.8,16.8,0.0,0.0,0.0
2025-07-26T22:00,14.4,100,9.5,18.9,0.0,0.0,0.0
2025-07-26T23:00,14.4,100,9.0,18.2,0.0,0.0,0.0
2025-07-27T00:00,14.4,100,10.4,20.6,0.0,0.0,0.0
2025-07-27T01:00,14.8,96,11.2,21.1,0.0,0.0,0.0
2025-07-27T02:00,14.5,100,10.6,20.0,0.0,0.0,0.0
2025-07-27T03:00,14.6,100,11.9,22.0,0.0,0.0,0.0
2025-07-27T04:00,14.4,100,11.8,21.4,0.0,0.0,0.0
2025-07-27T05:00,14.6,100,12.8,22.2,11.0,0.0,11.0
2025-07-27T06:00,14.9,99,12.5,25.9,47.0,1.0,46.0
2025-07-27T07:00,15.9,100,10.8,19.3,174.0,62.0,112.0
2025-07-27T08:00,17.0,73,10.9,16.6,286.0,110.0,176.0
2025-07-27T09:00,18.8,100,10.1,14.5,508.0,287.0,221.0
2025-07-27T10:00,19.7,100,9.8,14.2,541.0,349.0,192.0
2025-07-27T11:00,19.4,89,10.4,14.4,512.0,271.0,241.0
2025-07-27T12:00,17.5,99,13.7,20.7,442.0,207.0,235.0
2025-07-27T13:00,19.5,99,13.1,19.0,493.0,218.0,275.0
2025-07-27T14:00,16.7,89,9.3,15.9,197.0,0.0,197.0
2025-07-27T15:00,18.6,100,9.9,14.8,411.0,210.0,201.0
2025-07-27T16:00,19.3,87,12.2,18.4,389.0,207.0,182.0
2025-07-27T17:00,18.8,100,12.8,19.9,250.0,118.0,132.0
2025-07-27T18:00,17.9,100,10.5,18.8,87.0,4.0,83.0
2025-07-27T19:00,17.0,100,9.6,18.9,17.0,0.0,17.0
2025-07-27T20:00,16.4,100,9.9,19.3,0.0,0.0,0.0
2025-07-27T21:00,15.6,100,9.9,19.3,0.0,0.0,0.0
2025-07-27T22:00,14.8,86,9.7,19.3,0.0,0.0,0.0
2025-07-27T23:00,14.4,91,9.8,19.3,0.0,0.0,0.0
2025-07-28T00:00,13.8,100,10.3,19.5,0.0,0.0,0.0
2025-07-28T01:00,14.1,100,9.6,18.9,0.0,0.0,0.0
2025-07-28T02:00,14.1,100,10.7,19.8,0.0,0.0,0.0
2025-07-28T03:00,13.6,100,11.9,22.4,0.0,0.0,0.0
2025-07-28T04:00,13.6,100,10.2,19.6,0.0,0.0,0.0
2025-07-28T05:00,13.8,100,12.1,20.9,11.0,0.0,11.0
2025-07-28T06:00,13.8,100,13.0,21.6,49.0,0.0,49.0
2025-07-28T07:00,14.1,100,9.9,17.5,97.0,11.0,86.0
2025-07-28T08:00,14.8,100,12.5,19.0,188.0,30.0,158.0
2025-07-28T09:00,15.1,100,12.9,19.6,160.0,6.0,154.0
2025-07-28T10:00,15.8,100,13.2,19.1,373.0,149.0,224.0
2025-07-28T11:00,15.2,100,9.0,12.9,231.0,17.0,214.0
2025-07-28T12:00,16.7,100,13.7,20.0,327.0,152.0,175.0
2025-07-28T13:00,15.7,100,15.4,22.8,309.0,41.0,268.0
2025-07-28T14:00,14.6,100,16.7,28.2,55.0,0.0,55.0
2025-07-28T15:00,14.7,100,15.0,26.1,127.0,0.0,127.0
2025-07-28T16:00,14.8,100,14.6,25.3,112.0,7.0,105.0
2025-07-28T17:00,14.6,100,13.5,23.8,54.0,0.0,54.0
2025-07-28T18:00,14.7,100,12.6,22.6,56.0,0.0,56.0
2025-07-28T19:00,14.1,100,13.5,24.2,7.0,0.0,7.0
2025-07-28T20:00,13.3,100,15.1,27.1,0.0,0.0,0.0
2025-07-28T21:00,13.2,100,14.8,27.3,0.0,0.0,0.0
2025-07-28T22:00,13.1,100,13.8,25.6,0.0,0.0,0.0
2025-07-28T23:00,12.7,100,14.1,26.1,0.0,0.0,0.0
2025-07-29T00:00,12.4,100,13.5,25.6,0.0,0.0,0.0
2025-07-29T01:00,12.9,100,13.2,24.5,0.0,0.0,0.0
2025-07-29T02:00,12.4,100,13.7,24.8,0.0,0.0,0.0
2025-07-29T03:00,12.1,100,12.5,23.1,0.0,0.0,0.0
2025-07-29T04:00,11.9,98,11.8,22.5,0.0,0.0,0.0
2025-07-29T05:00,12.1,70,11.9,21.8,45.0,9.0,36.0
2025-07-29T06:00,12.9,97,10.3,16.8,151.0,63.0,88.0
2025-07-29T07:00,13.6,100,10.8,16.0,213.0,47.0,166.0
2025-07-29T08:00,14.6,98,11.9,17.4,333.0,147.0,186.0
2025-07-29T09:00,15.5,30,10.4,15.1,393.0,146.0,247.0
2025-07-29T10:00,17.0,100,11.6,16.5,633.0,311.0,322.0
2025-07-29T11:00,17.0,70,11.8,17.1,385.0,97.0,288.0
2025-07-29T12:00,16.1,49,12.1,17.5,351.0,79.0,272.0
2025-07-29T13:00,16.3,93,11.2,16.4,478.0,262.0,216.0
2025-07-29T14:00,16.7,37,8.3,12.1,397.0,156.0,241.0
2025-07-29T15:00,17.9,15,6.7,9.4,601.0,473.0,128.0
2025-07-29T16:00,17.6,69,9.2,13.4,422.0,319.0,103.0
2025-07-29T17:00,16.5,20,9.1,13.8,219.0,132.0,87.0
2025-07-29T18:00,15.9,1,7.9,14.7,116.0,50.0,66.0
2025-07-29T19:00,14.4,9,9.2,19.2,25.0,10.0,15.0
2025-07-29T20:00,13.6,24,10.9,22.3,0.0,0.0,0.0
2025-07-29T21:00,13.4,62,11.2,22.8,0.0,0.0,0.0
2025-07-29T22:00,13.1,76,10.5,22.0,0.0,0.0,0.0
2025-07-29T23:00,12.9,96,10.2,21.5,0.0,0.0,0.0
2025-07-30T00:00,12.7,100,9.4,20.1,0.0,0.0,0.0
2025-07-30T01:00,12.6,100,8.9,19.4,0.0,0.0,0.0
2025-07-30T02:00,12.2,100,8.7,18.7,0.0,0.0,0.0
2025-07-30T03:00,12.1,100,9.3,19.3,0.0,0.0,0.0
2025-07-30T04:00,12.2,100,9.4,19.8,0.0,0.0,0.0
2025-07-30T05:00,12.9,100,8.0,17.6,33.0,2.0,31.0
2025-07-30T06:00,14.2,100,4.8,14.9,138.0,34.0,104.0
2025-07-30T07:00,15.9,100,5.3,8.6,276.0,102.0,174.0
2025-07-30T08:00,17.7,100,6.7,10.3,428.0,216.0,212.0
2025-07-30T09:00,18.7,100,8.9,13.3,503.0,250.0,253.0
2025-07-30T10:00,18.6,100,11.0,16.1,472.0,181.0,291.0
2025-07-30T11:00,18.4,100,10.1,15.1,349.0,44.0,305.0
2025-07-30T12:00,18.6,100,11.0,16.4,289.0,7.0,282.0
2025-07-30T13:00,17.0,76,9.2,13.4,501.0,216.0,285.0
2025-07-30T14:00,17.5,34,13.2,19.0,457.0,216.0,241.0
2025-07-30T15:00,16.8,100,12.3,18.4,287.0,103.0,184.0
2025-07-30T16:00,16.2,97,11.4,17.1,188.0,38.0,150.0
2025-07-30T17:00,15.6,100,10.9,17.5,128.0,23.0,105.0
2025-07-30T18:00,15.4,98,9.1,16.5,72.0,21.0,51.0
2025-07-30T19:00,14.9,56,10.1,19.8,20.0,4.0,16.0
2025-07-30T20:00,14.1,33,10.1,20.4,0.0,0.0,0.0
2025-07-30T21:00,13.1,31,12.0,23.0,0.0,0.0,0.0
2025-07-30T22:00,12.9,95,11.7,23.5,0.0,0.0,0.0
2025-07-30T23:00,12.8,100,11.5,23.7,0.0,0.0,0.0
2025-07-31T00:00,12.7,64,11.4,23.2,0.0,0.0,0.0
2025-07-31T01:00,12.2,87,11.0,22.3,0.0,0.0,0.0
2025-07-31T02:00,12.0,9,11.3,22.5,0.0,0.0,0.0
2025-07-31T03:00,11.9,8,11.9,24.4,0.0,0.0,0.0
2025-07-31T04:00,11.9,4,11.3,23.0,0.0,0.0,0.0
2025-07-31T05:00,12.6,11,10.7,21.7,51.0,24.0,27.0
2025-07-31T06:00,14.3,16,7.7,23.1,177.0,112.0,65.0
2025-07-31T07:00,16.2,4,7.3,12.1,349.0,263.0,86.0
2025-07-31T08:00,17.6,26,10.4,15.7,523.0,426.0,97.0
2025-07-31T09:00,18.8,35,11.5,16.9,644.0,528.0,116.0
2025-07-31T10:00,19.8,86,13.5,19.9,713.0,554.0,159.0
2025-07-31T11:00,20.4,100,14.2,20.9,678.0,412.0,266.0
2025-07-31T12:00,19.0,40,14.1,21.7,554.0,325.0,229.0
2025-07-31T13:00,17.8,95,19.6,29.2,612.0,407.0,205.0
2025-07-31T14:00,17.6,27,12.4,19.2,334.0,119.0,215.0
2025-07-31T15:00,19.2,47,15.0,22.9,558.0,395.0,163.0
2025-07-31T16:00,19.2,34,11.8,18.1,382.0,254.0,128.0
2025-07-31T17:00,18.5,76,11.4,17.2,248.0,139.0,109.0
2025-07-31T18:00,16.2,54,5.0,10.0,117.0,62.0,55.0
2025-07-31T19:00,15.9,47,3.3,10.8,18.0,6.0,12.0
2025-07-31T20:00,15.9,30,7.3,15.5,0.0,0.0,0.0
2025-07-31T21:00,15.6,43,9.2,19.5,0.0,0.0,0.0
2025-07-31T22:00,15.1,43,9.9,20.7,0.0,0.0,0.0
2025-07-31T23:00,14.8,29,10.7,22.3,0.0,0.0,0.0
2025-08-01T00:00,14.6,76,11.0,22.8,0.0,0.0,0.0
2025-08-01T01:00,14.9,99,10.7,23.0,0.0,0.0,0.0
2025-08-01T02:00,14.8,100,10.7,23.2,0.0,0.0,0.0
2025-08-01T03:00,14.9,99,9.9,22.1,0.0,0.0,0.0
2025-08-01T04:00,14.8,100,10.3,22.9,0.0,0.0,0.0
2025-08-01T05:00,15.1,100,7.2,16.9,34.0,3.0,31.0
2025-08-01T06:00,15.4,100,6.9,12.2,88.0,1.0,87.0
2025-08-01T07:00,16.1,100,9.0,13.7,179.0,24.0,155.0
2025-08-01T08:00,16.5,100,12.7,19.7,225.0,18.0,207.0
2025-08-01T09:00,16.4,100,12.3,21.0,164.0,4.0,160.0
2025-08-01T10:00,18.2,93,13.5,20.3,451.0,118.0,333.0
2025-08-01T11:00,20.2,31,12.6,18.6,701.0,448.0,253.0
2025-08-01T12:00,21.5,25,14.1,20.9,783.0,617.0,166.0
2025-08-01T13:00,19.8,100,16.7,24.4,698.0,437.0,261.0
2025-08-01T14:00,17.9,100,13.3,21.1,375.0,118.0,257.0
2025-08-01T15:00,19.2,9,9.6,14.3,448.0,250.0,198.0
2025-08-01T16:00,19.7,38,8.8,13.3,441.0,342.0,99.0
2025-08-01T17:00,19.4,87,8.3,14.1,228.0,134.0,94.0
2025-08-01T18:00,18.0,96,7.9,15.1,107.0,49.0,58.0
2025-08-01T19:00,16.4,100,9.0,17.5,18.0,5.0,13.0
2025-08-01T20:00,15.6,100,8.7,17.3,0.0,0.0,0.0
2025-08-01T21:00,14.9,75,9.7,19.6,0.0,0.0,0.0
2025-08-01T22:00,14.1,25,9.6,20.2,0.0,0.0,0.0
2025-08-01T23:00,13.9,49,9.3,19.4,0.0,0.0,0.0
2025-08-02T00:00,13.6,100,8.3,18.0,0.0,0.0,0.0
2025-08-02T01:00,13.6,99,8.8,18.8,0.0,0.0,0.0
2025-08-02T02:00,13.7,94,6.7,15.4,0.0,0.0,0.0
2025-08-02T03:00,13.6,87,6.4,14.5,0.0,0.0,0.0
2025-08-02T04:00,12.7,100,2.2,8.1,0.0,0.0,0.0
2025-08-02T05:00,13.6,100,1.3,3.2,28.0,2.0,26.0
2025-08-02T06:00,14.1,100,3.2,3.3,89.0,11.0,78.0
2025-08-02T07:00,15.0,100,5.5,7.2,180.0,32.0,148.0
2025-08-02T08:00,15.3,100,5.2,7.1,203.0,27.0,176.0
2025-08-02T09:00,15.7,100,5.8,8.1,180.0,5.0,175.0
2025-08-02T10:00,15.1,100,8.2,11.6,180.0,2.0,178.0
2025-08-02T11:00,15.6,100,10.2,15.3,236.0,7.0,229.0
2025-08-02T12:00,15.5,100,8.9,13.0,198.0,14.0,184.0
2025-08-02T13:00,15.6,100,6.1,8.3,245.0,13.0,232.0
2025-08-02T14:00,15.8,100,7.3,10.6,219.0,3.0,216.0
2025-08-02T15:00,14.8,100,8.7,12.7,140.0,1.0,139.0
2025-08-02T16:00,14.4,100,7.8,13.7,104.0,0.0,104.0
2025-08-02T17:00,14.4,98,9.9,16.7,109.0,13.0,96.0
2025-08-02T18:00,13.5,98,12.0,21.6,66.0,12.0,54.0
2025-08-02T19:00,13.0,83,11.0,20.9,9.0,1.0,8.0
2025-08-02T20:00,12.5,39,11.9,23.1,0.0,0.0,0.0
2025-08-02T21:00,12.4,51,12.0,23.3,0.0,0.0,0.0
2025-08-02T22:00,12.6,58,12.3,23.5,0.0,0.0,0.0
2025-08-02T23:00,12.1,83,12.2,23.9,0.0,0.0,0.0
2025-08-03T00:00,12.1,76,11.4,22.1,0.0,0.0,0.0
2025-08-03T01:00,12.1,49,13.2,24.2,0.0,0.0,0.0
2025-08-03T02:00,11.8,79,12.1,24.0,0.0,0.0,0.0
2025-08-03T03:00,11.5,100,12.6,24.6,0.0,0.0,0.0
2025-08-03T04:00,11.3,88,11.4,22.7,0.0,0.0,0.0
2025-08-03T05:00,11.7,28,12.4,23.1,39.0,13.0,26.0
2025-08-03T06:00,13.0,71,13.0,21.5,147.0,66.0,81.0
2025-08-03T07:00,13.6,88,15.7,24.7,247.0,129.0,118.0
2025-08-03T08:00,13.9,100,14.9,23.6,197.0,24.0,173.0
2025-08-03T09:00,14.9,100,12.6,18.5,355.0,140.0,215.0
2025-08-03T10:00,16.0,100,9.7,13.9,408.0,107.0,301.0
2025-08-03T11:00,17.2,100,11.4,16.4,425.0,96.0,329.0
2025-08-03T12:00,15.2,97,10.1,15.6,334.0,88.0,246.0
2025-08-03T13:00,16.2,100,9.1,13.5,350.0,73.0,277.0
2025-08-03T14:00,17.6,84,11.0,16.1,411.0,126.0,285.0
2025-08-03T15:00,15.4,95,11.1,17.1,383.0,244.0,139.0
2025-08-03T16:00,16.5,95,10.0,15.3,249.0,121.0,128.0
2025-08-03T17:00,16.7,100,9.7,17.0,194.0,70.0,124.0
2025-08-03T18:00,15.4,100,11.1,20.4,103.0,21.0,82.0
2025-08-03T19:00,13.8,100,10.1,19.6,14.0,1.0,13.0
2025-08-03T20:00,13.3,100,8.6,16.7,0.0,0.0,0.0
2025-08-03T21:00,12.9,100,7.8,15.6,0.0,0.0,0.0
2025-08-03T22:00,12.9,100,7.6,15.7,0.0,0.0,0.0
2025-08-03T23:00,12.8,100,7.8,16.5,0.0,0.0,0.0
2025-08-04T00:00,12.2,29,8.2,18.1,0.0,0.0,0.0
2025-08-04T01:00,12.9,24,8.7,18.4,0.0,0.0,0.0
2025-08-04T02:00,12.9,23,8.4,18.0,0.0,0.0,0.0
2025-08-04T03:00,12.7,78,9.6,19.5,0.0,0.0,0.0
2025-08-04T04:00,12.6,100,8.7,19.1,0.0,0.0,0.0
2025-08-04T05:00,13.1,100,9.4,19.0,31.0,4.0,27.0
2025-08-04T06:00,14.3,100,7.0,19.1,112.0,18.0,94.0
2025-08-04T07:00,14.8,100,8.6,16.0,117.0,6.0,111.0
2025-08-04T08:00,14.8,100,8.6,15.6,79.0,0.0,79.0
2025-08-04T09:00,15.5,100,7.5,13.9,146.0,1.0,145.0
2025-08-04T10:00,15.9,100,8.9,15.4,133.0,2.0,131.0
2025-08-04T11:00,16.1,100,13.6,22.6,130.0,0.0,130.0
2025-08-04T12:00,16.2,100,14.3,24.8,144.0,1.0,143.0
2025-08-04T13:00,15.9,100,14.7,24.9,141.0,1.0,140.0
2025-08-04T14:00,16.6,100,11.7,19.5,176.0,5.0,171.0
2025-08-04T15:00,18.3,100,14.4,21.6,331.0,91.0,240.0
2025-08-04T16:00,18.9,74,12.2,19.1,341.0,151.0,190.0
2025-08-04T17:00,18.5,55,9.3,16.6,189.0,86.0,103.0
2025-08-04T18:00,17.7,92,7.8,16.0,103.0,51.0,52.0
2025-08-04T19:00,16.4,100,6.4,14.3,13.0,3.0,10.0
2025-08-04T20:00,15.9,96,6.7,14.6,0.0,0.0,0.0
2025-08-04T21:00,15.5,69,7.4,15.7,0.0,0.0,0.0
2025-08-04T22:00,14.9,9,8.3,18.2,0.0,0.0,0.0
2025-08-04T23:00,14.6,9,8.3,18.3,0.0,0.0,0.0
2025-08-05T00:00,14.3,90,8.0,17.0,0.0,0.0,0.0
2025-08-05T01:00,14.4,91,9.7,20.9,0.0,0.0,0.0
2025-08-05T02:00,14.4,6,8.5,18.9,0.0,0.0,0.0
2025-08-05T03:00,14.0,1,8.1,17.5,0.0,0.0,0.0
2025-08-05T04:00,13.8,1,7.6,15.3,0.0,0.0,0.0
2025-08-05T05:00,14.6,0,8.2,15.3,41.0,19.0,22.0
2025-08-05T06:00,16.9,0,6.4,14.7,172.0,115.0,57.0
2025-08-05T07:00,19.8,7,3.2,11.9,336.0,259.0,77.0
2025-08-05T08:00,22.2,1,3.4,5.7,499.0,407.0,92.0
2025-08-05T09:00,23.5,14,6.1,9.0,642.0,541.0,101.0
2025-08-05T10:00,24.3,98,7.4,10.8,730.0,591.0,139.0
2025-08-05T11:00,24.4,64,9.3,13.7,597.0,313.0,284.0
2025-08-05T12:00,24.7,73,11.0,16.5,594.0,291.0,303.0
2025-08-05T13:00,23.5,96,15.3,23.9,400.0,140.0,260.0
2025-08-05T14:00,23.5,12,13.2,20.7,386.0,128.0,258.0
2025-08-05T15:00,24.0,10,12.9,19.8,522.0,379.0,143.0
2025-08-05T16:00,23.9,66,13.5,22.0,400.0,300.0,100.0
2025-08-05T17:00,20.0,100,14.5,24.6,182.0,99.0,83.0
2025-08-05T18:00,18.0,93,9.9,18.5,36.0,3.0,33.0
2025-08-05T19:00,17.4,100,10.9,20.8,8.0,1.0,7.0
2025-08-05T20:00,16.9,62,9.4,18.3,0.0,0.0,0.0
2025-08-05T21:00,16.3,48,9.9,19.1,0.0,0.0,0.0
2025-08-05T22:00,15.6,20,9.6,19.5,0.0,0.0,0.0
2025-08-05T23:00,15.0,11,9.3,18.9,0.0,0.0,0.0
2025-08-06T00:00,14.3,28,8.3,17.9,0.0,0.0,0.0
2025-08-06T01:00,13.6,43,4.7,10.2,0.0,0.0,0.0
2025-08-06T02:00,13.1,43,4.5,10.9,0.0,0.0,0.0
2025-08-06T03:00,12.6,34,2.4,6.7,0.0,0.0,0.0
2025-08-06T04:00,12.0,99,1.3,5.1,0.0,0.0,0.0
2025-08-06T05:00,12.1,100,0.3,4.0,35.0,12.0,23.0
2025-08-06T06:00,13.9,98,0.2,2.6,151.0,71.0,80.0
2025-08-06T07:00,15.1,33,2.5,3.9,296.0,170.0,126.0
2025-08-06T08:00,16.5,99,4.7,6.4,477.0,365.0,112.0
2025-08-06T09:00,17.8,100,6.4,8.8,627.0,497.0,130.0
2025-08-06T10:00,18.9,100,5.8,7.6,720.0,512.0,208.0
2025-08-06T11:00,19.5,100,7.0,9.2,722.0,435.0,287.0
2025-08-06T12:00,19.8,100,8.9,12.1,780.0,534.0,246.0
2025-08-06T13:00,20.1,100,8.4,11.6,707.0,412.0,295.0
2025-08-06T14:00,20.5,100,9.4,13.2,669.0,437.0,232.0
2025-08-06T15:00,20.4,100,10.6,15.1,552.0,358.0,194.0
2025-08-06T16:00,19.9,100,10.6,15.8,409.0,245.0,164.0
2025-08-06T17:00,19.1,90,8.9,15.6,263.0,155.0,108.0
2025-08-06T18:00,17.7,27,7.8,17.3,118.0,62.0,56.0
2025-08-06T19:00,16.1,6,8.1,20.0,14.0,5.0,9.0
2025-08-06T20:00,15.3,0,8.3,21.1,0.0,0.0,0.0
2025-08-06T21:00,14.5,0,8.5,21.3,0.0,0.0,0.0
2025-08-06T22:00,13.7,0,8.5,20.9,0.0,0.0,0.0
2025-08-06T23:00,13.1,0,7.2,19.3,0.0,0.0,0.0
2025-08-07T00:00,12.8,100,6.7,18.6,0.0,0.0,0.0
2025-08-07T01:00,12.2,88,6.5,18.4,0.0,0.0,0.0
2025-08-07T02:00,11.9,49,6.2,18.3,0.0,0.0,0.0
2025-08-07T03:00,11.1,32,3.8,13.3,0.0,0.0,0.0
2025-08-07T04:00,10.8,1,2.1,9.1,0.0,0.0,0.0
2025-08-07T05:00,11.6,6,2.3,5.4,38.0,18.0,20.0
2025-08-07T06:00,12.9,53,1.2,3.1,169.0,112.0,57.0
2025-08-07T07:00,14.8,23,1.3,2.4,329.0,244.0,85.0
2025-08-07T08:00,17.2,6,1.8,3.1,495.0,400.0,95.0
2025-08-07T09:00,19.6,7,3.3,4.9,638.0,534.0,104.0
2025-08-07T10:00,21.6,4,5.4,7.6,745.0,631.0,114.0
2025-08-07T11:00,22.9,0,6.1,8.3,804.0,674.0,130.0
2025-08-07T12:00,23.6,3,7.7,10.8,834.0,728.0,106.0
2025-08-07T13:00,24.6,2,9.3,13.2,761.0,645.0,116.0
2025-08-07T14:00,24.9,0,9.1,13.2,691.0,578.0,113.0
2025-08-07T15:00,24.9,2,7.8,11.2,598.0,503.0,95.0
2025-08-07T16:00,24.5,0,6.6,9.5,444.0,357.0,87.0
2025-08-07T17:00,23.6,4,4.4,8.7,278.0,208.0,70.0
2025-08-07T18:00,21.6,0,3.8,9.5,117.0,72.0,45.0
2025-08-07T19:00,20.1,1,1.2,6.5,13.0,4.0,9.0
2025-08-07T20:00,18.9,0,3.0,6.0,0.0,0.0,0.0
2025-08-07T21:00,17.3,0,5.4,6.9,0.0,0.0,0.0
2025-08-07T22:00,16.5,0,7.9,13.4,0.0,0.0,0.0
2025-08-07T23:00,16.7,0,8.5,18.1,0.0,0.0,0.0
2025-08-08T00:00,16.4,0,8.6,18.6,0.0,0.0,0.0
2025-08-08T01:00,15.9,0,8.8,17.4,0.0,0.0,0.0
2025-08-08T02:00,15.6,0,8.5,17.2,0.0,0.0,0.0
2025-08-08T03:00,15.5,0,8.0,16.0,0.0,0.0,0.0
2025-08-08T04:00,15.1,4,7.4,13.9,0.0,0.0,0.0
2025-08-08T05:00,15.3,0,7.2,11.8,35.0,16.0,19.0
2025-08-08T06:00,17.5,0,5.0,10.8,163.0,104.0,59.0
2025-08-08T07:00,20.4,0,2.5,9.2,330.0,253.0,77.0
2025-08-08T08:00,22.8,0,2.4,4.2,494.0,405.0,89.0
2025-08-08T09:00,24.6,0,2.6,4.0,635.0,535.0,100.0
2025-08-08T10:00,25.8,1,2.9,4.4,743.0,637.0,106.0
2025-08-08T11:00,26.8,0,3.6,5.3,810.0,702.0,108.0
2025-08-08T12:00,27.6,0,5.2,7.4,829.0,722.0,107.0
2025-08-08T13:00,28.6,0,5.7,8.1,795.0,691.0,104.0
2025-08-08T14:00,28.9,0,6.8,9.8,714.0,614.0,100.0
2025-08-08T15:00,28.5,0,7.9,11.4,591.0,498.0,93.0
2025-08-08T16:00,28.0,0,5.9,9.2,438.0,355.0,83.0
2025-08-08T17:00,27.4,0,3.0,6.1,270.0,202.0,68.0
2025-08-08T18:00,25.2,0,0.3,1.9,113.0,69.0,44.0
2025-08-08T19:00,23.1,0,0.5,4.2,11.0,4.0,7.0
2025-08-08T20:00,22.0,0,0.6,6.4,0.0,0.0,0.0
2025-08-08T21:00,21.0,0,3.4,7.8,0.0,0.0,0.0
2025-08-08T22:00,19.5,0,5.2,8.4,0.0,0.0,0.0
2025-08-08T23:00,18.5,0,8.3,10.4,0.0,0.0,0.0
2025-08-09T00:00,18.0,0,7.7,11.6,0.0,0.0,0.0
2025-08-09T01:00,17.5,0,8.1,14.0,0.0,0.0,0.0
2025-08-09T02:00,17.0,0,7.5,12.7,0.0,0.0,0.0
2025-08-09T03:00,16.6,0,6.2,12.4,0.0,0.0,0.0
2025-08-09T04:00,16.3,0,5.4,11.0,0.0,0.0,0.0
2025-08-09T05:00,16.8,0,6.6,9.6,35.0,17.0,18.0
2025-08-09T06:00,18.8,0,5.5,10.6,165.0,110.0,55.0
2025-08-09T07:00,21.5,0,3.9,11.7,331.0,257.0,74.0
2025-08-09T08:00,24.2,0,3.0,5.5,493.0,407.0,86.0
2025-08-09T09:00,26.4,0,1.9,3.1,635.0,539.0,96.0
2025-08-09T10:00,28.0,0,1.7,2.4,742.0,640.0,102.0
2025-08-09T11:00,29.1,0,2.3,3.1,806.0,700.0,106.0
2025-08-09T12:00,29.9,0,2.7,3.8,822.0,716.0,106.0
2025-08-09T13:00,30.8,0,5.2,7.5,791.0,688.0,103.0
2025-08-09T14:00,30.9,0,7.0,10.1,709.0,610.0,99.0
2025-08-09T15:00,30.8,0,7.3,10.8,586.0,494.0,92.0
2025-08-09T16:00,30.1,0,6.6,11.0,432.0,351.0,81.0
2025-08-09T17:00,29.0,0,3.6,9.3,266.0,198.0,68.0
2025-08-09T18:00,27.5,0,3.5,9.6,109.0,66.0,43.0
2025-08-09T19:00,25.9,0,3.6,10.1,10.0,3.0,7.0
2025-08-09T20:00,24.8,0,3.4,7.8,0.0,0.0,0.0
2025-08-09T21:00,22.5,0,7.2,8.9,0.0,0.0,0.0
2025-08-09T22:00,21.4,0,10.2,15.9,0.0,0.0,0.0
2025-08-09T23:00,21.1,0,10.3,21.7,0.0,0.0,0.0
2025-08-10T00:00,21.1,0,10.7,23.7,0.0,0.0,0.0
2025-08-10T01:00,20.1,0,8.4,17.4,0.0,0.0,0.0
2025-08-10T02:00,19.2,0,8.8,16.8,0.0,0.0,0.0
2025-08-10T03:00,18.8,7,7.7,16.1,0.0,0.0,0.0
2025-08-10T04:00,18.4,3,8.5,16.9,0.0,0.0,0.0
2025-08-10T05:00,18.7,10,8.9,18.3,31.0,14.0,17.0
2025-08-10T06:00,20.2,3,8.4,19.1,152.0,94.0,58.0
2025-08-10T07:00,21.5,0,8.5,14.1,319.0,240.0,79.0
2025-08-10T08:00,22.7,0,6.8,9.9,485.0,395.0,90.0
2025-08-10T09:00,24.0,0,7.5,10.7,627.0,528.0,99.0
2025-08-10T10:00,25.0,0,6.6,9.3,734.0,628.0,106.0
2025-08-10T11:00,26.1,0,7.7,10.5,799.0,690.0,109.0
2025-08-10T12:00,26.7,0,9.1,12.9,815.0,706.0,109.0
2025-08-10T13:00,27.1,0,10.4,14.6,779.0,672.0,107.0
2025-08-10T14:00,27.2,0,9.5,13.5,699.0,596.0,103.0
2025-08-10T15:00,27.1,0,8.9,12.6,578.0,483.0,95.0
2025-08-10T16:00,26.6,3,8.3,11.9,427.0,343.0,84.0
2025-08-10T17:00,25.6,8,7.3,12.8,261.0,193.0,68.0
2025-08-10T18:00,23.6,0,7.9,17.2,105.0,62.0,43.0
2025-08-10T19:00,21.9,0,7.6,18.8,9.0,3.0,6.0
2025-08-10T20:00,20.6,0,7.2,18.8,0.0,0.0,0.0
2025-08-10T21:00,19.6,1,7.6,18.9,0.0,0.0,0.0
2025-08-10T22:00,18.5,0,8.5,19.7,0.0,0.0,0.0
2025-08-10T23:00,17.5,0,7.3,17.3,0.0,0.0,0.0
2025-08-11T00:00,16.5,0,6.5,16.3,0.0,0.0,0.0
2025-08-11T01:00,16.1,0,6.3,17.0,0.0,0.0,0.0
2025-08-11T02:00,15.7,0,7.0,17.4,0.0,0.0,0.0
2025-08-11T03:00,15.4,0,8.4,19.6,0.0,0.0,0.0
2025-08-11T04:00,15.1,0,9.0,20.2,0.0,0.0,0.0
2025-08-11T05:00,15.3,0,9.2,19.1,31.0,14.0,17.0
2025-08-11T06:00,16.6,0,8.2,18.1,159.0,105.0,54.0
2025-08-11T07:00,18.2,0,9.5,14.7,325.0,250.0,75.0
2025-08-11T08:00,19.9,0,9.8,14.4,491.0,402.0,89.0
2025-08-11T09:00,21.5,0,10.5,14.8,635.0,538.0,97.0
2025-08-11T10:00,22.9,0,11.1,15.8,744.0,641.0,103.0
2025-08-11T11:00,24.1,0,12.5,17.6,809.0,702.0,107.0
2025-08-11T12:00,25.2,0,13.1,18.8,824.0,717.0,107.0
2025-08-11T13:00,25.8,0,13.1,18.5,790.0,685.0,105.0
2025-08-11T14:00,26.0,0,13.1,18.5,708.0,607.0,101.0
2025-08-11T15:00,25.8,0,12.7,18.3,584.0,490.0,94.0
2025-08-11T16:00,25.3,0,12.2,17.8,430.0,347.0,83.0
2025-08-11T17:00,24.5,0,10.9,16.9,262.0,195.0,67.0
2025-08-11T18:00,23.1,0,7.9,16.1,104.0,63.0,41.0
2025-08-11T19:00,21.6,0,7.5,17.5,8.0,3.0,5.0
2025-08-11T20:00,20.5,0,6.8,16.9,0.0,0.0,0.0
2025-08-11T21:00,19.7,0,8.1,19.0,0.0,0.0,0.0
2025-08-11T22:00,19.1,0,8.2,19.9,0.0,0.0,0.0
2025-08-11T23:00,18.5,0,8.8,20.9,0.0,0.0,0.0
2025-08-12T00:00,17.6,0,8.6,19.9,0.0,0.0,0.0
2025-08-12T01:00,16.6,0,9.1,21.8,0.0,0.0,0.0
2025-08-12T02:00,15.9,0,8.6,20.9,0.0,0.0,0.0
2025-08-12T03:00,15.4,0,7.7,19.5,0.0,0.0,0.0
2025-08-12T04:00,14.8,0,6.7,18.1,0.0,0.0,0.0
2025-08-12T05:00,14.9,0,6.5,16.3,30.0,14.0,16.0
2025-08-12T06:00,16.4,0,4.7,13.6,160.0,108.0,52.0
2025-08-12T07:00,18.1,0,5.1,7.6,327.0,256.0,71.0
2025-08-12T08:00,20.3,0,5.1,7.0,493.0,410.0,83.0
2025-08-12T09:00,22.4,0,5.1,6.7,634.0,544.0,90.0
2025-08-12T10:00,24.2,0,5.6,7.3,740.0,641.0,99.0
2025-08-12T11:00,25.7,0,5.6,7.3,804.0,700.0,104.0
2025-08-12T12:00,27.2,0,5.7,7.3,822.0,718.0,104.0
2025-08-12T13:00,28.9,0,5.9,7.6,786.0,684.0,102.0
2025-08-12T14:00,29.6,0,6.1,7.6,700.0,601.0,99.0
2025-08-12T15:00,29.9,2,6.3,7.9,577.0,483.0,94.0
2025-08-12T16:00,29.3,0,8.6,11.1,422.0,340.0,82.0
2025-08-12T17:00,28.1,0,9.6,14.5,254.0,189.0,65.0
2025-08-12T18:00,26.6,0,7.5,13.5,98.0,58.0,40.0
2025-08-12T19:00,24.9,0,4.0,11.3,7.0,2.0,5.0
2025-08-12T20:00,23.9,0,4.6,12.5,0.0,0.0,0.0
2025-08-12T21:00,23.0,0,6.4,13.4,0.0,0.0,0.0
2025-08-12T22:00,22.0,0,7.0,13.0,0.0,0.0,0.0
2025-08-12T23:00,21.2,0,7.9,15.2,0.0,0.0,0.0
2025-08-13T00:00,21.0,0,7.8,15.6,0.0,0.0,0.0
2025-08-13T01:00,19.6,0,8.7,16.5,0.0,0.0,0.0
2025-08-13T02:00,19.4,0,8.6,15.8,0.0,0.0,0.0
2025-08-13T03:00,19.1,1,8.5,14.9,0.0,0.0,0.0
2025-08-13T04:00,18.5,1,8.2,15.4,0.0,0.0,0.0
2025-08-13T05:00,18.8,1,9.4,17.4,27.0,12.0,15.0
2025-08-13T06:00,21.2,1,8.4,18.7,155.0,105.0,50.0
2025-08-13T07:00,24.5,0,6.4,19.8,321.0,252.0,69.0
2025-08-13T08:00,27.5,0,7.6,12.0,485.0,403.0,82.0
2025-08-13T09:00,29.4,0,8.3,11.9,627.0,536.0,91.0
2025-08-13T10:00,30.9,0,8.3,11.8,736.0,638.0,98.0
2025-08-13T11:00,32.0,0,9.2,12.9,805.0,703.0,102.0
2025-08-13T12:00,32.7,0,10.7,15.0,821.0,718.0,103.0
2025-08-13T13:00,33.3,0,10.5,14.8,792.0,692.0,100.0
2025-08-13T14:00,33.2,0,10.6,14.7,709.0,614.0,95.0
2025-08-13T15:00,33.1,0,9.1,13.0,586.0,497.0,89.0
2025-08-13T16:00,32.5,0,8.8,12.4,430.0,351.0,79.0
2025-08-13T17:00,31.6,0,6.7,10.3,258.0,193.0,65.0
2025-08-13T18:00,29.6,1,2.7,7.5,98.0,59.0,39.0
2025-08-13T19:00,27.4,2,1.7,2.7,6.0,2.0,4.0
2025-08-13T20:00,25.8,1,3.6,5.4,0.0,0.0,0.0
2025-08-13T21:00,24.2,0,3.8,6.6,0.0,0.0,0.0
2025-08-13T22:00,23.8,0,0.8,5.1,0.0,0.0,0.0
2025-08-13T23:00,22.8,0,3.8,2.9,0.0,0.0,0.0
2025-08-14T00:00,21.0,0,6.0,4.0,0.0,0.0,0.0
2025-08-14T01:00,19.1,0,1.3,4.4,0.0,0.0,0.0
2025-08-14T02:00,17.4,0,4.6,2.0,0.0,0.0,0.0
2025-08-14T03:00,16.5,0,6.2,5.4,0.0,0.0,0.0
2025-08-14T04:00,16.1,0,4.9,5.2,0.0,0.0,0.0
2025-08-14T05:00,16.8,2,5.8,5.5,25.0,11.0,14.0
2025-08-14T06:00,19.7,0,5.7,9.1,145.0,89.0,56.0
2025-08-14T07:00,23.0,0,6.6,15.9,315.0,243.0,72.0
2025-08-14T08:00,25.8,0,6.7,10.5,478.0,393.0,85.0
2025-08-14T09:00,27.9,10,4.1,5.7,621.0,526.0,95.0
2025-08-14T10:00,29.4,77,3.1,4.2,730.0,630.0,100.0
2025-08-14T11:00,30.6,72,3.8,4.5,789.0,672.0,117.0
2025-08-14T12:00,31.4,89,5.9,7.4,799.0,670.0,129.0
2025-08-14T13:00,31.5,89,9.1,11.8,733.0,572.0,161.0
2025-08-14T14:00,31.1,97,9.1,12.3,618.0,425.0,193.0
2025-08-14T15:00,30.9,77,9.3,12.7,465.0,260.0,205.0
2025-08-14T16:00,30.5,100,9.0,12.5,382.0,264.0,118.0
2025-08-14T17:00,29.6,59,6.4,9.8,210.0,107.0,103.0
2025-08-14T18:00,28.2,34,2.9,7.1,82.0,39.0,43.0
2025-08-14T19:00,26.6,6,2.6,7.4,5.0,1.0,4.0
2025-08-14T20:00,25.4,11,2.5,6.5,0.0,0.0,0.0
2025-08-14T21:00,24.5,8,1.8,2.7,0.0,0.0,0.0
2025-08-14T22:00,24.0,0,0.8,2.4,0.0,0.0,0.0
2025-08-14T23:00,22.9,6,1.5,1.0,0.0,0.0,0.0
2025-08-15T00:00,21.3,2,5.1,4.4,0.0,0.0,0.0
2025-08-15T01:00,21.5,2,0.5,4.9,0.0,0.0,0.0
2025-08-15T02:00,20.2,3,3.6,2.0,0.0,0.0,0.0
2025-08-15T03:00,18.2,13,3.1,2.2,0.0,0.0,0.0
2025-08-15T04:00,17.4,24,5.5,2.4,0.0,0.0,0.0
2025-08-15T05:00,18.0,36,6.9,6.3,23.0,9.0,14.0
2025-08-15T06:00,20.2,11,4.5,7.9,137.0,78.0,59.0
2025-08-15T07:00,23.6,2,2.1,6.5,308.0,234.0,74.0
2025-08-15T08:00,26.3,0,1.9,2.8,473.0,386.0,87.0
2025-08-15T09:00,28.2,0,2.9,3.6,617.0,522.0,95.0
2025-08-15T10:00,30.0,9,4.6,5.8,726.0,627.0,99.0
2025-08-15T11:00,31.1,31,7.5,9.7,734.0,607.0,127.0
2025-08-15T12:00,30.9,63,11.5,15.5,718.0,583.0,135.0
2025-08-15T13:00,31.5,50,7.3,10.1,646.0,482.0,164.0
2025-08-15T14:00,31.1,51,9.0,12.0,528.0,385.0,143.0
2025-08-15T15:00,30.2,69,9.5,13.0,435.0,288.0,147.0
2025-08-15T16:00,30.0,57,8.1,11.5,322.0,212.0,110.0
2025-08-15T17:00,29.0,52,8.3,12.9,184.0,107.0,77.0
2025-08-15T18:00,27.2,35,7.6,14.9,71.0,35.0,36.0
2025-08-15T19:00,25.9,74,3.6,7.2,3.0,1.0,2.0
2025-08-15T20:00,25.4,38,5.3,8.0,0.0,0.0,0.0
2025-08-15T21:00,21.2,94,17.9,31.2,0.0,0.0,0.0
2025-08-15T22:00,20.4,92,9.1,16.3,0.0,0.0,0.0
2025-08-15T23:00,19.5,99,17.5,32.6,0.0,0.0,0.0
2025-08-16T00:00,19.2,99,11.4,21.9,0.0,0.0,0.0
2025-08-16T01:00,21.1,100,2.9,3.3,0.0,0.0,0.0
2025-08-16T02:00,20.8,100,10.1,19.0,0.0,0.0,0.0
2025-08-16T03:00,20.6,100,8.4,17.0,0.0,0.0,0.0
2025-08-16T04:00,19.5,100,8.4,16.2,0.0,0.0,0.0
2025-08-16T05:00,19.2,100,8.2,15.1,15.0,0.0,15.0
2025-08-16T06:00,20.0,100,1.7,7.0,101.0,32.0,69.0
2025-08-16T07:00,21.5,100,2.4,3.7,228.0,91.0,137.0
2025-08-16T08:00,23.4,100,1.9,2.6,358.0,165.0,193.0
2025-08-16T09:00,24.9,100,2.2,2.9,538.0,351.0,187.0
2025-08-16T10:00,26.0,100,3.9,5.5,594.0,310.0,284.0
2025-08-16T11:00,26.2,100,6.3,8.6,649.0,354.0,295.0
2025-08-16T12:00,26.6,98,7.9,10.7,576.0,281.0,295.0
2025-08-16T13:00,22.9,100,2.7,3.4,545.0,266.0,279.0
2025-08-16T14:00,23.8,100,3.2,4.1,490.0,197.0,293.0
2025-08-16T15:00,24.1,100,6.8,9.6,386.0,141.0,245.0
2025-08-16T16:00,23.5,99,4.8,6.6,197.0,34.0,163.0
2025-08-16T17:00,23.2,100,3.8,5.3,139.0,30.0,109.0
2025-08-16T18:00,22.5,100,4.0,8.5,51.0,4.0,47.0
2025-08-16T19:00,21.3,44,4.7,9.6,3.0,0.0,3.0
2025-08-16T20:00,19.1,95,7.4,12.1,0.0,0.0,0.0
2025-08-16T21:00,18.0,98,7.3,14.4,0.0,0.0,0.0
2025-08-16T22:00,17.8,100,4.7,9.4,0.0,0.0,0.0
2025-08-16T23:00,17.4,100,5.6,8.5,0.0,0.0,0.0
2025-08-17T00:00,17.6,100,6.7,11.5,0.0,0.0,0.0
2025-08-17T01:00,17.0,97,6.8,13.0,0.0,0.0,0.0
2025-08-17T02:00,17.0,85,2.6,5.4,0.0,0.0,0.0
2025-08-17T03:00,16.9,100,4.6,9.9,0.0,0.0,0.0
2025-08-17T04:00,17.2,100,6.1,9.6,0.0,0.0,0.0
2025-08-17T05:00,16.8,100,6.0,10.7,5.0,0.0,5.0
2025-08-17T06:00,17.0,55,1.4,2.0,44.0,8.0,36.0
2025-08-17T07:00,17.6,66,6.9,9.4,199.0,94.0,105.0
2025-08-17T08:00,18.4,100,6.7,9.1,271.0,86.0,185.0
2025-08-17T09:00,19.2,100,6.0,8.3,309.0,70.0,239.0
2025-08-17T10:00,20.5,87,5.6,7.6,463.0,197.0,266.0
2025-08-17T11:00,21.8,28,6.1,7.9,634.0,411.0,223.0
2025-08-17T12:00,22.5,13,8.6,11.5,705.0,526.0,179.0
2025-08-17T13:00,20.2,55,9.0,13.3,410.0,170.0,240.0
2025-08-17T14:00,21.4,36,8.7,12.2,510.0,309.0,201.0
2025-08-17T15:00,21.5,34,8.2,11.7,469.0,344.0,125.0
2025-08-17T16:00,21.5,24,7.4,10.4,342.0,232.0,110.0
2025-08-17T17:00,21.1,46,7.3,12.0,198.0,125.0,73.0
2025-08-17T18:00,20.1,42,3.7,10.4,65.0,27.0,38.0
2025-08-17T19:00,19.2,18,2.9,8.0,2.0,0.0,2.0
2025-08-17T20:00,18.4,22,3.0,7.8,0.0,0.0,0.0
2025-08-17T21:00,17.3,31,3.7,9.9,0.0,0.0,0.0
2025-08-17T22:00,16.4,29,1.9,7.4,0.0,0.0,0.0
2025-08-17T23:00,15.8,42,1.4,5.7,0.0,0.0,0.0
2025-08-18T00:00,15.5,67,6.2,12.3,0.0,0.0,0.0
2025-08-18T01:00,14.4,1,4.7,12.1,0.0,0.0,0.0
2025-08-18T02:00,13.6,1,3.9,10.6,0.0,0.0,0.0
2025-08-18T03:00,13.1,0,4.0,9.7,0.0,0.0,0.0
2025-08-18T04:00,12.4,0,3.6,9.7,0.0,0.0,0.0
2025-08-18T05:00,12.6,0,3.7,9.2,20.0,8.0,12.0
2025-08-18T06:00,13.9,0,2.9,7.2,142.0,92.0,50.0
2025-08-18T07:00,15.4,2,3.8,5.3,310.0,239.0,71.0
2025-08-18T08:00,17.3,20,4.8,6.5,477.0,391.0,86.0
2025-08-18T09:00,19.1,7,6.7,9.1,621.0,524.0,97.0
2025-08-18T10:00,20.9,20,8.5,11.8,733.0,632.0,101.0
2025-08-18T11:00,22.3,47,9.4,13.0,791.0,679.0,112.0
2025-08-18T12:00,23.0,2,9.8,13.4,771.0,637.0,134.0
2025-08-18T13:00,23.5,6,11.1,15.2,770.0,659.0,111.0
2025-08-18T14:00,23.4,2,12.4,17.1,690.0,588.0,102.0
2025-08-18T15:00,23.1,0,12.0,17.2,567.0,480.0,87.0
2025-08-18T16:00,22.5,0,11.4,16.5,408.0,328.0,80.0
2025-08-18T17:00,21.7,0,8.0,13.9,237.0,173.0,64.0
2025-08-18T18:00,20.1,0,5.2,13.3,81.0,46.0,35.0
2025-08-18T19:00,18.6,0,6.3,15.4,3.0,0.0,3.0
2025-08-18T20:00,17.6,0,5.2,14.3,0.0,0.0,0.0
2025-08-18T21:00,16.9,0,5.3,15.9,0.0,0.0,0.0
2025-08-18T22:00,15.9,0,4.4,13.6,0.0,0.0,0.0
2025-08-18T23:00,15.1,0,3.6,11.8,0.0,0.0,0.0
2025-08-19T00:00,14.6,0,3.2,11.2,0.0,0.0,0.0
2025-08-19T01:00,13.9,0,3.4,13.2,0.0,0.0,0.0
2025-08-19T02:00,13.3,0,2.7,10.8,0.0,0.0,0.0
2025-08-19T03:00,12.6,0,3.2,10.1,0.0,0.0,0.0
2025-08-19T04:00,11.9,0,3.6,10.5,0.0,0.0,0.0
2025-08-19T05:00,12.1,0,2.9,9.2,19.0,8.0,11.0
2025-08-19T06:00,13.8,0,1.5,5.9,140.0,92.0,48.0
2025-08-19T07:00,15.9,0,2.1,3.1,308.0,238.0,70.0
2025-08-19T08:00,18.2,0,3.6,4.6,476.0,392.0,84.0
2025-08-19T09:00,20.4,0,4.3,5.3,622.0,530.0,92.0
2025-08-19T10:00,22.2,0,4.9,6.0,731.0,634.0,97.0
2025-08-19T11:00,23.5,0,5.3,6.6,796.0,696.0,100.0
2025-08-19T12:00,24.4,0,5.7,7.2,810.0,709.0,101.0
2025-08-19T13:00,25.2,0,7.1,9.2,768.0,668.0,100.0
2025-08-19T14:00,25.5,0,6.5,8.4,684.0,588.0,96.0
2025-08-19T15:00,25.4,1,6.6,8.5,557.0,467.0,90.0
2025-08-19T16:00,25.0,0,6.9,8.8,401.0,323.0,78.0
2025-08-19T17:00,24.1,0,6.6,9.3,231.0,168.0,63.0
2025-08-19T18:00,22.5,0,5.1,11.4,76.0,43.0,33.0
2025-08-19T19:00,20.9,0,4.4,10.2,2.0,0.0,2.0
2025-08-19T20:00,19.9,0,1.6,6.9,0.0,0.0,0.0
2025-08-19T21:00,19.1,0,2.3,5.4,0.0,0.0,0.0
2025-08-19T22:00,18.6,0,0.8,5.2,0.0,0.0,0.0
2025-08-19T23:00,17.9,0,0.4,2.4,0.0,0.0,0.0
2025-08-20T00:00,17.2,0,3.7,2.8,0.0,0.0,0.0
2025-08-20T01:00,15.1,6,4.7,8.0,0.0,0.0,0.0
2025-08-20T02:00,14.2,0,4.7,6.6,0.0,0.0,0.0
2025-08-20T03:00,14.0,8,7.2,9.4,0.0,0.0,0.0
2025-08-20T04:00,14.0,100,5.4,7.3,0.0,0.0,0.0
2025-08-20T05:00,14.6,100,5.4,7.7,17.0,5.0,12.0
2025-08-20T06:00,16.6,100,3.0,7.1,121.0,57.0,64.0
2025-08-20T07:00,19.3,96,1.5,4.5,253.0,127.0,126.0
2025-08-20T08:00,21.8,38,2.8,4.0,422.0,286.0,136.0
2025-08-20T09:00,23.3,37,2.6,3.0,541.0,383.0,158.0
2025-08-20T10:00,24.5,44,3.5,4.3,606.0,458.0,148.0
2025-08-20T11:00,25.9,100,4.3,5.2,718.0,528.0,190.0
2025-08-20T12:00,22.8,99,5.2,6.9,461.0,242.0,219.0
2025-08-20T13:00,20.4,100,7.1,10.6,275.0,30.0,245.0
2025-08-20T14:00,22.0,100,7.8,11.0,398.0,101.0,297.0
2025-08-20T15:00,21.8,100,6.0,8.3,272.0,27.0,245.0
2025-08-20T16:00,20.9,100,5.8,8.5,120.0,5.0,115.0
2025-08-20T17:00,20.1,100,8.9,14.0,38.0,0.0,38.0
2025-08-20T18:00,19.4,100,11.3,19.7,9.0,0.0,9.0
2025-08-20T19:00,18.5,100,9.1,16.7,0.0,0.0,0.0
2025-08-20T20:00,18.1,100,7.8,14.6,0.0,0.0,0.0
2025-08-20T21:00,17.5,100,11.4,19.7,0.0,0.0,0.0
2025-08-20T22:00,17.0,100,6.9,12.6,0.0,0.0,0.0
2025-08-20T23:00,16.7,100,7.5,11.4,0.0,0.0,0.0
2025-08-21T00:00,16.2,100,3.6,6.0,0.0,0.0,0.0
2025-08-21T01:00,17.1,99,5.7,8.3,0.0,0.0,0.0
2025-08-21T02:00,16.6,97,2.4,7.5,0.0,0.0,0.0
2025-08-21T03:00,16.4,93,7.9,11.1,0.0,0.0,0.0
2025-08-21T04:00,16.2,100,6.6,9.9,0.0,0.0,0.0
2025-08-21T05:00,15.9,100,7.1,12.7,5.0,0.0,5.0
2025-08-21T06:00,16.1,100,6.2,14.9,30.0,1.0,29.0
2025-08-21T07:00,16.4,100,8.7,17.2,89.0,21.0,68.0
2025-08-21T08:00,17.0,100,5.8,9.8,123.0,12.0,111.0
2025-08-21T09:00,17.6,100,6.6,9.2,214.0,56.0,158.0
2025-08-21T10:00,17.4,100,7.3,11.1,260.0,81.0,179.0
2025-08-21T11:00,18.0,100,6.2,8.9,245.0,20.0,225.0
2025-08-21T12:00,19.4,100,6.8,9.3,443.0,139.0,304.0
2025-08-21T13:00,17.6,100,7.4,10.2,301.0,46.0,255.0
2025-08-21T14:00,18.0,100,7.0,9.5,275.0,36.0,239.0
2025-08-21T15:00,18.5,100,5.1,7.1,224.0,19.0,205.0
2025-08-21T16:00,17.7,100,5.3,7.8,107.0,6.0,101.0
2025-08-21T17:00,17.0,100,6.6,11.3,54.0,1.0,53.0
2025-08-21T18:00,16.2,100,7.7,12.8,10.0,0.0,10.0
2025-08-21T19:00,15.7,100,8.5,16.3,0.0,0.0,0.0
2025-08-21T20:00,15.6,100,9.7,18.5,0.0,0.0,0.0
2025-08-21T21:00,15.5,100,10.4,19.7,0.0,0.0,0.0
2025-08-21T22:00,15.3,100,9.1,18.1,0.0,0.0,0.0
2025-08-21T23:00,15.1,100,10.8,20.5,0.0,0.0,0.0
2025-08-22T00:00,14.6,97,10.5,20.8,0.0,0.0,0.0
2025-08-22T01:00,15.1,99,9.3,17.7,0.0,0.0,0.0
2025-08-22T02:00,14.6,97,7.8,15.7,0.0,0.0,0.0
2025-08-22T03:00,14.2,63,6.1,11.9,0.0,0.0,0.0
2025-08-22T04:00,13.6,12,5.6,10.4,0.0,0.0,0.0
2025-08-22T05:00,13.0,14,6.7,10.1,14.0,5.0,9.0
2025-08-22T06:00,14.1,35,7.2,14.0,124.0,73.0,51.0
2025-08-22T07:00,15.0,69,6.2,9.3,266.0,161.0,105.0
2025-08-22T08:00,16.1,6,5.0,6.9,425.0,300.0,125.0
2025-08-22T09:00,17.5,16,4.1,5.6,602.0,494.0,108.0
2025-08-22T10:00,18.6,25,5.8,7.7,700.0,580.0,120.0
2025-08-22T11:00,19.4,11,7.9,10.7,735.0,583.0,152.0
2025-08-22T12:00,19.5,19,9.1,12.6,710.0,542.0,168.0
2025-08-22T13:00,19.4,23,10.4,14.7,594.0,382.0,212.0
2025-08-22T14:00,19.3,31,11.4,16.7,527.0,341.0,186.0
2025-08-22T15:00,18.9,51,11.1,16.5,434.0,286.0,148.0
2025-08-22T16:00,18.5,100,10.2,15.1,246.0,104.0,142.0
2025-08-22T17:00,17.9,100,8.5,14.8,131.0,52.0,79.0
2025-08-22T18:00,17.2,91,6.0,12.9,29.0,1.0,28.0
2025-08-22T19:00,16.7,100,4.6,11.6,0.0,0.0,0.0
2025-08-22T20:00,16.3,100,5.0,11.8,0.0,0.0,0.0
2025-08-22T21:00,16.0,100,4.8,11.1,0.0,0.0,0.0
2025-08-22T22:00,15.3,100,7.1,14.1,0.0,0.0,0.0
2025-08-22T23:00,14.6,100,5.0,11.1,0.0,0.0,0.0
2025-08-23T00:00,14.2,100,5.0,11.3,0.0,0.0,0.0
2025-08-23T01:00,12.6,87,4.6,11.5,0.0,0.0,0.0
2025-08-23T02:00,12.8,100,2.8,6.6,0.0,0.0,0.0
2025-08-23T03:00,12.6,100,2.7,4.9,0.0,0.0,0.0
2025-08-23T04:00,12.4,100,3.1,5.6,0.0,0.0,0.0
2025-08-23T05:00,12.2,61,2.9,5.0,6.0,0.0,6.0
2025-08-23T06:00,12.6,98,2.9,4.5,69.0,13.0,56.0
2025-08-23T07:00,13.5,98,4.2,6.0,170.0,60.0,110.0
2025-08-23T08:00,13.7,99,6.1,8.8,182.0,8.0,174.0
2025-08-23T09:00,14.6,78,6.6,9.5,332.0,114.0,218.0
2025-08-23T10:00,15.6,99,7.2,10.4,459.0,213.0,246.0
2025-08-23T11:00,16.9,91,13.2,19.0,610.0,344.0,266.0
2025-08-23T12:00,17.2,82,14.7,21.5,523.0,212.0,311.0
2025-08-23T13:00,15.9,81,12.9,19.8,211.0,0.0,211.0
2025-08-23T14:00,16.8,100,14.0,20.9,384.0,114.0,270.0
2025-08-23T15:00,16.5,100,12.9,19.2,251.0,51.0,200.0
2025-08-23T16:00,16.3,50,9.8,15.8,179.0,24.0,155.0
2025-08-23T17:00,16.0,28,7.3,14.0,152.0,77.0,75.0
2025-08-23T18:00,14.8,30,5.5,14.0,50.0,21.0,29.0
2025-08-23T19:00,13.6,93,4.1,11.1,0.0,0.0,0.0
2025-08-23T20:00,13.2,50,4.4,10.3,0.0,0.0,0.0
2025-08-23T21:00,12.1,56,3.7,8.7,0.0,0.0,0.0
2025-08-23T22:00,12.2,95,4.4,11.2,0.0,0.0,0.0
2025-08-23T23:00,11.4,31,3.1,9.9,0.0,0.0,0.0
2025-08-24T00:00,10.8,30,3.9,9.6,0.0,0.0,0.0
2025-08-24T01:00,11.0,2,4.3,11.2,0.0,0.0,0.0
2025-08-24T02:00,10.6,36,5.4,12.4,0.0,0.0,0.0
2025-08-24T03:00,10.3,50,4.8,13.3,0.0,0.0,0.0
2025-08-24T04:00,9.9,2,6.6,13.6,0.0,0.0,0.0
2025-08-24T05:00,9.7,82,3.4,10.0,13.0,4.0,9.0
2025-08-24T06:00,11.4,47,3.7,8.5,118.0,68.0,50.0
2025-08-24T07:00,13.4,5,4.3,6.8,259.0,167.0,92.0
2025-08-24T08:00,15.2,1,5.9,8.2,441.0,337.0,104.0
2025-08-24T09:00,16.6,15,5.4,7.1,592.0,492.0,100.0
2025-08-24T10:00,17.5,35,5.8,7.4,629.0,498.0,131.0
2025-08-24T11:00,18.0,30,5.7,7.7,690.0,547.0,143.0
2025-08-24T12:00,18.5,33,7.0,9.5,629.0,430.0,199.0
2025-08-24T13:00,19.0,60,7.4,9.9,532.0,306.0,226.0
2025-08-24T14:00,18.8,92,8.2,11.3,452.0,267.0,185.0
2025-08-24T15:00,18.8,78,8.0,11.1,416.0,267.0,149.0
2025-08-24T16:00,18.3,6,7.9,11.4,292.0,175.0,117.0
2025-08-24T17:00,17.7,19,4.7,9.4,187.0,118.0,69.0
2025-08-24T18:00,16.3,22,1.7,6.0,55.0,28.0,27.0
2025-08-24T19:00,15.4,18,3.5,7.4,0.0,0.0,0.0
2025-08-24T20:00,14.6,9,6.8,12.0,0.0,0.0,0.0
2025-08-24T21:00,13.6,1,5.8,13.5,0.0,0.0,0.0
2025-08-24T22:00,12.4,0,4.4,11.7,0.0,0.0,0.0
2025-08-24T23:00,11.7,0,4.5,9.9,0.0,0.0,0.0
2025-08-25T00:00,11.2,0,4.1,8.6,0.0,0.0,0.0
2025-08-25T01:00,9.8,0,2.3,0.8,0.0,0.0,0.0
2025-08-25T02:00,9.4,0,4.0,4.1,0.0,0.0,0.0
2025-08-25T03:00,8.6,2,3.3,5.2,0.0,0.0,0.0
2025-08-25T04:00,8.3,10,3.9,5.4,0.0,0.0,0.0
2025-08-25T05:00,8.9,19,6.3,8.1,11.0,4.0,7.0
2025-08-25T06:00,10.9,30,3.8,9.4,115.0,62.0,53.0
2025-08-25T07:00,13.6,6,1.8,7.0,276.0,187.0,89.0
2025-08-25T08:00,16.4,49,1.7,2.4,458.0,369.0,89.0
2025-08-25T09:00,18.5,54,2.0,2.2,609.0,517.0,92.0
2025-08-25T10:00,19.7,92,3.0,3.7,719.0,617.0,102.0
2025-08-25T11:00,20.5,98,4.2,5.3,780.0,663.0,117.0
2025-08-25T12:00,21.0,100,5.1,6.7,769.0,616.0,153.0
2025-08-25T13:00,21.9,100,4.2,5.6,714.0,511.0,203.0
2025-08-25T14:00,21.9,96,5.4,7.2,632.0,450.0,182.0
2025-08-25T15:00,21.8,61,5.5,7.5,532.0,423.0,109.0
2025-08-25T16:00,21.4,79,5.5,7.4,383.0,308.0,75.0
2025-08-25T17:00,20.4,24,4.5,9.2,205.0,142.0,63.0
2025-08-25T18:00,18.0,20,4.2,10.3,56.0,30.0,26.0
2025-08-25T19:00,17.2,3,1.6,6.6,0.0,0.0,0.0
2025-08-25T20:00,15.9,0,2.2,3.4,0.0,0.0,0.0
2025-08-25T21:00,14.6,0,6.3,5.3,0.0,0.0,0.0
2025-08-25T22:00,13.5,0,7.1,8.6,0.0,0.0,0.0
2025-08-25T23:00,13.1,0,7.2,9.9,0.0,0.0,0.0
2025-08-26T00:00,12.9,0,8.1,12.9,0.0,0.0,0.0
2025-08-26T01:00,12.0,0,7.6,15.7,0.0,0.0,0.0
2025-08-26T02:00,11.2,0,5.5,12.4,0.0,0.0,0.0
2025-08-26T03:00,10.8,2,5.3,11.1,0.0,0.0,0.0
2025-08-26T04:00,10.9,45,6.9,14.1,0.0,0.0,0.0
2025-08-26T05:00,11.6,36,7.8,16.7,10.0,3.0,7.0
2025-08-26T06:00,13.7,0,7.3,16.4,116.0,70.0,46.0
2025-08-26T07:00,16.5,9,3.8,13.8,281.0,212.0,69.0
2025-08-26T08:00,19.1,24,4.6,7.6,448.0,365.0,83.0
2025-08-26T09:00,21.0,44,4.7,7.0,591.0,496.0,95.0
2025-08-26T10:00,22.4,0,4.8,7.1,693.0,579.0,114.0
2025-08-26T11:00,23.5,0,5.7,8.1,762.0,659.0,103.0
2025-08-26T12:00,24.4,5,7.3,10.4,768.0,653.0,115.0
2025-08-26T13:00,25.5,27,9.0,13.2,741.0,642.0,99.0
2025-08-26T14:00,26.0,95,11.0,16.1,652.0,559.0,93.0
2025-08-26T15:00,25.8,49,12.0,17.7,514.0,404.0,110.0
2025-08-26T16:00,25.4,100,9.1,14.5,368.0,290.0,78.0
2025-08-26T17:00,23.9,69,4.0,10.2,185.0,106.0,79.0
2025-08-26T18:00,21.3,87,4.5,9.8,51.0,25.0,26.0
2025-08-26T19:00,20.0,36,6.2,11.7,0.0,0.0,0.0
2025-08-26T20:00,18.6,15,8.2,14.4,0.0,0.0,0.0
2025-08-26T21:00,18.0,67,9.5,17.6,0.0,0.0,0.0
2025-08-26T22:00,17.5,100,8.5,17.0,0.0,0.0,0.0
2025-08-26T23:00,17.2,100,8.4,16.0,0.0,0.0,0.0
2025-08-27T00:00,16.8,100,8.6,16.8,0.0,0.0,0.0
2025-08-27T01:00,18.3,100,13.0,27.4,0.0,0.0,0.0
2025-08-27T02:00,18.1,100,15.0,29.5,0.0,0.0,0.0
2025-08-27T03:00,17.3,100,7.7,17.7,0.0,0.0,0.0
2025-08-27T04:00,16.6,100,7.5,14.1,0.0,0.0,0.0
2025-08-27T05:00,16.0,100,8.4,14.2,2.0,0.0,2.0
2025-08-27T06:00,16.2,100,9.8,17.2,21.0,0.0,21.0
2025-08-27T07:00,17.6,98,9.4,19.2,99.0,6.0,93.0
2025-08-27T08:00,20.1,7,6.5,15.4,241.0,101.0,140.0
2025-08-27T09:00,23.0,86,4.9,7.2,565.0,455.0,110.0
2025-08-27T10:00,24.5,100,1.0,1.5,658.0,521.0,137.0
2025-08-27T11:00,25.4,71,2.4,3.1,691.0,491.0,200.0
2025-08-27T12:00,26.4,79,3.9,5.0,743.0,601.0,142.0
2025-08-27T13:00,26.5,100,1.7,2.8,534.0,253.0,281.0
2025-08-27T14:00,26.8,100,1.0,1.3,440.0,180.0,260.0
2025-08-27T15:00,26.9,100,2.2,2.9,383.0,189.0,194.0
2025-08-27T16:00,26.5,100,4.8,6.3,294.0,169.0,125.0
2025-08-27T17:00,25.2,55,5.0,9.8,123.0,20.0,103.0
2025-08-27T18:00,23.1,99,3.8,9.4,44.0,18.0,26.0
2025-08-27T19:00,21.9,35,4.0,10.1,0.0,0.0,0.0
2025-08-27T20:00,20.9,94,6.6,15.5,0.0,0.0,0.0
2025-08-27T21:00,20.0,90,6.9,15.3,0.0,0.0,0.0
2025-08-27T22:00,19.4,93,6.4,16.2,0.0,0.0,0.0
2025-08-27T23:00,18.9,27,6.5,17.2,0.0,0.0,0.0
2025-08-28T00:00,18.4,0,7.5,18.4,0.0,0.0,0.0
2025-08-28T01:00,18.0,93,5.0,16.0,0.0,0.0,0.0
2025-08-28T02:00,17.9,54,6.7,17.4,0.0,0.0,0.0
2025-08-28T03:00,17.5,98,6.9,17.9,0.0,0.0,0.0
2025-08-28T04:00,16.8,100,4.3,12.7,0.0,0.0,0.0
2025-08-28T05:00,16.8,100,7.5,14.7,7.0,0.0,7.0
2025-08-28T06:00,17.7,99,13.5,25.1,82.0,20.0,62.0
2025-08-28T07:00,19.0,64,12.1,18.7,211.0,93.0,118.0
2025-08-28T08:00,21.2,100,14.2,20.7,393.0,268.0,125.0
2025-08-28T09:00,22.3,100,13.5,19.5,463.0,287.0,176.0
2025-08-28T10:00,23.1,100,13.0,18.6,484.0,208.0,276.0
2025-08-28T11:00,23.3,100,12.9,18.4,461.0,173.0,288.0
2025-08-28T12:00,22.0,100,14.7,21.3,347.0,77.0,270.0
2025-08-28T13:00,19.1,100,9.6,13.9,195.0,0.0,195.0
2025-08-28T14:00,18.9,100,6.8,9.6,176.0,39.0,137.0
2025-08-28T15:00,18.6,100,6.9,10.6,96.0,0.0,96.0
2025-08-28T16:00,18.0,100,6.0,9.3,82.0,17.0,65.0
2025-08-28T17:00,17.5,100,6.1,10.4,41.0,0.0,41.0
2025-08-28T18:00,16.3,100,7.2,13.5,7.0,0.0,7.0
2025-08-28T19:00,15.9,100,6.5,11.7,0.0,0.0,0.0
2025-08-28T20:00,15.5,100,5.4,5.2,0.0,0.0,0.0
2025-08-28T21:00,15.1,100,4.1,4.9,0.0,0.0,0.0
2025-08-28T22:00,15.2,100,6.5,9.8,0.0,0.0,0.0
2025-08-28T23:00,15.4,100,4.7,8.8,0.0,0.0,0.0
2025-08-29T00:00,15.3,100,5.8,8.5,0.0,0.0,0.0
2025-08-29T01:00,14.4,100,8.7,12.8,0.0,0.0,0.0
2025-08-29T02:00,14.8,100,7.6,16.4,0.0,0.0,0.0
2025-08-29T03:00,14.8,100,12.1,22.9,0.0,0.0,0.0
2025-08-29T04:00,14.8,100,12.6,23.9,0.0,0.0,0.0
2025-08-29T05:00,14.6,100,17.6,30.8,1.0,0.0,1.0
2025-08-29T06:00,14.4,100,18.1,31.2,11.0,0.0,11.0
2025-08-29T07:00,14.4,100,16.9,29.1,64.0,0.0,64.0
2025-08-29T08:00,15.6,67,12.4,20.0,222.0,76.0,146.0
2025-08-29T09:00,17.5,94,10.0,14.9,476.0,297.0,179.0
2025-08-29T10:00,18.2,55,6.8,9.9,464.0,218.0,246.0
2025-08-29T11:00,19.4,51,3.6,5.1,583.0,318.0,265.0
2025-08-29T12:00,20.3,57,0.9,1.5,716.0,529.0,187.0
2025-08-29T13:00,19.9,100,7.2,9.5,499.0,219.0,280.0
2025-08-29T14:00,19.6,98,8.0,11.1,372.0,126.0,246.0
2025-08-29T15:00,19.3,100,7.6,10.8,255.0,71.0,184.0
2025-08-29T16:00,19.4,99,4.8,7.3,168.0,16.0,152.0
2025-08-29T17:00,18.9,100,5.1,9.0,104.0,14.0,90.0
2025-08-29T18:00,17.0,100,10.3,17.6,24.0,3.0,21.0
2025-08-29T19:00,15.6,99,2.2,7.9,0.0,0.0,0.0
2025-08-29T20:00,15.1,100,6.4,8.1,0.0,0.0,0.0
2025-08-29T21:00,14.7,88,10.2,20.0,0.0,0.0,0.0
2025-08-29T22:00,14.8,63,11.8,23.2,0.0,0.0,0.0
2025-08-29T23:00,14.2,27,11.9,24.0,0.0,0.0,0.0
2025-08-30T00:00,14.0,100,11.8,24.3,0.0,0.0,0.0
2025-08-30T01:00,13.9,39,11.7,23.6,0.0,0.0,0.0
2025-08-30T02:00,13.6,37,11.5,23.0,0.0,0.0,0.0
2025-08-30T03:00,12.9,98,9.7,20.7,0.0,0.0,0.0
2025-08-30T04:00,12.9,100,9.3,19.9,0.0,0.0,0.0
2025-08-30T05:00,13.3,100,8.8,18.5,4.0,0.0,4.0
2025-08-30T06:00,13.9,100,9.5,18.5,27.0,0.0,27.0
2025-08-30T07:00,14.4,100,9.6,17.4,78.0,2.0,76.0
2025-08-30T08:00,15.2,66,11.9,18.6,204.0,29.0,175.0
2025-08-30T09:00,16.4,63,12.2,18.1,406.0,195.0,211.0
2025-08-30T10:00,16.5,49,13.0,18.9,414.0,221.0,193.0
2025-08-30T11:00,17.8,47,11.0,16.0,648.0,506.0,142.0
2025-08-30T12:00,18.7,49,10.6,15.0,695.0,550.0,145.0
2025-08-30T13:00,19.0,40,11.7,16.9,590.0,417.0,173.0
2025-08-30T14:00,18.9,40,12.2,17.9,514.0,366.0,148.0
2025-08-30T15:00,18.8,46,11.7,17.4,430.0,328.0,102.0
2025-08-30T16:00,18.2,64,9.4,14.3,285.0,198.0,87.0
2025-08-30T17:00,17.6,30,5.0,10.4,145.0,86.0,59.0
2025-08-30T18:00,16.3,39,4.8,11.9,32.0,15.0,17.0
2025-08-30T19:00,15.4,16,6.3,13.0,0.0,0.0,0.0
2025-08-30T20:00,14.8,6,8.3,16.9,0.0,0.0,0.0
2025-08-30T21:00,14.6,7,10.0,21.5,0.0,0.0,0.0
2025-08-30T22:00,14.1,12,10.2,21.6,0.0,0.0,0.0
2025-08-30T23:00,13.6,6,9.4,20.3,0.0,0.0,0.0
2025-08-31T00:00,13.1,0,9.1,19.9,0.0,0.0,0.0
2025-08-31T01:00,12.8,1,9.8,20.8,0.0,0.0,0.0
2025-08-31T02:00,12.4,0,8.9,19.3,0.0,0.0,0.0
2025-08-31T03:00,12.1,0,8.1,17.4,0.0,0.0,0.0
2025-08-31T04:00,11.6,0,7.3,15.4,0.0,0.0,0.0
2025-08-31T05:00,11.4,0,6.3,11.8,6.0,2.0,4.0
2025-08-31T06:00,12.8,0,4.7,8.8,102.0,60.0,42.0
2025-08-31T07:00,15.6,0,0.5,6.1,260.0,186.0,74.0
2025-08-31T08:00,17.8,0,1.2,1.3,430.0,347.0,83.0
2025-08-31T09:00,19.0,0,3.1,3.6,576.0,484.0,92.0
2025-08-31T10:00,20.1,1,4.4,5.4,686.0,588.0,98.0
2025-08-31T11:00,21.1,19,4.6,5.8,745.0,639.0,106.0
2025-08-31T12:00,21.8,21,5.6,7.0,727.0,605.0,122.0
2025-08-31T13:00,22.4,2,5.3,6.8,678.0,551.0,127.0
2025-08-31T14:00,22.4,2,7.1,9.5,622.0,519.0,103.0
2025-08-31T15:00,22.1,29,8.4,11.6,499.0,411.0,88.0
2025-08-31T16:00,21.4,46,8.5,13.0,336.0,256.0,80.0
2025-08-31T17:00,20.1,2,6.3,14.1,169.0,111.0,58.0
2025-08-31T18:00,18.3,0,7.8,18.6,35.0,17.0,18.0
2025-08-31T19:00,17.1,0,9.0,21.2,0.0,0.0,0.0
2025-08-31T20:00,16.2,0,9.6,22.9,0.0,0.0,0.0
2025-08-31T21:00,15.6,0,7.2,20.0,0.0,0.0,0.0
2025-08-31T22:00,15.2,3,7.9,20.4,0.0,0.0,0.0
2025-08-31T23:00,14.6,0,7.9,20.6,0.0,0.0,0.0
2025-09-01T00:00,13.9,0,6.5,18.4,0.0,0.0,0.0
2025-09-01T01:00,12.6,0,4.4,13.4,0.0,0.0,0.0
2025-09-01T02:00,12.0,2,4.0,11.7,0.0,0.0,0.0
2025-09-01T03:00,11.9,6,4.6,9.5,0.0,0.0,0.0
2025-09-01T04:00,11.5,71,6.7,12.4,0.0,0.0,0.0
2025-09-01T05:00,11.9,91,9.4,21.0,5.0,1.0,4.0
2025-09-01T06:00,14.2,26,7.2,16.5,79.0,24.0,55.0
2025-09-01T07:00,16.8,11,5.6,15.3,255.0,188.0,67.0
2025-09-01T08:00,19.1,8,7.1,11.4,415.0,328.0,87.0
2025-09-01T09:00,20.9,81,11.3,16.7,552.0,452.0,100.0
2025-09-01T10:00,21.8,100,10.2,14.7,658.0,542.0,116.0
2025-09-01T11:00,22.3,100,9.9,14.3,683.0,496.0,187.0
2025-09-01T12:00,22.3,87,10.7,15.1,623.0,377.0,246.0
2025-09-01T13:00,22.5,51,10.9,15.3,593.0,388.0,205.0
2025-09-01T14:00,21.9,100,9.0,13.0,398.0,189.0,209.0
2025-09-01T15:00,20.5,100,10.7,16.6,118.0,0.0,118.0
2025-09-01T16:00,19.2,100,11.4,17.8,136.0,16.0,120.0
2025-09-01T17:00,18.4,100,7.0,12.9,36.0,0.0,36.0
2025-09-01T18:00,17.8,99,4.7,9.4,7.0,0.0,7.0
2025-09-01T19:00,17.0,100,6.4,12.1,0.0,0.0,0.0
2025-09-01T20:00,16.4,100,7.1,12.2,0.0,0.0,0.0
2025-09-01T21:00,15.6,91,4.9,11.3,0.0,0.0,0.0
2025-09-01T22:00,14.9,100,4.3,9.9,0.0,0.0,0.0
2025-09-01T23:00,14.9,100,2.3,6.6,0.0,0.0,0.0
2025-09-02T00:00,14.9,100,5.6,6.8,0.0,0.0,0.0
2025-09-02T01:00,14.4,100,9.9,18.5,0.0,0.0,0.0
2025-09-02T02:00,14.1,100,8.1,16.6,0.0,0.0,0.0
2025-09-02T03:00,14.0,100,7.3,14.9,0.0,0.0,0.0
2025-09-02T04:00,13.8,100,8.6,16.8,0.0,0.0,0.0
2025-09-02T05:00,13.4,100,10.5,19.4,2.0,0.0,2.0
2025-09-02T06:00,13.4,99,11.0,20.1,18.0,0.0,18.0
2025-09-02T07:00,13.9,100,9.3,18.0,73.0,5.0,68.0
2025-09-02T08:00,14.5,100,9.2,14.7,116.0,0.0,116.0
2025-09-02T09:00,15.5,100,11.0,16.4,225.0,27.0,198.0
2025-09-02T10:00,16.0,100,9.8,14.4,253.0,39.0,214.0
2025-09-02T11:00,16.0,100,8.9,13.1,206.0,9.0,197.0
2025-09-02T12:00,15.9,100,8.5,12.6,201.0,4.0,197.0
2025-09-02T13:00,16.6,46,7.0,9.9,430.0,179.0,251.0
2025-09-02T14:00,17.3,86,7.4,10.5,399.0,176.0,223.0
2025-09-02T15:00,17.6,15,7.1,10.0,393.0,259.0,134.0
2025-09-02T16:00,17.6,6,4.2,6.1,311.0,230.0,81.0
2025-09-02T17:00,17.1,7,2.2,5.2,149.0,90.0,59.0
2025-09-02T18:00,15.8,5,0.9,4.3,28.0,12.0,16.0
2025-09-02T19:00,14.6,4,4.7,8.9,0.0,0.0,0.0
2025-09-02T20:00,13.8,1,6.1,10.6,0.0,0.0,0.0
2025-09-02T21:00,13.1,0,6.9,10.9,0.0,0.0,0.0
2025-09-02T22:00,12.8,0,7.7,15.8,0.0,0.0,0.0
2025-09-02T23:00,12.6,0,7.5,15.2,0.0,0.0,0.0
2025-09-03T00:00,12.1,5,7.5,15.5,0.0,0.0,0.0
2025-09-03T01:00,11.8,0,8.4,17.5,0.0,0.0,0.0
2025-09-03T02:00,11.6,0,8.7,17.8,0.0,0.0,0.0
2025-09-03T03:00,11.4,2,8.5,16.9,0.0,0.0,0.0
2025-09-03T04:00,11.1,74,8.5,16.9,0.0,0.0,0.0
2025-09-03T05:00,11.4,13,9.7,20.1,4.0,1.0,3.0
2025-09-03T06:00,13.2,86,9.1,19.3,90.0,50.0,40.0
2025-09-03T07:00,16.1,69,6.3,18.8,244.0,169.0,75.0
2025-09-03T08:00,19.0,73,5.2,9.6,396.0,293.0,103.0
2025-09-03T09:00,20.5,1,8.2,12.0,541.0,423.0,118.0
2025-09-03T10:00,21.2,18,5.8,8.2,667.0,568.0,99.0
2025-09-03T11:00,21.9,17,2.5,3.6,733.0,634.0,99.0
2025-09-03T12:00,22.7,20,2.4,2.3,738.0,631.0,107.0
2025-09-03T13:00,23.2,12,5.8,7.9,672.0,556.0,116.0
2025-09-03T14:00,23.3,10,5.5,7.3,582.0,475.0,107.0
2025-09-03T15:00,23.3,41,4.0,4.8,477.0,390.0,87.0
2025-09-03T16:00,23.0,98,2.4,2.5,313.0,235.0,78.0
2025-09-03T17:00,21.5,100,5.8,12.1,122.0,47.0,75.0
2025-09-03T18:00,19.5,43,8.7,19.7,20.0,1.0,19.0
2025-09-03T19:00,17.9,0,7.7,18.5,0.0,0.0,0.0
2025-09-03T20:00,17.0,0,8.8,21.0,0.0,0.0,0.0
2025-09-03T21:00,16.6,8,8.7,21.9,0.0,0.0,0.0
2025-09-03T22:00,16.0,0,6.9,17.8,0.0,0.0,0.0
2025-09-03T23:00,15.1,0,6.5,14.4,0.0,0.0,0.0
2025-09-04T00:00,14.5,0,8.3,17.0,0.0,0.0,0.0
2025-09-04T01:00,15.1,6,10.6,22.9,0.0,0.0,0.0
2025-09-04T02:00,15.1,8,8.8,17.4,0.0,0.0,0.0
2025-09-04T03:00,14.4,1,8.9,15.5,0.0,0.0,0.0
2025-09-04T04:00,14.2,8,9.4,17.5,0.0,0.0,0.0
2025-09-04T05:00,14.1,36,8.5,17.8,4.0,1.0,3.0
2025-09-04T06:00,15.4,16,7.2,17.7,78.0,35.0,43.0
2025-09-04T07:00,17.9,14,3.6,12.5,233.0,156.0,77.0
2025-09-04T08:00,20.2,24,0.3,1.3,405.0,322.0,83.0
2025-09-04T09:00,21.9,88,2.6,3.0,547.0,455.0,92.0
2025-09-04T10:00,23.0,70,5.7,7.4,634.0,493.0,141.0
2025-09-04T11:00,24.0,53,8.0,11.0,708.0,584.0,124.0
2025-09-04T12:00,24.6,87,9.9,13.7,721.0,596.0,125.0
2025-09-04T13:00,25.0,97,10.0,14.0,652.0,488.0,164.0
2025-09-04T14:00,25.0,57,11.0,15.9,567.0,414.0,153.0
2025-09-04T15:00,24.3,46,12.0,18.1,403.0,250.0,153.0
2025-09-04T16:00,23.8,7,9.6,17.2,278.0,174.0,104.0
2025-09-04T17:00,22.5,11,9.1,18.9,145.0,90.0,55.0
2025-09-04T18:00,20.3,76,9.8,15.2,24.0,11.0,13.0
2025-09-04T19:00,16.8,100,13.0,22.0,0.0,0.0,0.0
2025-09-04T20:00,16.8,100,10.0,17.7,0.0,0.0,0.0
2025-09-04T21:00,16.0,98,11.4,21.4,0.0,0.0,0.0
2025-09-04T22:00,15.6,42,13.1,24.4,0.0,0.0,0.0
2025-09-04T23:00,15.4,100,14.0,26.3,0.0,0.0,0.0
2025-09-05T00:00,15.4,100,11.4,20.4,0.0,0.0,0.0
2025-09-05T01:00,14.3,38,9.0,19.1,0.0,0.0,0.0
2025-09-05T02:00,13.9,100,11.0,22.0,0.0,0.0,0.0
2025-09-05T03:00,14.3,100,10.9,21.0,0.0,0.0,0.0
2025-09-05T04:00,14.0,100,11.0,20.5,0.0,0.0,0.0
2025-09-05T05:00,13.7,100,9.6,19.8,0.0,0.0,0.0
2025-09-05T06:00,13.8,100,8.0,16.1,14.0,0.0,14.0
2025-09-05T07:00,14.4,100,7.1,13.6,51.0,0.0,51.0
2025-09-05T08:00,14.9,99,6.7,11.0,107.0,8.0,99.0
2025-09-05T09:00,15.3,99,8.4,12.4,177.0,12.0,165.0
2025-09-05T10:00,14.3,100,12.6,20.2,163.0,4.0,159.0
2025-09-05T11:00,14.1,100,14.9,25.6,140.0,6.0,134.0
2025-09-05T12:00,14.0,100,15.7,26.8,114.0,0.0,114.0
2025-09-05T13:00,14.9,100,15.8,24.4,267.0,38.0,229.0
2025-09-05T14:00,13.6,100,13.5,23.2,62.0,0.0,62.0
2025-09-05T15:00,13.1,100,14.0,24.2,75.0,4.0,71.0
2025-09-05T16:00,12.8,100,11.2,20.9,37.0,0.0,37.0
2025-09-05T17:00,13.1,5,7.3,14.9,59.0,9.0,50.0
2025-09-05T18:00,12.0,0,8.6,17.3,21.0,8.0,13.0
2025-09-05T19:00,11.4,1,7.9,16.8,0.0,0.0,0.0
2025-09-05T20:00,11.1,6,7.5,14.4,0.0,0.0,0.0
2025-09-05T21:00,10.9,11,7.2,12.5,0.0,0.0,0.0
2025-09-05T22:00,10.5,12,7.7,13.1,0.0,0.0,0.0
2025-09-05T23:00,10.2,8,7.8,13.6,0.0,0.0,0.0
2025-09-06T00:00,10.0,11,7.6,13.9,0.0,0.0,0.0
2025-09-06T01:00,10.0,25,8.4,15.5,0.0,0.0,0.0
2025-09-06T02:00,9.6,7,6.9,13.4,0.0,0.0,0.0
2025-09-06T03:00,9.4,1,6.2,10.8,0.0,0.0,0.0
2025-09-06T04:00,8.9,0,4.0,7.4,0.0,0.0,0.0
2025-09-06T05:00,8.2,0,1.6,2.0,3.0,0.0,3.0
2025-09-06T06:00,9.4,0,2.7,3.7,83.0,46.0,37.0
2025-09-06T07:00,12.5,0,3.6,8.1,238.0,168.0,70.0
2025-09-06T08:00,14.6,0,5.1,7.6,409.0,326.0,83.0
2025-09-06T09:00,16.4,4,7.2,10.2,557.0,467.0,90.0
2025-09-06T10:00,17.5,4,8.2,11.6,668.0,574.0,94.0
2025-09-06T11:00,18.1,9,10.4,14.6,732.0,635.0,97.0
2025-09-06T12:00,18.5,0,12.1,17.3,741.0,639.0,102.0
2025-09-06T13:00,19.4,4,12.7,18.6,692.0,588.0,104.0
2025-09-06T14:00,19.4,2,13.3,19.6,614.0,524.0,90.0
2025-09-06T15:00,18.9,0,13.3,20.1,477.0,396.0,81.0
2025-09-06T16:00,18.4,0,12.7,20.0,314.0,244.0,70.0
2025-09-06T17:00,17.0,3,10.9,20.8,146.0,97.0,49.0
2025-09-06T18:00,15.2,42,11.6,25.1,20.0,9.0,11.0
2025-09-06T19:00,14.2,94,11.3,25.4,0.0,0.0,0.0
2025-09-06T20:00,13.6,100,9.4,22.5,0.0,0.0,0.0
2025-09-06T21:00,13.3,100,9.2,21.8,0.0,0.0,0.0
2025-09-06T22:00,12.8,100,8.5,21.1,0.0,0.0,0.0
2025-09-06T23:00,12.3,17,8.3,21.1,0.0,0.0,0.0
2025-09-07T00:00,11.9,100,7.9,20.4,0.0,0.0,0.0
2025-09-07T01:00,10.1,100,4.8,15.4,0.0,0.0,0.0
2025-09-07T02:00,9.6,98,4.4,14.1,0.0,0.0,0.0
2025-09-07T03:00,9.1,100,3.3,12.5,0.0,0.0,0.0
2025-09-07T04:00,8.9,100,2.9,10.9,0.0,0.0,0.0
2025-09-07T05:00,8.9,69,2.5,9.9,2.0,0.0,2.0
2025-09-07T06:00,9.9,98,3.2,8.7,71.0,34.0,37.0
2025-09-07T07:00,11.5,81,2.4,5.2,208.0,127.0,81.0
2025-09-07T08:00,13.6,100,2.4,4.0,368.0,237.0,131.0
2025-09-07T09:00,15.7,100,3.0,4.3,488.0,292.0,196.0
2025-09-07T10:00,17.5,100,4.3,6.0,575.0,332.0,243.0
2025-09-07T11:00,18.8,100,5.4,7.1,594.0,289.0,305.0
2025-09-07T12:00,19.9,100,5.9,7.8,600.0,292.0,308.0
2025-09-07T13:00,21.1,99,6.3,8.3,703.0,596.0,107.0
2025-09-07T14:00,21.2,100,7.5,10.1,591.0,468.0,123.0
2025-09-07T15:00,20.9,100,8.8,12.3,460.0,357.0,103.0
2025-09-07T16:00,20.1,100,8.7,12.9,302.0,220.0,82.0
2025-09-07T17:00,18.8,100,6.7,13.9,129.0,65.0,64.0
2025-09-07T18:00,17.0,88,5.9,15.0,16.0,3.0,13.0
2025-09-07T19:00,15.4,20,4.9,14.7,0.0,0.0,0.0
2025-09-07T20:00,14.2,22,4.7,14.0,0.0,0.0,0.0
2025-09-07T21:00,13.3,71,4.2,12.4,0.0,0.0,0.0
2025-09-07T22:00,12.8,15,4.0,11.0,0.0,0.0,0.0
2025-09-07T23:00,12.1,77,3.8,8.6,0.0,0.0,0.0
2025-09-08T00:00,11.8,96,3.6,5.7,0.0,0.0,0.0
2025-09-08T01:00,10.6,84,6.1,5.9,0.0,0.0,0.0
2025-09-08T02:00,10.3,100,5.6,7.1,0.0,0.0,0.0
2025-09-08T03:00,10.2,100,4.9,7.6,0.0,0.0,0.0
2025-09-08T04:00,10.3,100,4.1,9.3,0.0,0.0,0.0
2025-09-08T05:00,10.6,100,3.5,6.8,1.0,0.0,1.0
2025-09-08T06:00,11.4,100,3.7,4.8,53.0,15.0,38.0
2025-09-08T07:00,12.9,99,3.2,4.8,163.0,57.0,106.0
2025-09-08T08:00,15.4,95,2.0,3.4,334.0,182.0,152.0
2025-09-08T09:00,18.2,100,1.7,3.2,491.0,323.0,168.0
2025-09-08T10:00,20.3,100,3.3,4.7,568.0,341.0,227.0
2025-09-08T11:00,21.7,100,4.0,5.7,600.0,348.0,252.0
2025-09-08T12:00,22.7,72,5.1,7.0,649.0,428.0,221.0
2025-09-08T13:00,23.0,100,7.7,10.7,659.0,529.0,130.0
2025-09-08T14:00,22.9,100,8.7,12.4,440.0,254.0,186.0
2025-09-08T15:00,22.1,100,11.3,16.9,323.0,152.0,171.0
2025-09-08T16:00,21.1,100,9.0,14.4,192.0,44.0,148.0
2025-09-08T17:00,19.7,100,6.2,13.0,108.0,32.0,76.0
2025-09-08T18:00,18.6,100,4.4,7.7,9.0,1.0,8.0
2025-09-08T19:00,17.4,63,2.8,6.6,0.0,0.0,0.0
2025-09-08T20:00,16.5,37,7.3,9.3,0.0,0.0,0.0
2025-09-08T21:00,15.6,33,3.2,6.3,0.0,0.0,0.0
2025-09-08T22:00,14.9,43,1.8,5.6,0.0,0.0,0.0
2025-09-08T23:00,14.6,65,0.6,4.9,0.0,0.0,0.0
2025-09-09T00:00,14.2,20,1.5,5.7,0.0,0.0,0.0
2025-09-09T01:00,14.4,14,6.4,15.9,0.0,0.0,0.0
2025-09-09T02:00,14.1,0,7.0,16.4,0.0,0.0,0.0
2025-09-09T03:00,13.9,6,8.0,18.7,0.0,0.0,0.0
2025-09-09T04:00,13.7,26,7.5,18.1,0.0,0.0,0.0
2025-09-09T05:00,13.4,36,6.0,15.6,1.0,0.0,1.0
2025-09-09T06:00,14.1,87,6.4,15.0,64.0,24.0,40.0
2025-09-09T07:00,15.6,100,5.9,8.8,189.0,96.0,93.0
2025-09-09T08:00,16.6,100,3.1,5.1,183.0,61.0,122.0
2025-09-09T09:00,17.9,100,6.1,8.9,223.0,3.0,220.0
2025-09-09T10:00,19.1,100,9.7,14.1,327.0,66.0,261.0
2025-09-09T11:00,17.9,100,18.7,29.3,273.0,71.0,202.0
2025-09-09T12:00,17.0,100,13.0,22.0,121.0,0.0,121.0
2025-09-09T13:00,16.7,100,18.0,28.4,146.0,4.0,142.0
2025-09-09T14:00,16.4,100,13.7,22.9,78.0,0.0,78.0
2025-09-09T15:00,16.4,99,12.1,20.0,99.0,2.0,97.0
2025-09-09T16:00,16.3,100,9.1,15.5,87.0,0.0,87.0
2025-09-09T17:00,16.0,19,7.3,13.2,62.0,15.0,47.0
2025-09-09T18:00,15.2,20,6.1,12.4,10.0,3.0,7.0
2025-09-09T19:00,14.4,26,7.1,12.7,0.0,0.0,0.0
2025-09-09T20:00,13.8,80,6.6,12.6,0.0,0.0,0.0
2025-09-09T21:00,13.2,79,5.7,10.4,0.0,0.0,0.0
2025-09-09T22:00,12.5,23,3.4,7.2,0.0,0.0,0.0
2025-09-09T23:00,11.6,51,2.2,1.7,0.0,0.0,0.0
2025-09-10T00:00,10.8,98,1.4,2.8,0.0,0.0,0.0
2025-09-10T01:00,11.1,44,4.0,11.7,0.0,0.0,0.0
2025-09-10T02:00,10.8,99,4.0,12.5,0.0,0.0,0.0
2025-09-10T03:00,10.8,100,5.0,14.8,0.0,0.0,0.0
2025-09-10T04:00,11.1,100,6.9,17.6,0.0,0.0,0.0
2025-09-10T05:00,11.6,100,8.1,18.9,1.0,0.0,1.0
2025-09-10T06:00,12.3,100,10.3,17.6,26.0,0.0,26.0
2025-09-10T07:00,13.1,100,9.3,13.6,88.0,1.0,87.0
2025-09-10T08:00,13.9,100,10.0,13.6,150.0,2.0,148.0
2025-09-10T09:00,14.6,100,9.7,13.7,210.0,14.0,196.0
2025-09-10T10:00,15.1,100,8.7,12.2,179.0,1.0,178.0
2025-09-10T11:00,15.6,100,8.2,11.7,189.0,1.0,188.0
2025-09-10T12:00,15.6,100,8.6,12.4,147.0,1.0,146.0
2025-09-10T13:00,14.0,100,7.7,11.1,106.0,0.0,106.0
2025-09-10T14:00,14.4,100,6.3,8.5,134.0,1.0,133.0
2025-09-10T15:00,14.4,100,6.2,8.4,124.0,1.0,123.0
2025-09-10T16:00,14.1,95,5.3,7.4,69.0,0.0,69.0
2025-09-10T17:00,13.9,100,3.4,5.2,70.0,16.0,54.0
2025-09-10T18:00,12.6,58,1.9,4.7,8.0,1.0,7.0
2025-09-10T19:00,11.9,12,0.3,1.8,0.0,0.0,0.0
2025-09-10T20:00,11.6,100,3.1,5.6,0.0,0.0,0.0
2025-09-10T21:00,11.4,100,6.6,10.2,0.0,0.0,0.0
2025-09-10T22:00,11.5,100,8.7,16.9,0.0,0.0,0.0
2025-09-10T23:00,11.4,100,9.3,19.7,0.0,0.0,0.0
2025-09-11T00:00,11.4,100,10.7,20.8,0.0,0.0,0.0
2025-09-11T01:00,11.8,100,9.0,19.0,0.0,0.0,0.0
2025-09-11T02:00,11.8,100,8.6,17.9,0.0,0.0,0.0
2025-09-11T03:00,11.6,100,8.4,17.3,0.0,0.0,0.0
2025-09-11T04:00,11.4,100,8.6,18.2,0.0,0.0,0.0
2025-09-11T05:00,11.2,100,8.2,18.1,1.0,0.0,1.0
2025-09-11T06:00,12.2,78,8.4,18.0,60.0,26.0,34.0
2025-09-11T07:00,14.1,100,9.0,25.0,192.0,110.0,82.0
2025-09-11T08:00,15.4,89,11.1,28.1,196.0,51.0,145.0
2025-09-11T09:00,16.6,100,14.9,24.1,336.0,158.0,178.0
2025-09-11T10:00,17.4,24,13.0,19.8,298.0,77.0,221.0
2025-09-11T11:00,19.4,34,14.1,21.1,638.0,502.0,136.0
2025-09-11T12:00,19.9,22,18.2,27.4,623.0,485.0,138.0
2025-09-11T13:00,19.9,22,18.0,27.2,610.0,478.0,132.0
2025-09-11T14:00,19.5,55,15.8,24.4,502.0,378.0,124.0
2025-09-11T15:00,19.0,100,15.4,23.8,349.0,218.0,131.0
2025-09-11T16:00,18.1,100,11.2,19.8,157.0,48.0,109.0
2025-09-11T17:00,17.2,100,10.3,19.6,39.0,0.0,39.0
2025-09-11T18:00,16.2,100,11.2,21.3,3.0,0.0,3.0
2025-09-11T19:00,15.4,100,10.4,21.0,0.0,0.0,0.0
2025-09-11T20:00,15.0,100,10.1,20.3,0.0,0.0,0.0
2025-09-11T21:00,14.6,100,8.1,17.3,0.0,0.0,0.0
2025-09-11T22:00,14.4,100,9.5,19.3,0.0,0.0,0.0
2025-09-11T23:00,14.2,98,8.6,17.4,0.0,0.0,0.0
2025-09-12T00:00,14.0,100,7.7,16.5,0.0,0.0,0.0
2025-09-12T01:00,13.6,100,7.1,12.1,0.0,0.0,0.0
2025-09-12T02:00,13.8,94,7.2,16.8,0.0,0.0,0.0
2025-09-12T03:00,13.4,0,7.3,16.0,0.0,0.0,0.0
2025-09-12T04:00,12.1,8,8.0,16.4,0.0,0.0,0.0
2025-09-12T05:00,11.5,15,8.5,17.3,1.0,0.0,1.0
2025-09-12T06:00,12.9,10,7.5,15.6,56.0,26.0,30.0
2025-09-12T07:00,15.4,31,5.0,15.5,217.0,151.0,66.0
2025-09-12T08:00,16.2,94,13.1,20.0,355.0,228.0,127.0
2025-09-12T09:00,15.6,100,10.9,16.1,331.0,132.0,199.0
2025-09-12T10:00,15.5,100,11.4,17.0,329.0,112.0,217.0
2025-09-12T11:00,14.9,100,8.9,13.3,256.0,44.0,212.0
2025-09-12T12:00,15.8,100,7.4,10.8,332.0,55.0,277.0
2025-09-12T13:00,15.3,100,7.1,10.6,211.0,10.0,201.0
2025-09-12T14:00,15.6,100,6.4,9.5,168.0,3.0,165.0
2025-09-12T15:00,15.8,87,5.6,8.6,123.0,0.0,123.0
2025-09-12T16:00,16.0,88,4.2,7.0,123.0,7.0,116.0
2025-09-12T17:00,15.4,100,2.4,5.9,71.0,11.0,60.0
2025-09-12T18:00,14.2,100,4.2,9.1,5.0,1.0,4.0
2025-09-12T19:00,14.1,100,6.0,12.9,0.0,0.0,0.0
2025-09-12T20:00,13.8,100,5.7,13.1,0.0,0.0,0.0
2025-09-12T21:00,13.6,100,4.8,11.6,0.0,0.0,0.0
2025-09-12T22:00,13.4,100,5.1,12.5,0.0,0.0,0.0
2025-09-12T23:00,13.4,100,5.9,14.6,0.0,0.0,0.0
2025-09-13T00:00,13.2,86,5.2,13.3,0.0,0.0,0.0
2025-09-13T01:00,12.2,59,3.4,6.9,0.0,0.0,0.0
2025-09-13T02:00,11.9,78,4.7,8.8,0.0,0.0,0.0
2025-09-13T03:00,11.6,75,6.6,15.1,0.0,0.0,0.0
2025-09-13T04:00,10.9,100,5.4,16.2,0.0,0.0,0.0
2025-09-13T05:00,10.9,100,5.5,15.5,0.0,0.0,0.0
2025-09-13T06:00,11.7,100,6.6,15.3,49.0,7.0,42.0
2025-09-13T07:00,13.5,94,4.8,15.1,168.0,52.0,116.0
2025-09-13T08:00,15.3,100,4.5,7.1,313.0,180.0,133.0
2025-09-13T09:00,16.2,64,2.1,2.6,365.0,156.0,209.0
2025-09-13T10:00,17.7,38,3.7,4.8,562.0,403.0,159.0
2025-09-13T11:00,18.7,82,4.1,5.3,654.0,523.0,131.0
2025-09-13T12:00,19.7,100,3.5,4.3,674.0,538.0,136.0
2025-09-13T13:00,20.3,100,3.5,4.3,527.0,282.0,245.0
2025-09-13T14:00,20.2,100,4.5,5.5,407.0,163.0,244.0
2025-09-13T15:00,19.9,100,7.1,9.4,319.0,140.0,179.0
2025-09-13T16:00,18.6,100,7.1,12.1,193.0,52.0,141.0
2025-09-13T17:00,16.9,100,2.6,6.7,65.0,3.0,62.0
2025-09-13T18:00,15.8,100,0.4,2.7,4.0,0.0,4.0
2025-09-13T19:00,15.1,100,8.2,12.2,0.0,0.0,0.0
2025-09-13T20:00,14.6,100,9.4,19.6,0.0,0.0,0.0
2025-09-13T21:00,14.1,99,8.5,17.1,0.0,0.0,0.0
2025-09-13T22:00,13.7,100,8.1,17.1,0.0,0.0,0.0
2025-09-13T23:00,13.3,69,9.0,18.6,0.0,0.0,0.0
2025-09-14T00:00,13.2,100,7.9,16.5,0.0,0.0,0.0
2025-09-14T01:00,13.4,75,5.7,13.4,0.0,0.0,0.0
2025-09-14T02:00,13.3,100,11.7,23.6,0.0,0.0,0.0
2025-09-14T03:00,13.4,99,9.8,19.6,0.0,0.0,0.0
2025-09-14T04:00,12.8,100,9.1,20.8,0.0,0.0,0.0
2025-09-14T05:00,12.9,100,12.8,24.2,0.0,0.0,0.0
2025-09-14T06:00,12.8,100,13.1,25.0,18.0,0.0,18.0
2025-09-14T07:00,13.0,100,16.6,30.0,19.0,0.0,19.0
2025-09-14T08:00,14.2,79,19.7,33.5,196.0,59.0,137.0
2025-09-14T09:00,14.3,38,18.3,29.5,245.0,109.0,136.0
2025-09-14T10:00,16.3,56,17.5,27.2,445.0,303.0,142.0
2025-09-14T11:00,16.8,51,17.4,26.9,616.0,423.0,193.0
2025-09-14T12:00,15.5,22,15.5,25.5,379.0,186.0,193.0
2025-09-14T13:00,16.5,30,10.9,16.3,509.0,349.0,160.0
2025-09-14T14:00,17.3,92,13.4,20.2,438.0,283.0,155.0
2025-09-14T15:00,17.0,59,12.0,18.3,253.0,131.0,122.0
2025-09-14T16:00,16.8,40,8.1,12.9,231.0,161.0,70.0
2025-09-14T17:00,15.8,18,1.3,6.5,91.0,50.0,41.0
2025-09-14T18:00,14.3,81,4.1,7.6,6.0,2.0,4.0
2025-09-14T19:00,13.6,94,7.5,13.2,0.0,0.0,0.0
2025-09-14T20:00,13.6,26,8.3,18.0,0.0,0.0,0.0
2025-09-14T21:00,13.4,100,9.0,19.7,0.0,0.0,0.0
2025-09-14T22:00,14.7,91,10.0,22.2,0.0,0.0,0.0
2025-09-14T23:00,15.1,29,13.6,28.0,0.0,0.0,0.0
2025-09-15T00:00,15.6,100,14.0,27.8,0.0,0.0,0.0
2025-09-15T01:00,14.4,73,13.2,26.9,0.0,0.0,0.0
2025-09-15T02:00,15.1,4,13.9,27.8,0.0,0.0,0.0
2025-09-15T03:00,14.7,16,12.3,25.5,0.0,0.0,0.0
2025-09-15T04:00,14.4,24,11.6,24.8,0.0,0.0,0.0
2025-09-15T05:00,14.6,17,12.0,25.4,0.0,0.0,0.0
2025-09-15T06:00,15.8,18,12.6,25.7,51.0,25.0,26.0
2025-09-15T07:00,17.7,13,16.0,29.1,184.0,116.0,68.0
2025-09-15T08:00,19.7,3,13.8,23.1,332.0,241.0,91.0
2025-09-15T09:00,21.5,5,15.5,24.6,488.0,390.0,98.0
2025-09-15T10:00,22.8,1,16.9,26.5,603.0,506.0,97.0
2025-09-15T11:00,23.7,8,17.7,27.4,662.0,564.0,98.0
2025-09-15T12:00,23.9,2,18.8,29.3,642.0,535.0,107.0
2025-09-15T13:00,24.5,2,18.5,28.8,636.0,541.0,95.0
2025-09-15T14:00,24.3,1,16.0,25.2,539.0,449.0,90.0
2025-09-15T15:00,23.9,12,15.1,24.2,411.0,334.0,77.0
2025-09-15T16:00,22.6,5,14.6,25.8,249.0,180.0,69.0
2025-09-15T17:00,21.1,19,10.5,21.1,93.0,54.0,39.0
2025-09-15T18:00,19.6,35,10.5,22.4,5.0,1.0,4.0
2025-09-15T19:00,18.7,57,10.4,22.1,0.0,0.0,0.0
2025-09-15T20:00,17.8,87,12.9,25.2,0.0,0.0,0.0
2025-09-15T21:00,17.0,64,11.7,22.4,0.0,0.0,0.0
2025-09-15T22:00,16.3,62,15.5,28.0,0.0,0.0,0.0
2025-09-15T23:00,15.8,75,14.4,26.7,0.0,0.0,0.0
2025-09-16T00:00,14.9,100,12.5,22.3,0.0,0.0,0.0
2025-09-16T01:00,14.7,100,12.7,23.3,0.0,0.0,0.0
2025-09-16T02:00,14.4,67,11.5,21.6,0.0,0.0,0.0
2025-09-16T03:00,13.7,46,10.6,20.9,0.0,0.0,0.0
2025-09-16T04:00,13.4,46,15.3,28.3,0.0,0.0,0.0
2025-09-16T05:00,12.9,40,15.2,28.0,0.0,0.0,0.0
2025-09-16T06:00,13.2,73,15.5,27.5,53.0,24.0,29.0
2025-09-16T07:00,14.2,99,14.4,23.7,170.0,81.0,89.0
2025-09-16T08:00,15.0,53,19.1,29.8,303.0,160.0,143.0
2025-09-16T09:00,15.9,48,20.0,30.8,430.0,277.0,153.0
2025-09-16T10:00,16.7,69,24.7,37.7,585.0,461.0,124.0
2025-09-16T11:00,16.9,91,24.4,37.2,576.0,411.0,165.0
2025-09-16T12:00,17.1,67,24.4,37.5,576.0,368.0,208.0
2025-09-16T13:00,17.2,86,21.4,32.6,596.0,446.0,150.0
2025-09-16T14:00,17.1,84,22.0,33.7,505.0,365.0,140.0
2025-09-16T15:00,16.9,89,21.8,33.1,397.0,296.0,101.0
2025-09-16T16:00,16.1,64,16.4,27.8,210.0,125.0,85.0
2025-09-16T17:00,15.1,90,12.1,22.7,78.0,33.0,45.0
2025-09-16T18:00,13.6,43,8.5,18.5,3.0,0.0,3.0
2025-09-16T19:00,13.1,6,8.6,18.7,0.0,0.0,0.0
2025-09-16T20:00,12.2,7,10.2,21.7,0.0,0.0,0.0
2025-09-16T21:00,11.6,94,11.2,23.3,0.0,0.0,0.0
2025-09-16T22:00,11.2,91,11.5,24.0,0.0,0.0,0.0
2025-09-16T23:00,10.9,51,12.3,25.8,0.0,0.0,0.0
2025-09-17T00:00,10.8,95,12.8,27.1,0.0,0.0,0.0
2025-09-17T01:00,10.9,94,12.4,26.4,0.0,0.0,0.0
2025-09-17T02:00,10.6,100,11.9,25.5,0.0,0.0,0.0
2025-09-17T03:00,10.2,32,10.9,24.3,0.0,0.0,0.0
2025-09-17T04:00,9.9,19,11.2,24.4,0.0,0.0,0.0
2025-09-17T05:00,9.8,12,10.3,22.8,0.0,0.0,0.0
2025-09-17T06:00,10.5,53,9.1,19.1,53.0,29.0,24.0
2025-09-17T07:00,12.4,100,7.3,14.0,200.0,138.0,62.0
2025-09-17T08:00,14.1,19,7.4,11.1,361.0,278.0,83.0
2025-09-17T09:00,15.5,43,12.2,17.6,507.0,419.0,88.0
2025-09-17T10:00,16.4,90,14.3,21.1,553.0,413.0,140.0
2025-09-17T11:00,16.5,32,15.5,23.4,422.0,166.0,256.0
2025-09-17T12:00,17.1,100,15.0,22.3,519.0,279.0,240.0
2025-09-17T13:00,17.0,97,13.3,19.9,381.0,135.0,246.0
2025-09-17T14:00,17.0,100,12.7,19.4,286.0,68.0,218.0
2025-09-17T15:00,16.4,100,9.2,16.4,125.0,0.0,125.0
2025-09-17T16:00,16.0,73,8.3,16.1,81.0,0.0,81.0
2025-09-17T17:00,15.1,19,7.5,16.5,65.0,26.0,39.0
2025-09-17T18:00,14.0,19,9.2,20.0,3.0,0.0,3.0
2025-09-17T19:00,13.4,25,8.7,20.1,0.0,0.0,0.0
2025-09-17T20:00,13.0,12,7.5,18.3,0.0,0.0,0.0
2025-09-17T21:00,12.7,17,8.0,18.3,0.0,0.0,0.0
2025-09-17T22:00,12.4,15,8.3,18.4,0.0,0.0,0.0
2025-09-17T23:00,12.3,12,7.9,17.8,0.0,0.0,0.0
2025-09-18T00:00,12.1,11,8.6,18.5,0.0,0.0,0.0
2025-09-18T01:00,13.1,10,9.4,20.7,0.0,0.0,0.0
2025-09-18T02:00,12.7,14,7.3,17.5,0.0,0.0,0.0
2025-09-18T03:00,12.4,23,6.4,14.9,0.0,0.0,0.0
2025-09-18T04:00,12.1,6,6.6,13.9,0.0,0.0,0.0
2025-09-18T05:00,11.8,0,8.5,16.8,0.0,0.0,0.0
2025-09-18T06:00,12.9,0,8.8,18.5,50.0,27.0,23.0
2025-09-18T07:00,15.2,0,7.1,17.7,196.0,140.0,56.0
2025-09-18T08:00,17.8,0,2.8,7.5,358.0,284.0,74.0
2025-09-18T09:00,19.6,0,2.9,4.7,498.0,415.0,83.0
2025-09-18T10:00,20.9,0,3.5,5.2,604.0,514.0,90.0
2025-09-18T11:00,22.0,0,4.0,5.9,663.0,571.0,92.0
2025-09-18T12:00,22.9,0,4.4,6.4,670.0,578.0,92.0
2025-09-18T13:00,23.6,0,4.5,6.5,626.0,537.0,89.0
2025-09-18T14:00,23.8,0,5.3,7.7,533.0,450.0,83.0
2025-09-18T15:00,23.5,0,5.7,8.5,399.0,325.0,74.0
2025-09-18T16:00,22.5,0,3.8,9.3,240.0,179.0,61.0
2025-09-18T17:00,20.2,0,3.8,10.5,84.0,50.0,34.0
2025-09-18T18:00,18.9,0,6.3,13.8,2.0,0.0,2.0
2025-09-18T19:00,17.9,0,8.6,18.3,0.0,0.0,0.0
2025-09-18T20:00,17.0,0,8.5,19.3,0.0,0.0,0.0
2025-09-18T21:00,16.1,0,8.3,18.9,0.0,0.0,0.0
2025-09-18T22:00,15.4,0,8.7,18.3,0.0,0.0,0.0
2025-09-18T23:00,14.6,0,8.5,17.6,0.0,0.0,0.0
2025-09-19T00:00,14.1,0,8.3,16.3,0.0,0.0,0.0
2025-09-19T01:00,13.1,0,8.4,16.5,0.0,0.0,0.0
2025-09-19T02:00,12.5,3,7.7,13.5,0.0,0.0,0.0
2025-09-19T03:00,11.8,15,6.9,10.3,0.0,0.0,0.0
2025-09-19T04:00,10.8,29,6.4,7.0,0.0,0.0,0.0
2025-09-19T05:00,9.8,100,5.2,4.3,0.0,0.0,0.0
2025-09-19T06:00,10.4,96,5.8,6.4,44.0,20.0,24.0
2025-09-19T07:00,13.0,2,3.2,7.8,173.0,93.0,80.0
2025-09-19T08:00,17.1,0,2.2,9.6,342.0,241.0,101.0
2025-09-19T09:00,20.5,3,3.8,7.0,502.0,407.0,95.0
2025-09-19T10:00,22.8,3,5.6,8.1,613.0,514.0,99.0
2025-09-19T11:00,24.4,1,6.8,9.5,677.0,581.0,96.0
2025-09-19T12:00,25.3,0,8.1,11.3,686.0,594.0,92.0
2025-09-19T13:00,25.9,0,8.9,12.6,640.0,553.0,87.0
2025-09-19T14:00,25.8,0,10.2,15.0,543.0,461.0,82.0
2025-09-19T15:00,25.0,0,10.2,16.4,406.0,332.0,74.0
2025-09-19T16:00,23.6,0,9.4,18.6,242.0,183.0,59.0
2025-09-19T17:00,21.1,0,8.9,20.6,82.0,50.0,32.0
2025-09-19T18:00,19.5,0,9.8,23.4,2.0,0.0,2.0
2025-09-19T19:00,18.6,0,10.0,24.2,0.0,0.0,0.0
2025-09-19T20:00,18.0,0,8.4,22.6,0.0,0.0,0.0
2025-09-19T21:00,16.9,0,4.4,12.2,0.0,0.0,0.0
2025-09-19T22:00,16.2,0,5.0,14.7,0.0,0.0,0.0
2025-09-19T23:00,15.9,0,9.0,18.1,0.0,0.0,0.0
2025-09-20T00:00,16.2,0,9.1,20.5,0.0,0.0,0.0
2025-09-20T01:00,14.9,0,9.4,19.1,0.0,0.0,0.0
2025-09-20T02:00,14.4,15,9.3,19.0,0.0,0.0,0.0
2025-09-20T03:00,14.1,86,9.6,19.0,0.0,0.0,0.0
2025-09-20T04:00,13.6,44,9.5,18.9,0.0,0.0,0.0
2025-09-20T05:00,13.2,19,9.5,19.6,0.0,0.0,0.0
2025-09-20T06:00,13.9,44,9.3,18.6,47.0,27.0,20.0
2025-09-20T07:00,16.5,32,7.4,17.9,189.0,129.0,60.0
2025-09-20T08:00,20.0,7,5.2,15.9,352.0,274.0,78.0
2025-09-20T09:00,23.6,2,1.8,9.7,501.0,423.0,78.0
2025-09-20T10:00,26.1,0,1.3,2.5,607.0,522.0,85.0
2025-09-20T11:00,27.5,0,1.9,2.2,666.0,578.0,88.0
2025-09-20T12:00,27.8,0,4.4,5.6,672.0,584.0,88.0
2025-09-20T13:00,28.3,0,7.1,9.5,625.0,539.0,86.0
2025-09-20T14:00,27.6,0,8.5,11.9,527.0,447.0,80.0
2025-09-20T15:00,26.8,0,8.1,12.9,389.0,316.0,73.0
2025-09-20T16:00,25.5,5,5.1,12.4,228.0,170.0,58.0
2025-09-20T17:00,23.1,9,4.8,11.7,73.0,43.0,30.0
2025-09-20T18:00,22.0,1,6.6,14.5,1.0,0.0,1.0
2025-09-20T19:00,20.4,0,6.7,15.3,0.0,0.0,0.0
2025-09-20T20:00,19.4,6,6.2,12.3,0.0,0.0,0.0
2025-09-20T21:00,18.1,25,4.8,7.9,0.0,0.0,0.0
2025-09-20T22:00,17.5,0,6.5,8.5,0.0,0.0,0.0
2025-09-20T23:00,17.4,0,7.9,13.8,0.0,0.0,0.0
2025-09-21T00:00,17.2,1,10.7,19.7,0.0,0.0,0.0
2025-09-21T01:00,16.2,0,10.9,20.6,0.0,0.0,0.0
2025-09-21T02:00,15.8,20,10.4,19.9,0.0,0.0,0.0
2025-09-21T03:00,15.4,59,9.2,15.7,0.0,0.0,0.0
2025-09-21T04:00,15.0,47,7.3,9.7,0.0,0.0,0.0
2025-09-21T05:00,14.5,29,4.9,4.2,0.0,0.0,0.0
2025-09-21T06:00,14.9,49,4.3,0.4,41.0,19.0,22.0
2025-09-21T07:00,18.0,9,1.8,3.2,173.0,107.0,66.0
2025-09-21T08:00,21.4,0,2.4,5.0,337.0,260.0,77.0
2025-09-21T09:00,23.3,0,3.9,5.5,480.0,398.0,82.0
2025-09-21T10:00,24.2,0,7.5,10.4,584.0,497.0,87.0
2025-09-21T11:00,25.0,20,8.9,12.6,641.0,551.0,90.0
2025-09-21T12:00,25.4,2,9.8,13.9,646.0,556.0,90.0
2025-09-21T13:00,26.2,13,10.0,14.4,597.0,506.0,91.0
2025-09-21T14:00,25.8,15,11.4,16.5,466.0,371.0,95.0
2025-09-21T15:00,24.9,31,11.1,16.7,322.0,236.0,86.0
2025-09-21T16:00,23.4,100,10.7,17.4,175.0,111.0,64.0
2025-09-21T17:00,19.1,60,1.9,7.5,25.0,3.0,22.0
2025-09-21T18:00,19.0,94,11.0,20.6,1.0,0.0,1.0
2025-09-21T19:00,18.5,94,8.7,17.6,0.0,0.0,0.0
2025-09-21T20:00,18.0,100,9.1,17.1,0.0,0.0,0.0
2025-09-21T21:00,17.2,100,9.7,18.3,0.0,0.0,0.0
2025-09-21T22:00,16.8,100,8.1,15.7,0.0,0.0,0.0
2025-09-21T23:00,16.0,100,12.7,21.4,0.0,0.0,0.0
2025-09-22T00:00,15.2,100,12.1,20.4,0.0,0.0,0.0
2025-09-22T01:00,15.1,100,7.7,14.4,0.0,0.0,0.0
2025-09-22T02:00,14.9,100,5.2,9.3,0.0,0.0,0.0
2025-09-22T03:00,15.0,99,7.7,12.4,0.0,0.0,0.0
2025-09-22T04:00,14.9,100,6.3,11.8,0.0,0.0,0.0
2025-09-22T05:00,14.4,100,7.9,14.2,0.0,0.0,0.0
2025-09-22T06:00,14.3,100,10.1,16.0,18.0,2.0,16.0
2025-09-22T07:00,14.2,100,9.8,15.2,60.0,3.0,57.0
2025-09-22T08:00,14.8,100,11.0,16.5,118.0,0.0,118.0
2025-09-22T09:00,15.8,100,10.8,15.9,186.0,12.0,174.0
2025-09-22T10:00,16.8,100,10.7,15.7,162.0,7.0,155.0
2025-09-22T11:00,16.4,100,10.6,16.6,97.0,0.0,97.0
2025-09-22T12:00,15.9,100,10.1,15.7,102.0,1.0,101.0
2025-09-22T13:00,15.5,100,9.7,13.9,245.0,51.0,194.0
2025-09-22T14:00,14.9,100,10.4,15.3,132.0,9.0,123.0
2025-09-22T15:00,14.6,100,10.5,15.6,100.0,7.0,93.0
2025-09-22T16:00,14.1,100,11.4,17.5,63.0,6.0,57.0
2025-09-22T17:00,13.2,100,9.8,15.1,19.0,1.0,18.0
2025-09-22T18:00,12.6,100,9.1,14.3,0.0,0.0,0.0
2025-09-22T19:00,12.2,100,8.3,13.3,0.0,0.0,0.0
2025-09-22T20:00,11.9,100,7.2,11.2,0.0,0.0,0.0
2025-09-22T21:00,11.6,100,10.6,16.5,0.0,0.0,0.0
2025-09-22T22:00,11.1,100,7.5,11.8,0.0,0.0,0.0
2025-09-22T23:00,10.8,100,6.5,10.0,0.0,0.0,0.0
2025-09-23T00:00,10.5,100,6.7,10.6,0.0,0.0,0.0
2025-09-23T01:00,9.8,100,7.2,10.9,0.0,0.0,0.0
2025-09-23T02:00,9.4,100,6.7,10.2,0.0,0.0,0.0
2025-09-23T03:00,9.4,100,4.5,6.4,0.0,0.0,0.0
2025-09-23T04:00,9.4,100,5.4,7.2,0.0,0.0,0.0
2025-09-23T05:00,9.2,100,7.0,10.6,0.0,0.0,0.0
2025-09-23T06:00,9.4,100,6.4,9.4,12.0,0.0,12.0
2025-09-23T07:00,9.8,100,7.1,10.1,48.0,2.0,46.0
2025-09-23T08:00,10.4,100,8.8,12.6,75.0,1.0,74.0
2025-09-23T09:00,11.3,100,10.6,15.5,116.0,9.0,107.0
2025-09-23T10:00,12.9,100,13.6,20.1,218.0,29.0,189.0
2025-09-23T11:00,14.1,100,16.3,24.7,191.0,12.0,179.0
2025-09-23T12:00,14.5,100,19.1,29.3,163.0,4.0,159.0
2025-09-23T13:00,13.4,100,18.5,28.1,144.0,9.0,135.0
2025-09-23T14:00,13.2,100,16.8,26.1,86.0,0.0,86.0
2025-09-23T15:00,13.4,100,17.1,26.3,61.0,0.0,61.0
2025-09-23T16:00,13.4,100,14.3,24.8,40.0,0.0,40.0
2025-09-23T17:00,13.2,100,16.7,28.9,15.0,0.0,15.0
2025-09-23T18:00,12.6,100,17.5,30.2,0.0,0.0,0.0
2025-09-23T19:00,12.4,100,16.8,29.1,0.0,0.0,0.0
2025-09-23T20:00,12.1,100,16.1,28.4,0.0,0.0,0.0
2025-09-23T21:00,12.0,100,15.2,26.8,0.0,0.0,0.0
2025-09-23T22:00,11.9,100,13.5,24.5,0.0,0.0,0.0
2025-09-23T23:00,11.8,100,13.9,25.0,0.0,0.0,0.0
2025-09-24T00:00,11.6,100,13.7,24.6,0.0,0.0,0.0
2025-09-24T01:00,10.6,100,13.2,23.5,0.0,0.0,0.0
2025-09-24T02:00,10.3,100,10.6,18.7,0.0,0.0,0.0
2025-09-24T03:00,10.1,100,11.2,19.7,0.0,0.0,0.0
2025-09-24T04:00,9.9,100,11.6,20.0,0.0,0.0,0.0
2025-09-24T05:00,9.6,100,12.9,22.6,0.0,0.0,0.0
2025-09-24T06:00,9.5,100,14.0,23.9,5.0,0.0,5.0
2025-09-24T07:00,9.5,100,14.8,25.6,39.0,0.0,39.0
2025-09-24T08:00,9.8,100,17.1,26.8,76.0,1.0,75.0
2025-09-24T09:00,10.4,100,18.4,30.3,159.0,13.0,146.0
2025-09-24T10:00,10.9,100,21.8,33.2,174.0,0.0,174.0
2025-09-24T11:00,11.6,100,19.0,29.0,189.0,13.0,176.0
2025-09-24T12:00,12.4,100,17.7,26.5,237.0,30.0,207.0
2025-09-24T13:00,10.7,100,14.9,24.4,59.0,0.0,59.0
2025-09-24T14:00,10.8,100,13.6,22.7,90.0,0.0,90.0
2025-09-24T15:00,10.9,100,12.7,19.6,98.0,2.0,96.0
2025-09-24T16:00,10.7,100,8.9,16.1,42.0,0.0,42.0
2025-09-24T17:00,10.6,100,8.6,15.6,9.0,0.0,9.0
2025-09-24T18:00,10.4,100,8.1,14.8,0.0,0.0,0.0
2025-09-24T19:00,10.2,100,7.6,13.6,0.0,0.0,0.0
2025-09-24T20:00,10.2,100,6.0,11.1,0.0,0.0,0.0
2025-09-24T21:00,10.1,100,5.0,8.4,0.0,0.0,0.0
2025-09-24T22:00,9.9,100,4.1,6.2,0.0,0.0,0.0
2025-09-24T23:00,10.0,100,2.6,2.2,0.0,0.0,0.0
2025-09-25T00:00,9.7,100,4.3,8.1,0.0,0.0,0.0
2025-09-25T01:00,9.1,100,1.2,3.6,0.0,0.0,0.0
2025-09-25T02:00,9.1,100,4.6,8.0,0.0,0.0,0.0
2025-09-25T03:00,9.0,100,3.1,7.2,0.0,0.0,0.0
2025-09-25T04:00,9.2,100,5.6,11.2,0.0,0.0,0.0
2025-09-25T05:00,9.3,100,7.7,14.6,0.0,0.0,0.0
2025-09-25T06:00,9.6,58,7.8,14.7,8.0,0.0,8.0
2025-09-25T07:00,10.4,100,8.1,13.5,99.0,17.0,82.0
2025-09-25T08:00,10.6,100,7.8,12.2,104.0,14.0,90.0
2025-09-25T09:00,11.1,97,9.4,14.6,160.0,2.0,158.0
2025-09-25T10:00,11.7,63,9.9,14.7,290.0,101.0,189.0
2025-09-25T11:00,12.8,74,10.1,14.8,482.0,283.0,199.0
2025-09-25T12:00,13.5,91,9.6,13.8,474.0,279.0,195.0
2025-09-25T13:00,13.5,40,7.0,9.6,436.0,278.0,158.0
2025-09-25T14:00,13.2,55,5.6,7.6,359.0,244.0,115.0
2025-09-25T15:00,13.1,73,4.4,6.0,276.0,177.0,99.0
2025-09-25T16:00,12.2,73,3.3,5.2,150.0,75.0,75.0
2025-09-25T17:00,11.1,74,0.7,4.1,41.0,15.0,26.0
2025-09-25T18:00,10.7,28,3.1,8.5,0.0,0.0,0.0
2025-09-25T19:00,10.0,42,3.8,10.3,0.0,0.0,0.0
2025-09-25T20:00,9.8,100,4.2,11.8,0.0,0.0,0.0
2025-09-25T21:00,9.6,100,3.3,9.8,0.0,0.0,0.0
2025-09-25T22:00,9.6,100,5.5,11.4,0.0,0.0,0.0
2025-09-25T23:00,8.6,100,6.8,14.2,0.0,0.0,0.0
2025-09-26T00:00,8.6,100,5.2,13.1,0.0,0.0,0.0
2025-09-26T01:00,9.9,100,9.9,20.1,0.0,0.0,0.0
2025-09-26T02:00,10.6,100,11.3,20.9,0.0,0.0,0.0
2025-09-26T03:00,10.7,100,11.1,20.0,0.0,0.0,0.0
2025-09-26T04:00,10.6,100,10.6,19.3,0.0,0.0,0.0
2025-09-26T05:00,10.6,100,8.9,16.6,0.0,0.0,0.0
2025-09-26T06:00,10.7,100,9.2,16.1,15.0,3.0,12.0
2025-09-26T07:00,11.2,100,11.3,18.4,91.0,21.0,70.0
2025-09-26T08:00,11.9,100,10.0,15.0,161.0,27.0,134.0
2025-09-26T09:00,13.4,100,10.7,15.6,298.0,97.0,201.0
2025-09-26T10:00,14.5,100,9.8,14.1,362.0,129.0,233.0
2025-09-26T11:00,15.9,100,10.0,14.6,432.0,182.0,250.0
2025-09-26T12:00,16.2,98,10.3,15.0,347.0,84.0,263.0
2025-09-26T13:00,15.1,100,9.1,12.9,312.0,95.0,217.0
2025-09-26T14:00,15.8,95,11.0,16.0,365.0,177.0,188.0
2025-09-26T15:00,15.6,100,9.8,14.7,231.0,95.0,136.0
2025-09-26T16:00,15.3,83,7.5,13.9,130.0,41.0,89.0
2025-09-26T17:00,13.9,96,7.6,15.3,36.0,11.0,25.0
2025-09-26T18:00,13.1,36,6.9,15.5,0.0,0.0,0.0
2025-09-26T19:00,12.1,31,3.9,11.2,0.0,0.0,0.0
2025-09-26T20:00,11.5,96,8.7,12.7,0.0,0.0,0.0
2025-09-26T21:00,11.1,100,10.9,21.8,0.0,0.0,0.0
2025-09-26T22:00,11.4,100,8.0,14.8,0.0,0.0,0.0
2025-09-26T23:00,11.3,100,4.9,9.3,0.0,0.0,0.0
2025-09-27T00:00,11.2,56,6.0,11.0,0.0,0.0,0.0
2025-09-27T01:00,11.6,90,4.2,7.6,0.0,0.0,0.0
2025-09-27T02:00,11.1,65,5.2,7.1,0.0,0.0,0.0
2025-09-27T03:00,10.2,27,6.3,9.8,0.0,0.0,0.0
2025-09-27T04:00,9.6,47,6.0,12.9,0.0,0.0,0.0
2025-09-27T05:00,9.2,60,6.0,13.3,0.0,0.0,0.0
2025-09-27T06:00,9.9,86,6.7,14.1,21.0,3.0,18.0
2025-09-27T07:00,11.3,100,8.8,12.8,96.0,24.0,72.0
2025-09-27T08:00,12.2,100,7.5,10.6,206.0,73.0,133.0
2025-09-27T09:00,13.3,100,5.9,8.1,272.0,108.0,164.0
2025-09-27T10:00,13.7,100,7.7,10.6,322.0,146.0,176.0
2025-09-27T11:00,14.5,75,7.8,11.1,422.0,212.0,210.0
2025-09-27T12:00,15.0,46,5.8,8.3,348.0,153.0,195.0
2025-09-27T13:00,15.2,65,6.1,8.6,357.0,181.0,176.0
2025-09-27T14:00,15.2,59,7.6,10.5,334.0,223.0,111.0
2025-09-27T15:00,14.9,44,7.3,10.4,277.0,185.0,92.0
2025-09-27T16:00,14.6,38,3.8,7.4,152.0,85.0,67.0
2025-09-27T17:00,13.4,50,3.1,7.0,33.0,14.0,19.0
2025-09-27T18:00,12.6,62,3.2,8.6,0.0,0.0,0.0
2025-09-27T19:00,12.1,66,5.0,9.8,0.0,0.0,0.0
2025-09-27T20:00,11.6,68,5.1,11.3,0.0,0.0,0.0
2025-09-27T21:00,10.8,27,4.0,9.8,0.0,0.0,0.0
2025-09-27T22:00,10.2,32,3.1,6.1,0.0,0.0,0.0
2025-09-27T23:00,10.1,48,3.8,7.3,0.0,0.0,0.0
2025-09-28T00:00,9.8,95,4.3,7.0,0.0,0.0,0.0
2025-09-28T01:00,9.9,32,3.1,7.8,0.0,0.0,0.0
2025-09-28T02:00,9.8,70,1.9,4.4,0.0,0.0,0.0
2025-09-28T03:00,9.6,100,3.4,3.5,0.0,0.0,0.0
2025-09-28T04:00,9.9,100,5.0,7.3,0.0,0.0,0.0
2025-09-28T05:00,9.9,100,3.6,4.7,0.0,0.0,0.0
2025-09-28T06:00,9.9,100,3.8,5.5,13.0,1.0,12.0
2025-09-28T07:00,10.5,100,2.7,3.2,80.0,8.0,72.0
2025-09-28T08:00,11.4,100,1.6,1.2,145.0,13.0,132.0
2025-09-28T09:00,12.2,100,4.8,5.9,226.0,41.0,185.0
2025-09-28T10:00,13.1,100,5.4,7.1,229.0,12.0,217.0
2025-09-28T11:00,14.1,65,7.3,9.9,310.0,64.0,246.0
2025-09-28T12:00,14.9,40,8.5,11.8,413.0,192.0,221.0
2025-09-28T13:00,14.8,47,9.7,13.8,440.0,259.0,181.0
2025-09-28T14:00,15.4,56,9.4,13.6,334.0,160.0,174.0
2025-09-28T15:00,15.6,66,8.9,12.9,254.0,120.0,134.0
2025-09-28T16:00,14.9,10,8.2,14.4,137.0,66.0,71.0
2025-09-28T17:00,13.4,12,8.1,17.9,37.0,16.0,21.0
2025-09-28T18:00,12.9,13,7.5,17.4,0.0,0.0,0.0
2025-09-28T19:00,11.8,7,4.0,12.0,0.0,0.0,0.0
2025-09-28T20:00,10.9,4,2.4,8.2,0.0,0.0,0.0
2025-09-28T21:00,10.6,14,1.7,5.1,0.0,0.0,0.0
2025-09-28T22:00,10.2,23,1.8,3.4,0.0,0.0,0.0
2025-09-28T23:00,9.9,23,2.4,3.8,0.0,0.0,0.0
2025-09-29T00:00,9.6,4,3.1,5.5,0.0,0.0,0.0
2025-09-29T01:00,9.1,4,5.2,10.1,0.0,0.0,0.0
2025-09-29T02:00,8.8,32,5.9,10.7,0.0,0.0,0.0
2025-09-29T03:00,8.7,33,6.1,12.3,0.0,0.0,0.0
2025-09-29T04:00,8.6,23,6.8,14.8,0.0,0.0,0.0
2025-09-29T05:00,8.4,95,6.7,15.2,0.0,0.0,0.0
2025-09-29T06:00,8.8,100,7.0,14.5,21.0,4.0,17.0
2025-09-29T07:00,10.1,100,6.7,10.2,105.0,20.0,85.0
2025-09-29T08:00,11.6,85,6.9,9.9,161.0,33.0,128.0
2025-09-29T09:00,12.9,82,7.2,10.2,268.0,92.0,176.0
2025-09-29T10:00,13.8,51,7.3,10.0,350.0,148.0,202.0
2025-09-29T11:00,14.6,47,5.9,8.3,449.0,254.0,195.0
2025-09-29T12:00,15.5,55,4.9,6.9,496.0,352.0,144.0
2025-09-29T13:00,15.1,76,7.6,10.6,372.0,195.0,177.0
2025-09-29T14:00,14.9,34,6.7,9.4,286.0,150.0,136.0
2025-09-29T15:00,14.8,26,5.8,8.4,271.0,181.0,90.0
2025-09-29T16:00,14.1,39,4.3,8.1,159.0,99.0,60.0
2025-09-29T17:00,13.1,37,1.0,5.5,31.0,14.0,17.0
2025-09-29T18:00,12.4,58,1.5,2.6,0.0,0.0,0.0
2025-09-29T19:00,12.1,100,1.3,2.7,0.0,0.0,0.0
2025-09-29T20:00,11.7,95,2.2,4.1,0.0,0.0,0.0
2025-09-29T21:00,11.4,96,3.4,7.8,0.0,0.0,0.0
2025-09-29T22:00,11.1,100,5.1,9.5,0.0,0.0,0.0
2025-09-29T23:00,10.6,100,5.1,8.8,0.0,0.0,0.0
2025-09-30T00:00,10.2,100,4.1,7.2,0.0,0.0,0.0
2025-09-30T01:00,10.5,100,2.3,2.6,0.0,0.0,0.0
2025-09-30T02:00,10.6,100,6.0,12.8,0.0,0.0,0.0
2025-09-30T03:00,10.1,100,9.4,17.6,0.0,0.0,0.0
2025-09-30T04:00,10.1,100,4.2,10.1,0.0,0.0,0.0
2025-09-30T05:00,9.9,100,3.1,7.4,0.0,0.0,0.0
2025-09-30T06:00,9.9,100,5.6,12.0,7.0,0.0,7.0
2025-09-30T07:00,10.4,100,5.1,8.1,43.0,0.0,43.0
2025-09-30T08:00,10.8,100,5.8,8.0,107.0,2.0,105.0
2025-09-30T09:00,11.4,100,4.4,5.8,162.0,11.0,151.0
2025-09-30T10:00,11.7,99,7.2,10.1,176.0,20.0,156.0
2025-09-30T11:00,12.1,63,6.4,9.2,212.0,6.0,206.0
2025-09-30T12:00,13.4,45,4.7,6.8,396.0,195.0,201.0
2025-09-30T13:00,14.1,92,4.7,6.8,258.0,92.0,166.0
2025-09-30T14:00,11.3,100,13.5,20.6,201.0,94.0,107.0
2025-09-30T15:00,11.2,57,3.6,5.5,193.0,80.0,113.0
2025-09-30T16:00,11.1,75,4.2,6.0,113.0,54.0,59.0
2025-09-30T17:00,9.9,100,0.4,3.8,23.0,7.0,16.0
2025-09-30T18:00,9.6,100,6.8,11.4,0.0,0.0,0.0
2025-09-30T19:00,9.4,100,10.2,19.5,0.0,0.0,0.0
2025-09-30T20:00,9.1,100,11.3,20.3,0.0,0.0,0.0
2025-09-30T21:00,8.9,95,8.6,16.3,0.0,0.0,0.0
2025-09-30T22:00,8.6,84,6.0,12.9,0.0,0.0,0.0
2025-09-30T23:00,8.4,95,5.6,12.3,0.0,0.0,0.0
