start,end,Biomass,Hydropower,Wind Offshore,Wind Onshore,Solar,Other Renewable,Nuclear,Lignite,Hard Coal,Fossil Gas,Pumped Storage,Other Conventional,time,temp_C,cloud_pct,wind_10m,wind_100m,solar_total,solar_direct,solar_diffuse,wind_100m_ms
2025-07-01 02:00:00,"Jul 1, 2025 3:00 AM",3696.88,1638.35,2782.5,11524.61,52.53,75.52,0,8013.5,4394.5,7257.0,235.25,1316.5,2025-07-01 02:00:00,20.2,0.0,7.875,16.45,0.0,0.0,0.0,4.569444444444444
2025-07-01 03:00:00,"Jul 1, 2025 4:00 AM",3671.44,1602.46,3181.85,11114.18,52.52,76.48,0,8031.5,3729.25,6966.5,484.75,1391.5,2025-07-01 03:00:00,18.525,13.75,7.825,16.15,0.0,0.0,0.0,4.486111111111111
2025-07-01 04:00:00,"Jul 1, 2025 5:00 AM",3730.06,1506.19,3381.02,10822.79,58.42,77.69,0,8025.25,3633.25,7338.5,429.75,1362.25,2025-07-01 04:00:00,17.925,10.0,8.625,17.9,0.0,0.0,0.0,4.972222222222221
2025-07-01 05:00:00,"Jul 1, 2025 6:00 AM",3846.44,1489.29,3039.67,10242.2,621.99,77.79,0,8491.75,3802.25,7768.0,323.5,1344.25,2025-07-01 05:00:00,17.3,0.0,8.575,17.725,0.0,0.0,0.0,4.923611111111112
2025-07-01 06:00:00,"Jul 1, 2025 7:00 AM",4110.22,1681.75,2790.79,8851.47,3963.46,77.86,0,8717.5,4079.75,7958.0,775.0,1239.5,2025-07-01 06:00:00,17.275,0.25,8.775,17.425,21.5,8.75,12.75,4.840277777777778
2025-07-01 07:00:00,"Jul 1, 2025 8:00 AM",4146.16,1947.98,1915.07,5710.07,11861.5,78.78,0,8821.75,4277.0,8226.0,1010.75,1201.5,2025-07-01 07:00:00,18.325,0.0,7.225,18.0,115.75,69.75,46.0,5.0
2025-07-01 08:00:00,"Jul 1, 2025 9:00 AM",3928.5,1773.16,1398.92,2145.88,23253.22,77.17,0,8778.5,4119.5,7832.5,685.25,1178.25,2025-07-01 08:00:00,20.4,0.25,5.825,11.0,256.75,187.5,69.25,3.0555555555555554
2025-07-01 09:00:00,"Jul 1, 2025 10:00 AM",3668.65,1627.76,990.65,918.24,33664.12,76.17,0,7961.5,3445.0,4708.75,65.75,1195.0,2025-07-01 09:00:00,22.825,0.0,5.6000000000000005,8.1,412.0,327.5,84.5,2.25
2025-07-01 10:00:00,"Jul 1, 2025 11:00 AM",3493.0,1504.62,576.83,685.5,40800.06,77.28,0,7099.25,2576.25,3765.0,48.0,1404.75,2025-07-01 10:00:00,25.325,1.5,5.9,8.2,562.0,467.25,94.75,2.2777777777777777
2025-07-01 11:00:00,"Jul 1, 2025 12:00 PM",3415.13,1490.65,235.89,709.14,45633.79,74.18,0,6467.75,2469.5,3082.0,14.75,1399.25,2025-07-01 11:00:00,27.475,5.25,6.45,8.825,692.5,589.5,103.0,2.451388888888889
2025-07-01 12:00:00,"Jul 1, 2025 1:00 PM",3336.84,1492.6,115.07,608.76,47876.11,72.61,0,6470.75,2298.25,2923.0,33.25,1392.5,2025-07-01 12:00:00,29.3,4.5,6.425000000000001,8.625,784.75,672.75,112.0,2.3958333333333335
2025-07-01 13:00:00,"Jul 1, 2025 2:00 PM",3288.6,1490.14,60.98,563.3,47488.2,69.91,0,6864.75,2209.0,3095.75,59.5,1392.75,2025-07-01 13:00:00,30.725,7.0,6.55,8.65,839.0,720.5,118.5,2.4027777777777777
2025-07-01 14:00:00,"Jul 1, 2025 3:00 PM",3304.27,1613.18,119.65,519.37,45076.18,72.31,0,6960.5,2620.25,3093.5,55.0,1378.25,2025-07-01 14:00:00,31.725,12.25,6.725,8.8,853.0,728.75,124.25,2.4444444444444446
2025-07-01 15:00:00,"Jul 1, 2025 4:00 PM",3298.26,1538.23,99.85,529.59,40895.3,68.1,0,6987.0,2705.0,3145.5,132.75,1272.5,2025-07-01 15:00:00,32.6,25.75,6.875,9.1,761.0,609.75,151.25,2.5277777777777777
2025-07-01 16:00:00,"Jul 1, 2025 5:00 PM",3368.32,1590.08,229.91,602.32,35915.02,61.94,0,7917.75,3001.75,3810.25,114.75,1441.25,2025-07-01 16:00:00,32.7,23.0,7.225,9.625,706.75,563.5,143.25,2.673611111111111
2025-07-01 17:00:00,"Jul 1, 2025 6:00 PM",3515.71,1756.29,490.76,861.31,28157.6,67.72,0,9176.5,3388.25,6090.25,136.0,1546.0,2025-07-01 17:00:00,32.95,13.5,6.225,7.925,596.5,472.25,124.25,2.201388888888889
2025-07-01 18:00:00,"Jul 1, 2025 7:00 PM",3878.14,1775.31,614.19,841.31,18116.96,68.6,0,9788.5,4023.75,8490.25,1669.25,1543.25,2025-07-01 18:00:00,32.9,19.5,7.324999999999999,9.525,496.25,395.5,100.75,2.6458333333333335
2025-07-01 19:00:00,"Jul 1, 2025 8:00 PM",4203.98,2009.68,980.99,1086.53,8257.95,68.27,0,9899.5,4069.75,9852.0,4388.0,1720.75,2025-07-01 19:00:00,32.425,22.75,8.3,10.95,352.5,265.5,87.0,3.0416666666666665
2025-07-01 20:00:00,"Jul 1, 2025 9:00 PM",4368.09,2474.06,1217.79,1529.48,2504.65,68.72,0,9990.0,4172.75,10257.25,5022.75,1646.5,2025-07-01 20:00:00,31.424999999999997,15.25,9.15,13.475,203.75,138.25,65.5,3.7430555555555554
2025-07-01 21:00:00,"Jul 1, 2025 10:00 PM",4409.2,2602.16,1606.91,2744.94,324.84,70.72,0,10039.0,4215.0,10293.0,5420.0,1791.5,2025-07-01 21:00:00,29.65,16.75,7.7,15.15,77.75,41.75,36.0,4.208333333333333
2025-07-01 22:00:00,"Jul 1, 2025 11:00 PM",4321.8,2399.87,2203.29,4421.48,62.61,72.89,0,9853.25,4234.5,9850.75,4277.75,1608.25,2025-07-01 22:00:00,27.9,11.75,5.05,13.45,7.5,2.25,5.25,3.7361111111111107
2025-07-01 23:00:00,"Jul 2, 2025 12:00 AM",4143.77,2063.04,3312.75,6533.64,53.34,73.78,0,9620.5,4228.25,9186.75,2325.0,1372.0,2025-07-01 23:00:00,26.7,2.5,5.1,13.25,0.0,0.0,0.0,3.6805555555555554
2025-07-02 00:00:00,"Jul 2, 2025 1:00 AM",3947.41,2173.82,3886.94,8409.78,58.17,75.36,0,9218.5,4294.75,7969.75,1066.25,1348.75,2025-07-02 00:00:00,25.5,0.5,6.7,14.45,0.0,0.0,0.0,4.013888888888888
2025-07-02 01:00:00,"Jul 2, 2025 2:00 AM",3821.12,1989.77,3750.56,9847.07,54.67,76.16,0,8589.25,3942.0,7335.25,659.75,1359.5,2025-07-02 01:00:00,24.45,0.5,7.05,15.725000000000001,0.0,0.0,0.0,4.368055555555556
2025-07-02 02:00:00,"Jul 2, 2025 3:00 AM",3723.98,1726.25,3230.17,10508.36,52.47,77.18,0,7988.5,3388.25,6975.25,185.5,1354.25,2025-07-02 02:00:00,23.625,0.25,6.75,15.475,0.0,0.0,0.0,4.298611111111111
2025-07-02 03:00:00,"Jul 2, 2025 4:00 AM",3707.41,1777.45,2732.53,10653.32,52.58,77.78,0,7974.0,3181.75,6916.75,407.0,1359.25,2025-07-02 03:00:00,21.2,4.5,7.574999999999999,16.4,0.0,0.0,0.0,4.555555555555555
2025-07-02 04:00:00,"Jul 2, 2025 5:00 AM",3736.08,1832.86,2569.3,10351.76,59.09,77.87,0,8108.75,2887.75,7187.0,366.25,1369.5,2025-07-02 04:00:00,20.425,0.0,7.8,17.424999999999997,0.0,0.0,0.0,4.840277777777777
2025-07-02 05:00:00,"Jul 2, 2025 6:00 AM",3856.76,1606.81,2666.84,10296.16,609.47,78.33,0,8486.5,3286.5,7408.5,579.25,1376.0,2025-07-02 05:00:00,19.85,0.0,7.7,16.825,0.0,0.0,0.0,4.673611111111111
2025-07-02 06:00:00,"Jul 2, 2025 7:00 AM",4060.61,1559.8,2129.86,9739.06,3914.26,76.87,0,8552.5,3981.75,8142.0,616.25,1365.75,2025-07-02 06:00:00,19.625,0.0,7.35,14.875,21.5,8.75,12.75,4.131944444444445
2025-07-02 07:00:00,"Jul 2, 2025 8:00 AM",4069.88,1643.44,1321.87,7832.09,11544.89,74.1,0,8292.75,4072.5,7830.25,792.5,1345.5,2025-07-02 07:00:00,20.9,0.0,6.2,13.575,114.5,69.0,45.5,3.770833333333333
2025-07-02 08:00:00,"Jul 2, 2025 9:00 AM",3858.2,1780.72,708.42,4010.46,22397.3,73.96,0,7685.75,3909.0,7552.25,831.0,1342.5,2025-07-02 08:00:00,23.35,0.0,5.5,11.425,253.75,183.75,70.0,3.173611111111111
2025-07-02 09:00:00,"Jul 2, 2025 10:00 AM",3616.29,1796.67,711.36,2027.55,31394.34,73.14,0,7171.75,3264.0,6110.75,683.0,1336.0,2025-07-02 09:00:00,26.35,0.0,5.15,9.3,412.0,328.75,83.25,2.5833333333333335
2025-07-02 10:00:00,"Jul 2, 2025 11:00 AM",3423.94,1614.01,1018.08,1777.61,39220.34,71.66,0,6708.5,2708.75,4029.5,41.5,1348.5,2025-07-02 10:00:00,29.325,0.0,5.5,7.825,562.0,468.5,93.5,2.173611111111111
2025-07-02 11:00:00,"Jul 2, 2025 12:00 PM",3277.94,1440.0,1174.42,1502.87,44058.38,64.56,0,6170.5,2234.25,3417.5,1.0,1364.25,2025-07-02 11:00:00,31.825,0.0,6.45,9.15,692.25,590.5,101.75,2.5416666666666665
2025-07-02 12:00:00,"Jul 2, 2025 1:00 PM",3151.91,1437.82,487.66,1725.45,46078.82,60.53,0,6612.25,2028.5,3217.25,5.0,1360.25,2025-07-02 12:00:00,33.55,2.5,8.025,11.275,791.25,684.75,106.5,3.1319444444444446
2025-07-02 13:00:00,"Jul 2, 2025 2:00 PM",3099.53,1363.89,479.47,1716.85,46341.21,58.41,0,6688.0,1988.75,2934.0,3.75,1336.75,2025-07-02 13:00:00,34.325,6.75,8.1,11.149999999999999,835.5,719.5,116.0,3.097222222222222
2025-07-02 14:00:00,"Jul 2, 2025 3:00 PM",3085.63,1419.42,297.54,1422.75,44471.8,58.48,0,6512.75,2041.5,2910.0,30.0,1312.25,2025-07-02 14:00:00,35.15,8.25,6.35,8.525,837.5,712.5,125.0,2.368055555555556
2025-07-02 15:00:00,"Jul 2, 2025 4:00 PM",3103.32,1542.44,487.91,1541.23,39904.58,56.52,0,6924.0,2115.75,2954.75,181.5,1308.5,2025-07-02 15:00:00,35.724999999999994,17.0,7.175000000000001,9.6,751.5,602.0,149.5,2.6666666666666665
2025-07-02 16:00:00,"Jul 2, 2025 5:00 PM",3188.17,1611.97,1133.13,2695.33,33365.05,56.46,0,7295.25,2551.0,3916.0,70.75,1321.5,2025-07-02 16:00:00,36.0,29.75,6.55,8.675,695.25,555.25,140.0,2.4097222222222223
2025-07-02 17:00:00,"Jul 2, 2025 6:00 PM",3376.83,1608.13,1721.45,5564.94,24447.24,64.62,0,7673.25,3284.75,6239.25,210.0,1485.5,2025-07-02 17:00:00,35.575,9.75,8.625,11.475,607.0,475.75,131.25,3.1875
2025-07-02 18:00:00,"Jul 2, 2025 7:00 PM",3668.69,1915.33,1320.0,9180.71,14736.84,66.12,0,8577.0,3711.5,8354.75,2641.25,1815.25,2025-07-02 18:00:00,35.0,29.5,9.075,12.25,485.0,379.25,105.75,3.4027777777777777
2025-07-02 19:00:00,"Jul 2, 2025 8:00 PM",4026.0,2156.1,1826.67,11975.47,6296.26,64.28,0,8955.5,3718.0,9215.5,3223.0,2044.0,2025-07-02 19:00:00,34.575,28.75,6.625,9.4,332.5,240.5,92.0,2.611111111111111
2025-07-02 20:00:00,"Jul 2, 2025 9:00 PM",4153.78,1948.17,1780.71,14911.71,1761.6,66.57,0,9296.75,3692.5,8857.25,2916.25,2119.5,2025-07-02 20:00:00,32.1,46.75,11.25,18.125,193.0,126.25,66.75,5.034722222222222
2025-07-02 21:00:00,"Jul 2, 2025 10:00 PM",4190.86,1994.54,2524.55,13988.53,155.42,71.4,0,9451.0,3704.75,8471.5,2573.75,1886.0,2025-07-02 21:00:00,31.025,57.0,9.25,16.175,58.25,24.25,34.0,4.493055555555555
2025-07-02 22:00:00,"Jul 2, 2025 11:00 PM",4154.57,2089.67,3121.81,14449.17,84.87,78.18,0,9270.0,3661.75,7520.25,3749.75,1511.75,2025-07-02 22:00:00,29.65,47.5,9.475,16.725,5.0,1.0,4.0,4.645833333333334
2025-07-02 23:00:00,"Jul 3, 2025 12:00 AM",3969.49,1695.75,4260.29,15981.74,55.43,77.02,0,8808.25,2716.0,6254.75,946.0,1411.5,2025-07-02 23:00:00,28.05,21.75,8.875,16.6,0.0,0.0,0.0,4.611111111111112
2025-07-03 00:00:00,"Jul 3, 2025 1:00 AM",3807.91,1585.32,5195.68,17199.71,56.45,75.12,0,7612.75,2932.75,4356.5,1624.25,1440.0,2025-07-03 00:00:00,26.725,17.0,11.65,22.174999999999997,0.0,0.0,0.0,6.159722222222221
2025-07-03 01:00:00,"Jul 3, 2025 2:00 AM",3715.43,1620.67,5083.38,17999.73,53.14,76.78,0,7339.25,3117.25,3033.0,278.75,1430.0,2025-07-03 01:00:00,25.8,19.0,11.774999999999999,22.05,0.0,0.0,0.0,6.125
2025-07-03 02:00:00,"Jul 3, 2025 3:00 AM",3685.94,2102.03,3844.98,15872.82,56.22,76.8,0,7421.0,3101.5,3475.5,1524.75,1432.5,2025-07-03 02:00:00,24.9,18.75,13.25,24.475,0.0,0.0,0.0,6.798611111111112
2025-07-03 03:00:00,"Jul 3, 2025 4:00 AM",3703.35,2020.19,3563.17,15407.63,53.18,76.2,0,7408.75,3197.25,3610.5,1200.0,1407.75,2025-07-03 03:00:00,22.05,58.0,11.475,21.3,0.0,0.0,0.0,5.916666666666667
2025-07-03 04:00:00,"Jul 3, 2025 5:00 AM",3730.75,1931.13,3148.71,15849.83,56.8,75.9,0,7238.0,3333.25,3763.75,870.0,1426.75,2025-07-03 04:00:00,21.25,56.75,12.125,21.25,0.0,0.0,0.0,5.902777777777778
2025-07-03 05:00:00,"Jul 3, 2025 6:00 AM",3808.96,1608.19,3987.85,17596.26,368.21,76.84,0,7158.25,3475.25,4131.25,457.5,1406.25,2025-07-03 05:00:00,20.55,40.0,12.95,22.35,0.0,0.0,0.0,6.208333333333334
2025-07-03 06:00:00,"Jul 3, 2025 7:00 AM",4005.76,1783.45,4186.64,17750.63,2539.73,77.46,0,6623.75,3353.25,4508.75,449.25,1395.0,2025-07-03 06:00:00,19.95,60.0,14.675,25.4,15.75,3.75,12.0,7.055555555555555
2025-07-03 07:00:00,"Jul 3, 2025 8:00 AM",4120.65,1963.48,3887.89,16720.89,7020.36,79.12,0,6101.5,3045.25,5365.75,1990.5,1380.0,2025-07-03 07:00:00,20.125,58.5,13.65,22.15,68.75,22.0,46.75,6.152777777777777
2025-07-03 08:00:00,"Jul 3, 2025 9:00 AM",3957.65,1661.58,3711.1,16508.59,13412.68,77.23,0,5638.25,2840.0,5106.75,700.75,1400.25,2025-07-03 08:00:00,20.675,60.5,14.325,22.35,164.0,70.0,94.0,6.208333333333334
2025-07-03 09:00:00,"Jul 3, 2025 10:00 AM",3725.79,1710.08,3600.44,16046.48,20015.91,76.94,0,5606.0,2788.25,4299.0,261.75,1413.25,2025-07-03 09:00:00,21.05,56.5,15.425,23.125,249.25,130.75,118.5,6.423611111111111
2025-07-03 10:00:00,"Jul 3, 2025 11:00 AM",3555.48,1648.8,2482.04,15486.14,25202.36,77.87,0,5678.75,2762.0,3405.5,211.5,1437.75,2025-07-03 10:00:00,21.475,53.0,14.7,21.775,340.75,190.25,150.5,6.048611111111111
2025-07-03 11:00:00,"Jul 3, 2025 12:00 PM",3479.61,1659.9,1775.36,14400.5,29376.99,78.46,0,5841.25,2693.25,2881.0,29.5,1462.75,2025-07-03 11:00:00,22.675,71.25,15.375,22.375,506.5,309.25,197.25,6.215277777777778
2025-07-03 12:00:00,"Jul 3, 2025 1:00 PM",3427.81,1738.44,1188.75,13588.84,32183.75,78.79,0,5836.0,2990.75,2735.5,16.5,1446.0,2025-07-03 12:00:00,23.025,63.75,14.85,21.625,529.0,282.25,246.75,6.006944444444445
2025-07-03 13:00:00,"Jul 3, 2025 2:00 PM",3407.96,1561.38,475.14,12994.47,34827.34,78.29,0,5750.0,3110.25,2559.5,27.75,1450.0,2025-07-03 13:00:00,23.85,37.5,13.4,19.25,630.5,401.25,229.25,5.347222222222222
2025-07-03 14:00:00,"Jul 3, 2025 3:00 PM",3410.91,1538.83,431.32,13145.21,35228.73,79.55,0,5299.75,2530.25,2439.5,60.0,1444.75,2025-07-03 14:00:00,24.825,42.75,14.1,19.95,800.75,617.25,183.5,5.541666666666666
2025-07-03 15:00:00,"Jul 3, 2025 4:00 PM",3436.81,1680.45,369.64,12647.52,34382.37,80.93,0,4959.0,2432.25,2700.75,57.75,1440.75,2025-07-03 15:00:00,24.125,72.0,13.675,19.45,676.0,459.0,217.0,5.402777777777778
2025-07-03 16:00:00,"Jul 3, 2025 5:00 PM",3534.75,1670.71,1172.13,12051.23,31875.44,81.03,0,5174.0,2246.5,2642.5,51.25,1447.5,2025-07-03 16:00:00,24.225,51.5,13.425,19.225,625.5,405.75,219.75,5.340277777777778
2025-07-03 17:00:00,"Jul 3, 2025 6:00 PM",3694.04,1578.05,2206.42,11762.14,25558.42,80.83,0,5768.75,2466.25,3210.25,119.0,1437.5,2025-07-03 17:00:00,24.0,48.5,13.15,18.75,520.25,332.25,188.0,5.208333333333333
2025-07-03 18:00:00,"Jul 3, 2025 7:00 PM",3972.98,1702.93,2593.9,11502.6,16979.03,80.17,0,7846.5,3155.75,4099.25,520.0,1435.5,2025-07-03 18:00:00,23.15,23.5,12.55,18.175,400.0,274.25,125.75,5.048611111111112
2025-07-03 19:00:00,"Jul 3, 2025 8:00 PM",4282.71,1933.48,2321.65,10154.74,8295.85,81.16,0,9265.5,4145.75,6445.5,1729.75,1340.75,2025-07-03 19:00:00,22.75,32.0,12.175,17.5,296.25,194.0,102.25,4.861111111111111
2025-07-03 20:00:00,"Jul 3, 2025 9:00 PM",4462.35,2005.57,1994.19,7876.57,2561.8,82.03,0,9757.5,4705.0,7790.75,3398.75,1341.25,2025-07-03 20:00:00,21.825,35.75,12.1,17.625,185.5,114.25,71.25,4.895833333333333
2025-07-03 21:00:00,"Jul 3, 2025 10:00 PM",4506.22,2057.6,1657.44,6641.06,290.83,82.15,0,9963.25,4764.25,7918.5,4605.5,1355.0,2025-07-03 21:00:00,20.9,33.25,10.125,15.924999999999999,69.0,31.0,38.0,4.423611111111111
2025-07-03 22:00:00,"Jul 3, 2025 11:00 PM",4367.51,2099.95,1388.56,6408.61,79.88,83.04,0,9949.0,4523.5,7935.25,4449.5,1368.0,2025-07-03 22:00:00,19.825,18.0,8.9,16.275,6.5,2.0,4.5,4.520833333333333
2025-07-03 23:00:00,"Jul 4, 2025 12:00 AM",4127.32,1668.59,1305.04,6700.01,53.84,82.12,0,10001.0,4447.5,7413.75,1938.5,1386.25,2025-07-03 23:00:00,19.049999999999997,19.0,8.125,15.850000000000001,0.0,0.0,0.0,4.402777777777778
2025-07-04 00:00:00,"Jul 4, 2025 1:00 AM",3898.31,1468.59,1460.5,6297.03,53.18,82.78,0,9867.75,4416.75,7060.75,473.75,1387.5,2025-07-04 00:00:00,18.4,18.25,7.375,15.549999999999999,0.0,0.0,0.0,4.319444444444444
2025-07-04 01:00:00,"Jul 4, 2025 2:00 AM",3791.28,1439.2,1550.82,5536.74,51.89,83.66,0,9869.5,4133.75,6803.25,233.5,1398.5,2025-07-04 01:00:00,17.825,20.0,7.175,15.075,0.0,0.0,0.0,4.1875
2025-07-04 02:00:00,"Jul 4, 2025 3:00 AM",3744.65,1448.45,1578.97,4737.71,51.85,85.12,0,10053.5,3919.5,6831.25,300.5,1397.5,2025-07-04 02:00:00,17.125,50.0,6.225,13.475,0.0,0.0,0.0,3.7430555555555554
2025-07-04 03:00:00,"Jul 4, 2025 4:00 AM",3756.05,1448.96,1927.98,4197.09,51.89,85.46,0,10055.75,3877.75,6986.25,230.75,1390.75,2025-07-04 03:00:00,15.5,48.75,6.25,13.975000000000001,0.0,0.0,0.0,3.8819444444444446
2025-07-04 04:00:00,"Jul 4, 2025 5:00 AM",3801.2,1487.62,2036.3,3767.76,56.31,84.64,0,10151.25,3880.25,7146.0,391.5,1394.5,2025-07-04 04:00:00,15.075000000000001,41.5,5.525,12.95,0.0,0.0,0.0,3.597222222222222
2025-07-04 05:00:00,"Jul 4, 2025 6:00 AM",3981.2,1608.19,2174.58,3471.82,550.78,84.34,0,10164.75,4001.0,7298.75,810.75,1397.25,2025-07-04 05:00:00,14.75,40.0,6.2,13.55,0.0,0.0,0.0,3.763888888888889
2025-07-04 06:00:00,"Jul 4, 2025 7:00 AM",4213.98,1757.64,2086.91,3241.32,3433.61,84.28,0,10215.75,4009.5,6990.25,1977.25,1379.75,2025-07-04 06:00:00,14.850000000000001,32.75,7.175000000000001,14.55,17.75,5.25,12.5,4.041666666666667
2025-07-04 07:00:00,"Jul 4, 2025 8:00 AM",4245.07,1584.26,2307.94,2482.61,9485.45,80.63,0,10212.75,4240.75,6931.5,2206.25,1342.0,2025-07-04 07:00:00,15.575000000000001,44.75,6.95,13.65,94.75,47.25,47.5,3.7916666666666665
2025-07-04 08:00:00,"Jul 4, 2025 9:00 AM",3991.88,1659.05,2792.5,1846.32,19034.78,80.69,0,10083.5,3895.0,5014.75,836.0,1322.5,2025-07-04 08:00:00,16.75,68.5,7.25,11.075,202.75,114.75,88.0,3.0763888888888884
2025-07-04 09:00:00,"Jul 4, 2025 10:00 AM",3763.06,1686.91,3300.9,2604.73,29483.11,82.24,0,8074.0,2279.0,2596.0,332.75,1363.75,2025-07-04 09:00:00,17.625,44.25,7.925000000000001,11.5,249.75,113.0,136.75,3.194444444444444
2025-07-04 10:00:00,"Jul 4, 2025 11:00 AM",3599.92,1495.87,3472.35,3469.6,38003.14,85.42,0,5757.75,1366.0,1975.5,168.75,1371.25,2025-07-04 10:00:00,19.375,37.5,9.25,13.175,459.0,303.0,156.0,3.6597222222222223
2025-07-04 11:00:00,"Jul 4, 2025 12:00 PM",3494.83,1493.4,3137.51,4642.46,42988.67,89.92,0,4530.0,1261.25,1670.25,85.0,1398.5,2025-07-04 11:00:00,20.45,44.75,10.925,15.3,569.0,410.75,158.25,4.25
2025-07-04 12:00:00,"Jul 4, 2025 1:00 PM",3402.46,1468.9,3036.77,5762.47,44688.75,87.8,0,4291.75,1245.75,1704.0,84.25,1352.25,2025-07-04 12:00:00,21.25,46.5,9.975,14.075,589.25,420.5,168.75,3.909722222222222
2025-07-04 13:00:00,"Jul 4, 2025 2:00 PM",3374.65,1500.35,2386.01,5953.47,44242.29,85.13,0,4287.75,921.5,1699.75,105.5,1369.75,2025-07-04 13:00:00,22.375,50.0,8.625,12.175,689.5,496.25,193.25,3.3819444444444446
2025-07-04 14:00:00,"Jul 4, 2025 3:00 PM",3405.3,1548.18,2723.42,6722.43,43115.74,85.66,0,4330.5,804.5,1702.25,101.25,1371.5,2025-07-04 14:00:00,23.225,63.0,9.55,13.475,664.75,454.0,210.75,3.7430555555555554
2025-07-04 15:00:00,"Jul 4, 2025 4:00 PM",3450.38,1562.16,3511.05,7331.23,40738.73,86.34,0,4324.5,753.75,1643.25,68.5,1339.5,2025-07-04 15:00:00,24.1,66.75,9.525,13.125,660.75,428.5,232.25,3.645833333333333
2025-07-04 16:00:00,"Jul 4, 2025 5:00 PM",3578.25,1579.99,3713.9,6971.96,36042.3,86.79,0,4615.0,815.75,1653.0,118.5,1342.0,2025-07-04 16:00:00,24.55,62.0,10.9,15.1,621.5,405.5,216.0,4.194444444444445
2025-07-04 17:00:00,"Jul 4, 2025 6:00 PM",3727.24,1599.25,3995.08,6050.31,28161.85,85.11,0,5704.25,1234.0,2015.75,88.5,1336.25,2025-07-04 17:00:00,24.675,49.5,11.3,15.875,555.75,389.0,166.75,4.409722222222222
2025-07-04 18:00:00,"Jul 4, 2025 7:00 PM",4007.33,1721.02,4275.89,5068.43,18055.88,85.26,0,8278.5,2189.75,3621.75,1108.0,1330.25,2025-07-04 18:00:00,24.5,40.25,9.85,14.1,408.75,261.75,147.0,3.9166666666666665
2025-07-04 19:00:00,"Jul 4, 2025 8:00 PM",4386.85,1914.95,4436.62,3755.5,8576.11,85.53,0,9277.25,3026.75,5570.25,4092.5,1451.0,2025-07-04 19:00:00,24.425,65.75,7.525,11.1,298.5,198.5,100.0,3.083333333333333
2025-07-04 20:00:00,"Jul 4, 2025 9:00 PM",4584.63,1893.9,4756.14,2665.43,2694.65,87.01,0,9764.0,3127.75,6619.5,5277.5,1470.0,2025-07-04 20:00:00,23.75,61.25,9.725,15.15,154.0,75.25,78.75,4.208333333333333
2025-07-04 21:00:00,"Jul 4, 2025 10:00 PM",4558.92,1802.77,4853.51,2670.93,320.14,88.5,0,9987.0,3015.25,6763.25,5029.25,1445.5,2025-07-04 21:00:00,22.3,64.75,7.025,12.975,62.75,23.75,39.0,3.6041666666666665
2025-07-04 22:00:00,"Jul 4, 2025 11:00 PM",4402.83,1627.85,5725.24,3081.88,81.68,89.3,0,10014.5,2782.25,6788.5,4803.25,1427.75,2025-07-04 22:00:00,20.8,60.75,5.225,11.450000000000001,6.0,0.75,5.25,3.180555555555556
2025-07-04 23:00:00,"Jul 5, 2025 12:00 AM",4205.13,1492.17,5821.85,4148.54,57.51,89.95,0,9828.75,2623.0,5914.5,2595.75,1424.5,2025-07-04 23:00:00,19.925,33.25,5.65,13.4,0.0,0.0,0.0,3.7222222222222223
2025-07-05 00:00:00,"Jul 5, 2025 1:00 AM",4055.13,1523.7,4687.88,6002.98,61.81,88.86,0,8893.75,2554.25,5461.75,2269.25,1461.75,2025-07-05 00:00:00,19.075000000000003,14.25,5.9,14.675,0.0,0.0,0.0,4.076388888888889
2025-07-05 01:00:00,"Jul 5, 2025 2:00 AM",3953.85,1643.79,3778.2,8317.78,56.04,87.9,0,8033.75,2666.5,5172.25,950.0,1419.75,2025-07-05 01:00:00,18.15,8.5,6.425,16.1,0.0,0.0,0.0,4.472222222222222
2025-07-05 02:00:00,"Jul 5, 2025 3:00 AM",3916.02,1908.84,2735.65,10408.4,57.66,88.92,0,7473.5,2727.75,4175.5,1112.25,1415.0,2025-07-05 02:00:00,17.45,25.75,6.425,15.775,0.0,0.0,0.0,4.381944444444445
2025-07-05 03:00:00,"Jul 5, 2025 4:00 AM",3872.85,1528.66,2788.81,12366.09,53.71,89.5,0,7083.25,2723.75,3707.25,291.0,1401.25,2025-07-05 03:00:00,16.15,24.0,8.325,18.35,0.0,0.0,0.0,5.097222222222222
2025-07-05 04:00:00,"Jul 5, 2025 5:00 AM",3867.36,1503.0,2884.42,13970.27,56.56,89.74,0,6782.0,2465.75,3524.25,309.25,1443.0,2025-07-05 04:00:00,15.4,36.75,7.375,17.75,0.0,0.0,0.0,4.930555555555555
2025-07-05 05:00:00,"Jul 5, 2025 6:00 AM",3916.7,1610.69,3277.82,14597.54,595.18,89.2,0,6122.5,1971.5,2252.0,429.25,1484.25,2025-07-05 05:00:00,15.125,62.75,7.6499999999999995,18.175,0.0,0.0,0.0,5.048611111111112
2025-07-05 06:00:00,"Jul 5, 2025 7:00 AM",4000.12,1468.75,4234.37,14589.82,4017.52,88.11,0,5806.25,1264.75,2118.75,268.25,1470.0,2025-07-05 06:00:00,15.15,73.0,8.5,18.525,17.75,5.0,12.75,5.145833333333333
2025-07-05 07:00:00,"Jul 5, 2025 8:00 AM",3947.22,1442.59,4514.71,12379.28,11256.69,86.79,0,4976.0,1006.25,1866.25,111.0,1376.5,2025-07-05 07:00:00,16.2,74.5,7.7250000000000005,18.15,103.25,47.25,56.0,5.041666666666666
2025-07-05 08:00:00,"Jul 5, 2025 9:00 AM",3815.78,1446.47,5134.55,9850.83,20935.08,86.87,0,4825.25,767.0,1872.5,183.0,1371.75,2025-07-05 08:00:00,17.975,73.75,5.125,11.5,209.5,113.5,96.0,3.194444444444444
2025-07-05 09:00:00,"Jul 5, 2025 10:00 AM",3681.28,1478.52,5414.87,9272.96,29320.48,86.42,0,4177.25,669.5,1621.75,243.0,1362.5,2025-07-05 09:00:00,19.95,63.5,6.0,9.7,319.0,198.0,121.0,2.694444444444444
2025-07-05 10:00:00,"Jul 5, 2025 11:00 AM",3534.16,1448.94,4408.31,10864.03,34572.19,86.5,0,3832.25,573.5,1502.0,160.0,1345.25,2025-07-05 10:00:00,22.425,72.5,9.375,13.899999999999999,521.25,372.5,148.75,3.8611111111111107
2025-07-05 11:00:00,"Jul 5, 2025 12:00 PM",3409.15,1499.25,3352.29,12540.67,36610.79,86.16,0,3454.5,545.75,1549.0,283.5,1271.25,2025-07-05 11:00:00,24.025,74.75,10.65,15.375,621.0,420.0,201.0,4.270833333333333
2025-07-05 12:00:00,"Jul 5, 2025 1:00 PM",3354.35,1527.21,2777.95,13068.74,38319.86,86.82,0,3429.0,528.25,1628.5,229.0,1196.5,2025-07-05 12:00:00,24.625,64.5,11.149999999999999,16.3,591.5,374.0,217.5,4.527777777777778
2025-07-05 13:00:00,"Jul 5, 2025 2:00 PM",3346.11,1535.89,2086.76,13363.55,38725.89,86.68,0,3452.75,521.75,1622.75,102.25,1216.0,2025-07-05 13:00:00,25.325,56.25,12.175,17.525,665.0,449.75,215.25,4.868055555555555
2025-07-05 14:00:00,"Jul 5, 2025 3:00 PM",3343.52,1499.26,2283.93,15236.3,36843.19,85.2,0,3449.0,513.75,1591.25,116.25,1242.75,2025-07-05 14:00:00,25.85,57.5,11.675,16.6,677.75,440.5,237.25,4.611111111111112
2025-07-05 15:00:00,"Jul 5, 2025 4:00 PM",3375.35,1460.12,2570.47,16297.82,32452.36,84.43,0,3481.5,509.25,1526.5,238.5,1220.0,2025-07-05 15:00:00,27.150000000000002,75.5,12.55,18.35,637.5,442.5,195.0,5.097222222222222
2025-07-05 16:00:00,"Jul 5, 2025 5:00 PM",3460.44,1481.18,3178.91,16691.84,27261.71,84.54,0,3497.0,806.5,1522.75,350.75,1260.5,2025-07-05 16:00:00,27.2,79.0,15.025,21.65,563.25,374.0,189.25,6.013888888888888
2025-07-05 17:00:00,"Jul 5, 2025 6:00 PM",3616.65,1498.25,4681.97,17471.15,22582.19,82.71,0,3486.75,1018.5,1535.0,288.5,1284.5,2025-07-05 17:00:00,27.225,87.25,16.375,23.599999999999998,534.25,337.25,197.0,6.5555555555555545
2025-07-05 18:00:00,"Jul 5, 2025 7:00 PM",3837.29,1433.42,5161.16,17236.56,14907.6,84.55,0,4343.0,1286.0,2006.25,217.5,1288.5,2025-07-05 18:00:00,26.375,76.5,13.774999999999999,20.375,381.0,225.25,155.75,5.659722222222222
2025-07-05 19:00:00,"Jul 5, 2025 8:00 PM",4156.49,1430.59,5471.12,16216.22,7113.58,84.41,0,5332.75,1505.0,2412.75,1030.5,1297.75,2025-07-05 19:00:00,26.125,53.5,13.45,20.15,293.5,181.5,112.0,5.597222222222221
2025-07-05 20:00:00,"Jul 5, 2025 9:00 PM",4386.85,1390.08,5537.03,13209.69,2075.69,85.0,0,6647.5,1466.75,2786.75,2013.5,1306.5,2025-07-05 20:00:00,25.45,70.25,14.700000000000001,22.575,180.5,105.75,74.75,6.270833333333333
2025-07-05 21:00:00,"Jul 5, 2025 10:00 PM",4433.35,1632.01,5527.09,10931.92,196.5,86.35,0,6836.0,1386.5,2690.75,3637.0,1310.5,2025-07-05 21:00:00,24.15,75.5,11.95,20.725,56.75,14.5,42.25,5.756944444444445
2025-07-05 22:00:00,"Jul 5, 2025 11:00 PM",4407.54,1624.73,5626.93,9513.98,85.82,87.03,0,6778.25,1482.25,2658.75,4457.5,1310.75,2025-07-05 22:00:00,23.05,83.75,10.15,18.85,5.0,0.5,4.5,5.236111111111112
2025-07-05 23:00:00,"Jul 6, 2025 12:00 AM",4254.61,1531.88,5213.31,9434.53,66.73,87.25,0,7174.0,1546.5,2609.5,3782.25,1314.5,2025-07-05 23:00:00,21.975,81.5,10.525,19.85,0.0,0.0,0.0,5.513888888888889
2025-07-06 00:00:00,"Jul 6, 2025 1:00 AM",4074.41,1441.64,5187.13,8800.63,83.08,88.62,0,6608.0,1240.0,2325.5,3964.5,1344.0,2025-07-06 00:00:00,21.05,96.5,8.8,17.95,0.0,0.0,0.0,4.986111111111111
2025-07-06 01:00:00,"Jul 6, 2025 2:00 AM",4006.53,1406.59,5732.53,8714.59,69.6,88.05,0,5556.25,1131.75,2102.75,2541.5,1431.25,2025-07-06 01:00:00,20.225,92.25,6.9,13.825000000000001,0.0,0.0,0.0,3.840277777777778
2025-07-06 02:00:00,"Jul 6, 2025 3:00 AM",3931.32,1402.87,5532.76,8418.62,60.34,88.4,0,5201.75,1006.25,2068.25,2798.5,1431.75,2025-07-06 02:00:00,19.45,86.75,6.2749999999999995,12.0,0.0,0.0,0.0,3.333333333333333
2025-07-06 03:00:00,"Jul 6, 2025 4:00 AM",3921.61,1676.89,4366.1,8937.47,57.21,88.97,0,5305.75,995.75,1981.0,1500.0,1427.5,2025-07-06 03:00:00,17.975,85.5,5.75,11.075000000000001,0.0,0.0,0.0,3.0763888888888893
2025-07-06 04:00:00,"Jul 6, 2025 5:00 AM",3929.09,1758.82,3463.39,10050.87,57.12,89.62,0,5360.75,930.75,1917.25,1056.75,1321.75,2025-07-06 04:00:00,17.25,95.75,7.575,14.274999999999999,0.0,0.0,0.0,3.9652777777777772
2025-07-06 05:00:00,"Jul 6, 2025 6:00 AM",3952.06,1716.21,2656.47,11210.05,374.5,89.51,0,5473.75,908.25,1906.0,903.75,1319.0,2025-07-06 05:00:00,16.925,94.5,8.475,16.675,0.0,0.0,0.0,4.631944444444445
2025-07-06 06:00:00,"Jul 6, 2025 7:00 AM",3997.46,1394.08,2448.39,11771.06,2945.23,89.36,0,5363.25,904.5,1855.5,447.25,1315.25,2025-07-06 06:00:00,16.7,59.25,9.3,18.05,12.0,2.25,9.75,5.013888888888889
2025-07-06 07:00:00,"Jul 6, 2025 8:00 AM",3978.64,1427.36,2029.25,11136.42,8317.99,88.09,0,4519.75,900.5,1882.75,364.5,1304.5,2025-07-06 07:00:00,17.575,75.75,8.55,16.8,82.75,36.75,46.0,4.666666666666667
2025-07-06 08:00:00,"Jul 6, 2025 9:00 AM",3880.37,1486.23,1929.7,10057.95,15732.35,88.11,0,4103.75,898.5,1799.0,586.5,1321.0,2025-07-06 08:00:00,19.35,71.5,8.275,14.975,194.5,108.25,86.25,4.159722222222222
2025-07-06 09:00:00,"Jul 6, 2025 10:00 AM",3720.36,1522.43,1415.87,10222.22,23761.97,88.43,0,3603.5,826.0,1613.75,109.75,1316.25,2025-07-06 09:00:00,20.975,80.5,8.875,13.65,294.75,169.75,125.0,3.7916666666666665
2025-07-06 10:00:00,"Jul 6, 2025 11:00 AM",3586.6,1541.84,1268.18,11184.51,29004.47,88.72,0,3499.5,556.25,1489.25,50.5,1299.5,2025-07-06 10:00:00,22.375,63.25,10.775,15.725,408.25,231.5,176.75,4.368055555555555
2025-07-06 11:00:00,"Jul 6, 2025 12:00 PM",3537.61,1445.4,624.01,11997.41,30568.84,88.85,0,3604.25,566.75,1457.5,42.25,1297.25,2025-07-06 11:00:00,22.95,68.25,12.05,17.375,481.5,293.25,188.25,4.826388888888888
2025-07-06 12:00:00,"Jul 6, 2025 1:00 PM",3477.64,1403.64,480.28,14443.19,29448.34,88.53,0,3711.5,628.75,1532.25,43.5,1287.75,2025-07-06 12:00:00,23.225,77.25,13.024999999999999,18.975,524.25,336.25,188.0,5.270833333333334
2025-07-06 13:00:00,"Jul 6, 2025 2:00 PM",3447.6,1498.37,603.36,14604.53,26882.72,87.29,0,3662.25,564.0,1451.75,15.25,1309.5,2025-07-06 13:00:00,23.575,87.25,9.85,14.15,569.25,377.75,191.5,3.9305555555555554
2025-07-06 14:00:00,"Jul 6, 2025 3:00 PM",3464.57,1359.49,776.75,15158.88,22854.88,85.07,0,4591.0,547.0,1538.25,46.0,1295.0,2025-07-06 14:00:00,24.275,86.25,11.325,16.15,573.0,366.5,206.5,4.486111111111111
2025-07-06 15:00:00,"Jul 6, 2025 4:00 PM",3505.84,1339.58,754.04,14662.78,18927.45,84.35,0,4855.75,543.0,1753.25,70.75,1283.5,2025-07-06 15:00:00,24.775,96.5,13.549999999999999,19.475,549.5,297.5,252.0,5.409722222222222
2025-07-06 16:00:00,"Jul 6, 2025 5:00 PM",3582.32,1445.54,463.36,14681.82,14786.14,84.85,0,5202.5,951.5,1961.75,311.25,1306.0,2025-07-06 16:00:00,24.85,100.0,15.5,22.5,426.5,195.5,231.0,6.25
2025-07-06 17:00:00,"Jul 6, 2025 6:00 PM",3736.04,1477.09,235.67,13222.8,9920.94,85.11,0,6394.5,1616.75,2564.75,895.5,1291.25,2025-07-06 17:00:00,24.3,98.75,15.649999999999999,23.25,322.75,133.0,189.75,6.458333333333333
2025-07-06 18:00:00,"Jul 6, 2025 7:00 PM",4011.52,1553.08,207.09,11529.42,5854.92,85.43,0,8047.75,2288.75,3507.25,2403.0,1299.75,2025-07-06 18:00:00,23.55,100.0,13.975,21.15,188.25,32.0,156.25,5.874999999999999
2025-07-06 19:00:00,"Jul 6, 2025 8:00 PM",4253.67,1641.55,241.76,10458.17,2904.09,85.52,0,9288.75,2967.25,4331.25,2410.0,1305.5,2025-07-06 19:00:00,22.375,100.0,14.024999999999999,21.3,113.5,11.75,101.75,5.916666666666667
2025-07-06 20:00:00,"Jul 6, 2025 9:00 PM",4437.46,1581.84,169.76,9563.46,860.48,86.16,0,9965.0,3015.75,4285.5,3775.0,1312.75,2025-07-06 20:00:00,21.075,100.0,13.375,20.8,55.75,1.75,54.0,5.777777777777778
2025-07-06 21:00:00,"Jul 6, 2025 10:00 PM",4408.58,1471.07,221.69,8759.11,106.26,86.31,0,10316.0,3180.25,5224.5,2813.75,1316.75,2025-07-06 21:00:00,19.525,99.5,11.15,18.225,24.25,0.5,23.75,5.0625
2025-07-06 22:00:00,"Jul 6, 2025 11:00 PM",4310.53,1400.17,533.61,7825.59,61.01,86.16,0,10696.25,3202.0,5291.25,2174.25,1302.75,2025-07-06 22:00:00,18.8,99.75,11.4,19.425,2.25,0.0,2.25,5.395833333333333
2025-07-06 23:00:00,"Jul 7, 2025 12:00 AM",4156.67,1589.8,412.65,7414.64,57.9,87.01,0,10717.75,3050.75,5135.0,1424.5,1307.25,2025-07-06 23:00:00,17.95,100.0,11.65,19.95,0.0,0.0,0.0,5.541666666666666
2025-07-07 00:00:00,"Jul 7, 2025 1:00 AM",3929.85,1539.09,622.7,6619.99,57.79,87.48,0,10506.0,3000.0,4446.75,600.5,1230.5,2025-07-07 00:00:00,17.575,99.5,11.25,18.8,0.0,0.0,0.0,5.222222222222222
2025-07-07 01:00:00,"Jul 7, 2025 2:00 AM",3819.6,1560.39,530.01,6225.92,53.83,87.58,0,10310.25,2949.75,4246.0,67.5,1219.0,2025-07-07 01:00:00,17.200000000000003,100.0,11.85,20.375,0.0,0.0,0.0,5.659722222222222
2025-07-07 02:00:00,"Jul 7, 2025 3:00 AM",3771.34,1301.54,566.9,6361.87,52.65,87.69,0,9785.25,2807.0,3934.5,25.25,1288.5,2025-07-07 02:00:00,16.95,98.5,12.55,21.325,0.0,0.0,0.0,5.923611111111111
2025-07-07 03:00:00,"Jul 7, 2025 4:00 AM",3759.17,1398.4,1019.01,5946.95,52.7,87.68,0,9497.25,2776.0,4265.5,66.5,1307.75,2025-07-07 03:00:00,16.025,91.0,11.525,20.65,0.0,0.0,0.0,5.736111111111111
2025-07-07 04:00:00,"Jul 7, 2025 5:00 AM",3824.34,1385.97,1422.39,5495.67,54.68,87.9,0,9765.25,2662.25,3965.5,93.0,1313.25,2025-07-07 04:00:00,15.55,81.25,11.55,20.925,0.0,0.0,0.0,5.8125
2025-07-07 05:00:00,"Jul 7, 2025 6:00 AM",3947.02,1452.99,1179.34,5397.74,242.15,87.69,0,10026.25,3234.25,4563.0,158.75,1331.5,2025-07-07 05:00:00,15.200000000000001,94.5,10.95,19.8,0.0,0.0,0.0,5.5
2025-07-07 06:00:00,"Jul 7, 2025 7:00 AM",4305.4,1749.55,1459.6,4812.91,1735.96,86.74,0,10650.25,3728.75,5248.0,2730.0,1301.0,2025-07-07 06:00:00,15.125,92.25,10.7,19.3,11.25,1.0,10.25,5.361111111111112
2025-07-07 07:00:00,"Jul 7, 2025 8:00 AM",4392.68,2029.43,1766.48,4208.85,4668.06,86.51,0,10632.25,3906.5,5515.5,4596.25,1303.75,2025-07-07 07:00:00,15.65,100.0,9.9,17.65,65.5,7.75,57.75,4.902777777777778
2025-07-07 08:00:00,"Jul 7, 2025 9:00 AM",4281.74,1956.56,2240.88,4038.88,9393.64,85.63,0,10419.75,3932.75,5037.75,3351.25,1283.5,2025-07-07 08:00:00,16.4,99.25,10.75,16.9,132.25,21.5,110.75,4.694444444444444
2025-07-07 09:00:00,"Jul 7, 2025 10:00 AM",4001.21,1785.99,2470.69,3988.88,15479.86,85.61,0,10382.75,3968.25,4440.25,1675.25,1250.0,2025-07-07 09:00:00,17.4,97.0,12.975,19.15,251.5,79.0,172.5,5.319444444444444
2025-07-07 10:00:00,"Jul 7, 2025 11:00 AM",3720.35,1596.01,2856.34,4274.43,21575.39,85.46,0,9511.5,3715.0,3010.0,198.75,1307.25,2025-07-07 10:00:00,18.475,90.25,12.425,18.1,351.5,131.5,220.0,5.027777777777778
2025-07-07 11:00:00,"Jul 7, 2025 12:00 PM",3577.45,1569.08,3224.57,4658.95,26450.8,84.43,0,8118.75,3449.25,2385.75,207.75,1345.75,2025-07-07 11:00:00,19.725,81.5,11.5,16.475,492.5,241.5,251.0,4.576388888888889
2025-07-07 12:00:00,"Jul 7, 2025 1:00 PM",3502.12,1557.26,3775.05,5488.76,29217.26,86.81,0,6953.0,2892.0,2209.5,225.0,1326.75,2025-07-07 12:00:00,20.025,85.5,11.0,15.675,497.0,235.25,261.75,4.354166666666667
2025-07-07 13:00:00,"Jul 7, 2025 2:00 PM",3466.29,1641.5,4205.92,7147.79,29145.49,88.07,0,6134.25,2496.5,2458.5,24.0,1299.0,2025-07-07 13:00:00,20.925,90.25,10.475,14.725000000000001,563.5,267.5,296.0,4.090277777777778
2025-07-07 14:00:00,"Jul 7, 2025 3:00 PM",3450.88,1564.43,4234.12,8815.23,27400.75,87.5,0,5402.5,2347.0,2589.0,14.25,1258.25,2025-07-07 14:00:00,20.15,94.75,11.9,17.125,467.5,134.75,332.75,4.756944444444445
2025-07-07 15:00:00,"Jul 7, 2025 4:00 PM",3471.79,1482.76,4441.76,10872.79,24302.19,87.43,0,5397.25,2234.75,2721.75,20.5,1330.25,2025-07-07 15:00:00,20.525,73.25,11.575,16.575,530.75,287.25,243.5,4.604166666666666
2025-07-07 16:00:00,"Jul 7, 2025 5:00 PM",3552.06,1549.35,5038.94,11676.79,20279.76,87.38,0,5628.5,2550.5,3339.5,54.75,1371.5,2025-07-07 16:00:00,19.6,69.0,11.899999999999999,17.575,459.25,264.5,194.75,4.881944444444444
2025-07-07 17:00:00,"Jul 7, 2025 6:00 PM",3654.34,1588.16,5540.96,12616.71,15781.77,87.41,0,6474.5,2883.5,4013.0,92.75,1387.5,2025-07-07 17:00:00,20.325,72.0,12.6,18.5,402.25,232.75,169.5,5.138888888888888
2025-07-07 18:00:00,"Jul 7, 2025 7:00 PM",3938.89,1625.79,5800.43,13211.36,10224.68,87.74,0,8059.5,2980.75,4360.0,802.75,1354.5,2025-07-07 18:00:00,20.05,89.75,13.725,20.4,347.0,176.25,170.75,5.666666666666666
2025-07-07 19:00:00,"Jul 7, 2025 8:00 PM",4234.14,1693.04,5684.52,13366.8,5132.99,87.19,0,9072.25,2995.25,4851.25,1965.0,1354.0,2025-07-07 19:00:00,19.325,97.75,12.975,19.6,219.5,92.75,126.75,5.444444444444445
2025-07-07 20:00:00,"Jul 7, 2025 9:00 PM",4385.24,1708.55,5622.83,13577.51,1646.05,89.15,0,9455.0,3230.5,4877.25,2209.0,1252.5,2025-07-07 20:00:00,18.275,76.0,11.375,18.275,107.5,36.5,71.0,5.076388888888888
2025-07-07 21:00:00,"Jul 7, 2025 10:00 PM",4406.89,1919.74,5061.54,13277.91,181.03,90.28,0,10215.5,3215.0,5059.0,2670.25,1233.5,2025-07-07 21:00:00,16.424999999999997,81.0,11.899999999999999,20.825,42.0,10.75,31.25,5.784722222222222
2025-07-07 22:00:00,"Jul 7, 2025 11:00 PM",4297.12,1967.13,4415.09,12939.86,80.7,91.66,0,10366.5,3203.25,4896.5,3007.75,1248.75,2025-07-07 22:00:00,15.399999999999999,80.75,11.15,20.05,4.25,0.75,3.5,5.569444444444445
2025-07-07 23:00:00,"Jul 8, 2025 12:00 AM",4051.56,1743.35,4114.12,13084.03,59.57,92.14,0,9637.5,3117.0,4461.75,1081.75,1257.25,2025-07-07 23:00:00,15.15,81.0,11.4,20.6,0.0,0.0,0.0,5.722222222222222
2025-07-08 00:00:00,"Jul 8, 2025 1:00 AM",3857.35,1700.47,4162.39,12437.78,53.59,91.91,0,8507.75,2874.5,3701.25,403.0,1320.25,2025-07-08 00:00:00,14.775,87.25,11.025,20.025,0.0,0.0,0.0,5.562499999999999
2025-07-08 01:00:00,"Jul 8, 2025 2:00 AM",3753.34,1697.44,4267.8,11853.8,53.1,92.82,0,7592.75,2803.0,3370.25,269.0,1275.75,2025-07-08 01:00:00,14.3,88.75,11.850000000000001,21.2,0.0,0.0,0.0,5.888888888888888
2025-07-08 02:00:00,"Jul 8, 2025 3:00 AM",3715.4,1710.8,4389.72,11654.48,53.43,92.61,0,7109.0,2832.0,3410.0,240.5,1274.75,2025-07-08 02:00:00,13.95,80.75,12.375,21.975,0.0,0.0,0.0,6.104166666666667
2025-07-08 03:00:00,"Jul 8, 2025 4:00 AM",3687.67,1627.36,4481.8,11811.75,63.22,92.2,0,6673.25,2843.75,3222.75,348.25,1272.0,2025-07-08 03:00:00,13.575,65.0,12.575,22.85,0.0,0.0,0.0,6.347222222222222
2025-07-08 04:00:00,"Jul 8, 2025 5:00 AM",3752.19,1707.08,4549.16,11890.4,55.49,91.95,0,7153.25,2802.0,3282.25,244.0,1265.0,2025-07-08 04:00:00,13.25,69.75,11.45,21.0,0.0,0.0,0.0,5.833333333333333
2025-07-08 05:00:00,"Jul 8, 2025 6:00 AM",3900.12,1643.23,4819.14,12093.96,292.77,91.97,0,8039.75,2748.25,3550.25,649.75,1281.75,2025-07-08 05:00:00,12.95,80.0,11.775,20.675,0.0,0.0,0.0,5.743055555555555
2025-07-08 06:00:00,"Jul 8, 2025 7:00 AM",4165.3,1741.96,4248.23,11826.75,2264.4,91.9,0,9159.25,3341.25,4173.5,1175.5,1277.0,2025-07-08 06:00:00,12.825,67.0,12.625,21.5,7.25,0.75,6.5,5.972222222222222
2025-07-08 07:00:00,"Jul 8, 2025 8:00 AM",4220.15,1975.65,4149.68,10355.94,6691.06,92.27,0,9656.0,3358.0,4455.75,2765.0,1272.0,2025-07-08 07:00:00,12.975000000000001,83.0,12.525,21.1,52.25,16.75,35.5,5.861111111111112
2025-07-08 08:00:00,"Jul 8, 2025 9:00 AM",4064.39,2018.66,3799.29,9675.97,12996.14,91.69,0,9537.5,3343.0,4446.0,2452.5,1280.0,2025-07-08 08:00:00,13.575,94.25,13.175,20.95,140.5,55.0,85.5,5.819444444444444
2025-07-08 09:00:00,"Jul 8, 2025 10:00 AM",3827.41,1794.23,3840.78,9974.65,19206.4,90.88,0,8828.75,3076.5,3779.0,965.75,1283.5,2025-07-08 09:00:00,14.475000000000001,87.25,13.925,21.275,235.75,81.25,154.5,5.909722222222221
2025-07-08 10:00:00,"Jul 8, 2025 11:00 AM",3634.24,1901.6,3634.27,10504.69,23866.52,91.45,0,8003.25,2083.5,2826.25,260.5,1260.0,2025-07-08 10:00:00,15.325000000000001,92.75,12.925,19.075,340.25,140.25,200.0,5.298611111111111
2025-07-08 11:00:00,"Jul 8, 2025 12:00 PM",3544.89,1760.73,3382.61,11410.19,26555.34,94.53,0,7523.75,1811.25,2728.5,38.25,1258.75,2025-07-08 11:00:00,16.525,73.25,11.625,16.825,478.25,241.0,237.25,4.673611111111111
2025-07-08 12:00:00,"Jul 8, 2025 1:00 PM",3474.24,1846.9,3360.11,11688.25,27832.64,94.25,0,6834.5,1738.25,2410.5,29.75,1267.0,2025-07-08 12:00:00,17.55,88.0,11.4,16.325,569.5,319.75,249.75,4.534722222222222
2025-07-08 13:00:00,"Jul 8, 2025 2:00 PM",3460.32,1785.32,3148.98,12570.6,28630.12,93.84,0,6765.5,1670.5,2407.25,26.75,1267.0,2025-07-08 13:00:00,18.45,95.75,13.1,18.875,592.5,334.75,257.75,5.243055555555555
2025-07-08 14:00:00,"Jul 8, 2025 3:00 PM",3432.57,1721.09,2540.53,13678.64,28913.14,93.58,0,6061.0,1786.25,2442.25,5.25,1263.75,2025-07-08 14:00:00,18.075000000000003,78.25,15.524999999999999,23.3,514.5,300.75,213.75,6.472222222222222
2025-07-08 15:00:00,"Jul 8, 2025 4:00 PM",3432.92,1731.72,2271.19,13136.2,27903.49,94.07,0,5476.0,1952.5,2504.5,8.75,1284.25,2025-07-08 15:00:00,17.675,99.0,14.725000000000001,21.65,462.75,210.0,252.75,6.013888888888888
2025-07-08 16:00:00,"Jul 8, 2025 5:00 PM",3561.09,1724.86,2730.98,14637.74,25078.25,94.94,0,5061.5,2190.75,2538.75,21.25,1279.25,2025-07-08 16:00:00,17.3,90.75,14.05,21.05,402.25,190.0,212.25,5.847222222222222
2025-07-08 17:00:00,"Jul 8, 2025 6:00 PM",3672.38,1768.25,3586.47,16166.57,19765.23,94.8,0,6256.75,2495.5,2817.0,28.5,1258.5,2025-07-08 17:00:00,17.55,85.25,14.899999999999999,22.0,350.5,155.0,195.5,6.111111111111111
2025-07-08 18:00:00,"Jul 8, 2025 7:00 PM",3935.45,1825.07,3865.28,15815.43,13289.44,94.27,0,8307.5,2955.5,3419.75,474.5,1270.0,2025-07-08 18:00:00,17.5,78.25,14.125,21.25,321.5,150.75,170.75,5.902777777777778
2025-07-08 19:00:00,"Jul 8, 2025 8:00 PM",4245.55,1787.18,3869.16,14959.19,6685.35,95.39,0,9602.5,3062.0,4305.25,1161.75,1292.25,2025-07-08 19:00:00,16.65,80.5,14.925,23.475,226.25,109.25,117.0,6.520833333333334
2025-07-08 20:00:00,"Jul 8, 2025 9:00 PM",4447.54,1864.49,3801.3,13338.82,2066.53,94.93,0,9808.0,3153.25,4371.5,2585.75,1284.5,2025-07-08 20:00:00,16.45,49.0,12.7,21.075,142.75,71.25,71.5,5.854166666666666
2025-07-08 21:00:00,"Jul 8, 2025 10:00 PM",4479.84,1922.43,3604.11,12300.47,211.41,94.47,0,9858.0,3221.5,4441.0,3603.75,1301.0,2025-07-08 21:00:00,15.725000000000001,53.5,10.775,19.925,52.5,19.5,33.0,5.534722222222222
2025-07-08 22:00:00,"Jul 8, 2025 11:00 PM",4337.91,1851.13,3195.48,11723.47,62.91,95.04,0,9729.25,3235.25,4380.75,2535.0,1290.75,2025-07-08 22:00:00,15.1,53.0,12.175,22.6,4.5,0.75,3.75,6.277777777777778
2025-07-08 23:00:00,"Jul 9, 2025 12:00 AM",4116.4,1798.4,2760.56,11994.0,60.8,96.12,0,9701.75,3086.75,4111.25,1135.0,1272.0,2025-07-08 23:00:00,14.375,42.75,11.4,21.6,0.0,0.0,0.0,6.0
2025-07-09 00:00:00,"Jul 9, 2025 1:00 AM",3893.12,1801.26,2403.32,11964.88,55.46,95.92,0,9668.25,2951.0,3904.0,238.75,1290.75,2025-07-09 00:00:00,13.8,38.75,10.95,20.7,0.0,0.0,0.0,5.75
2025-07-09 01:00:00,"Jul 9, 2025 2:00 AM",3786.97,1801.5,1913.76,11980.23,52.26,96.25,0,9354.5,2711.25,3701.0,53.25,1251.0,2025-07-09 01:00:00,13.25,38.75,12.05,22.15,0.0,0.0,0.0,6.152777777777777
2025-07-09 02:00:00,"Jul 9, 2025 3:00 AM",3738.82,1808.67,1449.32,11794.35,52.07,96.15,0,9066.5,2332.25,3689.25,1.25,1237.25,2025-07-09 02:00:00,12.95,44.75,12.175,23.15,0.0,0.0,0.0,6.430555555555555
2025-07-09 03:00:00,"Jul 9, 2025 4:00 AM",3734.48,1808.99,1084.15,11759.92,53.42,96.88,0,9092.0,2512.25,3765.5,2.0,1250.5,2025-07-09 03:00:00,13.225,62.0,11.25,21.625,0.0,0.0,0.0,6.006944444444445
2025-07-09 04:00:00,"Jul 9, 2025 5:00 AM",3791.14,1809.88,993.46,11878.28,54.87,97.18,0,9174.0,2813.25,3792.25,112.75,1232.0,2025-07-09 04:00:00,13.05,81.75,11.65,22.075,0.0,0.0,0.0,6.131944444444444
2025-07-09 05:00:00,"Jul 9, 2025 6:00 AM",3936.76,1819.01,901.3,12095.41,299.36,97.2,0,9726.25,2924.5,3884.5,118.25,1245.25,2025-07-09 05:00:00,12.925,62.5,11.075,21.175,0.0,0.0,0.0,5.881944444444445
2025-07-09 06:00:00,"Jul 9, 2025 7:00 AM",4226.58,1911.52,1050.44,11279.64,2502.89,96.09,0,9910.75,3229.0,4255.25,1543.75,1254.0,2025-07-09 06:00:00,13.025,68.0,10.9,20.4,9.5,1.75,7.75,5.666666666666666
2025-07-09 07:00:00,"Jul 9, 2025 8:00 AM",4319.45,1998.88,1060.23,10001.65,7291.3,93.95,0,9898.0,3296.5,4323.25,3405.25,1240.25,2025-07-09 07:00:00,13.475,54.75,11.7,20.375,62.25,20.5,41.75,5.659722222222222
2025-07-09 08:00:00,"Jul 9, 2025 9:00 AM",4169.18,2202.18,1084.59,10366.54,14235.21,91.16,0,9647.0,3211.5,4317.5,3018.5,1226.25,2025-07-09 08:00:00,14.35,73.25,11.725,18.3,164.75,84.0,80.75,5.083333333333333
2025-07-09 09:00:00,"Jul 9, 2025 10:00 AM",3872.08,1968.63,1076.84,11102.26,21009.89,89.82,0,8789.5,2288.5,3403.0,369.25,1247.75,2025-07-09 09:00:00,15.425,70.25,11.875,17.7,263.0,132.75,130.25,4.916666666666666
2025-07-09 10:00:00,"Jul 9, 2025 11:00 AM",3642.54,2067.31,1048.1,11611.63,24993.33,90.32,0,7871.75,1665.75,2899.25,381.0,1238.25,2025-07-09 10:00:00,16.975,68.0,13.0,18.975,394.75,216.5,178.25,5.270833333333334
2025-07-09 11:00:00,"Jul 9, 2025 12:00 PM",3527.32,1900.56,994.88,11849.62,26910.37,92.1,0,7015.5,1332.75,2959.5,419.25,1189.75,2025-07-09 11:00:00,18.025,57.0,14.125,20.475,531.25,315.75,215.5,5.6875
2025-07-09 12:00:00,"Jul 9, 2025 1:00 PM",3409.67,1911.24,914.24,12189.84,28222.57,91.36,0,6394.25,1028.5,2931.25,96.25,1189.0,2025-07-09 12:00:00,18.474999999999998,60.25,15.975,23.25,542.5,288.5,254.0,6.458333333333333
2025-07-09 13:00:00,"Jul 9, 2025 2:00 PM",3402.73,1938.5,926.97,12314.13,28897.35,91.14,0,6123.0,972.25,3147.0,74.5,1192.0,2025-07-09 13:00:00,19.275,41.25,16.075,23.475,620.0,386.25,233.75,6.520833333333334
2025-07-09 14:00:00,"Jul 9, 2025 3:00 PM",3418.17,1931.62,954.84,12403.6,29389.15,93.44,0,6356.0,1020.0,2934.25,149.5,1223.25,2025-07-09 14:00:00,20.1,47.25,15.7,22.825,697.25,491.0,206.25,6.340277777777778
2025-07-09 15:00:00,"Jul 9, 2025 4:00 PM",3465.76,2100.81,899.13,12252.93,27706.59,94.62,0,6106.5,1175.75,2794.0,151.5,1236.5,2025-07-09 15:00:00,19.75,71.75,16.45,24.075,652.5,444.5,208.0,6.6875
2025-07-09 16:00:00,"Jul 9, 2025 5:00 PM",3601.58,2084.62,787.57,11967.91,24364.16,94.63,0,6886.25,1785.75,2892.25,185.25,1234.0,2025-07-09 16:00:00,19.75,68.5,15.225000000000001,22.375,519.0,310.75,208.25,6.215277777777778
2025-07-09 17:00:00,"Jul 9, 2025 6:00 PM",3742.29,2104.8,818.32,11651.2,19887.45,95.07,0,8446.25,2555.75,3751.25,225.0,1230.0,2025-07-09 17:00:00,19.825,76.0,15.075000000000001,22.25,462.25,288.5,173.75,6.180555555555555
2025-07-09 18:00:00,"Jul 9, 2025 7:00 PM",4005.47,2010.53,849.61,10986.18,13550.45,94.25,0,10198.0,3521.75,5168.75,349.75,1303.25,2025-07-09 18:00:00,19.025,80.5,14.375,21.7,324.0,165.75,158.25,6.027777777777778
2025-07-09 19:00:00,"Jul 9, 2025 8:00 PM",4312.58,1948.19,658.92,9328.07,6883.33,93.87,0,10741.25,4178.75,6023.0,1910.25,1305.5,2025-07-09 19:00:00,18.8,70.25,12.6,19.4,239.75,131.75,108.0,5.388888888888888
2025-07-09 20:00:00,"Jul 9, 2025 9:00 PM",4514.0,2101.54,536.16,7330.62,2171.86,93.85,0,11065.25,3955.0,6552.75,3202.5,1286.0,2025-07-09 20:00:00,18.2,69.5,11.875,19.3,142.75,70.25,72.5,5.361111111111112
2025-07-09 21:00:00,"Jul 9, 2025 10:00 PM",4556.51,2140.02,569.62,5958.65,258.25,95.05,0,11107.5,3974.75,6666.25,4480.0,1296.75,2025-07-09 21:00:00,16.775,75.75,10.625,19.475,56.0,20.75,35.25,5.409722222222222
2025-07-09 22:00:00,"Jul 9, 2025 11:00 PM",4431.77,1993.3,489.94,5502.67,68.33,95.33,0,10876.0,4139.5,6609.25,3564.75,1295.5,2025-07-09 22:00:00,16.0,64.25,8.525,17.8,4.25,0.5,3.75,4.944444444444445
2025-07-09 23:00:00,"Jul 10, 2025 12:00 AM",4196.24,1937.6,449.05,5819.1,55.46,95.07,0,10804.5,3831.75,6403.25,1714.0,1270.25,2025-07-09 23:00:00,15.600000000000001,50.5,8.725,18.349999999999998,0.0,0.0,0.0,5.097222222222221
2025-07-10 00:00:00,"Jul 10, 2025 1:00 AM",3960.06,1847.08,391.6,5449.17,56.33,95.46,0,10404.0,3633.75,5866.75,498.25,1347.75,2025-07-10 00:00:00,14.975,48.0,8.025,16.875,0.0,0.0,0.0,4.6875
2025-07-10 01:00:00,"Jul 10, 2025 2:00 AM",3845.01,1774.13,513.79,4907.47,53.32,96.02,0,10454.0,3671.5,5417.5,38.25,1347.25,2025-07-10 01:00:00,14.275,58.25,7.3500000000000005,15.725,0.0,0.0,0.0,4.368055555555555
2025-07-10 02:00:00,"Jul 10, 2025 3:00 AM",3787.47,1751.56,612.3,4300.46,52.81,95.53,0,10548.75,3673.75,4741.75,3.25,1348.0,2025-07-10 02:00:00,13.9,56.5,6.55,14.45,0.0,0.0,0.0,4.013888888888888
2025-07-10 03:00:00,"Jul 10, 2025 4:00 AM",3773.98,1759.19,692.89,3706.77,52.69,95.91,0,10559.75,3778.75,4610.25,3.75,1364.75,2025-07-10 03:00:00,13.9,38.5,7.15,14.700000000000001,0.0,0.0,0.0,4.083333333333334
2025-07-10 04:00:00,"Jul 10, 2025 5:00 AM",3840.05,1761.38,850.29,3365.65,54.28,96.58,0,10570.5,3637.0,4767.25,91.5,1407.25,2025-07-10 04:00:00,13.475,45.5,5.9,13.325,0.0,0.0,0.0,3.7013888888888884
2025-07-10 05:00:00,"Jul 10, 2025 6:00 AM",4022.14,1802.85,988.32,3186.73,367.79,95.67,0,10665.75,3524.5,5056.0,554.25,1397.75,2025-07-10 05:00:00,13.0,57.25,5.4,11.975,0.0,0.0,0.0,3.326388888888889
2025-07-10 06:00:00,"Jul 10, 2025 7:00 AM",4250.45,1838.72,1064.56,2837.0,3033.41,94.54,0,11021.75,3817.75,5231.75,1699.5,1357.25,2025-07-10 06:00:00,12.925,52.75,6.499999999999999,12.4,11.0,2.0,9.0,3.4444444444444446
2025-07-10 07:00:00,"Jul 10, 2025 8:00 AM",4304.79,1906.22,1006.58,1876.12,9211.97,91.89,0,10707.0,3741.0,5334.25,2065.25,1348.25,2025-07-10 07:00:00,13.7,41.75,6.55,11.975,82.75,31.75,51.0,3.326388888888889
2025-07-10 08:00:00,"Jul 10, 2025 9:00 AM",4079.8,1893.99,895.2,1430.41,18404.4,91.23,0,10551.5,3180.75,5220.75,1467.5,1332.5,2025-07-10 08:00:00,15.3,29.75,5.8999999999999995,10.025,222.75,141.75,81.0,2.7847222222222223
2025-07-10 09:00:00,"Jul 10, 2025 10:00 AM",3806.95,1856.57,733.42,1706.15,28012.43,89.44,0,9383.0,2608.75,3971.5,122.25,1345.75,2025-07-10 09:00:00,17.125,30.5,6.199999999999999,8.975,366.75,258.75,108.0,2.4930555555555554
2025-07-10 10:00:00,"Jul 10, 2025 11:00 AM",3652.41,1883.8,695.01,2221.58,34975.41,87.75,0,7263.75,1851.25,2692.5,49.0,1356.75,2025-07-10 10:00:00,18.6,17.75,6.425,9.125,509.0,377.75,131.25,2.5347222222222223
2025-07-10 11:00:00,"Jul 10, 2025 12:00 PM",3574.53,1823.48,522.03,2792.52,38203.74,91.52,0,5591.75,1686.0,2303.25,67.0,1321.25,2025-07-10 11:00:00,19.875,19.75,6.95,9.775,623.0,487.5,135.5,2.7152777777777777
2025-07-10 12:00:00,"Jul 10, 2025 1:00 PM",3501.01,1763.07,565.23,3494.16,39397.88,91.95,0,5263.0,1530.75,2328.75,24.75,1318.25,2025-07-10 12:00:00,20.875,29.25,7.775,10.850000000000001,721.75,580.5,141.25,3.0138888888888893
2025-07-10 13:00:00,"Jul 10, 2025 2:00 PM",3459.73,1728.57,544.56,4676.32,38696.62,92.45,0,5112.0,1326.5,2373.75,37.5,1329.5,2025-07-10 13:00:00,21.625,31.0,8.575,11.9,756.5,588.75,167.75,3.3055555555555554
2025-07-10 14:00:00,"Jul 10, 2025 3:00 PM",3479.67,1669.65,581.01,5908.26,36971.63,93.8,0,5148.75,1319.25,2703.75,44.25,1332.0,2025-07-10 14:00:00,22.05,38.0,8.825,12.299999999999999,721.0,548.25,172.75,3.416666666666666
2025-07-10 15:00:00,"Jul 10, 2025 4:00 PM",3524.03,1687.97,671.69,7222.42,33756.56,91.8,0,5251.75,1338.5,3018.75,10.0,1341.0,2025-07-10 15:00:00,22.975,61.25,10.05,13.95,701.75,497.0,204.75,3.8749999999999996
2025-07-10 16:00:00,"Jul 10, 2025 5:00 PM",3611.96,1609.92,825.34,7856.4,28697.35,92.19,0,5923.75,1428.75,3144.0,28.0,1371.75,2025-07-10 16:00:00,21.75,64.0,11.025,15.75,508.0,306.0,202.0,4.375
2025-07-10 17:00:00,"Jul 10, 2025 6:00 PM",3736.09,1646.7,861.78,8118.26,22222.23,92.92,0,8258.25,2391.5,3845.5,45.0,1386.75,2025-07-10 17:00:00,21.45,81.25,10.8,15.575,352.25,159.25,193.0,4.326388888888888
2025-07-10 18:00:00,"Jul 10, 2025 7:00 PM",4057.14,1751.3,735.03,8116.33,14514.51,92.93,0,9916.5,3156.25,5827.75,631.25,1436.0,2025-07-10 18:00:00,21.3,53.25,12.275,18.175,323.0,159.0,164.0,5.048611111111112
2025-07-10 19:00:00,"Jul 10, 2025 8:00 PM",4413.91,1905.13,689.66,7330.85,7205.28,92.65,0,10455.25,3661.5,6417.5,3405.25,1395.25,2025-07-10 19:00:00,21.1,47.75,10.3,15.85,245.0,137.75,107.25,4.402777777777778
2025-07-10 20:00:00,"Jul 10, 2025 9:00 PM",4548.81,2082.36,1018.48,5902.74,2215.0,92.93,0,10501.25,3698.25,6680.25,5400.5,1414.25,2025-07-10 20:00:00,19.400000000000002,74.25,9.775,16.375,146.0,74.0,72.0,4.548611111111111
2025-07-10 21:00:00,"Jul 10, 2025 10:00 PM",4560.25,1978.67,1253.42,4839.5,243.51,93.37,0,10373.25,3695.0,6803.5,4908.0,1410.25,2025-07-10 21:00:00,18.7,38.75,7.125,14.2,55.5,21.75,33.75,3.944444444444444
2025-07-10 22:00:00,"Jul 10, 2025 11:00 PM",4419.28,1920.52,1486.85,4401.9,65.74,93.73,0,10490.75,3750.75,6496.5,3810.5,1413.5,2025-07-10 22:00:00,17.8,48.5,7.1499999999999995,15.025,3.75,0.75,3.0,4.173611111111111
2025-07-10 23:00:00,"Jul 11, 2025 12:00 AM",4210.58,1705.02,1474.51,5199.22,59.86,92.89,0,10486.75,3746.75,5957.0,1651.5,1395.25,2025-07-10 23:00:00,17.1,44.5,5.075,12.625,0.0,0.0,0.0,3.506944444444444
2025-07-11 00:00:00,"Jul 11, 2025 1:00 AM",3944.56,1674.93,1315.9,5697.38,54.21,93.17,0,10346.75,3584.5,5380.75,327.25,1263.0,2025-07-11 00:00:00,16.5,30.25,6.9,15.325,0.0,0.0,0.0,4.256944444444444
2025-07-11 01:00:00,"Jul 11, 2025 2:00 AM",3838.36,1648.21,1220.25,5645.73,54.08,93.82,0,10164.0,3524.5,4601.0,278.25,1271.5,2025-07-11 01:00:00,15.825,21.25,7.8,16.875,0.0,0.0,0.0,4.6875
2025-07-11 02:00:00,"Jul 11, 2025 3:00 AM",3793.78,1667.22,1279.19,5430.5,54.48,93.51,0,10215.25,3582.5,4362.25,319.5,1357.25,2025-07-11 02:00:00,15.25,54.25,8.1,17.625,0.0,0.0,0.0,4.895833333333333
2025-07-11 03:00:00,"Jul 11, 2025 4:00 AM",3761.17,1592.31,1452.04,5549.48,55.39,92.81,0,10260.0,3588.0,4347.75,120.75,1366.5,2025-07-11 03:00:00,14.75,36.0,7.15,15.725,0.0,0.0,0.0,4.368055555555555
2025-07-11 04:00:00,"Jul 11, 2025 5:00 AM",3763.14,1593.08,1558.45,5567.78,57.67,92.6,0,10307.0,3579.5,4468.5,253.0,1369.5,2025-07-11 04:00:00,14.45,79.75,7.1499999999999995,16.05,0.0,0.0,0.0,4.458333333333333
2025-07-11 05:00:00,"Jul 11, 2025 6:00 AM",3904.58,1663.47,1538.92,5948.8,356.28,92.87,0,10311.5,3580.75,4634.5,358.25,1347.0,2025-07-11 05:00:00,14.3,47.75,7.625,16.8,0.0,0.0,0.0,4.666666666666667
2025-07-11 06:00:00,"Jul 11, 2025 7:00 AM",4181.7,1773.64,1671.95,5801.17,2741.34,92.6,0,10654.75,3774.25,4890.5,1120.5,1342.5,2025-07-11 06:00:00,14.275,86.75,7.25,15.6,12.75,4.0,8.75,4.333333333333333
2025-07-11 07:00:00,"Jul 11, 2025 8:00 AM",4263.21,1832.25,1805.79,4356.08,7883.14,91.91,0,10608.0,3551.75,5094.75,2522.0,1383.75,2025-07-11 07:00:00,14.925,95.0,7.1,15.05,85.5,35.75,49.75,4.180555555555555
2025-07-11 08:00:00,"Jul 11, 2025 9:00 AM",4099.77,1871.42,1806.26,3848.76,15372.71,91.34,0,10012.25,3522.0,4861.25,1437.25,1373.0,2025-07-11 08:00:00,16.125,96.5,7.725,12.625,196.75,101.25,95.5,3.506944444444444
2025-07-11 09:00:00,"Jul 11, 2025 10:00 AM",3812.54,1727.83,1654.29,4919.74,22888.95,89.57,0,7981.5,3253.25,3972.5,663.5,1393.0,2025-07-11 09:00:00,16.975,90.25,8.3,12.3,270.25,140.0,130.25,3.416666666666667
2025-07-11 10:00:00,"Jul 11, 2025 11:00 AM",3490.93,1702.51,970.41,6458.89,27894.73,90.7,0,5994.25,2339.25,3666.5,148.5,1470.25,2025-07-11 10:00:00,18.175,85.25,8.3,11.975,383.75,212.25,171.5,3.326388888888889
2025-07-11 11:00:00,"Jul 11, 2025 12:00 PM",3497.55,1620.11,1002.52,7497.14,32457.58,91.8,0,5126.25,1890.0,3112.75,115.75,1448.5,2025-07-11 11:00:00,19.425,75.75,10.024999999999999,14.524999999999999,498.5,285.0,213.5,4.034722222222221
2025-07-11 12:00:00,"Jul 11, 2025 1:00 PM",3444.54,1541.7,996.45,8640.15,35603.65,94.08,0,4030.25,1660.0,2263.0,6.75,1435.5,2025-07-11 12:00:00,20.475,75.25,10.899999999999999,15.724999999999998,537.0,272.25,264.75,4.3680555555555545
2025-07-11 13:00:00,"Jul 11, 2025 2:00 PM",3406.16,1576.58,969.78,9741.39,36824.48,95.36,0,3790.25,1500.75,2006.75,22.75,1430.25,2025-07-11 13:00:00,21.525,77.25,12.25,17.625,615.25,357.0,258.25,4.895833333333333
2025-07-11 14:00:00,"Jul 11, 2025 3:00 PM",3384.03,1562.65,1342.35,10638.53,35782.51,95.23,0,3744.0,1257.0,1946.25,24.25,1365.5,2025-07-11 14:00:00,21.9,93.75,12.1,17.549999999999997,686.25,436.75,249.5,4.874999999999999
2025-07-11 15:00:00,"Jul 11, 2025 4:00 PM",3407.59,1646.84,2127.01,12155.08,32318.28,94.02,0,3774.0,1010.5,1904.75,30.5,1368.0,2025-07-11 15:00:00,21.95,72.75,11.225,17.05,570.5,343.5,227.0,4.736111111111112
2025-07-11 16:00:00,"Jul 11, 2025 5:00 PM",3517.79,1766.61,2477.88,13640.55,27575.66,93.64,0,4054.25,990.5,2104.5,188.0,1379.0,2025-07-11 16:00:00,21.95,75.5,13.275,19.725,541.75,345.25,196.5,5.479166666666667
2025-07-11 17:00:00,"Jul 11, 2025 6:00 PM",3639.57,1715.52,2690.78,14615.94,21250.94,94.8,0,6001.25,1390.0,2525.25,86.0,1405.75,2025-07-11 17:00:00,21.575,73.75,14.600000000000001,21.625,449.75,262.75,187.0,6.006944444444445
2025-07-11 18:00:00,"Jul 11, 2025 7:00 PM",3899.48,1743.03,2700.28,14941.61,13677.9,94.85,0,7419.25,2414.75,3133.5,192.5,1399.25,2025-07-11 18:00:00,20.9,72.25,14.675,22.05,359.25,191.75,167.5,6.125
2025-07-11 19:00:00,"Jul 11, 2025 8:00 PM",4232.21,1727.82,2748.53,13351.19,6742.55,95.91,0,7840.25,3114.25,4704.5,1633.25,1397.75,2025-07-11 19:00:00,20.575,71.0,13.5,21.175,230.25,122.25,108.0,5.881944444444445
2025-07-11 20:00:00,"Jul 11, 2025 9:00 PM",4432.16,1870.45,2737.75,11082.49,2089.69,98.51,0,7879.25,3306.5,5553.5,3185.0,1405.25,2025-07-11 20:00:00,19.875,100.0,14.125,22.675,124.5,53.75,70.75,6.298611111111111
2025-07-11 21:00:00,"Jul 11, 2025 10:00 PM",4524.72,1848.87,2833.66,9672.29,261.9,98.54,0,7899.0,3293.0,5602.75,5441.25,1399.25,2025-07-11 21:00:00,18.55,100.0,12.85,22.625,42.25,12.75,29.5,6.284722222222222
2025-07-11 22:00:00,"Jul 11, 2025 11:00 PM",4421.0,1778.08,2839.02,8541.61,88.28,98.18,0,7940.0,3248.5,5455.0,5239.25,1401.75,2025-07-11 22:00:00,17.475,78.75,11.55,21.425,2.5,0.25,2.25,5.951388888888889
2025-07-11 23:00:00,"Jul 12, 2025 12:00 AM",4220.64,1671.37,2912.72,8145.65,62.7,98.27,0,7982.0,3065.0,5348.75,3635.75,1396.25,2025-07-11 23:00:00,16.9,100.0,9.95,19.425,0.0,0.0,0.0,5.395833333333333
2025-07-12 00:00:00,"Jul 12, 2025 1:00 AM",4044.28,1594.43,2592.01,7402.67,67.31,98.49,0,7829.75,3217.5,4997.5,1506.75,1351.25,2025-07-12 00:00:00,16.4,99.5,8.925,18.1,0.0,0.0,0.0,5.027777777777778
2025-07-12 01:00:00,"Jul 12, 2025 2:00 AM",3961.62,1552.89,2022.31,6796.82,57.78,98.64,0,7375.75,2969.75,4618.25,1462.5,1315.25,2025-07-12 01:00:00,16.175,99.25,9.075,18.675,0.0,0.0,0.0,5.1875
2025-07-12 02:00:00,"Jul 12, 2025 3:00 AM",3903.88,1523.56,1713.6,6538.0,54.51,99.43,0,6608.25,2912.5,4302.5,216.75,1325.5,2025-07-12 02:00:00,16.125,79.5,9.375,19.299999999999997,0.0,0.0,0.0,5.36111111111111
2025-07-12 03:00:00,"Jul 12, 2025 4:00 AM",3855.13,1589.22,1895.25,6654.76,54.75,99.41,0,6113.0,2912.25,3770.5,633.5,1314.0,2025-07-12 03:00:00,15.375,81.5,8.65,17.1,0.0,0.0,0.0,4.75
2025-07-12 04:00:00,"Jul 12, 2025 5:00 AM",3862.4,1493.49,1874.32,7386.54,55.41,98.89,0,6036.0,2815.0,3652.0,200.0,1318.0,2025-07-12 04:00:00,15.175,90.25,9.4,19.025,0.0,0.0,0.0,5.284722222222221
2025-07-12 05:00:00,"Jul 12, 2025 6:00 AM",3916.05,1566.29,2093.35,8589.67,201.72,99.61,0,6042.75,2791.25,3284.0,299.75,1299.25,2025-07-12 05:00:00,15.100000000000001,77.0,9.65,19.475,0.0,0.0,0.0,5.409722222222222
2025-07-12 06:00:00,"Jul 12, 2025 7:00 AM",4013.76,1509.24,2523.6,8938.22,2134.45,98.11,0,5445.25,2726.5,2640.5,349.0,1275.25,2025-07-12 06:00:00,15.175,99.75,9.55,18.25,6.75,0.75,6.0,5.069444444444445
2025-07-12 07:00:00,"Jul 12, 2025 8:00 AM",4019.24,1561.01,3298.43,8288.0,6345.01,96.63,0,5061.25,2331.5,2607.75,549.5,1281.25,2025-07-12 07:00:00,15.65,83.25,9.975,17.625,46.75,7.25,39.5,4.895833333333333
2025-07-12 08:00:00,"Jul 12, 2025 9:00 AM",3897.12,1567.98,3897.49,8160.41,12460.2,97.11,0,4766.0,1097.0,2102.5,246.25,1322.0,2025-07-12 08:00:00,16.4,77.25,9.4,15.15,143.75,63.75,80.0,4.208333333333333
2025-07-12 09:00:00,"Jul 12, 2025 10:00 AM",3752.01,1681.06,4132.67,8777.87,19045.34,97.2,0,3586.75,555.5,1744.75,99.5,1330.75,2025-07-12 09:00:00,17.2,59.0,10.275,15.625,240.25,123.25,117.0,4.340277777777778
2025-07-12 10:00:00,"Jul 12, 2025 11:00 AM",3621.19,1617.76,3901.67,9645.31,24928.53,96.47,0,3044.0,561.75,1570.0,157.5,1328.25,2025-07-12 10:00:00,18.225,55.25,9.125,15.225,325.0,192.5,132.5,4.229166666666666
2025-07-12 11:00:00,"Jul 12, 2025 12:00 PM",3519.72,1607.16,3581.48,9611.73,27923.09,95.62,0,3012.0,539.75,1569.75,30.25,1350.0,2025-07-12 11:00:00,19.3,77.0,9.75,16.125,409.5,262.25,147.25,4.479166666666667
2025-07-12 12:00:00,"Jul 12, 2025 1:00 PM",3454.3,1582.18,3138.42,8720.25,28671.25,92.9,0,2983.25,529.5,1544.75,218.0,1349.25,2025-07-12 12:00:00,20.45,81.0,9.05,13.4,485.75,314.25,171.5,3.7222222222222223
2025-07-12 13:00:00,"Jul 12, 2025 2:00 PM",3374.28,1567.66,2722.27,7974.09,27599.25,91.88,0,2935.0,526.0,1547.5,96.5,1350.75,2025-07-12 13:00:00,21.025,82.25,9.5,13.75,463.0,261.25,201.75,3.819444444444444
2025-07-12 14:00:00,"Jul 12, 2025 3:00 PM",3366.27,1467.83,2839.77,7818.58,26066.42,91.37,0,2935.25,550.5,1527.5,14.0,1346.75,2025-07-12 14:00:00,21.4,86.5,9.1,13.05,415.0,196.75,218.25,3.625
2025-07-12 15:00:00,"Jul 12, 2025 4:00 PM",3408.08,1571.34,3518.97,8671.86,22964.89,90.33,0,3027.75,572.75,1538.5,13.75,1365.75,2025-07-12 15:00:00,21.775,74.75,10.05,14.55,429.25,219.75,209.5,4.041666666666667
2025-07-12 16:00:00,"Jul 12, 2025 5:00 PM",3504.69,1645.82,3359.8,8458.2,19119.23,90.83,0,3301.5,581.25,1560.0,54.25,1367.0,2025-07-12 16:00:00,22.15,75.0,11.3,16.575,475.75,265.75,210.0,4.604166666666666
2025-07-12 17:00:00,"Jul 12, 2025 6:00 PM",3640.41,1643.15,2888.41,7813.0,14418.55,90.71,0,4471.75,676.25,2092.0,342.5,1380.75,2025-07-12 17:00:00,21.675,82.75,12.075,18.3,298.25,145.75,152.5,5.083333333333333
2025-07-12 18:00:00,"Jul 12, 2025 7:00 PM",3948.87,1589.98,2344.58,7179.89,9502.26,90.78,0,5409.75,1220.25,3130.0,962.25,1418.25,2025-07-12 18:00:00,21.525,86.75,12.2,18.875,233.5,102.25,131.25,5.243055555555555
2025-07-12 19:00:00,"Jul 12, 2025 8:00 PM",4266.47,1576.69,2438.93,6729.28,4870.57,91.35,0,6321.0,1591.0,4100.5,3784.0,1427.75,2025-07-12 19:00:00,21.075,82.5,11.375,17.6,208.0,95.0,113.0,4.888888888888889
2025-07-12 20:00:00,"Jul 12, 2025 9:00 PM",4437.67,1730.32,2605.9,6113.62,1561.66,92.14,0,6340.5,1745.5,4381.0,3512.0,1439.25,2025-07-12 20:00:00,20.425,71.25,8.775,15.15,113.25,41.75,71.5,4.208333333333333
2025-07-12 21:00:00,"Jul 12, 2025 10:00 PM",4462.05,1924.56,2458.65,5793.31,170.29,93.77,0,6345.0,1796.25,4430.25,4491.0,1443.25,2025-07-12 21:00:00,19.5,54.0,8.0,15.3,46.25,16.25,30.0,4.25
2025-07-12 22:00:00,"Jul 12, 2025 11:00 PM",4351.18,1918.67,2725.82,5203.59,93.93,95.34,0,6394.5,1805.0,4455.0,4475.0,1447.25,2025-07-12 22:00:00,18.375,65.0,6.35,13.975,4.0,0.75,3.25,3.881944444444444
2025-07-12 23:00:00,"Jul 13, 2025 12:00 AM",4144.52,1757.63,2716.71,4954.44,64.16,95.69,0,6404.5,1780.75,4383.5,3294.5,1455.25,2025-07-12 23:00:00,17.8,38.0,6.375,12.975,0.0,0.0,0.0,3.6041666666666665
2025-07-13 00:00:00,"Jul 13, 2025 1:00 AM",3951.35,1581.99,2365.29,4604.83,66.57,94.24,0,6406.75,1538.5,4148.75,2172.5,1450.5,2025-07-13 00:00:00,17.075,36.0,5.800000000000001,12.225,0.0,0.0,0.0,3.395833333333333
2025-07-13 01:00:00,"Jul 13, 2025 2:00 AM",3863.76,1461.25,2107.78,4365.36,58.52,95.16,0,6271.75,1418.0,3706.75,1223.0,1430.5,2025-07-13 01:00:00,16.475,42.0,6.05,13.425,0.0,0.0,0.0,3.729166666666667
2025-07-13 02:00:00,"Jul 13, 2025 3:00 AM",3795.22,1465.18,2072.01,3930.99,54.35,96.16,0,6211.5,1412.0,3086.75,314.75,1425.75,2025-07-13 02:00:00,16.125,72.75,6.425000000000001,13.2,0.0,0.0,0.0,3.6666666666666665
2025-07-13 03:00:00,"Jul 13, 2025 4:00 AM",3780.65,1434.66,1681.68,3839.01,55.55,96.3,0,6140.75,1383.25,3098.0,187.5,1420.75,2025-07-13 03:00:00,15.425,68.75,5.95,12.175,0.0,0.0,0.0,3.3819444444444446
2025-07-13 04:00:00,"Jul 13, 2025 5:00 AM",3797.85,1467.23,1548.14,3817.86,55.38,96.41,0,6141.0,1341.0,3045.25,216.5,1398.5,2025-07-13 04:00:00,14.95,49.25,5.775,11.725000000000001,0.0,0.0,0.0,3.2569444444444446
2025-07-13 05:00:00,"Jul 13, 2025 6:00 AM",3873.54,1427.21,1529.05,4271.06,201.66,97.01,0,6050.0,1340.25,3023.0,196.5,1353.25,2025-07-13 05:00:00,14.5,47.25,5.625,11.45,0.0,0.0,0.0,3.1805555555555554
2025-07-13 06:00:00,"Jul 13, 2025 7:00 AM",3911.56,1500.78,1990.89,4127.62,2101.96,97.21,0,5268.25,1283.25,2947.0,213.0,1483.0,2025-07-13 06:00:00,14.5,52.25,6.25,12.425,9.75,1.5,8.25,3.451388888888889
2025-07-13 07:00:00,"Jul 13, 2025 8:00 AM",3902.31,1684.33,1906.64,3363.54,6543.24,95.96,0,5043.75,809.25,2742.75,306.25,1520.75,2025-07-13 07:00:00,15.5,41.0,7.4,12.875,74.0,27.75,46.25,3.576388888888889
2025-07-13 08:00:00,"Jul 13, 2025 9:00 AM",3821.04,1792.11,1748.28,2652.3,12578.64,94.07,0,5004.75,574.75,2161.5,1072.25,1599.0,2025-07-13 08:00:00,16.95,59.5,7.8,14.175,171.75,94.25,77.5,3.9375
2025-07-13 09:00:00,"Jul 13, 2025 10:00 AM",3692.51,1622.48,1550.61,2416.51,19236.57,92.83,0,4480.75,561.75,1828.25,594.0,1643.5,2025-07-13 09:00:00,18.5,64.5,7.8,11.725,245.5,127.25,118.25,3.256944444444444
2025-07-13 10:00:00,"Jul 13, 2025 11:00 AM",3549.14,1659.1,1446.45,2514.54,26770.05,92.1,0,3754.25,550.25,1622.75,88.0,1642.0,2025-07-13 10:00:00,19.75,59.5,7.475,10.85,339.75,190.75,149.0,3.013888888888889
2025-07-13 11:00:00,"Jul 13, 2025 12:00 PM",3427.36,1616.29,1620.03,2740.17,32198.28,88.83,0,3482.75,520.25,1563.0,61.5,1655.75,2025-07-13 11:00:00,20.5,61.25,8.225,11.700000000000001,403.0,247.25,155.75,3.25
2025-07-13 12:00:00,"Jul 13, 2025 1:00 PM",3366.46,1603.82,1506.97,3411.68,34681.2,85.7,0,3438.0,515.0,1551.25,51.25,1692.75,2025-07-13 12:00:00,21.525,55.5,8.5,11.975,483.5,311.0,172.5,3.326388888888889
2025-07-13 13:00:00,"Jul 13, 2025 2:00 PM",3342.96,1605.83,1432.14,3536.05,35456.56,85.67,0,2997.5,512.75,1578.25,13.5,1772.0,2025-07-13 13:00:00,22.825,48.75,8.675,12.350000000000001,593.5,364.25,229.25,3.430555555555556
2025-07-13 14:00:00,"Jul 13, 2025 3:00 PM",3337.22,1581.53,1359.99,3464.28,35055.54,85.62,0,2920.75,512.5,1580.0,7.0,1576.75,2025-07-13 14:00:00,23.375,59.5,10.2,14.35,614.25,375.75,238.5,3.9861111111111107
2025-07-13 15:00:00,"Jul 13, 2025 4:00 PM",3363.17,1557.5,1145.78,3810.42,33628.32,84.6,0,2993.25,502.5,1635.0,6.75,1422.75,2025-07-13 15:00:00,23.05,62.75,9.075,12.975,535.75,324.75,211.0,3.6041666666666665
2025-07-13 16:00:00,"Jul 13, 2025 5:00 PM",3458.65,1584.04,886.24,3591.27,29998.88,86.35,0,3508.0,603.25,1688.0,12.75,1411.25,2025-07-13 16:00:00,23.9,51.25,8.0,11.15,553.5,359.0,194.5,3.0972222222222223
2025-07-13 17:00:00,"Jul 13, 2025 6:00 PM",3609.8,1647.29,953.17,3579.16,24268.85,86.34,0,5745.0,1578.75,2000.75,56.25,1427.5,2025-07-13 17:00:00,24.375,43.75,7.75,10.725,484.25,318.25,166.0,2.9791666666666665
2025-07-13 18:00:00,"Jul 13, 2025 7:00 PM",3891.81,1656.26,948.14,2940.08,15731.05,87.73,0,8101.75,2571.75,3168.0,838.25,1419.0,2025-07-13 18:00:00,24.275,33.25,7.675,10.8,396.5,259.25,137.25,3.0
2025-07-13 19:00:00,"Jul 13, 2025 8:00 PM",4200.83,1550.86,1110.64,2036.28,7275.25,88.65,0,9252.5,3447.5,4376.0,2843.75,1420.75,2025-07-13 19:00:00,23.925,36.75,8.125,11.675,280.75,186.75,94.0,3.243055555555556
2025-07-13 20:00:00,"Jul 13, 2025 9:00 PM",4397.97,1674.91,995.96,1566.65,2130.95,89.28,0,9779.75,4033.5,5340.75,4345.25,1422.25,2025-07-13 20:00:00,23.1,27.5,7.8,12.55,155.25,90.0,65.25,3.486111111111111
2025-07-13 21:00:00,"Jul 13, 2025 10:00 PM",4394.28,1606.94,1071.05,1486.99,204.39,90.19,0,10159.75,4228.25,5636.5,3833.25,1429.0,2025-07-13 21:00:00,21.875,21.5,5.8500000000000005,12.7,54.0,21.5,32.5,3.5277777777777777
2025-07-13 22:00:00,"Jul 13, 2025 11:00 PM",4306.48,1613.13,1129.62,1274.39,77.79,90.52,0,10429.0,4297.75,5694.5,3833.75,1441.0,2025-07-13 22:00:00,20.425,23.75,6.6499999999999995,14.775,3.5,0.75,2.75,4.104166666666667
2025-07-13 23:00:00,"Jul 14, 2025 12:00 AM",4089.61,1427.39,948.45,1239.16,58.88,90.63,0,10231.5,4241.0,5635.75,1538.75,1462.0,2025-07-13 23:00:00,19.55,23.0,5.925000000000001,13.925,0.0,0.0,0.0,3.868055555555556
2025-07-14 00:00:00,"Jul 14, 2025 1:00 AM",3851.31,1509.98,854.12,1199.49,64.03,92.2,0,10072.0,4103.25,5114.75,1098.75,1503.25,2025-07-14 00:00:00,19.075000000000003,14.75,6.45,14.85,0.0,0.0,0.0,4.125
2025-07-14 01:00:00,"Jul 14, 2025 2:00 AM",3767.16,1451.38,939.96,1308.69,64.86,92.71,0,9867.0,3994.0,5050.0,626.75,1505.25,2025-07-14 01:00:00,18.35,6.0,6.2250000000000005,14.675,0.0,0.0,0.0,4.076388888888889
2025-07-14 02:00:00,"Jul 14, 2025 3:00 AM",3687.6,1389.78,850.57,1617.33,53.8,92.93,0,9887.75,3984.25,4957.5,166.5,1513.25,2025-07-14 02:00:00,17.65,3.75,6.05,14.625,0.0,0.0,0.0,4.0625
2025-07-14 03:00:00,"Jul 14, 2025 4:00 AM",3660.53,1375.73,498.92,2170.13,52.93,93.34,0,9866.0,3981.75,4921.5,119.25,1501.0,2025-07-14 03:00:00,16.425,24.25,7.125,14.475,0.0,0.0,0.0,4.020833333333333
2025-07-14 04:00:00,"Jul 14, 2025 5:00 AM",3736.66,1351.65,244.01,3238.58,53.84,92.6,0,9975.25,4009.0,4899.5,106.75,1486.25,2025-07-14 04:00:00,15.825,33.25,4.625,11.225,0.0,0.0,0.0,3.1180555555555554
2025-07-14 05:00:00,"Jul 14, 2025 6:00 AM",3889.01,1393.53,186.8,4296.32,346.32,92.37,0,10055.0,4177.25,5035.75,229.0,1510.5,2025-07-14 05:00:00,15.45,28.5,3.9499999999999997,9.450000000000001,0.0,0.0,0.0,2.6250000000000004
2025-07-14 06:00:00,"Jul 14, 2025 7:00 AM",4115.04,1480.9,226.78,4765.05,3061.46,91.96,0,10032.25,4286.5,5251.5,1115.25,1496.25,2025-07-14 06:00:00,15.475000000000001,53.75,5.425000000000001,11.625,11.25,3.0,8.25,3.2291666666666665
2025-07-14 07:00:00,"Jul 14, 2025 8:00 AM",4198.02,1541.33,238.64,4431.95,8734.47,90.42,0,10034.5,4365.0,5282.0,2058.5,1506.5,2025-07-14 07:00:00,16.85,57.5,6.449999999999999,12.649999999999999,79.5,30.5,49.0,3.5138888888888884
2025-07-14 08:00:00,"Jul 14, 2025 9:00 AM",4026.27,1551.03,149.39,3333.1,16227.88,89.57,0,9953.5,3980.5,4314.5,1756.0,1505.5,2025-07-14 08:00:00,18.575,76.25,5.6,12.5,192.75,96.25,96.5,3.4722222222222223
2025-07-14 09:00:00,"Jul 14, 2025 10:00 AM",3714.91,1521.79,99.4,3305.3,23507.27,90.15,0,9892.75,3377.25,3136.0,770.25,1515.0,2025-07-14 09:00:00,20.2,73.0,8.75,12.95,292.5,147.75,144.75,3.597222222222222
2025-07-14 10:00:00,"Jul 14, 2025 11:00 AM",3525.91,1521.87,51.6,3862.95,27702.66,88.49,0,8585.5,2535.0,2897.5,74.5,1511.5,2025-07-14 10:00:00,21.375,76.0,11.450000000000001,16.925,441.75,259.0,182.75,4.701388888888889
2025-07-14 11:00:00,"Jul 14, 2025 12:00 PM",3461.92,1640.28,42.86,4712.75,28317.13,90.78,0,8041.0,2160.75,2878.5,372.0,1511.25,2025-07-14 11:00:00,22.175,58.75,11.725000000000001,17.3,535.0,328.5,206.5,4.805555555555555
2025-07-14 12:00:00,"Jul 14, 2025 1:00 PM",3374.45,1520.19,44.66,5925.01,28438.68,91.87,0,7914.5,2279.25,2767.75,201.0,1529.5,2025-07-14 12:00:00,23.35,56.75,12.375,17.9,584.25,368.75,215.5,4.972222222222221
2025-07-14 13:00:00,"Jul 14, 2025 2:00 PM",3336.62,1464.45,9.53,6789.65,29046.27,92.25,0,7270.0,2122.75,2577.25,49.0,1546.25,2025-07-14 13:00:00,23.575,76.75,13.0,18.85,594.25,379.25,215.0,5.236111111111112
2025-07-14 14:00:00,"Jul 14, 2025 3:00 PM",3334.78,1509.91,14.64,7853.06,28689.98,91.48,0,6833.5,1940.5,2554.5,11.25,1514.75,2025-07-14 14:00:00,24.15,74.5,12.299999999999999,17.325,596.25,324.0,272.25,4.8125
2025-07-14 15:00:00,"Jul 14, 2025 4:00 PM",3361.17,1559.49,44.69,8558.49,27221.89,91.33,0,6397.25,1679.0,2537.5,0.0,1503.25,2025-07-14 15:00:00,23.675,93.0,10.649999999999999,15.2,557.0,295.0,262.0,4.222222222222222
2025-07-14 16:00:00,"Jul 14, 2025 5:00 PM",3491.15,1693.96,23.65,8971.82,23249.79,89.48,0,7266.5,2006.75,2578.25,45.5,1493.5,2025-07-14 16:00:00,22.925,99.0,11.575,16.375,469.0,251.5,217.5,4.548611111111111
2025-07-14 17:00:00,"Jul 14, 2025 6:00 PM",3640.58,1648.5,58.99,8973.24,17837.58,89.68,0,9121.75,3044.25,2915.5,393.25,1503.75,2025-07-14 17:00:00,21.95,100.0,9.825,14.975,370.25,161.25,209.0,4.159722222222222
2025-07-14 18:00:00,"Jul 14, 2025 7:00 PM",3975.62,1712.71,28.34,7886.91,11701.15,90.09,0,10628.75,4035.0,3849.0,1279.75,1495.75,2025-07-14 18:00:00,22.375,60.5,9.85,14.675,311.75,131.75,180.0,4.076388888888889
2025-07-14 19:00:00,"Jul 14, 2025 8:00 PM",4270.03,1645.88,3.5,6686.84,6073.28,91.0,0,10768.25,4425.75,4858.75,2936.5,1518.25,2025-07-14 19:00:00,22.1,76.25,10.775,16.450000000000003,269.75,153.25,116.5,4.5694444444444455
2025-07-14 20:00:00,"Jul 14, 2025 9:00 PM",4435.83,1775.7,0.86,5321.38,1915.24,91.59,0,10744.5,4536.25,5100.0,4558.25,1504.25,2025-07-14 20:00:00,21.275,38.25,8.175,13.875,143.0,63.25,79.75,3.8541666666666665
2025-07-14 21:00:00,"Jul 14, 2025 10:00 PM",4409.65,1811.21,4.78,4736.11,131.61,92.97,0,10617.25,4574.75,5155.5,4945.75,1507.5,2025-07-14 21:00:00,20.15,6.5,7.05,14.75,58.5,25.0,33.5,4.097222222222222
2025-07-14 22:00:00,"Jul 14, 2025 11:00 PM",4300.09,1921.42,41.54,4041.24,41.64,92.38,0,10437.75,4593.0,5112.25,4874.25,1520.0,2025-07-14 22:00:00,19.2,10.5,7.275,16.400000000000002,3.75,1.0,2.75,4.555555555555556
2025-07-14 23:00:00,"Jul 15, 2025 12:00 AM",4087.33,1756.45,192.52,4148.24,11.04,93.32,0,10538.75,4506.25,4969.5,2516.5,1520.0,2025-07-14 23:00:00,18.725,11.25,7.55,17.3,0.0,0.0,0.0,4.805555555555555
2025-07-15 00:00:00,"Jul 15, 2025 1:00 AM",3866.93,1539.08,632.8,4255.48,8.18,93.56,0,10596.5,4374.5,4559.25,863.25,1521.75,2025-07-15 00:00:00,18.4,15.5,7.35,16.95,0.0,0.0,0.0,4.708333333333333
2025-07-15 01:00:00,"Jul 15, 2025 2:00 AM",3796.52,1533.4,1229.31,4474.46,7.32,93.88,0,10520.75,4356.75,3899.75,573.25,1548.5,2025-07-15 01:00:00,18.0,34.25,6.975,16.525,0.0,0.0,0.0,4.590277777777778
2025-07-15 02:00:00,"Jul 15, 2025 3:00 AM",3674.84,1496.81,1587.95,4954.43,5.72,94.12,0,10509.5,4295.75,3701.75,131.0,1535.0,2025-07-15 02:00:00,17.725,32.0,7.3,16.925,0.0,0.0,0.0,4.701388888888889
2025-07-15 03:00:00,"Jul 15, 2025 4:00 AM",3643.58,1548.11,2347.53,5554.77,5.76,94.64,0,10525.0,4310.25,3667.75,87.5,1509.25,2025-07-15 03:00:00,17.425,60.75,8.85,18.7,0.0,0.0,0.0,5.194444444444444
2025-07-15 04:00:00,"Jul 15, 2025 5:00 AM",3702.6,1448.48,3020.79,6503.6,7.01,95.12,0,10556.25,4298.25,3635.0,84.75,1477.5,2025-07-15 04:00:00,17.275,76.0,8.475,17.7,0.0,0.0,0.0,4.916666666666666
2025-07-15 05:00:00,"Jul 15, 2025 6:00 AM",3864.19,1516.3,3137.71,7492.09,247.04,94.48,0,10621.25,4395.0,3607.5,116.0,1463.25,2025-07-15 05:00:00,16.975,57.75,8.6,18.5,0.0,0.0,0.0,5.138888888888888
2025-07-15 06:00:00,"Jul 15, 2025 7:00 AM",4128.56,1677.46,2341.19,9215.57,2411.61,93.08,0,10764.5,4464.5,3893.75,970.5,1459.25,2025-07-15 06:00:00,16.8,67.5,9.6,19.55,9.5,1.5,8.0,5.430555555555555
2025-07-15 07:00:00,"Jul 15, 2025 8:00 AM",4181.26,1709.76,2194.09,8387.68,7233.73,91.17,0,10717.5,4097.25,3922.75,1775.5,1453.25,2025-07-15 07:00:00,17.425,74.25,8.6,19.95,77.25,29.0,48.25,5.541666666666666
2025-07-15 08:00:00,"Jul 15, 2025 9:00 AM",3866.9,1682.43,2089.22,7291.01,14085.31,90.18,0,10566.25,3633.25,3689.75,753.25,1457.25,2025-07-15 08:00:00,18.525,71.5,8.325,16.875,169.0,71.75,97.25,4.6875
2025-07-15 09:00:00,"Jul 15, 2025 10:00 AM",3576.04,1558.91,2052.07,7627.61,20614.14,89.5,0,9299.25,2589.25,2852.5,242.5,1447.5,2025-07-15 09:00:00,19.775,67.0,9.15,14.325,293.0,156.75,136.25,3.9791666666666665
2025-07-15 10:00:00,"Jul 15, 2025 11:00 AM",3381.1,1564.73,1813.93,8649.92,25061.48,89.4,0,7967.75,1662.5,2295.5,17.75,1466.75,2025-07-15 10:00:00,20.7,58.75,10.625,15.75,432.75,251.0,181.75,4.375
2025-07-15 11:00:00,"Jul 15, 2025 12:00 PM",3333.62,1577.43,1867.83,9301.52,28249.68,90.38,0,6921.0,1275.25,2106.75,7.0,1443.0,2025-07-15 11:00:00,21.0,62.5,12.125,17.725,518.5,337.5,181.0,4.923611111111112
2025-07-15 12:00:00,"Jul 15, 2025 1:00 PM",3351.79,1434.64,2018.5,11153.47,29633.05,92.47,0,4935.5,1111.0,2057.25,53.0,1441.0,2025-07-15 12:00:00,20.4,88.0,14.95,21.85,490.5,286.0,204.5,6.069444444444445
2025-07-15 13:00:00,"Jul 15, 2025 2:00 PM",3343.26,1511.21,1929.43,12671.5,28157.1,92.1,0,4610.25,1061.5,2027.5,28.75,1453.0,2025-07-15 13:00:00,20.85,81.0,9.625,13.85,421.75,195.5,226.25,3.847222222222222
2025-07-15 14:00:00,"Jul 15, 2025 3:00 PM",3396.76,1498.03,1689.3,13384.95,26799.2,89.75,0,5283.0,1093.0,2138.5,201.0,1460.75,2025-07-15 14:00:00,20.25,78.75,13.45,20.075,437.5,188.75,248.75,5.576388888888888
2025-07-15 15:00:00,"Jul 15, 2025 4:00 PM",3416.63,1480.34,1384.68,13887.72,26379.82,92.83,0,5667.0,1113.75,2054.0,9.25,1454.75,2025-07-15 15:00:00,20.825,79.25,14.725000000000001,21.675,531.25,279.0,252.25,6.020833333333333
2025-07-15 16:00:00,"Jul 15, 2025 5:00 PM",3521.01,1594.47,1103.33,13012.37,23754.69,94.37,0,6273.75,1198.75,2109.75,4.5,1450.75,2025-07-15 16:00:00,21.275,83.75,14.175,21.05,514.75,320.5,194.25,5.847222222222222
2025-07-15 17:00:00,"Jul 15, 2025 6:00 PM",3690.23,1536.99,1282.56,12425.55,18843.23,94.94,0,8558.75,1900.5,3100.75,63.75,1454.75,2025-07-15 17:00:00,20.9,67.5,14.6,21.875,419.0,238.5,180.5,6.076388888888888
2025-07-15 18:00:00,"Jul 15, 2025 7:00 PM",4022.58,1594.29,1010.68,11183.57,12309.06,95.02,0,10273.0,3190.25,3989.75,882.75,1470.5,2025-07-15 18:00:00,21.325000000000003,60.5,13.0,19.5,370.0,234.5,135.5,5.416666666666667
2025-07-15 19:00:00,"Jul 15, 2025 8:00 PM",4296.91,1660.17,1246.22,8908.2,6134.9,95.23,0,10731.0,3822.25,5109.25,1304.5,1469.5,2025-07-15 19:00:00,20.275,65.75,13.7,20.8,256.75,148.25,108.5,5.777777777777778
2025-07-15 20:00:00,"Jul 15, 2025 9:00 PM",4488.34,1740.38,1414.95,6395.8,1783.29,95.04,0,10761.0,4011.75,5395.75,2216.0,1478.0,2025-07-15 20:00:00,18.95,69.0,10.275,18.075,130.5,66.25,64.25,5.020833333333333
2025-07-15 21:00:00,"Jul 15, 2025 10:00 PM",4455.39,1784.01,1193.29,5186.94,115.15,95.35,0,10721.75,4072.5,5475.5,2546.0,1508.75,2025-07-15 21:00:00,18.35,58.75,8.15,15.775,43.25,16.25,27.0,4.381944444444445
2025-07-15 22:00:00,"Jul 15, 2025 11:00 PM",4283.29,1698.66,1129.87,5332.19,19.21,95.78,0,10736.5,4079.5,5432.75,1891.5,1497.75,2025-07-15 22:00:00,17.6,75.5,7.9,17.45,3.0,0.5,2.5,4.847222222222222
2025-07-15 23:00:00,"Jul 16, 2025 12:00 AM",4066.14,1539.01,1164.39,6160.73,5.5,95.68,0,10654.5,3958.0,4970.75,910.0,1504.75,2025-07-15 23:00:00,17.174999999999997,59.0,7.65,16.55,0.0,0.0,0.0,4.597222222222222
2025-07-16 00:00:00,"Jul 16, 2025 1:00 AM",3861.0,1539.07,1146.49,6539.49,7.8,95.58,0,10603.0,3845.75,3813.5,487.75,1524.0,2025-07-16 00:00:00,16.425,40.75,8.775,18.125,0.0,0.0,0.0,5.034722222222222
2025-07-16 01:00:00,"Jul 16, 2025 2:00 AM",3764.77,1526.51,1525.93,6763.38,5.13,96.0,0,10398.25,3767.0,3532.5,102.5,1523.75,2025-07-16 01:00:00,15.725,30.5,8.675,18.725,0.0,0.0,0.0,5.201388888888889
2025-07-16 02:00:00,"Jul 16, 2025 3:00 AM",3705.71,1494.49,1868.92,7687.39,5.38,95.64,0,10306.25,3544.25,3326.5,17.5,1517.75,2025-07-16 02:00:00,15.25,28.0,7.975,17.725,0.0,0.0,0.0,4.923611111111112
2025-07-16 03:00:00,"Jul 16, 2025 4:00 AM",3698.46,1675.83,1846.63,8538.39,5.65,95.96,0,10240.75,3311.0,3289.25,137.5,1532.5,2025-07-16 03:00:00,15.075,52.5,6.675,15.7,0.0,0.0,0.0,4.361111111111111
2025-07-16 04:00:00,"Jul 16, 2025 5:00 AM",3757.48,1531.04,1885.2,9323.27,7.12,95.75,0,10389.5,3598.25,3471.0,108.0,1567.25,2025-07-16 04:00:00,14.75,53.25,9.125,19.6,0.0,0.0,0.0,5.444444444444445
2025-07-16 05:00:00,"Jul 16, 2025 6:00 AM",3886.85,1513.77,1858.59,9851.3,274.28,94.44,0,10467.25,3826.75,3675.75,129.25,1571.25,2025-07-16 05:00:00,14.475,57.75,9.05,19.375,0.0,0.0,0.0,5.381944444444445
2025-07-16 06:00:00,"Jul 16, 2025 7:00 AM",4217.93,1602.31,1742.47,10076.23,2459.01,94.51,0,10815.0,4052.5,4000.0,980.25,1553.75,2025-07-16 06:00:00,14.725,78.25,9.8,19.85,9.0,2.75,6.25,5.513888888888889
2025-07-16 07:00:00,"Jul 16, 2025 8:00 AM",4285.58,1569.6,1601.51,9129.8,6778.54,92.94,0,10830.25,4169.25,4053.25,1085.0,1553.25,2025-07-16 07:00:00,15.100000000000001,78.0,9.05,18.475,52.75,19.5,33.25,5.131944444444445
2025-07-16 08:00:00,"Jul 16, 2025 9:00 AM",4126.4,1578.41,1302.78,7268.31,12342.29,73.69,0,10796.25,4160.75,4043.25,1876.25,1553.25,2025-07-16 08:00:00,15.775,76.0,8.175,16.2,113.0,44.5,68.5,4.5
2025-07-16 09:00:00,"Jul 16, 2025 10:00 AM",3888.26,1631.93,921.77,6895.79,17578.44,79.59,0,10387.75,4006.0,3827.25,1064.25,1555.25,2025-07-16 09:00:00,16.65,74.75,7.700000000000001,12.875,209.75,88.0,121.75,3.576388888888889
2025-07-16 10:00:00,"Jul 16, 2025 11:00 AM",3636.17,1665.75,870.3,6937.45,22812.71,91.96,0,8826.25,3857.5,3247.5,501.25,1564.5,2025-07-16 10:00:00,17.975,79.25,8.425,13.025,328.5,176.25,152.25,3.6180555555555554
2025-07-16 11:00:00,"Jul 16, 2025 12:00 PM",3512.35,1611.88,762.36,7984.76,25940.05,93.16,0,7932.0,4002.75,3019.25,67.5,1554.0,2025-07-16 11:00:00,19.525,78.75,9.475,13.975,487.75,300.5,187.25,3.881944444444444
2025-07-16 12:00:00,"Jul 16, 2025 1:00 PM",3458.58,1579.6,676.53,8946.06,27893.44,94.78,0,7153.75,3631.0,2806.5,34.5,1556.0,2025-07-16 12:00:00,20.0,99.75,12.45,18.325,548.25,359.75,188.5,5.090277777777778
2025-07-16 13:00:00,"Jul 16, 2025 2:00 PM",3436.97,1497.82,610.92,9780.3,29071.57,94.14,0,6369.75,3285.5,2719.5,56.75,1520.25,2025-07-16 13:00:00,19.1,96.25,12.225,18.5,383.25,153.75,229.5,5.138888888888888
2025-07-16 14:00:00,"Jul 16, 2025 3:00 PM",3455.05,1756.74,560.63,10260.55,28646.0,94.77,0,6005.5,3186.5,2750.75,204.75,1506.75,2025-07-16 14:00:00,19.825,59.5,11.425,16.95,491.0,268.5,222.5,4.708333333333333
2025-07-16 15:00:00,"Jul 16, 2025 4:00 PM",3492.62,1679.74,576.82,10473.34,26451.65,95.07,0,6224.0,3167.5,2791.25,154.25,1520.25,2025-07-16 15:00:00,20.675,38.5,12.2,17.9,646.0,463.25,182.75,4.972222222222221
2025-07-16 16:00:00,"Jul 16, 2025 5:00 PM",3602.61,1576.82,646.34,10764.61,22642.38,94.48,0,7253.5,3705.75,2819.75,117.5,1534.0,2025-07-16 16:00:00,21.45,46.25,12.325,18.174999999999997,639.75,461.0,178.75,5.04861111111111
2025-07-16 17:00:00,"Jul 16, 2025 6:00 PM",3730.94,1592.12,580.94,10907.64,17316.94,94.89,0,8842.25,4529.25,3421.75,213.5,1537.5,2025-07-16 17:00:00,21.6,39.5,12.55,18.775000000000002,505.25,348.25,157.0,5.215277777777779
2025-07-16 18:00:00,"Jul 16, 2025 7:00 PM",4041.58,1698.51,712.82,10513.77,10907.85,93.8,0,10308.75,5143.25,4686.25,1593.75,1547.0,2025-07-16 18:00:00,20.825,59.25,13.475,20.1,401.25,284.0,117.25,5.583333333333334
2025-07-16 19:00:00,"Jul 16, 2025 8:00 PM",4348.22,1829.01,725.33,9440.37,5419.14,93.09,0,10600.0,5335.25,5442.0,3303.25,1562.25,2025-07-16 19:00:00,19.7,67.75,12.3,18.775,257.0,159.0,98.0,5.215277777777778
2025-07-16 20:00:00,"Jul 16, 2025 9:00 PM",4500.66,1933.25,844.23,8158.15,1665.44,95.18,0,10635.0,5346.5,5746.25,3987.75,1558.75,2025-07-16 20:00:00,17.825,64.0,9.3,16.025,130.75,61.0,69.75,4.451388888888888
2025-07-16 21:00:00,"Jul 16, 2025 10:00 PM",4523.93,1972.12,1213.24,7654.44,136.33,97.23,0,10620.5,5346.75,5843.0,4578.5,1540.75,2025-07-16 21:00:00,16.925,46.0,8.675,16.35,42.0,16.25,25.75,4.541666666666667
2025-07-16 22:00:00,"Jul 16, 2025 11:00 PM",4396.89,1765.55,1715.14,7864.1,36.71,97.08,0,10646.25,5348.5,5807.0,4142.0,1529.0,2025-07-16 22:00:00,16.275,57.75,10.475000000000001,19.975,2.75,0.5,2.25,5.548611111111112
2025-07-16 23:00:00,"Jul 17, 2025 12:00 AM",4153.91,1643.37,2225.65,8604.08,20.1,98.24,0,10634.75,5315.75,5686.5,2590.0,1515.25,2025-07-16 23:00:00,15.825,59.5,10.450000000000001,20.6,0.0,0.0,0.0,5.722222222222222
2025-07-17 00:00:00,"Jul 17, 2025 1:00 AM",3883.63,1586.4,2496.9,9163.34,13.45,98.3,0,10491.0,4905.25,5232.75,834.75,1452.75,2025-07-17 00:00:00,15.375,42.5,11.475,22.05,0.0,0.0,0.0,6.125
2025-07-17 01:00:00,"Jul 17, 2025 2:00 AM",3788.34,1627.95,2585.83,9475.89,7.26,97.8,0,10267.75,4724.0,4007.0,293.0,1460.5,2025-07-17 01:00:00,14.85,49.0,10.25,20.4,0.0,0.0,0.0,5.666666666666666
2025-07-17 02:00:00,"Jul 17, 2025 3:00 AM",3731.88,1668.52,2520.6,9173.33,5.91,97.73,0,10265.25,4721.5,3919.5,266.5,1452.25,2025-07-17 02:00:00,14.375,66.5,9.4,19.3,0.0,0.0,0.0,5.361111111111112
2025-07-17 03:00:00,"Jul 17, 2025 4:00 AM",3706.0,1702.3,2225.87,9225.91,7.62,97.99,0,10046.75,4734.0,3962.25,623.25,1441.0,2025-07-17 03:00:00,14.25,77.25,9.725,20.2,0.0,0.0,0.0,5.611111111111111
2025-07-17 04:00:00,"Jul 17, 2025 5:00 AM",3757.07,1644.59,2493.02,9675.87,6.73,98.09,0,9784.25,4720.75,4067.5,301.0,1446.5,2025-07-17 04:00:00,14.025,43.0,9.55,19.975,0.0,0.0,0.0,5.548611111111112
2025-07-17 05:00:00,"Jul 17, 2025 6:00 AM",3912.88,1874.87,3044.99,10794.94,163.18,98.25,0,9826.75,4798.5,4205.25,309.75,1433.75,2025-07-17 05:00:00,13.675,54.5,9.275,19.55,0.0,0.0,0.0,5.430555555555555
2025-07-17 06:00:00,"Jul 17, 2025 7:00 AM",4228.81,1702.27,3488.81,11222.33,2101.05,99.05,0,10539.0,4919.5,4712.5,208.5,1431.75,2025-07-17 06:00:00,13.725,60.75,10.25,19.375,8.75,2.0,6.75,5.381944444444445
2025-07-17 07:00:00,"Jul 17, 2025 8:00 AM",4291.55,1896.49,3608.15,9825.28,6643.88,96.97,0,10660.0,4959.5,5194.0,1552.25,1419.0,2025-07-17 07:00:00,14.5,52.25,10.75,20.8,64.5,21.75,42.75,5.777777777777778
2025-07-17 08:00:00,"Jul 17, 2025 9:00 AM",4083.33,1981.45,3367.11,9867.05,12714.32,96.15,0,10520.0,4290.75,4767.0,1396.0,1444.25,2025-07-17 08:00:00,15.5,65.5,10.675,17.15,161.25,78.5,82.75,4.763888888888888
2025-07-17 09:00:00,"Jul 17, 2025 10:00 AM",3822.72,1956.11,3152.43,11311.9,18539.61,96.94,0,9782.5,3246.25,4006.5,166.0,1489.25,2025-07-17 09:00:00,16.525,70.25,11.2,17.5,250.5,137.5,113.0,4.861111111111111
2025-07-17 10:00:00,"Jul 17, 2025 11:00 AM",3655.27,2026.66,3106.76,12536.4,23288.97,97.85,0,8720.75,2069.25,3712.25,178.0,1490.0,2025-07-17 10:00:00,17.575,68.5,13.525,20.525,316.25,158.25,158.0,5.701388888888888
2025-07-17 11:00:00,"Jul 17, 2025 12:00 PM",3568.14,1950.96,3114.42,13017.04,26358.87,98.23,0,7953.5,1580.5,3643.75,53.0,1470.0,2025-07-17 11:00:00,18.475,68.0,13.8,20.575,385.5,204.75,180.75,5.715277777777778
2025-07-17 12:00:00,"Jul 17, 2025 1:00 PM",3513.98,1904.36,3349.18,13421.3,27544.41,97.98,0,7148.25,1341.0,3371.25,1.0,1433.25,2025-07-17 12:00:00,19.525,79.0,14.7,21.5,490.25,276.75,213.5,5.972222222222222
2025-07-17 13:00:00,"Jul 17, 2025 2:00 PM",3505.44,1901.6,3155.14,14138.98,28363.96,98.46,0,6807.5,1195.0,3550.75,1.0,1435.5,2025-07-17 13:00:00,19.975,89.0,14.825,22.125,473.0,236.25,236.75,6.145833333333333
2025-07-17 14:00:00,"Jul 17, 2025 3:00 PM",3503.56,1878.04,2956.43,13842.86,28105.12,98.43,0,6647.75,1215.0,3412.0,1.0,1474.5,2025-07-17 14:00:00,20.025,82.25,15.25,23.05,414.5,180.75,233.75,6.402777777777778
2025-07-17 15:00:00,"Jul 17, 2025 4:00 PM",3488.07,1966.54,3446.89,14267.13,25924.83,97.65,0,6622.0,1203.0,3431.0,13.0,1456.75,2025-07-17 15:00:00,20.35,69.5,14.424999999999999,21.5,430.5,196.0,234.5,5.972222222222222
2025-07-17 16:00:00,"Jul 17, 2025 5:00 PM",3605.61,1959.88,3462.65,14250.09,21963.04,97.88,0,7722.75,1347.0,3407.5,170.0,1481.5,2025-07-17 16:00:00,20.85,98.0,14.825,21.725,415.25,193.5,221.75,6.034722222222222
2025-07-17 17:00:00,"Jul 17, 2025 6:00 PM",3721.28,1908.39,3185.13,13758.71,16919.63,97.46,0,9282.5,2316.75,3306.25,135.25,1502.75,2025-07-17 17:00:00,20.675,76.75,14.775,22.4,339.5,134.5,205.0,6.222222222222221
2025-07-17 18:00:00,"Jul 17, 2025 7:00 PM",3985.16,1854.01,2543.29,13099.26,10935.2,97.13,0,10176.5,4272.25,4372.25,197.0,1521.5,2025-07-17 18:00:00,20.875,78.25,12.925,19.7,267.5,112.5,155.0,5.472222222222222
2025-07-17 19:00:00,"Jul 17, 2025 8:00 PM",4288.31,1981.33,2124.13,11296.29,5309.67,96.31,0,10838.75,5444.25,5295.25,972.25,1494.5,2025-07-17 19:00:00,20.875,62.5,11.6,17.675,207.0,92.75,114.25,4.909722222222222
2025-07-17 20:00:00,"Jul 17, 2025 9:00 PM",4494.69,2016.89,1520.73,9467.25,1480.73,96.69,0,10857.0,5934.0,6029.5,3621.25,1500.75,2025-07-17 20:00:00,19.9,26.5,11.55,19.675,132.0,62.5,69.5,5.465277777777778
2025-07-17 21:00:00,"Jul 17, 2025 10:00 PM",4488.14,2013.44,1199.3,8095.57,122.75,97.8,0,10817.5,5968.25,6141.0,4267.75,1489.5,2025-07-17 21:00:00,18.9,27.5,7.55,15.325,41.25,15.0,26.25,4.256944444444444
2025-07-17 22:00:00,"Jul 17, 2025 11:00 PM",4353.41,2004.98,988.57,6960.6,19.58,97.05,0,10841.0,5972.25,6160.75,3214.25,1496.0,2025-07-17 22:00:00,18.025,34.0,6.875,15.2,2.0,0.5,1.5,4.222222222222222
2025-07-17 23:00:00,"Jul 18, 2025 12:00 AM",4116.55,1889.86,888.09,6190.88,9.61,98.8,0,10527.75,5947.5,6126.25,1336.75,1501.0,2025-07-17 23:00:00,17.425,40.5,7.275,14.9,0.0,0.0,0.0,4.138888888888889
2025-07-18 00:00:00,"Jul 18, 2025 1:00 AM",3857.57,1875.44,805.25,5211.03,9.12,98.15,0,10553.0,5861.75,5909.25,506.75,1465.25,2025-07-18 00:00:00,16.875,56.75,7.2,14.299999999999999,0.0,0.0,0.0,3.972222222222222
2025-07-18 01:00:00,"Jul 18, 2025 2:00 AM",3751.56,1837.2,710.0,4223.0,5.09,98.11,0,10485.5,5551.5,5786.75,288.5,1427.25,2025-07-18 01:00:00,16.4,51.0,6.85,13.55,0.0,0.0,0.0,3.763888888888889
2025-07-18 02:00:00,"Jul 18, 2025 3:00 AM",3713.28,1793.92,547.62,3315.34,5.67,98.56,0,10327.75,5199.0,5689.0,153.0,1442.25,2025-07-18 02:00:00,16.05,54.0,7.075,13.7,0.0,0.0,0.0,3.8055555555555554
2025-07-18 03:00:00,"Jul 18, 2025 4:00 AM",3715.69,1841.31,357.38,2823.87,5.83,99.38,0,10419.5,5171.25,5675.75,219.25,1440.0,2025-07-18 03:00:00,15.85,58.75,7.7,15.85,0.0,0.0,0.0,4.402777777777778
2025-07-18 04:00:00,"Jul 18, 2025 5:00 AM",3779.05,1788.38,229.62,2306.7,6.24,99.68,0,10521.25,5507.25,5712.25,171.75,1443.0,2025-07-18 04:00:00,15.525,57.5,7.6499999999999995,14.875,0.0,0.0,0.0,4.131944444444445
2025-07-18 05:00:00,"Jul 18, 2025 6:00 AM",3945.96,2001.6,176.18,1814.6,104.68,100.05,0,10639.5,5934.0,5908.75,939.0,1443.75,2025-07-18 05:00:00,15.3,87.25,7.825,14.525,0.0,0.0,0.0,4.034722222222222
2025-07-18 06:00:00,"Jul 18, 2025 7:00 AM",4227.13,2095.56,110.65,1382.81,1991.92,100.19,0,9771.0,5968.75,5976.25,2353.75,1439.0,2025-07-18 06:00:00,15.15,75.0,6.625,13.25,5.75,0.25,5.5,3.6805555555555554
2025-07-18 07:00:00,"Jul 18, 2025 8:00 AM",4296.04,2021.19,101.22,926.4,6862.08,97.9,0,10566.0,5882.5,6158.0,2659.75,1460.75,2025-07-18 07:00:00,15.725,71.25,6.15,10.875,62.5,20.0,42.5,3.020833333333333
2025-07-18 08:00:00,"Jul 18, 2025 9:00 AM",4103.74,1941.39,80.93,546.09,14565.08,96.37,0,10591.25,5453.25,5945.75,1722.5,1445.5,2025-07-18 08:00:00,17.1,56.25,5.6,9.8,171.75,84.5,87.25,2.7222222222222223
2025-07-18 09:00:00,"Jul 18, 2025 10:00 AM",3831.03,1893.45,30.65,375.26,22253.86,93.63,0,10338.75,4627.0,4310.0,279.25,1481.25,2025-07-18 09:00:00,18.9,48.0,5.625,7.95,295.0,180.75,114.25,2.2083333333333335
2025-07-18 10:00:00,"Jul 18, 2025 11:00 AM",3650.52,1919.38,12.73,396.4,28571.7,94.16,0,9979.5,3983.25,3231.0,73.0,1507.75,2025-07-18 10:00:00,20.375,50.25,4.425,6.175,415.75,260.0,155.75,1.7152777777777777
2025-07-18 11:00:00,"Jul 18, 2025 12:00 PM",3560.78,1809.73,4.97,480.07,32735.99,93.62,0,8882.25,3158.5,3001.25,27.75,1511.5,2025-07-18 11:00:00,21.675,54.5,4.6,6.4,546.25,371.5,174.75,1.777777777777778
2025-07-18 12:00:00,"Jul 18, 2025 1:00 PM",3484.36,1797.06,1.92,587.41,35452.24,92.74,0,7932.25,2375.25,2907.0,40.0,1491.25,2025-07-18 12:00:00,22.975,79.0,5.1,7.0249999999999995,608.75,411.25,197.5,1.9513888888888886
2025-07-18 13:00:00,"Jul 18, 2025 2:00 PM",3431.59,1818.86,3.16,633.76,36905.85,92.9,0,7484.25,2103.0,2777.0,73.5,1419.25,2025-07-18 13:00:00,23.75,93.5,5.9,8.1,619.25,345.25,274.0,2.25
2025-07-18 14:00:00,"Jul 18, 2025 3:00 PM",3422.25,1730.84,6.57,721.3,37014.54,92.9,0,7651.75,2039.5,2891.0,12.5,1385.75,2025-07-18 14:00:00,24.1,85.75,6.525,8.9,553.0,274.75,278.25,2.4722222222222223
2025-07-18 15:00:00,"Jul 18, 2025 4:00 PM",3485.64,1628.46,12.21,1044.25,34060.66,92.27,0,7748.5,2237.0,2923.0,0.5,1393.75,2025-07-18 15:00:00,24.15,81.0,6.1,8.8,517.0,262.25,254.75,2.4444444444444446
2025-07-18 16:00:00,"Jul 18, 2025 5:00 PM",3604.59,1883.69,5.93,1533.97,29683.37,92.03,0,8321.0,2890.25,2961.75,139.0,1380.75,2025-07-18 16:00:00,23.875,80.25,4.675,6.65,518.0,291.25,226.75,1.8472222222222223
2025-07-18 17:00:00,"Jul 18, 2025 6:00 PM",3794.79,1731.95,18.02,1294.46,23978.63,92.26,0,9374.25,4081.75,4008.75,47.75,1380.25,2025-07-18 17:00:00,24.325,80.5,4.7,6.6000000000000005,486.75,281.75,205.0,1.8333333333333335
2025-07-18 18:00:00,"Jul 18, 2025 7:00 PM",4120.18,1817.88,17.23,950.08,16010.05,92.31,0,10293.5,5249.25,6651.25,918.25,1389.5,2025-07-18 18:00:00,24.275,64.25,6.324999999999999,8.8,373.75,201.25,172.5,2.4444444444444446
2025-07-18 19:00:00,"Jul 18, 2025 8:00 PM",4473.48,1952.39,11.52,884.18,7598.42,92.16,0,10968.0,5758.75,7613.0,3745.5,1404.25,2025-07-18 19:00:00,24.05,59.75,6.175,8.7,263.25,141.0,122.25,2.4166666666666665
2025-07-18 20:00:00,"Jul 18, 2025 9:00 PM",4630.95,1933.12,7.89,931.49,2093.47,92.84,0,10971.25,5934.5,7754.25,5151.5,1400.5,2025-07-18 20:00:00,23.3,43.0,5.475,9.2,147.5,73.0,74.5,2.5555555555555554
2025-07-18 21:00:00,"Jul 18, 2025 10:00 PM",4604.12,1929.06,6.55,975.49,131.98,93.8,0,10986.75,5940.25,7721.25,4849.25,1405.5,2025-07-18 21:00:00,21.8,33.25,4.125,9.125,53.5,22.25,31.25,2.5347222222222223
2025-07-18 22:00:00,"Jul 18, 2025 11:00 PM",4450.13,1954.68,30.55,1032.59,22.86,94.99,0,10970.75,5882.0,7689.75,4496.5,1417.25,2025-07-18 22:00:00,20.4,14.0,5.7,11.225,2.5,0.25,2.25,3.1180555555555554
2025-07-18 23:00:00,"Jul 19, 2025 12:00 AM",4236.94,1922.57,69.64,1303.59,19.74,96.92,0,10356.0,5758.25,6674.75,4205.25,1419.25,2025-07-18 23:00:00,19.425,2.0,5.325,9.95,0.0,0.0,0.0,2.763888888888889
2025-07-19 00:00:00,"Jul 19, 2025 1:00 AM",4040.76,1667.5,60.67,1507.98,16.65,97.39,0,10107.25,5490.5,5517.0,2604.25,1543.0,2025-07-19 00:00:00,18.55,2.75,5.425,10.8,0.0,0.0,0.0,3.0
2025-07-19 01:00:00,"Jul 19, 2025 2:00 AM",3920.95,1784.4,83.5,1758.89,10.13,97.18,0,10082.0,5079.25,5101.25,1662.0,1578.5,2025-07-19 01:00:00,17.875,5.0,4.1,10.25,0.0,0.0,0.0,2.8472222222222223
2025-07-19 02:00:00,"Jul 19, 2025 3:00 AM",3892.68,1871.7,213.97,2069.36,8.73,98.14,0,10021.25,4735.0,5168.5,785.0,1553.0,2025-07-19 02:00:00,17.25,4.75,3.45,9.100000000000001,0.0,0.0,0.0,2.527777777777778
2025-07-19 03:00:00,"Jul 19, 2025 4:00 AM",3864.46,1670.25,189.54,2312.44,5.25,98.52,0,10052.75,4698.5,4952.5,483.0,1547.0,2025-07-19 03:00:00,16.325,0.5,4.4,10.025,0.0,0.0,0.0,2.7847222222222223
2025-07-19 04:00:00,"Jul 19, 2025 5:00 AM",3912.78,1648.7,152.75,2560.89,6.23,98.27,0,10028.0,4299.25,4574.75,143.75,1519.25,2025-07-19 04:00:00,15.8,0.25,4.699999999999999,10.3,0.0,0.0,0.0,2.861111111111111
2025-07-19 05:00:00,"Jul 19, 2025 6:00 AM",3996.19,1664.02,144.73,3234.72,213.51,98.58,0,9945.75,3584.5,4164.25,166.5,1471.25,2025-07-19 05:00:00,15.25,0.75,4.4,9.575,0.0,0.0,0.0,2.659722222222222
2025-07-19 06:00:00,"Jul 19, 2025 7:00 AM",4112.24,1701.38,164.69,3655.52,2946.88,98.18,0,9849.5,3043.75,3368.0,416.5,1485.5,2025-07-19 06:00:00,15.175,5.25,4.875,9.7,8.25,2.5,5.75,2.694444444444444
2025-07-19 07:00:00,"Jul 19, 2025 8:00 AM",4089.78,1640.22,218.91,3517.91,10142.74,96.95,0,8715.5,2376.0,3085.5,275.5,1478.25,2025-07-19 07:00:00,16.225,13.25,5.5,10.475000000000001,82.0,40.25,41.75,2.9097222222222228
2025-07-19 08:00:00,"Jul 19, 2025 9:00 AM",3966.69,1644.75,261.15,2174.83,21134.07,95.94,0,6533.0,1218.75,2258.25,175.0,1487.75,2025-07-19 08:00:00,18.275,3.25,3.825,9.375,216.5,145.75,70.75,2.6041666666666665
2025-07-19 09:00:00,"Jul 19, 2025 10:00 AM",3814.09,1642.89,341.99,1614.83,32191.7,94.2,0,3685.25,562.75,1706.25,59.0,1523.0,2025-07-19 09:00:00,20.575,1.25,3.925,6.2,377.0,295.75,81.25,1.7222222222222223
2025-07-19 10:00:00,"Jul 19, 2025 11:00 AM",3615.55,1562.03,362.03,1989.52,40404.35,93.36,0,3326.0,559.5,1569.75,22.0,1465.25,2025-07-19 10:00:00,22.674999999999997,12.25,4.55,6.5,527.0,433.5,93.5,1.8055555555555556
2025-07-19 11:00:00,"Jul 19, 2025 12:00 PM",3497.41,1536.68,417.56,2434.68,45071.93,90.24,0,3528.25,577.5,1551.0,27.25,1464.25,2025-07-19 11:00:00,24.525,19.0,5.95,8.3,646.75,537.75,109.0,2.305555555555556
2025-07-19 12:00:00,"Jul 19, 2025 1:00 PM",3424.84,1615.99,370.8,2931.18,46733.24,89.53,0,3470.75,602.25,1575.0,24.75,1441.75,2025-07-19 12:00:00,25.725,38.5,6.975,9.55,732.5,613.25,119.25,2.652777777777778
2025-07-19 13:00:00,"Jul 19, 2025 2:00 PM",3383.61,1660.46,405.08,3565.78,45874.1,87.76,0,3474.25,537.5,1581.0,3.0,1452.5,2025-07-19 13:00:00,26.675,42.75,7.699999999999999,10.625,785.0,634.75,150.25,2.951388888888889
2025-07-19 14:00:00,"Jul 19, 2025 3:00 PM",3357.34,1549.06,889.38,4344.3,43008.21,73.94,0,3494.75,548.75,1545.5,1.75,1432.75,2025-07-19 14:00:00,27.5,39.75,7.475,10.3,777.0,587.0,190.0,2.861111111111111
2025-07-19 15:00:00,"Jul 19, 2025 4:00 PM",3386.37,1552.6,1414.15,5478.43,37458.05,72.4,0,3519.5,585.75,1554.75,1.0,1412.25,2025-07-19 15:00:00,28.45,50.5,8.525,11.975,758.75,593.0,165.75,3.326388888888889
2025-07-19 16:00:00,"Jul 19, 2025 5:00 PM",3521.08,1560.79,1867.26,6843.85,29650.8,82.7,0,3876.0,601.25,1606.75,5.5,1390.75,2025-07-19 16:00:00,28.85,49.25,9.075,12.725,690.5,544.0,146.5,3.534722222222222
2025-07-19 17:00:00,"Jul 19, 2025 6:00 PM",3685.46,1735.25,1781.23,7048.47,21113.98,84.25,0,5586.5,746.75,1916.5,357.75,1402.25,2025-07-19 17:00:00,28.7,53.25,9.825,13.825,565.75,408.5,157.25,3.8402777777777777
2025-07-19 18:00:00,"Jul 19, 2025 7:00 PM",3973.32,1814.5,1739.09,6737.03,12596.2,76.0,0,6950.25,980.0,2283.0,2158.75,1389.5,2025-07-19 18:00:00,27.825,79.25,8.0,11.9,386.25,253.75,132.5,3.3055555555555554
2025-07-19 19:00:00,"Jul 19, 2025 8:00 PM",4301.86,2008.17,2160.06,6657.13,5661.09,77.47,0,7115.75,1370.0,2715.75,4870.5,1406.5,2025-07-19 19:00:00,25.825,78.5,12.975,20.7,248.75,136.75,112.0,5.75
2025-07-19 20:00:00,"Jul 19, 2025 9:00 PM",4417.7,2039.37,2624.68,7430.93,1581.64,79.84,0,6792.5,1975.25,3127.5,5259.0,1454.25,2025-07-19 20:00:00,24.475,72.0,10.2,18.15,120.75,56.75,64.0,5.041666666666666
2025-07-19 21:00:00,"Jul 19, 2025 10:00 PM",4430.44,2099.69,3288.9,9856.41,90.8,82.07,0,6709.0,2183.75,3677.5,4537.5,1462.5,2025-07-19 21:00:00,23.275,75.25,10.6,20.3,41.75,13.0,28.75,5.638888888888889
2025-07-19 22:00:00,"Jul 19, 2025 11:00 PM",4271.09,1777.88,4255.23,11932.85,15.19,81.02,0,6488.0,2086.5,4053.5,2561.25,1472.5,2025-07-19 22:00:00,22.099999999999998,81.0,9.9,19.75,2.0,0.25,1.75,5.486111111111111
2025-07-19 23:00:00,"Jul 20, 2025 12:00 AM",4076.67,1697.26,4688.65,12502.76,9.1,79.34,0,6429.5,1994.75,4524.25,1510.0,1483.0,2025-07-19 23:00:00,21.275,76.0,10.625,21.05,0.0,0.0,0.0,5.847222222222222
2025-07-20 00:00:00,"Jul 20, 2025 1:00 AM",3914.5,1711.73,5365.96,12282.04,15.26,80.09,0,6617.25,1671.75,3753.5,1318.0,1521.5,2025-07-20 00:00:00,20.6,79.25,10.7,21.725,0.0,0.0,0.0,6.034722222222222
2025-07-20 01:00:00,"Jul 20, 2025 2:00 AM",3843.23,1631.07,5343.68,11036.72,5.35,81.74,0,6426.75,1212.75,3240.25,231.25,1538.25,2025-07-20 01:00:00,20.075000000000003,53.0,10.075,20.7,0.0,0.0,0.0,5.75
2025-07-20 02:00:00,"Jul 20, 2025 3:00 AM",3827.6,1712.22,5221.82,9641.68,5.65,82.63,0,6682.0,1208.5,2864.5,509.0,1545.25,2025-07-20 02:00:00,19.450000000000003,44.0,8.775,18.775000000000002,0.0,0.0,0.0,5.215277777777779
2025-07-20 03:00:00,"Jul 20, 2025 4:00 AM",3829.52,1639.06,4625.16,8321.7,6.64,82.78,0,7114.0,1203.0,2600.25,272.25,1528.25,2025-07-20 03:00:00,18.9,49.75,8.425,18.625,0.0,0.0,0.0,5.173611111111111
2025-07-20 04:00:00,"Jul 20, 2025 5:00 AM",3873.33,1659.44,3562.9,7287.35,6.71,82.89,0,7118.0,1200.0,2456.0,105.75,1541.0,2025-07-20 04:00:00,18.5,35.0,7.225,16.875,0.0,0.0,0.0,4.6875
2025-07-20 05:00:00,"Jul 20, 2025 6:00 AM",3955.74,1667.21,2718.62,7093.88,230.55,83.09,0,7103.5,1192.25,2482.75,224.75,1543.0,2025-07-20 05:00:00,17.975,35.25,7.0,15.6,0.0,0.0,0.0,4.333333333333333
2025-07-20 06:00:00,"Jul 20, 2025 7:00 AM",4010.61,1691.07,1762.45,6590.03,2749.15,83.43,0,6687.5,1192.5,2475.5,113.0,1541.5,2025-07-20 06:00:00,17.85,39.75,7.35,16.4,7.5,1.75,5.75,4.555555555555555
2025-07-20 07:00:00,"Jul 20, 2025 8:00 AM",3984.31,1650.34,1379.08,4597.08,9326.85,81.99,0,5829.0,1141.75,2352.25,415.25,1535.0,2025-07-20 07:00:00,18.75,69.75,7.375,16.075,78.75,39.25,39.5,4.465277777777778
2025-07-20 08:00:00,"Jul 20, 2025 9:00 AM",3851.07,1713.69,1169.36,2469.27,19434.84,79.95,0,4910.0,701.25,1899.25,382.5,1531.75,2025-07-20 08:00:00,20.225,98.25,5.6000000000000005,13.125,203.5,129.0,74.5,3.645833333333333
2025-07-20 09:00:00,"Jul 20, 2025 10:00 AM",3690.65,1631.12,1352.48,1695.07,28307.57,83.12,0,3600.75,654.0,1470.0,11.25,1518.75,2025-07-20 09:00:00,21.9,68.5,6.1,9.725,308.0,193.25,114.75,2.701388888888889
2025-07-20 10:00:00,"Jul 20, 2025 11:00 AM",3518.9,1618.27,851.89,1718.62,34503.5,90.85,0,3467.0,533.25,1443.75,95.0,1514.75,2025-07-20 10:00:00,24.025,57.25,7.15,10.45,480.25,356.25,124.0,2.9027777777777777
2025-07-20 11:00:00,"Jul 20, 2025 12:00 PM",3421.25,1591.65,554.86,2102.01,38341.01,90.35,0,3494.0,506.75,1472.75,52.5,1515.5,2025-07-20 11:00:00,25.8,59.75,7.574999999999999,10.700000000000001,611.75,487.0,124.75,2.9722222222222223
2025-07-20 12:00:00,"Jul 20, 2025 1:00 PM",3340.05,1560.39,378.65,2740.45,40116.52,89.63,0,3472.5,521.5,1457.25,47.5,1518.5,2025-07-20 12:00:00,27.1,70.75,8.05,11.35,674.75,525.25,149.5,3.1527777777777777
2025-07-20 13:00:00,"Jul 20, 2025 2:00 PM",3326.42,1557.35,311.96,3404.93,39563.78,89.0,0,3482.5,540.5,1463.0,16.25,1513.5,2025-07-20 13:00:00,28.175,77.5,9.2,12.975,710.75,530.0,180.75,3.6041666666666665
2025-07-20 14:00:00,"Jul 20, 2025 3:00 PM",3312.79,1590.9,450.29,3516.96,37818.82,87.74,0,3499.0,526.5,1463.5,17.5,1526.25,2025-07-20 14:00:00,29.05,78.25,10.7,15.025,753.75,547.25,206.5,4.173611111111111
2025-07-20 15:00:00,"Jul 20, 2025 4:00 PM",3353.52,1587.13,904.15,3769.25,32631.19,87.04,0,3602.0,616.0,1500.75,20.0,1512.25,2025-07-20 15:00:00,29.425,81.0,9.475,13.524999999999999,610.5,350.0,260.5,3.7569444444444438
2025-07-20 16:00:00,"Jul 20, 2025 5:00 PM",3465.3,1551.19,1188.38,4827.51,26439.63,86.51,0,4929.0,1045.25,1652.5,17.75,1514.75,2025-07-20 16:00:00,28.7,98.75,10.5,14.95,592.25,364.25,228.0,4.152777777777778
2025-07-20 17:00:00,"Jul 20, 2025 6:00 PM",3619.04,1719.52,1656.7,5079.58,19544.7,86.16,0,6697.5,2360.5,2222.0,79.75,1514.25,2025-07-20 17:00:00,28.375,74.75,8.925,12.6,424.5,217.75,206.75,3.5
2025-07-20 18:00:00,"Jul 20, 2025 7:00 PM",3947.94,2197.77,1807.97,5096.67,11285.58,86.6,0,8025.25,3499.75,3220.25,1132.75,1499.75,2025-07-20 18:00:00,27.175,65.75,11.275,16.625,334.75,187.25,147.5,4.618055555555555
2025-07-20 19:00:00,"Jul 20, 2025 8:00 PM",4253.68,2147.98,2052.02,6185.59,4787.16,85.32,0,9512.5,4183.75,3997.0,2244.0,1523.25,2025-07-20 19:00:00,26.05,44.0,5.8,10.4,232.0,149.0,83.0,2.888888888888889
2025-07-20 20:00:00,"Jul 20, 2025 9:00 PM",4355.02,2061.54,1944.03,7490.9,1294.27,84.09,0,9767.5,4199.25,4166.0,2175.25,1512.5,2025-07-20 20:00:00,25.55,58.25,7.525,13.375,152.0,83.75,68.25,3.7152777777777777
2025-07-20 21:00:00,"Jul 20, 2025 10:00 PM",4286.36,2071.23,1616.56,9603.48,78.04,85.02,0,9889.25,4166.0,4527.75,1990.75,1513.75,2025-07-20 21:00:00,24.35,88.25,6.45,14.7,46.0,15.5,30.5,4.083333333333333
2025-07-20 22:00:00,"Jul 20, 2025 11:00 PM",4157.82,1914.55,1545.15,10648.52,11.32,86.11,0,9769.25,4215.0,4626.75,1288.25,1521.0,2025-07-20 22:00:00,23.5,100.0,10.5,21.55,1.5,0.0,1.5,5.986111111111112
2025-07-20 23:00:00,"Jul 21, 2025 12:00 AM",3970.78,1814.05,1431.69,12335.53,6.73,85.3,0,9255.25,3964.0,4577.25,454.5,1532.0,2025-07-20 23:00:00,21.875,95.0,8.325,17.775,0.0,0.0,0.0,4.937499999999999
2025-07-21 00:00:00,"Jul 21, 2025 1:00 AM",3745.65,1596.18,1474.97,11296.06,6.65,85.1,0,9083.5,3620.5,4113.25,84.75,1557.0,2025-07-21 00:00:00,21.4,90.5,8.275,18.1,0.0,0.0,0.0,5.027777777777778
2025-07-21 01:00:00,"Jul 21, 2025 2:00 AM",3689.67,1592.3,1334.97,10526.55,9.9,77.89,0,9020.0,3461.75,3959.75,184.75,1569.0,2025-07-21 01:00:00,20.725,97.0,8.9,18.15,0.0,0.0,0.0,5.041666666666666
2025-07-21 02:00:00,"Jul 21, 2025 3:00 AM",3672.51,1531.9,1042.18,9645.0,8.69,78.26,0,8802.75,3528.5,4111.0,78.25,1569.75,2025-07-21 02:00:00,20.35,99.75,8.875,18.925,0.0,0.0,0.0,5.256944444444445
2025-07-21 03:00:00,"Jul 21, 2025 4:00 AM",3677.33,1664.98,977.87,8539.63,5.53,79.01,0,8932.0,3503.5,4229.25,41.75,1549.0,2025-07-21 03:00:00,19.575,100.0,9.175,18.275,0.0,0.0,0.0,5.076388888888888
2025-07-21 04:00:00,"Jul 21, 2025 5:00 AM",3729.91,1730.68,1052.3,7974.99,6.29,79.34,0,9563.0,3663.25,4288.75,94.5,1576.75,2025-07-21 04:00:00,18.65,99.0,9.325,18.7,0.0,0.0,0.0,5.194444444444444
2025-07-21 05:00:00,"Jul 21, 2025 6:00 AM",3864.66,1742.79,951.22,6994.76,77.3,79.33,0,9819.0,3991.25,4524.75,422.5,1560.0,2025-07-21 05:00:00,18.525,99.5,8.0,15.25,0.0,0.0,0.0,4.236111111111111
2025-07-21 06:00:00,"Jul 21, 2025 7:00 AM",4196.71,1869.37,858.99,6424.4,1083.37,79.13,0,9948.0,4170.0,5127.75,2084.75,1465.5,2025-07-21 06:00:00,18.35,100.0,6.3,13.924999999999999,3.5,0.5,3.0,3.8680555555555554
2025-07-21 07:00:00,"Jul 21, 2025 8:00 AM",4277.98,2073.77,710.43,5104.62,3349.95,81.16,0,9885.0,4174.0,5142.25,3712.0,1426.0,2025-07-21 07:00:00,18.5,100.0,7.025,12.975,25.75,0.75,25.0,3.6041666666666665
2025-07-21 08:00:00,"Jul 21, 2025 9:00 AM",4163.7,2025.66,806.34,4009.0,6204.22,85.15,0,9799.75,4219.0,5035.75,3733.5,1429.75,2025-07-21 08:00:00,18.9,100.0,6.65,11.45,75.5,5.5,70.0,3.1805555555555554
2025-07-21 09:00:00,"Jul 21, 2025 10:00 AM",3951.38,2004.78,997.68,3003.96,8758.79,84.03,0,9788.75,4166.75,4833.25,1614.75,1453.75,2025-07-21 09:00:00,19.175,100.0,7.525,12.325,103.0,9.5,93.5,3.4236111111111107
2025-07-21 10:00:00,"Jul 21, 2025 11:00 AM",3764.04,2040.67,1189.7,2709.1,11240.12,85.69,0,9662.75,4207.75,4292.0,2325.25,1443.5,2025-07-21 10:00:00,19.425,100.0,8.9,13.725,144.5,13.75,130.75,3.8125
2025-07-21 11:00:00,"Jul 21, 2025 12:00 PM",3651.61,1989.59,1260.44,3259.18,12948.03,86.01,0,9578.25,4336.5,3977.75,1174.0,1447.0,2025-07-21 11:00:00,19.95,100.0,7.75,12.225,221.5,35.5,186.0,3.395833333333333
2025-07-21 12:00:00,"Jul 21, 2025 1:00 PM",3496.56,1947.42,930.78,3589.92,14726.99,87.62,0,9064.75,4240.5,3564.0,686.0,1454.75,2025-07-21 12:00:00,20.175,100.0,9.125,13.45,198.5,6.75,191.75,3.7361111111111107
2025-07-21 13:00:00,"Jul 21, 2025 2:00 PM",3422.97,1942.29,634.17,3880.29,17192.89,89.53,0,9059.25,4233.75,3318.25,163.75,1476.0,2025-07-21 13:00:00,20.325,100.0,9.1,14.125,234.0,20.0,214.0,3.923611111111111
2025-07-21 14:00:00,"Jul 21, 2025 3:00 PM",3399.58,1849.27,716.37,5175.05,19159.66,91.37,0,8965.5,3874.75,3163.5,142.75,1461.75,2025-07-21 14:00:00,20.675,100.0,7.824999999999999,12.025,281.5,35.5,246.0,3.3402777777777777
2025-07-21 15:00:00,"Jul 21, 2025 4:00 PM",3459.65,1856.96,1126.67,6706.42,19214.95,90.58,0,9080.25,3913.0,2972.25,139.25,1455.5,2025-07-21 15:00:00,20.675,77.25,10.6,15.55,248.75,28.0,220.75,4.319444444444445
2025-07-21 16:00:00,"Jul 21, 2025 5:00 PM",3569.38,1931.25,1602.48,8924.43,16948.13,90.35,0,9450.25,4074.5,3147.0,123.25,1449.25,2025-07-21 16:00:00,21.275,75.25,9.85,14.475,339.75,132.75,207.0,4.020833333333333
2025-07-21 17:00:00,"Jul 21, 2025 6:00 PM",3768.8,2002.77,1823.38,10287.55,15010.45,91.01,0,9466.75,4061.0,3611.5,162.5,1488.25,2025-07-21 17:00:00,21.85,76.0,11.474999999999998,16.975,419.0,233.5,185.5,4.715277777777778
2025-07-21 18:00:00,"Jul 21, 2025 7:00 PM",4094.55,2140.49,1869.51,10408.43,10404.54,88.84,0,9440.0,4133.0,4055.0,888.0,1477.75,2025-07-21 18:00:00,21.0,76.0,12.825,19.8,262.75,146.25,116.5,5.5
2025-07-21 19:00:00,"Jul 21, 2025 8:00 PM",4372.53,2260.23,2065.72,9780.17,5080.0,90.04,0,9518.0,4260.0,5012.5,2695.75,1476.75,2025-07-21 19:00:00,19.55,87.75,12.175,19.8,152.0,72.25,79.75,5.5
2025-07-21 20:00:00,"Jul 21, 2025 9:00 PM",4493.62,2540.28,1666.9,8352.75,1350.98,90.1,0,9836.75,4317.75,5251.75,4594.0,1488.5,2025-07-21 20:00:00,18.95,78.75,10.524999999999999,18.45,84.5,25.5,59.0,5.125
2025-07-21 21:00:00,"Jul 21, 2025 10:00 PM",4501.79,2776.27,903.92,7394.21,111.01,91.23,0,9858.0,4298.5,5480.25,5024.5,1498.75,2025-07-21 21:00:00,18.275,52.25,9.100000000000001,17.525,31.75,8.0,23.75,4.868055555555555
2025-07-21 22:00:00,"Jul 21, 2025 11:00 PM",4369.6,2498.62,588.18,8079.83,17.29,91.74,0,9883.75,4159.25,5363.75,3079.25,1497.25,2025-07-21 22:00:00,17.625,80.25,8.95,18.575000000000003,1.25,0.0,1.25,5.159722222222223
2025-07-21 23:00:00,"Jul 22, 2025 12:00 AM",4106.66,2357.8,501.51,9282.07,8.06,91.91,0,9800.75,3886.0,4700.0,1103.75,1517.25,2025-07-21 23:00:00,17.35,76.5,9.600000000000001,18.95,0.0,0.0,0.0,5.263888888888888
2025-07-22 00:00:00,"Jul 22, 2025 1:00 AM",3884.53,2284.54,368.53,10039.72,7.91,92.47,0,9543.0,3346.75,3766.25,458.5,1506.75,2025-07-22 00:00:00,17.1,68.5,10.3,19.5,0.0,0.0,0.0,5.416666666666667
2025-07-22 01:00:00,"Jul 22, 2025 2:00 AM",3792.54,2081.72,266.63,11105.75,7.45,91.89,0,9509.5,3029.75,3143.75,138.0,1528.25,2025-07-22 01:00:00,16.7,70.0,10.225,20.1,0.0,0.0,0.0,5.583333333333334
2025-07-22 02:00:00,"Jul 22, 2025 3:00 AM",3725.23,2014.11,367.16,11715.25,5.56,91.51,0,9348.5,2951.0,2977.75,12.0,1531.5,2025-07-22 02:00:00,16.45,74.0,10.175,19.925,0.0,0.0,0.0,5.534722222222222
2025-07-22 03:00:00,"Jul 22, 2025 4:00 AM",3703.77,2057.48,499.59,12080.93,6.01,89.67,0,9351.5,2889.5,2967.75,99.25,1537.75,2025-07-22 03:00:00,15.575000000000001,86.0,9.3,19.15,0.0,0.0,0.0,5.319444444444444
2025-07-22 04:00:00,"Jul 22, 2025 5:00 AM",3759.97,2073.83,504.45,12287.99,7.62,89.73,0,9444.5,2978.25,2970.5,149.5,1519.75,2025-07-22 04:00:00,15.775,81.75,11.674999999999999,21.925,0.0,0.0,0.0,6.090277777777778
2025-07-22 05:00:00,"Jul 22, 2025 6:00 AM",3920.39,2186.22,493.57,12448.52,88.77,89.92,0,9456.0,3177.25,3099.5,491.25,1497.25,2025-07-22 05:00:00,15.8,77.75,11.45,21.45,0.0,0.0,0.0,5.958333333333333
2025-07-22 06:00:00,"Jul 22, 2025 7:00 AM",4203.86,2309.73,424.1,12738.95,1698.56,90.34,0,9622.0,3547.25,3375.25,1362.0,1511.25,2025-07-22 06:00:00,15.725000000000001,76.0,11.174999999999999,20.675,3.5,0.0,3.5,5.743055555555555
2025-07-22 07:00:00,"Jul 22, 2025 8:00 AM",4246.66,2357.18,305.33,11899.51,5722.02,89.57,0,9659.0,3643.75,3328.5,1563.75,1509.0,2025-07-22 07:00:00,16.1,77.5,12.8,22.9,45.5,8.75,36.75,6.361111111111111
2025-07-22 08:00:00,"Jul 22, 2025 9:00 AM",4052.08,2420.78,217.01,11352.78,11175.41,90.25,0,9537.5,3595.75,2736.0,1272.5,1524.0,2025-07-22 08:00:00,16.75,62.0,12.625,20.424999999999997,137.75,46.75,91.0,5.67361111111111
2025-07-22 09:00:00,"Jul 22, 2025 10:00 AM",3886.58,2500.83,117.35,11915.68,15410.0,89.15,0,8952.5,3408.5,2344.25,404.75,1518.5,2025-07-22 09:00:00,17.575,52.25,15.275,23.049999999999997,259.0,138.25,120.75,6.402777777777777
2025-07-22 10:00:00,"Jul 22, 2025 11:00 AM",3729.73,2506.43,113.67,12506.16,20504.55,89.91,0,8655.75,2975.5,2525.75,539.75,1511.5,2025-07-22 10:00:00,18.425,41.25,15.024999999999999,22.35,378.75,239.75,139.0,6.208333333333334
2025-07-22 11:00:00,"Jul 22, 2025 12:00 PM",3617.17,2195.74,287.93,13888.25,26019.36,90.97,0,6639.0,2084.25,2319.5,37.5,1523.25,2025-07-22 11:00:00,19.45,54.5,16.15,23.75,517.25,367.25,150.0,6.597222222222222
2025-07-22 12:00:00,"Jul 22, 2025 1:00 PM",3558.18,2112.94,951.97,15711.63,29502.04,91.86,0,4668.75,1840.0,1961.5,36.75,1521.75,2025-07-22 12:00:00,20.475,62.0,16.275,24.025,569.75,390.75,179.0,6.673611111111111
2025-07-22 13:00:00,"Jul 22, 2025 2:00 PM",3504.64,1967.64,1395.4,16655.71,30432.64,92.28,0,4448.5,1717.5,1883.0,33.25,1528.5,2025-07-22 13:00:00,20.75,54.0,16.25,24.25,521.0,322.75,198.25,6.736111111111111
2025-07-22 14:00:00,"Jul 22, 2025 3:00 PM",3503.93,2009.69,2015.25,16754.45,29871.19,87.84,0,4391.0,1693.75,1790.5,55.25,1534.0,2025-07-22 14:00:00,20.475,75.5,16.475,24.775,489.0,326.25,162.75,6.881944444444444
2025-07-22 15:00:00,"Jul 22, 2025 4:00 PM",3552.83,2053.65,2218.17,17453.5,27763.86,88.6,0,4376.0,1505.0,1621.75,77.5,1537.5,2025-07-22 15:00:00,20.95,70.5,18.075,26.95,633.75,420.75,213.0,7.486111111111111
2025-07-22 16:00:00,"Jul 22, 2025 5:00 PM",3641.25,2100.65,2188.46,18405.85,23065.19,88.87,0,4588.25,1229.5,1676.0,73.5,1546.0,2025-07-22 16:00:00,20.525,58.0,15.325,22.75,507.25,318.5,188.75,6.319444444444445
2025-07-22 17:00:00,"Jul 22, 2025 6:00 PM",3752.66,2161.34,2047.43,18137.37,17526.21,89.77,0,6521.0,1320.0,2015.0,43.25,1542.5,2025-07-22 17:00:00,20.775,62.75,16.775,25.075,449.75,275.0,174.75,6.965277777777778
2025-07-22 18:00:00,"Jul 22, 2025 7:00 PM",4027.83,2157.25,1981.91,16763.78,11153.04,89.48,0,8942.75,1513.75,2668.5,422.25,1571.75,2025-07-22 18:00:00,20.35,49.5,14.225,21.775,307.5,169.5,138.0,6.048611111111111
2025-07-22 19:00:00,"Jul 22, 2025 8:00 PM",4334.24,2314.33,1976.3,16010.18,5063.29,77.85,0,9784.25,1923.0,3451.25,2306.5,1554.25,2025-07-22 19:00:00,19.575,59.75,14.4,22.725,223.25,122.25,101.0,6.3125
2025-07-22 20:00:00,"Jul 22, 2025 9:00 PM",4524.16,2365.88,2032.6,15941.33,1241.79,70.08,0,9838.5,2043.75,3923.75,3855.75,1572.5,2025-07-22 20:00:00,18.65,59.0,11.65,20.375,102.25,44.5,57.75,5.659722222222222
2025-07-22 21:00:00,"Jul 22, 2025 10:00 PM",4539.72,2325.55,2551.42,16891.49,63.88,70.92,0,9808.0,2013.5,3869.5,4048.0,1577.75,2025-07-22 21:00:00,18.175,67.5,11.7,21.775,30.25,8.0,22.25,6.048611111111111
2025-07-22 22:00:00,"Jul 22, 2025 11:00 PM",4419.27,2300.39,3041.97,18825.27,28.04,71.43,0,9281.0,1948.0,3793.75,3323.25,1569.0,2025-07-22 22:00:00,17.7,73.75,12.0,22.725,0.5,0.0,0.5,6.3125
2025-07-22 23:00:00,"Jul 23, 2025 12:00 AM",4189.3,2113.64,3548.75,21585.56,7.43,72.82,0,8381.25,1494.25,3159.5,465.0,1550.0,2025-07-22 23:00:00,17.075,59.75,13.4,24.475,0.0,0.0,0.0,6.798611111111112
2025-07-23 00:00:00,"Jul 23, 2025 1:00 AM",3920.98,2195.13,3390.77,22895.65,12.47,72.62,0,8326.5,1633.5,2709.0,1035.5,1408.25,2025-07-23 00:00:00,16.725,63.0,13.15,24.049999999999997,0.0,0.0,0.0,6.6805555555555545
2025-07-23 01:00:00,"Jul 23, 2025 2:00 AM",3829.26,2001.83,3297.42,24090.69,8.93,73.26,0,7701.25,1656.0,2674.5,391.75,1427.5,2025-07-23 01:00:00,16.325,63.75,13.175,24.35,0.0,0.0,0.0,6.763888888888889
2025-07-23 02:00:00,"Jul 23, 2025 3:00 AM",3794.83,1950.25,3136.42,24197.06,5.55,73.75,0,7551.5,1688.5,2625.75,37.0,1440.25,2025-07-23 02:00:00,16.025,69.0,14.5,26.5,0.0,0.0,0.0,7.361111111111111
2025-07-23 03:00:00,"Jul 23, 2025 4:00 AM",3761.6,1928.18,3116.94,23796.29,5.77,74.22,0,7224.75,1697.0,2743.75,21.5,1433.25,2025-07-23 03:00:00,16.2,59.0,13.225,24.9,0.0,0.0,0.0,6.916666666666666
2025-07-23 04:00:00,"Jul 23, 2025 5:00 AM",3804.9,1900.75,2933.87,23688.1,6.51,74.72,0,7437.75,1616.75,3037.25,7.25,1471.0,2025-07-23 04:00:00,15.8,53.75,14.375,26.7,0.0,0.0,0.0,7.416666666666666
2025-07-23 05:00:00,"Jul 23, 2025 6:00 AM",3932.17,1955.45,2956.0,23288.23,70.32,74.29,0,8508.0,1659.5,3267.0,306.0,1512.0,2025-07-23 05:00:00,15.6,73.25,14.325,26.375,0.0,0.0,0.0,7.326388888888888
2025-07-23 06:00:00,"Jul 23, 2025 7:00 AM",4224.16,2311.56,3877.5,23116.97,1640.31,73.66,0,8776.75,1862.0,3642.5,1171.5,1455.0,2025-07-23 06:00:00,15.475,83.0,13.775,25.2,1.75,0.0,1.75,7.0
2025-07-23 07:00:00,"Jul 23, 2025 8:00 AM",4278.89,2241.87,4596.49,22415.24,6060.5,70.64,0,8406.75,1906.0,4106.5,3311.75,1406.25,2025-07-23 07:00:00,15.925,93.25,14.8,25.8,40.75,10.5,30.25,7.166666666666667
2025-07-23 08:00:00,"Jul 23, 2025 9:00 AM",4094.6,2321.98,5097.9,21946.7,13138.64,68.72,0,8149.5,2109.25,3714.0,1127.5,1420.25,2025-07-23 08:00:00,16.725,67.75,15.325000000000001,25.375,111.0,47.25,63.75,7.048611111111111
2025-07-23 09:00:00,"Jul 23, 2025 10:00 AM",3845.73,2343.84,4839.51,21624.36,21192.51,68.86,0,7074.5,1541.75,2888.5,452.5,1442.0,2025-07-23 09:00:00,17.625,63.25,15.475,24.5,204.75,125.25,79.5,6.805555555555555
2025-07-23 10:00:00,"Jul 23, 2025 11:00 AM",3611.8,2042.04,4797.67,21106.81,27253.6,70.59,0,5009.5,1247.75,1904.75,153.0,1450.75,2025-07-23 10:00:00,18.475,67.0,15.5,24.6,296.5,192.25,104.25,6.833333333333334
2025-07-23 11:00:00,"Jul 23, 2025 12:00 PM",3530.65,2070.6,4478.51,21120.07,30547.63,69.62,0,4548.75,1235.75,1714.0,251.25,1444.75,2025-07-23 11:00:00,19.3,61.5,15.75,24.95,362.25,239.25,123.0,6.930555555555555
2025-07-23 12:00:00,"Jul 23, 2025 1:00 PM",3500.93,2005.98,4350.15,21315.0,31514.7,70.35,0,4675.0,1160.0,1743.25,199.75,1423.0,2025-07-23 12:00:00,20.325,89.75,15.175,23.775,416.5,242.0,174.5,6.604166666666666
2025-07-23 13:00:00,"Jul 23, 2025 2:00 PM",3483.27,2086.93,4288.42,20703.54,31624.44,71.09,0,5058.75,1139.25,1838.0,189.75,1418.75,2025-07-23 13:00:00,20.65,86.75,15.8,24.975,389.75,160.0,229.75,6.9375
2025-07-23 14:00:00,"Jul 23, 2025 3:00 PM",3487.9,1943.13,4276.75,20231.29,31019.02,88.84,0,5541.25,1134.75,1825.75,159.75,1425.5,2025-07-23 14:00:00,20.925,86.5,16.725,25.8,385.0,153.75,231.25,7.166666666666667
2025-07-23 15:00:00,"Jul 23, 2025 4:00 PM",3547.22,2013.54,4409.73,19329.91,29373.07,91.08,0,5621.0,1083.25,1887.0,116.75,1432.75,2025-07-23 15:00:00,21.4,91.0,14.799999999999999,22.6,382.0,134.25,247.75,6.277777777777778
2025-07-23 16:00:00,"Jul 23, 2025 5:00 PM",3675.17,2049.65,3859.61,18234.43,25103.66,91.49,0,6042.0,1213.5,1925.25,128.75,1509.75,2025-07-23 16:00:00,21.65,93.5,13.775,21.225,397.5,156.5,241.0,5.895833333333334
2025-07-23 17:00:00,"Jul 23, 2025 6:00 PM",3825.91,2206.55,3345.53,17273.23,19112.14,90.76,0,7950.25,2434.25,2334.0,148.5,1406.25,2025-07-23 17:00:00,21.55,94.0,15.4,24.475,281.0,94.0,187.0,6.798611111111112
2025-07-23 18:00:00,"Jul 23, 2025 7:00 PM",4126.76,2291.99,3036.23,15391.57,11916.25,90.95,0,9512.5,3587.0,3403.5,622.0,1391.25,2025-07-23 18:00:00,21.5,99.75,15.049999999999999,24.3,264.75,125.0,139.75,6.75
2025-07-23 19:00:00,"Jul 23, 2025 8:00 PM",4410.79,2390.75,2653.37,12455.6,5603.03,90.4,0,10029.5,4415.75,4977.25,1166.0,1416.25,2025-07-23 19:00:00,21.125,99.0,13.775,22.775000000000002,164.75,51.25,113.5,6.326388888888889
2025-07-23 20:00:00,"Jul 23, 2025 9:00 PM",4568.58,2635.16,2504.25,9713.16,1404.58,91.08,0,10319.0,4982.0,6091.0,2986.0,1407.25,2025-07-23 20:00:00,20.7,90.75,10.925,19.725,80.5,18.0,62.5,5.479166666666667
2025-07-23 21:00:00,"Jul 23, 2025 10:00 PM",4581.04,2675.03,2164.03,8039.93,87.51,92.48,0,10508.25,5043.5,6430.5,3429.0,1419.75,2025-07-23 21:00:00,19.875,98.0,10.799999999999999,20.525,30.0,9.25,20.75,5.701388888888888
2025-07-23 22:00:00,"Jul 23, 2025 11:00 PM",4429.0,2436.04,2094.54,6986.65,12.2,93.16,0,10608.75,4980.0,6285.75,2023.0,1406.75,2025-07-23 22:00:00,19.35,91.25,9.7,18.825,0.5,0.0,0.5,5.229166666666666
2025-07-23 23:00:00,"Jul 24, 2025 12:00 AM",4188.03,2242.36,1995.71,6373.65,12.79,93.74,0,10586.25,4918.0,6152.0,678.5,1419.5,2025-07-23 23:00:00,18.975,84.0,8.700000000000001,16.675,0.0,0.0,0.0,4.631944444444445
2025-07-24 00:00:00,"Jul 24, 2025 1:00 AM",3926.69,2127.4,1639.86,5886.47,7.44,93.86,0,10248.0,4445.25,5787.0,138.0,1421.0,2025-07-24 00:00:00,18.6,94.75,7.475,15.45,0.0,0.0,0.0,4.291666666666666
2025-07-24 01:00:00,"Jul 24, 2025 2:00 AM",3822.31,1987.66,1326.24,5169.88,6.75,94.72,0,10307.25,4246.25,5693.5,100.75,1392.25,2025-07-24 01:00:00,18.15,100.0,7.5,15.175,0.0,0.0,0.0,4.215277777777778
2025-07-24 02:00:00,"Jul 24, 2025 3:00 AM",3661.3,1875.95,1131.76,4403.4,5.26,94.74,0,10324.25,4233.75,5630.0,270.0,1438.5,2025-07-24 02:00:00,17.75,100.0,7.5,14.45,0.0,0.0,0.0,4.013888888888888
2025-07-24 03:00:00,"Jul 24, 2025 4:00 AM",3621.05,1883.02,888.34,3941.56,7.5,95.12,0,10344.25,4317.75,5639.75,257.0,1445.5,2025-07-24 03:00:00,17.25,76.5,7.0249999999999995,13.375,0.0,0.0,0.0,3.7152777777777777
2025-07-24 04:00:00,"Jul 24, 2025 5:00 AM",3697.37,1921.01,953.11,3735.47,5.6,95.52,0,10360.75,4409.5,5702.75,410.75,1444.25,2025-07-24 04:00:00,16.6,70.5,6.574999999999999,12.925,0.0,0.0,0.0,3.5902777777777777
2025-07-24 05:00:00,"Jul 24, 2025 6:00 AM",3858.09,1935.36,829.51,3746.7,116.33,95.38,0,10720.75,4321.75,5917.0,454.0,1425.25,2025-07-24 05:00:00,16.05,80.75,7.95,14.350000000000001,0.0,0.0,0.0,3.9861111111111116
2025-07-24 06:00:00,"Jul 24, 2025 7:00 AM",4132.71,2236.59,633.61,3795.35,1543.24,95.15,0,10729.75,4746.0,6257.25,2173.25,1442.5,2025-07-24 06:00:00,15.95,56.0,8.025,15.15,4.25,0.75,3.5,4.208333333333333
2025-07-24 07:00:00,"Jul 24, 2025 8:00 AM",4179.13,2211.84,580.23,2852.07,4934.31,94.27,0,10731.5,4905.75,6430.75,2761.25,1430.5,2025-07-24 07:00:00,16.3,73.25,8.275,15.274999999999999,49.0,16.0,33.0,4.243055555555555
2025-07-24 08:00:00,"Jul 24, 2025 9:00 AM",4040.02,2175.35,590.4,1936.21,9873.24,93.79,0,10574.25,5048.0,6340.5,1545.75,1440.75,2025-07-24 08:00:00,17.05,77.5,8.875,14.675,122.5,46.0,76.5,4.076388888888889
2025-07-24 09:00:00,"Jul 24, 2025 10:00 AM",3762.32,2107.29,753.49,1485.21,15955.04,94.66,0,10359.25,4752.25,5797.75,838.75,1438.0,2025-07-24 09:00:00,17.95,80.75,7.55,11.075,189.25,79.0,110.25,3.0763888888888884
2025-07-24 10:00:00,"Jul 24, 2025 11:00 AM",3541.83,2039.33,675.88,1511.36,21566.47,94.95,0,9519.0,4604.0,5252.0,430.75,1487.0,2025-07-24 10:00:00,18.85,97.25,7.425,11.100000000000001,264.75,118.75,146.0,3.0833333333333335
2025-07-24 11:00:00,"Jul 24, 2025 12:00 PM",3469.68,1978.98,529.89,1738.01,24970.71,95.02,0,9234.0,4328.25,5052.0,355.5,1457.0,2025-07-24 11:00:00,19.825,89.5,6.95,9.95,363.75,193.75,170.0,2.763888888888889
2025-07-24 12:00:00,"Jul 24, 2025 1:00 PM",3393.49,1902.68,457.33,2089.25,27204.13,94.62,0,9108.5,3771.25,5113.5,182.0,1474.0,2025-07-24 12:00:00,20.475,77.75,6.699999999999999,9.700000000000001,432.5,216.5,216.0,2.6944444444444446
2025-07-24 13:00:00,"Jul 24, 2025 2:00 PM",3361.66,2006.68,491.71,2368.62,27818.3,95.42,0,8850.5,2859.0,4661.5,242.75,1477.5,2025-07-24 13:00:00,21.25,76.25,8.25,11.625,549.5,319.5,230.0,3.2291666666666665
2025-07-24 14:00:00,"Jul 24, 2025 3:00 PM",3309.39,2067.91,395.58,2692.45,27089.3,95.59,0,8970.0,2830.75,5081.75,373.25,1482.75,2025-07-24 14:00:00,22.0,90.25,9.35,13.225,552.75,252.5,300.25,3.6736111111111107
2025-07-24 15:00:00,"Jul 24, 2025 4:00 PM",3393.31,2025.43,551.7,2995.58,24226.39,95.68,0,9085.5,3517.75,5237.75,362.75,1481.0,2025-07-24 15:00:00,20.95,98.0,7.875,11.075,425.5,185.0,240.5,3.0763888888888884
2025-07-24 16:00:00,"Jul 24, 2025 5:00 PM",3508.39,1898.64,770.7,3620.64,21200.37,94.52,0,9438.25,3994.0,5528.25,103.0,1495.75,2025-07-24 16:00:00,21.7,94.0,6.425,9.125,460.25,235.0,225.25,2.5347222222222223
2025-07-24 17:00:00,"Jul 24, 2025 6:00 PM",3662.98,2095.11,983.94,3752.08,16719.49,93.76,0,10055.75,4210.75,6265.25,359.25,1487.75,2025-07-24 17:00:00,21.525,92.5,7.0,10.0,373.5,139.75,233.75,2.7777777777777777
2025-07-24 18:00:00,"Jul 24, 2025 7:00 PM",4055.24,2388.71,1096.58,3401.98,10689.28,94.26,0,10271.0,4701.0,7409.0,1689.75,1496.75,2025-07-24 18:00:00,20.975,90.5,7.55,10.775,285.25,105.25,180.0,2.993055555555556
2025-07-24 19:00:00,"Jul 24, 2025 8:00 PM",4306.6,2355.64,1169.6,2842.7,5255.11,94.84,0,10312.0,4840.75,8300.75,3183.0,1491.75,2025-07-24 19:00:00,20.55,80.0,7.425,11.325,189.75,65.75,124.0,3.145833333333333
2025-07-24 20:00:00,"Jul 24, 2025 9:00 PM",4451.4,2660.31,1393.93,2246.11,1356.82,94.49,0,10320.75,4793.5,8563.25,4921.75,1468.0,2025-07-24 20:00:00,20.15,77.5,6.05,10.975,120.75,43.75,77.0,3.0486111111111107
2025-07-24 21:00:00,"Jul 24, 2025 10:00 PM",4415.13,2735.76,1633.38,2035.34,80.92,96.2,0,10326.75,4470.25,8733.75,5072.25,1463.75,2025-07-24 21:00:00,19.25,73.0,5.45,11.575,39.0,9.75,29.25,3.2152777777777777
2025-07-24 22:00:00,"Jul 24, 2025 11:00 PM",4233.36,2672.54,2130.39,2080.8,19.85,96.77,0,10379.25,4202.5,8745.25,3739.0,1454.75,2025-07-24 22:00:00,18.2,83.25,5.85,12.625,1.0,0.0,1.0,3.506944444444444
2025-07-24 23:00:00,"Jul 25, 2025 12:00 AM",4023.96,2337.3,2031.02,2149.48,8.24,97.16,0,10328.5,4010.5,8452.25,1476.0,1473.5,2025-07-24 23:00:00,17.775,86.0,5.95,12.975,0.0,0.0,0.0,3.6041666666666665
2025-07-25 00:00:00,"Jul 25, 2025 1:00 AM",3815.68,1961.52,1770.03,2043.08,8.51,97.18,0,10180.75,3593.0,7655.5,410.0,1383.5,2025-07-25 00:00:00,17.325,78.75,5.95,12.975,0.0,0.0,0.0,3.6041666666666665
2025-07-25 01:00:00,"Jul 25, 2025 2:00 AM",3737.53,2021.75,1431.7,2102.09,10.34,98.3,0,10162.5,3672.5,6896.25,379.75,1390.0,2025-07-25 01:00:00,17.2,79.75,5.9,12.05,0.0,0.0,0.0,3.3472222222222223
2025-07-25 02:00:00,"Jul 25, 2025 3:00 AM",3675.23,1967.96,1397.1,2098.63,8.1,98.26,0,10161.5,3650.5,6845.0,65.25,1394.75,2025-07-25 02:00:00,16.95,95.0,5.35,11.475,0.0,0.0,0.0,3.1875
2025-07-25 03:00:00,"Jul 25, 2025 4:00 AM",3630.88,2012.22,1961.39,2195.51,6.06,98.32,0,10167.0,3650.0,6833.75,133.25,1388.5,2025-07-25 03:00:00,17.05,91.25,4.725,9.85,0.0,0.0,0.0,2.736111111111111
2025-07-25 04:00:00,"Jul 25, 2025 5:00 AM",3656.85,2000.95,2262.7,2569.66,6.02,98.59,0,10124.5,3734.75,6841.5,150.25,1429.5,2025-07-25 04:00:00,16.75,83.0,4.925,10.25,0.0,0.0,0.0,2.8472222222222223
2025-07-25 05:00:00,"Jul 25, 2025 6:00 AM",3830.08,2051.48,1804.37,3206.49,69.08,98.88,0,9680.75,3781.5,6878.5,323.0,1411.75,2025-07-25 05:00:00,16.599999999999998,80.25,4.125,8.799999999999999,0.0,0.0,0.0,2.444444444444444
2025-07-25 06:00:00,"Jul 25, 2025 7:00 AM",4159.82,2307.95,1555.86,3352.6,1489.16,97.1,0,9423.5,3842.5,7227.25,1578.0,1405.75,2025-07-25 06:00:00,16.55,88.75,3.925,7.7,1.75,0.0,1.75,2.138888888888889
2025-07-25 07:00:00,"Jul 25, 2025 8:00 AM",4209.81,2302.59,1559.61,2860.89,5532.31,93.4,0,9426.25,3846.0,7361.75,1904.5,1433.0,2025-07-25 07:00:00,16.900000000000002,100.0,5.025,9.5,37.0,6.0,31.0,2.638888888888889
2025-07-25 08:00:00,"Jul 25, 2025 9:00 AM",4042.04,2308.47,1445.94,2553.52,11685.78,90.48,0,9316.25,3816.5,7211.0,1059.75,1460.75,2025-07-25 08:00:00,17.75,75.75,5.65,9.525,110.0,38.0,72.0,2.6458333333333335
2025-07-25 09:00:00,"Jul 25, 2025 10:00 AM",3792.07,2097.94,1301.38,2608.2,18850.93,91.06,0,8641.5,3580.0,6624.25,170.5,1453.25,2025-07-25 09:00:00,18.65,70.5,6.475,9.4,223.0,102.25,120.75,2.611111111111111
2025-07-25 10:00:00,"Jul 25, 2025 11:00 AM",3600.61,2063.27,1396.65,2922.06,24251.21,93.37,0,8149.25,3478.25,4190.5,42.25,1485.25,2025-07-25 10:00:00,19.75,75.25,6.65,9.45,346.25,173.75,172.5,2.6249999999999996
2025-07-25 11:00:00,"Jul 25, 2025 12:00 PM",3531.33,2149.07,1113.41,3344.11,26400.5,93.84,0,7931.75,3246.5,3330.75,329.0,1485.5,2025-07-25 11:00:00,20.725,77.5,7.45,10.7,435.75,237.25,198.5,2.972222222222222
2025-07-25 12:00:00,"Jul 25, 2025 1:00 PM",3486.79,2111.17,915.86,3614.58,27263.67,93.5,0,7963.0,3074.75,2736.75,601.0,1566.0,2025-07-25 12:00:00,21.325,79.75,8.075,11.45,488.75,247.75,241.0,3.1805555555555554
2025-07-25 13:00:00,"Jul 25, 2025 2:00 PM",3461.11,2051.1,809.56,4174.27,29261.75,92.38,0,7963.75,3055.75,2592.75,147.25,1570.25,2025-07-25 13:00:00,21.9,99.0,8.4,12.075000000000001,452.0,203.25,248.75,3.354166666666667
2025-07-25 14:00:00,"Jul 25, 2025 3:00 PM",3425.12,2053.66,935.62,5330.25,29333.17,90.31,0,7535.75,2608.0,2521.75,35.75,1561.5,2025-07-25 14:00:00,22.625,99.0,8.225,11.7,466.25,170.5,295.75,3.2499999999999996
2025-07-25 15:00:00,"Jul 25, 2025 4:00 PM",3447.98,2047.17,1155.43,6551.12,26909.63,91.97,0,7585.0,2437.25,2561.0,61.75,1547.5,2025-07-25 15:00:00,21.725,80.5,9.049999999999999,12.85,403.0,188.0,215.0,3.569444444444444
2025-07-25 16:00:00,"Jul 25, 2025 5:00 PM",3524.58,2084.27,1338.14,6870.89,22959.18,92.52,0,7769.5,2749.5,2631.5,347.5,1557.0,2025-07-25 16:00:00,21.775,81.0,10.15,14.475,472.0,219.75,252.25,4.020833333333333
2025-07-25 17:00:00,"Jul 25, 2025 6:00 PM",3681.6,2159.58,1610.88,7279.78,16058.55,91.35,0,8430.25,3352.75,2904.75,783.0,1560.75,2025-07-25 17:00:00,20.65,86.75,11.625,17.075,413.25,223.5,189.75,4.743055555555555
2025-07-25 18:00:00,"Jul 25, 2025 7:00 PM",3972.71,2146.87,1593.86,7082.7,9637.52,91.45,0,9330.5,3489.0,4524.75,1390.0,1579.0,2025-07-25 18:00:00,20.8,74.25,8.575000000000001,12.200000000000001,309.75,140.5,169.25,3.3888888888888893
2025-07-25 19:00:00,"Jul 25, 2025 8:00 PM",4273.99,2323.15,1503.82,6259.36,4496.17,91.5,0,9418.0,3584.25,6015.75,2104.0,1569.75,2025-07-25 19:00:00,20.525,65.75,8.35,12.35,208.75,92.5,116.25,3.4305555555555554
2025-07-25 20:00:00,"Jul 25, 2025 9:00 PM",4469.0,2515.55,1459.86,4976.88,1156.63,93.13,0,9458.25,3632.5,6269.0,3148.75,1532.25,2025-07-25 20:00:00,19.325,86.0,9.75,15.3,110.5,46.75,63.75,4.25
2025-07-25 21:00:00,"Jul 25, 2025 10:00 PM",4529.68,2833.91,1226.5,3957.72,67.82,94.45,0,9495.25,3625.5,6174.75,4273.75,1540.75,2025-07-25 21:00:00,18.3,76.75,6.55,11.65,32.75,8.25,24.5,3.236111111111111
2025-07-25 22:00:00,"Jul 25, 2025 11:00 PM",4413.87,2820.63,1142.33,3520.37,21.75,95.29,0,9499.5,3618.75,6124.25,3949.5,1501.0,2025-07-25 22:00:00,17.625,45.5,6.975,13.8,0.75,0.0,0.75,3.8333333333333335
2025-07-25 23:00:00,"Jul 26, 2025 12:00 AM",4212.16,2591.95,927.38,3356.29,8.55,95.51,0,9361.0,3609.25,5835.0,1046.0,1536.25,2025-07-25 23:00:00,17.25,46.5,7.2,15.475,0.0,0.0,0.0,4.298611111111111
2025-07-26 00:00:00,"Jul 26, 2025 1:00 AM",4010.82,2432.86,1049.29,3174.37,12.3,95.65,0,9065.75,3988.75,5215.0,759.5,1542.0,2025-07-26 00:00:00,17.049999999999997,65.5,7.95,17.375,0.0,0.0,0.0,4.826388888888888
2025-07-26 01:00:00,"Jul 26, 2025 2:00 AM",3911.35,2215.53,1223.98,2966.94,9.28,95.85,0,9035.75,3921.5,5112.25,76.5,1584.0,2025-07-26 01:00:00,16.85,57.5,7.5,16.55,0.0,0.0,0.0,4.597222222222222
2025-07-26 02:00:00,"Jul 26, 2025 3:00 AM",3846.85,2274.09,1373.32,2784.9,7.63,96.43,0,8862.75,3859.75,4859.5,38.5,1575.0,2025-07-26 02:00:00,16.575,66.25,6.725,15.125,0.0,0.0,0.0,4.201388888888888
2025-07-26 03:00:00,"Jul 26, 2025 4:00 AM",3825.56,2266.42,1318.28,2336.41,5.91,96.92,0,8661.75,3830.0,4937.25,19.5,1555.5,2025-07-26 03:00:00,16.5,74.0,5.825,13.75,0.0,0.0,0.0,3.819444444444444
2025-07-26 04:00:00,"Jul 26, 2025 5:00 AM",3839.78,2332.91,1426.53,2208.44,6.32,96.93,0,8622.0,3774.5,4794.5,101.5,1544.25,2025-07-26 04:00:00,16.375,88.75,6.55,13.65,0.0,0.0,0.0,3.7916666666666665
2025-07-26 05:00:00,"Jul 26, 2025 6:00 AM",3939.33,2321.76,1504.01,2374.27,51.09,96.56,0,8613.25,3735.75,4840.5,177.75,1517.25,2025-07-26 05:00:00,16.174999999999997,77.5,7.825,15.95,0.0,0.0,0.0,4.430555555555555
2025-07-26 06:00:00,"Jul 26, 2025 7:00 AM",4090.23,2045.57,1069.11,2523.71,1434.24,96.75,0,8567.0,3571.75,4210.0,339.5,1484.25,2025-07-26 06:00:00,16.099999999999998,76.0,6.875,13.9,1.75,0.0,1.75,3.861111111111111
2025-07-26 07:00:00,"Jul 26, 2025 8:00 AM",4130.31,2109.57,723.06,2332.89,5204.27,96.66,0,8550.25,3129.0,3904.5,176.5,1486.5,2025-07-26 07:00:00,16.35,79.0,7.625,13.675,36.75,5.75,31.0,3.798611111111111
2025-07-26 08:00:00,"Jul 26, 2025 9:00 AM",3981.6,2223.04,463.31,2068.25,10592.28,96.5,0,8358.25,3150.0,3426.25,417.0,1486.0,2025-07-26 08:00:00,17.025,68.0,7.175,11.25,98.5,30.0,68.5,3.125
2025-07-26 09:00:00,"Jul 26, 2025 10:00 AM",3848.24,2094.33,316.54,1902.83,16075.71,96.81,0,7373.5,3085.5,2632.5,133.25,1448.0,2025-07-26 09:00:00,17.725,73.25,8.35,12.475,185.0,70.0,115.0,3.4652777777777777
2025-07-26 10:00:00,"Jul 26, 2025 11:00 AM",3735.45,2205.22,270.3,1710.87,21050.37,96.46,0,6462.0,2604.5,2298.5,142.5,1461.5,2025-07-26 10:00:00,18.35,81.25,8.3,11.9,252.5,100.25,152.25,3.3055555555555554
2025-07-26 11:00:00,"Jul 26, 2025 12:00 PM",3662.88,2047.99,249.6,1505.16,24678.19,95.7,0,6386.75,2295.25,2181.0,130.25,1471.75,2025-07-26 11:00:00,18.975,91.0,8.05,11.3,302.25,93.5,208.75,3.138888888888889
2025-07-26 12:00:00,"Jul 26, 2025 1:00 PM",3588.77,2077.37,246.44,1488.12,27359.59,94.87,0,5949.5,2221.25,2105.0,48.5,1457.25,2025-07-26 12:00:00,19.725,88.25,8.625,12.175,355.5,132.75,222.75,3.3819444444444446
2025-07-26 13:00:00,"Jul 26, 2025 2:00 PM",3559.22,2106.62,312.24,1819.85,28781.3,94.42,0,5045.75,1550.75,1995.25,3.75,1488.0,2025-07-26 13:00:00,20.275,74.0,8.525,12.125,364.0,92.75,271.25,3.3680555555555554
2025-07-26 14:00:00,"Jul 26, 2025 3:00 PM",3564.43,2067.53,471.34,2277.94,28905.0,94.34,0,5114.25,1472.0,1976.25,0.0,1462.75,2025-07-26 14:00:00,21.225,76.25,8.725000000000001,12.325,526.5,237.25,289.25,3.4236111111111107
2025-07-26 15:00:00,"Jul 26, 2025 4:00 PM",3606.42,2163.16,617.26,2593.28,26498.18,94.47,0,5653.75,1594.25,1985.0,3.75,1454.0,2025-07-26 15:00:00,20.925,82.75,7.675,10.975,430.75,219.0,211.75,3.0486111111111107
2025-07-26 16:00:00,"Jul 26, 2025 5:00 PM",3692.58,2165.63,754.44,2801.58,22088.67,93.85,0,6235.25,2109.75,2147.5,1.0,1485.5,2025-07-26 16:00:00,21.325,74.75,7.949999999999999,11.275,411.25,214.5,196.75,3.1319444444444446
2025-07-26 17:00:00,"Jul 26, 2025 6:00 PM",3830.67,2330.71,777.62,2720.21,16314.2,92.13,0,7249.0,3126.5,2680.0,290.25,1503.5,2025-07-26 17:00:00,21.3,67.5,7.824999999999999,11.3,347.5,168.75,178.75,3.138888888888889
2025-07-26 18:00:00,"Jul 26, 2025 7:00 PM",4111.82,2334.03,676.74,2369.29,9730.28,91.49,0,8266.25,3419.25,4351.5,1124.0,1487.75,2025-07-26 18:00:00,21.3,72.5,7.025,10.5,312.25,172.75,139.5,2.9166666666666665
2025-07-26 19:00:00,"Jul 26, 2025 8:00 PM",4359.41,2440.79,622.05,1524.87,4372.23,91.77,0,8375.25,3466.0,5419.0,3798.0,1486.0,2025-07-26 19:00:00,21.05,58.75,8.525,12.925,221.25,118.5,102.75,3.5902777777777777
2025-07-26 20:00:00,"Jul 26, 2025 9:00 PM",4523.22,2491.56,692.1,975.34,1097.54,92.5,0,8382.0,3574.25,5934.25,4721.75,1487.0,2025-07-26 20:00:00,20.325,56.5,5.2,9.275,110.0,46.5,63.5,2.576388888888889
2025-07-26 21:00:00,"Jul 26, 2025 10:00 PM",4528.81,2700.5,744.1,749.18,59.34,93.19,0,8508.5,3611.75,5943.0,4861.75,1478.25,2025-07-26 21:00:00,19.125,57.0,5.45,11.275,37.0,13.25,23.75,3.1319444444444446
2025-07-26 22:00:00,"Jul 26, 2025 11:00 PM",4388.48,2477.97,1062.57,663.39,19.3,93.74,0,8630.75,3593.5,5966.5,3039.5,1461.5,2025-07-26 22:00:00,18.4,63.0,5.75,11.875,1.0,0.0,1.0,3.298611111111111
2025-07-26 23:00:00,"Jul 27, 2025 12:00 AM",4187.19,2375.72,1110.96,758.21,7.15,94.5,0,8619.25,3228.75,5624.5,1446.5,1490.75,2025-07-26 23:00:00,17.825,62.75,4.375,9.850000000000001,0.0,0.0,0.0,2.7361111111111116
2025-07-27 00:00:00,"Jul 27, 2025 1:00 AM",4030.97,2322.29,1170.72,1066.2,21.03,94.69,0,8291.25,2331.25,5076.5,1073.25,1580.75,2025-07-27 00:00:00,17.175,70.5,6.775,13.325,0.0,0.0,0.0,3.7013888888888884
2025-07-27 01:00:00,"Jul 27, 2025 2:00 AM",3957.67,2201.24,1240.76,1411.77,5.31,95.01,0,8317.5,1682.0,4041.0,118.25,1611.25,2025-07-27 01:00:00,16.525,74.75,5.925,12.75,0.0,0.0,0.0,3.5416666666666665
2025-07-27 02:00:00,"Jul 27, 2025 3:00 AM",3912.76,2238.25,1447.68,1800.63,5.82,95.76,0,8337.5,1663.5,3417.25,95.5,1637.25,2025-07-27 02:00:00,16.3,96.25,5.475,11.875,0.0,0.0,0.0,3.298611111111111
2025-07-27 03:00:00,"Jul 27, 2025 4:00 AM",3884.13,2197.4,1706.83,1918.56,5.9,95.79,0,8332.75,1640.25,3266.0,66.75,1632.5,2025-07-27 03:00:00,16.25,98.75,5.824999999999999,12.100000000000001,0.0,0.0,0.0,3.3611111111111116
2025-07-27 04:00:00,"Jul 27, 2025 5:00 AM",3897.21,2188.12,1971.28,1918.37,15.56,95.9,0,7988.0,1379.0,3232.5,172.5,1622.75,2025-07-27 04:00:00,16.05,99.25,5.449999999999999,11.275,0.0,0.0,0.0,3.1319444444444446
2025-07-27 05:00:00,"Jul 27, 2025 6:00 AM",3960.86,2224.87,1976.94,2030.66,71.61,95.0,0,7576.75,994.0,3233.5,139.0,1618.5,2025-07-27 05:00:00,16.0,87.25,5.55,11.475,0.0,0.0,0.0,3.1875
2025-07-27 06:00:00,"Jul 27, 2025 7:00 AM",4033.22,2290.67,1865.53,2456.25,1256.7,95.56,0,7522.0,942.0,2936.0,128.75,1598.75,2025-07-27 06:00:00,15.825,92.25,5.525,11.524999999999999,3.0,0.25,2.75,3.2013888888888884
2025-07-27 07:00:00,"Jul 27, 2025 8:00 AM",4029.97,2289.06,1492.79,2577.78,4573.17,95.56,0,7171.75,725.5,2387.25,123.75,1601.0,2025-07-27 07:00:00,16.25,95.0,6.575,11.85,34.0,10.75,23.25,3.2916666666666665
2025-07-27 08:00:00,"Jul 27, 2025 9:00 AM",3955.04,2211.67,1262.8,2264.28,9739.86,95.46,0,6482.5,348.25,1887.0,89.75,1573.25,2025-07-27 08:00:00,16.65,98.25,5.3,11.825,92.25,25.0,67.25,3.284722222222222
2025-07-27 09:00:00,"Jul 27, 2025 10:00 AM",3859.86,2149.2,885.9,1939.05,16485.27,95.83,0,5527.75,289.75,1814.75,202.25,1593.0,2025-07-27 09:00:00,17.5,97.5,5.325,9.225,167.0,53.25,113.75,2.5625
2025-07-27 10:00:00,"Jul 27, 2025 11:00 AM",3729.56,2218.52,572.39,1856.56,22963.74,95.04,0,4323.75,265.25,1642.0,189.0,1601.75,2025-07-27 10:00:00,18.475,80.25,6.125,9.525,284.5,127.25,157.25,2.6458333333333335
2025-07-27 11:00:00,"Jul 27, 2025 12:00 PM",3661.54,2343.17,461.15,1868.55,27300.02,94.22,0,3982.75,238.25,1559.0,124.5,1593.25,2025-07-27 11:00:00,19.775,78.5,5.324999999999999,7.45,441.25,225.5,215.75,2.0694444444444446
2025-07-27 12:00:00,"Jul 27, 2025 1:00 PM",3569.41,2229.12,434.25,2299.13,29533.1,92.21,0,3694.0,285.25,1467.0,37.25,1574.5,2025-07-27 12:00:00,20.475,100.0,5.775,7.975,475.0,275.5,199.5,2.2152777777777777
2025-07-27 13:00:00,"Jul 27, 2025 2:00 PM",3546.96,2271.01,417.14,3081.91,29049.99,91.55,0,3574.75,318.25,1424.0,1.0,1541.25,2025-07-27 13:00:00,20.475,97.25,7.675000000000001,10.625,395.25,155.5,239.75,2.951388888888889
2025-07-27 14:00:00,"Jul 27, 2025 3:00 PM",3540.11,2117.64,536.3,4439.14,26905.4,91.16,0,3539.0,284.75,1419.5,38.25,1511.0,2025-07-27 14:00:00,19.375,99.5,8.625,12.875,350.5,115.5,235.0,3.576388888888889
2025-07-27 15:00:00,"Jul 27, 2025 4:00 PM",3559.09,2284.18,720.12,5797.91,24280.21,92.92,0,3579.75,239.25,1408.25,35.25,1541.25,2025-07-27 15:00:00,20.875,93.5,8.975,12.825,522.25,284.75,237.5,3.5624999999999996
2025-07-27 16:00:00,"Jul 27, 2025 5:00 PM",3635.5,2166.35,729.35,6279.19,20659.89,93.21,0,3761.5,229.0,1475.25,80.5,1613.75,2025-07-27 16:00:00,20.1,87.5,7.15,10.725,395.5,187.75,207.75,2.9791666666666665
2025-07-27 17:00:00,"Jul 27, 2025 6:00 PM",3793.05,2242.9,934.0,7285.39,15398.63,93.8,0,4916.5,265.5,1922.5,217.75,1657.75,2025-07-27 17:00:00,20.775,82.25,8.3,11.875,429.25,206.25,223.0,3.298611111111111
2025-07-27 18:00:00,"Jul 27, 2025 7:00 PM",4049.66,2430.55,933.67,7154.9,9483.01,93.55,0,6689.0,303.75,2958.5,480.0,1689.75,2025-07-27 18:00:00,20.65,77.0,9.225,13.625,303.5,126.0,177.5,3.7847222222222223
2025-07-27 19:00:00,"Jul 27, 2025 8:00 PM",4348.46,2431.77,832.69,6555.16,3979.97,93.63,0,7747.0,366.0,3854.25,2137.0,1707.0,2025-07-27 19:00:00,19.9,84.0,9.2,14.45,219.0,94.5,124.5,4.013888888888888
2025-07-27 20:00:00,"Jul 27, 2025 9:00 PM",4510.4,2325.12,822.67,5555.48,919.81,93.42,0,7844.5,405.75,3999.75,4683.75,1635.0,2025-07-27 20:00:00,19.15,91.25,7.725,13.825,99.75,25.25,74.5,3.8402777777777777
2025-07-27 21:00:00,"Jul 27, 2025 10:00 PM",4502.33,2398.56,870.67,4723.08,44.4,94.25,0,7854.0,397.25,4032.25,5177.5,1585.25,2025-07-27 21:00:00,18.025,87.25,7.925,14.549999999999999,19.0,1.75,17.25,4.041666666666666
2025-07-27 22:00:00,"Jul 27, 2025 11:00 PM",4359.13,2320.74,885.99,4588.14,20.89,91.63,0,7861.0,388.0,4043.5,4338.75,1620.25,2025-07-27 22:00:00,17.425,88.75,9.0,17.775,0.25,0.0,0.25,4.937499999999999
2025-07-27 23:00:00,"Jul 28, 2025 12:00 AM",4159.89,2227.14,873.68,5076.5,6.56,91.26,0,7819.75,379.5,3827.75,1804.25,1649.25,2025-07-27 23:00:00,16.775,83.0,7.875,15.675,0.0,0.0,0.0,4.354166666666667
2025-07-28 00:00:00,"Jul 28, 2025 1:00 AM",3923.64,2243.51,1172.23,5509.26,5.18,91.38,0,6984.0,320.75,3955.5,335.0,1642.5,2025-07-28 00:00:00,16.15,79.0,7.95,14.525,0.0,0.0,0.0,4.034722222222222
2025-07-28 01:00:00,"Jul 28, 2025 2:00 AM",3810.99,2199.85,1353.05,6188.11,8.38,91.62,0,6684.75,258.5,3812.25,260.0,1666.25,2025-07-28 01:00:00,15.875,74.25,8.125,16.4,0.0,0.0,0.0,4.555555555555555
2025-07-28 02:00:00,"Jul 28, 2025 3:00 AM",3773.2,2175.07,1382.63,6787.59,5.25,92.17,0,6558.5,266.5,3754.5,57.0,1671.0,2025-07-28 02:00:00,15.4,78.25,8.225,17.425,0.0,0.0,0.0,4.840277777777778
2025-07-28 03:00:00,"Jul 28, 2025 4:00 AM",3736.16,2174.56,1628.75,7097.32,5.67,92.6,0,6377.5,264.5,3669.25,143.25,1673.25,2025-07-28 03:00:00,15.5,100.0,9.25,17.425,0.0,0.0,0.0,4.840277777777778
2025-07-28 04:00:00,"Jul 28, 2025 5:00 AM",3768.82,2228.52,1875.92,7403.6,5.66,92.55,0,6504.75,275.5,3634.75,188.75,1649.5,2025-07-28 04:00:00,15.25,92.75,10.149999999999999,19.575,0.0,0.0,0.0,5.4375
2025-07-28 05:00:00,"Jul 28, 2025 6:00 AM",3897.97,2420.32,1843.58,7950.8,36.49,91.62,0,6770.5,340.0,3800.0,175.75,1638.0,2025-07-28 05:00:00,14.925,61.75,9.95,19.225,0.0,0.0,0.0,5.340277777777778
2025-07-28 06:00:00,"Jul 28, 2025 7:00 AM",4224.61,2552.73,1498.11,8728.08,1071.07,92.17,0,7833.25,419.25,4196.25,1322.5,1615.0,2025-07-28 06:00:00,14.75,92.25,9.45,19.0,2.75,0.25,2.5,5.277777777777778
2025-07-28 07:00:00,"Jul 28, 2025 8:00 AM",4342.06,2735.12,1419.68,8306.1,4103.16,90.5,0,8000.75,471.5,4118.0,3266.25,1601.5,2025-07-28 07:00:00,15.125,98.25,10.35,18.85,33.5,7.5,26.0,5.236111111111112
2025-07-28 08:00:00,"Jul 28, 2025 9:00 AM",4217.42,2666.7,1470.66,7392.49,8791.08,87.53,0,7854.5,488.75,3670.0,2640.25,1619.5,2025-07-28 08:00:00,15.525,99.0,9.8,16.425,106.25,29.25,77.0,4.5625
2025-07-28 09:00:00,"Jul 28, 2025 10:00 AM",4065.93,2506.15,1027.09,8199.45,14531.97,88.62,0,7614.0,488.75,3571.5,952.5,1673.75,2025-07-28 09:00:00,16.25,95.0,10.45,16.5,186.25,72.75,113.5,4.583333333333333
2025-07-28 10:00:00,"Jul 28, 2025 11:00 AM",3802.17,2286.87,904.75,9508.63,20083.27,89.57,0,6003.75,695.75,2793.0,236.75,1699.25,2025-07-28 10:00:00,17.2,84.0,11.375,16.85,296.75,139.5,157.25,4.680555555555556
2025-07-28 11:00:00,"Jul 28, 2025 12:00 PM",3679.46,2234.26,1084.52,11187.53,24055.93,88.34,0,5213.5,695.5,2180.0,205.25,1690.0,2025-07-28 11:00:00,18.25,82.5,11.825,17.25,419.25,258.5,160.75,4.791666666666667
2025-07-28 12:00:00,"Jul 28, 2025 1:00 PM",3598.77,2436.28,1240.59,12516.53,25453.26,89.91,0,4644.0,613.75,2145.5,138.75,1672.75,2025-07-28 12:00:00,18.8,81.0,12.925,18.625,514.0,297.0,217.0,5.173611111111111
2025-07-28 13:00:00,"Jul 28, 2025 2:00 PM",3574.22,2519.33,1326.41,13843.73,26278.42,91.17,0,4340.0,609.5,2056.0,171.75,1667.5,2025-07-28 13:00:00,18.575,93.0,13.025,18.875,430.0,220.25,209.75,5.243055555555555
2025-07-28 14:00:00,"Jul 28, 2025 3:00 PM",3546.2,2386.3,1430.07,14993.23,26195.66,91.42,0,3946.75,769.5,2212.5,73.25,1657.25,2025-07-28 14:00:00,19.2,86.75,13.875,20.45,474.75,270.25,204.5,5.680555555555555
2025-07-28 15:00:00,"Jul 28, 2025 4:00 PM",3544.16,2384.98,1488.6,16085.12,24711.62,90.42,0,3973.0,914.5,2182.5,124.5,1634.75,2025-07-28 15:00:00,19.55,100.0,15.425,22.875,470.75,250.25,220.5,6.354166666666666
2025-07-28 16:00:00,"Jul 28, 2025 5:00 PM",3623.09,2394.67,1935.79,16465.94,22258.37,91.15,0,3979.75,1045.5,2217.0,55.5,1684.0,2025-07-28 16:00:00,19.575,79.0,16.275,25.125,422.0,260.0,162.0,6.979166666666666
2025-07-28 17:00:00,"Jul 28, 2025 6:00 PM",3779.68,2482.06,2409.51,17016.8,17357.45,92.03,0,4849.5,913.0,2161.25,157.0,1688.0,2025-07-28 17:00:00,19.65,71.75,16.425,25.825000000000003,409.0,261.5,147.5,7.173611111111112
2025-07-28 18:00:00,"Jul 28, 2025 7:00 PM",4082.3,2456.81,2682.44,16535.17,11103.29,92.46,0,7334.0,889.5,2801.0,464.25,1598.25,2025-07-28 18:00:00,19.375,65.25,15.55,24.65,333.5,213.25,120.25,6.847222222222221
2025-07-28 19:00:00,"Jul 28, 2025 8:00 PM",4346.41,2327.26,3017.26,14889.73,4993.42,92.03,0,7787.25,1081.0,3220.75,1895.25,1577.5,2025-07-28 19:00:00,18.95,62.75,14.05,23.275,225.25,142.75,82.5,6.465277777777777
2025-07-28 20:00:00,"Jul 28, 2025 9:00 PM",4510.07,2545.0,3266.29,13175.49,1173.62,91.78,0,7978.75,1188.0,3527.0,3897.75,1585.75,2025-07-28 20:00:00,17.925,52.75,11.525,20.975,122.75,63.75,59.0,5.826388888888889
2025-07-28 21:00:00,"Jul 28, 2025 10:00 PM",4464.27,2690.38,3485.77,13273.62,51.13,92.36,0,8001.25,1176.5,3450.0,3405.25,1613.0,2025-07-28 21:00:00,17.075,47.75,11.575,21.825,31.75,13.0,18.75,6.0625
2025-07-28 22:00:00,"Jul 28, 2025 11:00 PM",4309.36,2319.42,4346.72,14405.34,11.42,91.51,0,7716.0,1139.25,3274.5,1489.0,1590.0,2025-07-28 22:00:00,16.15,33.5,11.9,23.025,0.5,0.0,0.5,6.395833333333333
2025-07-28 23:00:00,"Jul 29, 2025 12:00 AM",4069.72,2341.52,4425.57,15705.17,7.3,91.19,0,6949.25,1076.0,2945.0,470.5,1542.0,2025-07-28 23:00:00,15.600000000000001,36.5,11.225,22.475,0.0,0.0,0.0,6.243055555555555
2025-07-29 00:00:00,"Jul 29, 2025 1:00 AM",3881.87,2346.84,4677.82,16151.74,5.83,90.28,0,5855.25,797.0,2728.75,502.75,1573.5,2025-07-29 00:00:00,15.175,52.0,10.75,21.55,0.0,0.0,0.0,5.986111111111112
2025-07-29 01:00:00,"Jul 29, 2025 2:00 AM",3819.24,2262.47,4811.82,16304.5,5.67,89.92,0,5624.25,717.75,2255.75,273.0,1617.0,2025-07-29 01:00:00,14.825000000000001,46.0,11.05,21.525,0.0,0.0,0.0,5.979166666666666
2025-07-29 02:00:00,"Jul 29, 2025 3:00 AM",3796.55,2272.26,4618.61,15768.49,5.53,89.99,0,5011.75,698.25,2218.0,202.0,1605.25,2025-07-29 02:00:00,14.525,56.25,11.475,22.3,0.0,0.0,0.0,6.194444444444445
2025-07-29 03:00:00,"Jul 29, 2025 4:00 AM",3802.76,2228.91,4648.94,14951.49,6.22,90.02,0,5461.75,677.5,2294.75,317.25,1593.5,2025-07-29 03:00:00,14.6,59.25,12.024999999999999,23.3,0.0,0.0,0.0,6.472222222222222
2025-07-29 04:00:00,"Jul 29, 2025 5:00 AM",3863.32,2260.42,4733.52,13952.7,11.67,89.82,0,5629.0,742.75,2339.5,821.25,1584.5,2025-07-29 04:00:00,14.225000000000001,62.75,12.25,23.475,0.0,0.0,0.0,6.520833333333334
2025-07-29 05:00:00,"Jul 29, 2025 6:00 AM",3993.14,2183.87,4860.2,13535.19,76.2,88.65,0,6121.0,958.25,2510.0,1034.25,1582.0,2025-07-29 05:00:00,13.85,58.75,10.675,21.125,0.0,0.0,0.0,5.868055555555555
2025-07-29 06:00:00,"Jul 29, 2025 7:00 AM",4234.71,2232.57,5233.73,12586.91,1530.17,89.82,0,6662.75,1110.0,2879.75,3251.75,1581.75,2025-07-29 06:00:00,13.5,45.0,9.95,19.3,2.75,0.5,2.25,5.361111111111112
2025-07-29 07:00:00,"Jul 29, 2025 8:00 AM",4312.63,2552.39,5037.05,10737.12,5966.46,89.79,0,6545.25,1129.5,3079.25,5586.75,1573.0,2025-07-29 07:00:00,13.875,43.5,10.025,18.15,55.5,21.5,34.0,5.041666666666666
2025-07-29 08:00:00,"Jul 29, 2025 9:00 AM",4136.54,2364.72,5406.54,10222.76,12642.54,90.77,0,6277.75,1124.5,3001.5,3965.0,1573.25,2025-07-29 08:00:00,14.775,61.75,11.3,17.825,170.75,94.75,76.0,4.951388888888888
2025-07-29 09:00:00,"Jul 29, 2025 10:00 AM",3823.63,2392.92,4385.57,11233.87,20029.51,91.26,0,4446.25,1088.25,2630.25,1605.75,1572.0,2025-07-29 09:00:00,15.725,52.25,11.575000000000001,17.575,269.5,146.5,123.0,4.881944444444444
2025-07-29 10:00:00,"Jul 29, 2025 11:00 AM",3607.63,2159.53,3674.3,12250.07,27121.41,89.43,0,3788.5,1052.5,2434.75,361.75,1564.25,2025-07-29 10:00:00,16.525,58.25,12.475000000000001,18.525,403.25,265.75,137.5,5.145833333333333
2025-07-29 11:00:00,"Jul 29, 2025 12:00 PM",3529.93,2174.07,3297.02,12937.51,31931.9,88.55,0,3792.25,884.75,1925.75,211.0,1571.0,2025-07-29 11:00:00,17.325,42.5,12.925,18.9,473.5,297.25,176.25,5.249999999999999
2025-07-29 12:00:00,"Jul 29, 2025 1:00 PM",3454.35,2268.38,3821.65,13306.98,34191.24,89.38,0,3719.0,698.5,1664.25,153.75,1560.75,2025-07-29 12:00:00,18.2,63.0,13.175,19.075,601.75,394.5,207.25,5.298611111111111
2025-07-29 13:00:00,"Jul 29, 2025 2:00 PM",3421.52,2160.64,3924.65,13701.57,34474.59,91.32,0,3680.75,606.5,1562.75,156.5,1533.0,2025-07-29 13:00:00,18.275,64.0,15.225000000000001,22.05,552.0,332.75,219.25,6.125
2025-07-29 14:00:00,"Jul 29, 2025 3:00 PM",3411.38,2059.16,3856.61,13532.62,34200.52,92.8,0,3562.75,560.25,1559.0,165.25,1528.0,2025-07-29 14:00:00,17.875,32.25,13.55,19.875,498.75,276.0,222.75,5.520833333333333
2025-07-29 15:00:00,"Jul 29, 2025 4:00 PM",3490.26,2141.01,4071.59,13766.57,31803.56,92.26,0,3571.5,586.5,1582.75,161.5,1511.75,2025-07-29 15:00:00,18.125,64.5,13.3,19.65,561.0,377.5,183.5,5.458333333333333
2025-07-29 16:00:00,"Jul 29, 2025 5:00 PM",3601.42,2227.77,4396.04,13358.37,26733.19,90.63,0,3996.0,789.75,1705.75,149.25,1508.25,2025-07-29 16:00:00,18.6,32.75,11.65,17.025,492.25,307.5,184.75,4.729166666666666
2025-07-29 17:00:00,"Jul 29, 2025 6:00 PM",3780.87,2118.94,5033.62,12543.28,19065.46,91.45,0,5919.0,780.0,2319.25,476.0,1543.75,2025-07-29 17:00:00,19.375,35.5,11.75,17.025,543.0,400.75,142.25,4.729166666666666
2025-07-29 18:00:00,"Jul 29, 2025 7:00 PM",4088.81,2195.4,5375.09,11450.41,11761.27,92.17,0,7222.0,1076.0,3456.25,1388.0,1530.5,2025-07-29 18:00:00,18.925,71.0,12.225,18.275,370.25,249.25,121.0,5.076388888888888
2025-07-29 19:00:00,"Jul 29, 2025 8:00 PM",4373.21,2320.09,5366.2,9378.85,4859.8,92.6,0,7822.0,1370.25,4405.25,3917.25,1535.0,2025-07-29 19:00:00,17.525,49.25,10.425,16.0,213.25,117.5,95.75,4.444444444444445
2025-07-29 20:00:00,"Jul 29, 2025 9:00 PM",4536.25,2647.94,5296.56,7099.99,1053.53,92.77,0,7884.25,1547.5,4642.5,5731.25,1540.5,2025-07-29 20:00:00,16.775,61.5,11.1,19.025,115.5,51.75,63.75,5.284722222222221
2025-07-29 21:00:00,"Jul 29, 2025 10:00 PM",4551.0,2553.83,5006.15,7085.68,79.34,94.24,0,7905.75,1577.25,4630.5,5581.5,1533.25,2025-07-29 21:00:00,15.65,44.5,8.6,17.05,26.25,9.0,17.25,4.736111111111112
2025-07-29 22:00:00,"Jul 29, 2025 11:00 PM",4404.33,2328.02,4987.56,7675.73,29.9,94.62,0,7945.75,1587.75,4571.25,4452.0,1537.5,2025-07-29 22:00:00,15.075,60.25,9.35,18.425,0.25,0.0,0.25,5.118055555555555
2025-07-29 23:00:00,"Jul 30, 2025 12:00 AM",4148.43,2115.03,5181.43,9038.55,6.58,95.86,0,7807.75,1539.5,4160.75,1193.5,1540.0,2025-07-29 23:00:00,14.725,66.25,9.875,19.9,0.0,0.0,0.0,5.527777777777778
2025-07-30 00:00:00,"Jul 30, 2025 1:00 AM",3928.44,2106.02,4909.18,9804.86,6.41,96.85,0,7330.0,1493.5,4001.0,594.75,1531.75,2025-07-30 00:00:00,14.425,73.0,10.075,20.725,0.0,0.0,0.0,5.756944444444445
2025-07-30 01:00:00,"Jul 30, 2025 2:00 AM",3804.21,2109.4,5060.12,9603.89,5.62,97.29,0,6863.0,1480.75,3635.75,389.0,1545.5,2025-07-30 01:00:00,14.2,68.5,9.8,20.05,0.0,0.0,0.0,5.569444444444445
2025-07-30 02:00:00,"Jul 30, 2025 3:00 AM",3739.83,2139.64,4813.67,10354.28,6.23,97.84,0,6643.0,1362.75,3637.75,383.25,1565.0,2025-07-30 02:00:00,13.95,81.0,8.85,18.5,0.0,0.0,0.0,5.138888888888888
2025-07-30 03:00:00,"Jul 30, 2025 4:00 AM",3719.59,2099.8,5060.44,10792.26,6.31,97.39,0,6582.0,1316.5,3542.25,177.75,1540.5,2025-07-30 03:00:00,13.625,52.75,8.575,18.15,0.0,0.0,0.0,5.041666666666666
2025-07-30 04:00:00,"Jul 30, 2025 5:00 AM",3762.04,2140.71,5345.02,10193.99,7.75,97.61,0,6790.25,1244.75,3691.75,277.75,1543.0,2025-07-30 04:00:00,13.425,58.5,9.024999999999999,18.775,0.0,0.0,0.0,5.215277777777778
2025-07-30 05:00:00,"Jul 30, 2025 6:00 AM",3955.82,2212.17,5145.7,10289.07,71.43,96.63,0,7369.0,1034.0,3959.75,613.75,1542.0,2025-07-30 05:00:00,13.25,56.0,9.45,19.05,0.0,0.0,0.0,5.291666666666667
2025-07-30 06:00:00,"Jul 30, 2025 7:00 AM",4189.61,2194.33,5502.49,10784.33,1431.57,96.79,0,7978.5,968.75,4417.0,2322.75,1538.75,2025-07-30 06:00:00,13.125,61.5,9.675,19.25,2.5,0.5,2.0,5.347222222222222
2025-07-30 07:00:00,"Jul 30, 2025 8:00 AM",4263.3,2294.5,5911.82,9583.19,5642.52,94.87,0,7695.25,936.75,4380.75,2986.0,1544.75,2025-07-30 07:00:00,13.725000000000001,76.0,10.2,19.775,47.75,18.0,29.75,5.493055555555555
2025-07-30 08:00:00,"Jul 30, 2025 9:00 AM",4151.99,2547.48,5985.47,8100.52,12076.49,94.47,0,6888.5,738.5,4164.25,2381.0,1536.5,2025-07-30 08:00:00,14.775,76.75,8.575,16.15,145.25,71.75,73.5,4.486111111111111
2025-07-30 09:00:00,"Jul 30, 2025 10:00 AM",3853.68,2364.02,6073.31,8607.73,18037.23,90.02,0,6166.25,548.0,3746.0,726.75,1540.25,2025-07-30 09:00:00,15.975,76.0,9.1,13.975,257.5,143.75,113.75,3.881944444444444
2025-07-30 10:00:00,"Jul 30, 2025 11:00 AM",3633.85,2215.44,6000.57,9715.41,22680.71,92.23,0,5328.75,467.0,3427.25,324.25,1478.0,2025-07-30 10:00:00,17.1,77.0,9.55,14.3,365.0,208.0,157.0,3.9722222222222223
2025-07-30 11:00:00,"Jul 30, 2025 12:00 PM",3555.71,2264.33,5754.19,11126.09,25558.48,92.97,0,4486.25,425.0,3056.0,108.75,1470.0,2025-07-30 11:00:00,18.075,76.75,10.975,16.15,479.25,266.0,213.25,4.486111111111111
2025-07-30 12:00:00,"Jul 30, 2025 1:00 PM",3484.61,2083.82,5943.9,12917.57,28008.79,92.68,0,3765.75,411.75,2438.75,14.5,1426.75,2025-07-30 12:00:00,18.975,77.5,11.5,17.0,571.25,359.75,211.5,4.722222222222222
2025-07-30 13:00:00,"Jul 30, 2025 2:00 PM",3457.54,2016.61,5467.94,13758.97,28066.57,92.83,0,3880.25,413.5,2636.0,21.25,1404.25,2025-07-30 13:00:00,19.225,79.25,13.1,19.099999999999998,526.5,273.5,253.0,5.3055555555555545
2025-07-30 14:00:00,"Jul 30, 2025 3:00 PM",3453.59,2057.46,5485.19,14852.02,27098.29,92.5,0,4100.0,391.25,2630.75,16.75,1405.5,2025-07-30 14:00:00,18.95,74.5,12.575,18.7,478.5,229.75,248.75,5.194444444444444
2025-07-30 15:00:00,"Jul 30, 2025 4:00 PM",3493.55,2060.5,5031.75,16009.1,25474.15,93.41,0,4146.0,428.75,2894.0,8.25,1416.25,2025-07-30 15:00:00,19.525,68.75,12.65,18.575,572.75,326.0,246.75,5.159722222222222
2025-07-30 16:00:00,"Jul 30, 2025 5:00 PM",3588.03,2166.38,4935.95,16059.59,21982.04,92.64,0,4460.5,390.0,3038.75,154.0,1406.5,2025-07-30 16:00:00,19.375,51.25,13.125,19.6,515.0,334.5,180.5,5.444444444444445
2025-07-30 17:00:00,"Jul 30, 2025 6:00 PM",3715.42,2212.26,5290.13,16824.7,16726.09,92.27,0,5217.5,446.5,3646.5,307.0,1439.75,2025-07-30 17:00:00,19.125,67.75,14.25,21.549999999999997,391.75,242.25,149.5,5.98611111111111
2025-07-30 18:00:00,"Jul 30, 2025 7:00 PM",4080.14,2354.51,5749.07,15431.89,10518.44,93.39,0,6001.5,499.0,4269.0,962.25,1444.75,2025-07-30 18:00:00,18.575,61.75,12.975,20.225,263.75,143.75,120.0,5.618055555555556
2025-07-30 19:00:00,"Jul 30, 2025 8:00 PM",4418.35,2431.17,5734.28,13606.05,4640.8,92.14,0,7433.25,491.75,4409.25,3547.5,1439.75,2025-07-30 19:00:00,18.075,66.75,11.325,19.225,175.5,93.5,82.0,5.340277777777778
2025-07-30 20:00:00,"Jul 30, 2025 9:00 PM",4566.92,2674.09,6219.92,12415.0,994.15,92.64,0,7794.75,497.0,4033.25,5140.5,1443.0,2025-07-30 20:00:00,17.4,73.25,10.4,19.4,89.75,41.5,48.25,5.388888888888888
2025-07-30 21:00:00,"Jul 30, 2025 10:00 PM",4542.09,2629.56,6260.91,11941.61,60.23,93.63,0,7833.75,495.5,3947.25,5209.25,1439.75,2025-07-30 21:00:00,16.475,67.0,10.15,20.5,23.5,6.5,17.0,5.694444444444445
2025-07-30 22:00:00,"Jul 30, 2025 11:00 PM",4410.26,2684.21,6359.17,11806.62,34.18,93.85,0,7852.5,466.25,3693.75,4562.0,1454.5,2025-07-30 22:00:00,15.675,65.75,10.7,21.8,0.0,0.0,0.0,6.055555555555555
2025-07-30 23:00:00,"Jul 31, 2025 12:00 AM",4138.75,2285.06,6388.46,12921.32,6.31,94.02,0,7113.5,424.75,3530.25,1177.25,1440.5,2025-07-30 23:00:00,15.0,59.0,11.725,22.799999999999997,0.0,0.0,0.0,6.333333333333332
2025-07-31 00:00:00,"Jul 31, 2025 1:00 AM",3891.51,2249.48,6334.75,13790.19,5.64,94.4,0,6304.25,371.5,3338.0,373.75,1529.75,2025-07-31 00:00:00,14.55,69.75,12.35,24.299999999999997,0.0,0.0,0.0,6.749999999999999
2025-07-31 01:00:00,"Jul 31, 2025 2:00 AM",3808.0,2220.81,5976.27,14182.88,6.38,94.76,0,6076.5,360.25,2558.25,160.75,1548.5,2025-07-31 01:00:00,14.325,66.75,13.125,25.35,0.0,0.0,0.0,7.041666666666667
2025-07-31 02:00:00,"Jul 31, 2025 3:00 AM",3753.57,2226.58,5771.63,14554.88,5.53,94.89,0,6075.75,346.0,2091.25,63.5,1553.0,2025-07-31 02:00:00,13.975,61.25,13.25,25.4,0.0,0.0,0.0,7.055555555555555
2025-07-31 03:00:00,"Jul 31, 2025 4:00 AM",3730.53,2229.74,5524.08,14931.71,5.23,94.76,0,5945.75,341.75,2076.75,24.75,1547.5,2025-07-31 03:00:00,13.925,76.25,12.175,23.875,0.0,0.0,0.0,6.631944444444445
2025-07-31 04:00:00,"Jul 31, 2025 5:00 AM",3774.82,2215.34,5370.06,15159.65,5.39,94.01,0,5895.75,358.5,2207.25,47.25,1537.0,2025-07-31 04:00:00,13.575,55.25,12.6,23.2,0.0,0.0,0.0,6.444444444444444
2025-07-31 05:00:00,"Jul 31, 2025 6:00 AM",3920.53,2315.67,5156.11,14855.02,36.86,93.15,0,6322.0,373.0,2376.5,284.25,1527.25,2025-07-31 05:00:00,13.325,52.25,13.4,25.3,0.0,0.0,0.0,7.027777777777778
2025-07-31 06:00:00,"Jul 31, 2025 7:00 AM",4204.19,2443.44,4985.02,15053.61,1259.16,92.17,0,6741.25,421.5,2723.5,1282.25,1509.25,2025-07-31 06:00:00,13.15,43.0,12.375,24.349999999999998,1.25,0.0,1.25,6.763888888888888
2025-07-31 07:00:00,"Jul 31, 2025 8:00 AM",4306.86,2355.17,5075.47,14414.51,5017.32,86.16,0,6674.0,442.5,2786.5,2728.25,1512.25,2025-07-31 07:00:00,13.775,54.5,13.125,24.175,48.0,18.0,30.0,6.715277777777778
2025-07-31 08:00:00,"Jul 31, 2025 9:00 AM",4175.64,2552.54,4671.31,13238.72,11155.52,77.12,0,6619.5,440.0,2742.75,2278.0,1521.0,2025-07-31 08:00:00,14.9,71.0,11.825,23.225,133.5,59.0,74.5,6.451388888888889
2025-07-31 09:00:00,"Jul 31, 2025 10:00 AM",3858.67,2288.15,4338.22,13378.47,17608.35,76.95,0,6133.5,405.5,2414.0,526.0,1565.25,2025-07-31 09:00:00,16.075,73.5,13.15,20.275,243.5,130.25,113.25,5.631944444444444
2025-07-31 10:00:00,"Jul 31, 2025 11:00 AM",3642.65,2379.4,4000.89,14575.89,22258.7,77.12,0,5873.75,415.5,2009.75,42.25,1570.0,2025-07-31 10:00:00,17.175,81.0,14.0,21.15,350.5,190.25,160.25,5.874999999999999
2025-07-31 11:00:00,"Jul 31, 2025 12:00 PM",3563.61,2232.88,3782.27,16283.26,24135.31,78.91,0,5684.25,454.25,1885.25,9.5,1568.25,2025-07-31 11:00:00,17.725,83.0,14.15,21.45,349.0,168.0,181.0,5.958333333333333
2025-07-31 12:00:00,"Jul 31, 2025 1:00 PM",3486.51,2205.85,3991.5,17399.9,24490.94,81.06,0,4824.25,528.0,1673.75,1.0,1472.75,2025-07-31 12:00:00,18.675,96.25,13.95,21.125,376.75,159.5,217.25,5.868055555555555
2025-07-31 13:00:00,"Jul 31, 2025 2:00 PM",3475.48,2073.91,3754.71,18067.35,24793.32,89.35,0,5103.25,509.75,1670.75,21.5,1483.5,2025-07-31 13:00:00,19.25,87.75,14.975,22.35,392.0,131.0,261.0,6.208333333333334
2025-07-31 14:00:00,"Jul 31, 2025 3:00 PM",3473.23,2109.78,3525.01,17980.34,24698.34,90.5,0,5799.5,565.5,1609.75,43.25,1479.0,2025-07-31 14:00:00,19.7,84.75,15.175,22.875,505.25,276.0,229.25,6.354166666666666
2025-07-31 15:00:00,"Jul 31, 2025 4:00 PM",3577.57,2238.91,3133.49,17672.79,22839.75,92.14,0,5509.75,890.5,1722.25,126.25,1485.5,2025-07-31 15:00:00,19.35,86.75,16.225,24.05,553.75,339.75,214.0,6.680555555555555
2025-07-31 16:00:00,"Jul 31, 2025 5:00 PM",3727.16,2299.05,2727.25,17171.33,19632.9,91.46,0,5984.0,1201.5,2019.0,471.5,1485.0,2025-07-31 16:00:00,18.8,73.5,14.55,21.975,456.25,248.75,207.5,6.104166666666667
2025-07-31 17:00:00,"Jul 31, 2025 6:00 PM",3857.18,2292.4,2106.43,15650.02,15155.37,91.25,0,6680.0,1365.0,2602.5,586.5,1515.25,2025-07-31 17:00:00,19.3,86.25,14.35,21.6,410.75,215.25,195.5,6.0
2025-07-31 18:00:00,"Jul 31, 2025 7:00 PM",4243.18,2365.18,1958.28,13145.43,9153.04,90.76,0,7254.0,1774.75,4620.75,1277.0,1510.75,2025-07-31 18:00:00,18.8,79.25,11.725,18.6,295.75,142.75,153.0,5.166666666666667
2025-07-31 19:00:00,"Jul 31, 2025 8:00 PM",4525.61,2710.02,1726.86,10487.61,4086.79,91.91,0,7506.0,2291.5,5823.75,3287.75,1525.25,2025-07-31 19:00:00,18.6,76.75,12.075000000000001,19.075,211.5,96.25,115.25,5.298611111111111
2025-07-31 20:00:00,"Jul 31, 2025 9:00 PM",4685.8,3066.43,1406.76,9156.13,835.64,93.99,0,7657.25,2344.75,6512.75,4908.25,1533.0,2025-07-31 20:00:00,17.674999999999997,75.25,10.75,19.375,109.25,43.25,66.0,5.381944444444445
2025-07-31 21:00:00,"Jul 31, 2025 10:00 PM",4663.31,2941.55,1237.89,8466.44,71.42,93.13,0,7822.5,2327.5,6668.75,4819.5,1518.0,2025-07-31 21:00:00,16.975,78.5,8.725,18.225,23.25,5.0,18.25,5.0625
2025-07-31 22:00:00,"Jul 31, 2025 11:00 PM",4490.08,2491.59,1247.48,8682.8,18.94,93.59,0,7678.25,2282.0,6553.25,3609.75,1522.75,2025-07-31 22:00:00,16.6,77.0,10.05,20.1,0.25,0.0,0.25,5.583333333333334
2025-07-31 23:00:00,"Aug 1, 2025 12:00 AM",4255.07,2327.26,1274.24,8975.72,5.62,93.96,0,7704.25,2066.75,5974.75,1321.5,1533.0,2025-07-31 23:00:00,16.15,81.75,10.475,20.9,0.0,0.0,0.0,5.805555555555555
2025-08-01 00:00:00,"Aug 1, 2025 1:00 AM",4035.37,2293.75,1256.99,9049.83,10.61,97.08,0,7475.0,1906.5,4011.75,677.5,1553.0,2025-08-01 00:00:00,15.875,85.75,10.275,20.55,0.0,0.0,0.0,5.708333333333333
2025-08-01 01:00:00,"Aug 1, 2025 2:00 AM",3927.21,2282.02,1150.0,8341.68,12.43,102.32,0,7380.75,1897.75,3497.75,649.75,1570.75,2025-08-01 01:00:00,15.575,82.25,11.05,21.85,0.0,0.0,0.0,6.069444444444445
2025-08-01 02:00:00,"Aug 1, 2025 3:00 AM",3872.69,2242.86,989.97,7855.11,6.36,102.58,0,7011.0,2014.25,3424.75,693.5,1555.75,2025-08-01 02:00:00,15.4,89.5,10.475,20.975,0.0,0.0,0.0,5.826388888888889
2025-08-01 03:00:00,"Aug 1, 2025 4:00 AM",3863.65,2257.79,1000.54,7331.57,6.5,102.52,0,6943.25,2120.25,3430.0,447.0,1589.0,2025-08-01 03:00:00,15.350000000000001,96.0,10.399999999999999,21.075,0.0,0.0,0.0,5.854166666666666
2025-08-01 04:00:00,"Aug 1, 2025 5:00 AM",3927.88,2410.26,1057.94,7275.78,5.82,102.24,0,7134.75,2127.25,3594.25,635.0,1564.5,2025-08-01 04:00:00,15.100000000000001,96.25,9.825,20.575,0.0,0.0,0.0,5.715277777777778
2025-08-01 05:00:00,"Aug 1, 2025 6:00 AM",4059.08,2195.9,1286.8,7563.06,36.04,101.24,0,7455.5,2156.75,4314.0,402.0,1532.25,2025-08-01 05:00:00,14.875,86.75,9.75,20.1,0.0,0.0,0.0,5.583333333333334
2025-08-01 06:00:00,"Aug 1, 2025 7:00 AM",4305.98,2285.75,1227.1,7920.21,1100.28,101.75,0,7637.5,1804.25,4918.0,2102.0,1539.0,2025-08-01 06:00:00,14.75,82.5,9.55,19.975,1.75,0.0,1.75,5.548611111111112
2025-08-01 07:00:00,"Aug 1, 2025 8:00 AM",4396.88,2370.46,1067.51,6915.12,4384.88,101.26,0,7609.5,1499.5,4979.5,2546.5,1508.0,2025-08-01 07:00:00,15.125,56.0,8.4,18.575,46.25,13.75,32.5,5.159722222222222
2025-08-01 08:00:00,"Aug 1, 2025 9:00 AM",4216.82,2313.83,920.07,6011.06,9171.17,101.01,0,7593.5,1114.25,4493.0,1818.5,1640.25,2025-08-01 08:00:00,15.975,64.5,10.9,16.425,139.5,61.25,78.25,4.5625
2025-08-01 09:00:00,"Aug 1, 2025 10:00 AM",3986.28,2249.47,1038.41,5988.99,15157.9,100.84,0,7100.5,743.5,4048.25,627.5,1713.25,2025-08-01 09:00:00,16.875,65.5,10.3,15.5,252.0,127.25,124.75,4.305555555555555
2025-08-01 10:00:00,"Aug 1, 2025 11:00 AM",3778.2,2183.56,974.38,6577.58,21585.43,100.34,0,6013.5,460.75,2663.0,68.75,1648.5,2025-08-01 10:00:00,17.775,67.0,10.625,15.675,360.25,204.0,156.25,4.354166666666667
2025-08-01 11:00:00,"Aug 1, 2025 12:00 PM",3593.02,2106.76,978.96,7358.38,26775.86,100.17,0,5611.5,417.5,2413.25,37.0,1573.0,2025-08-01 11:00:00,18.375,94.75,11.3,17.0,407.0,233.0,174.0,4.722222222222222
2025-08-01 12:00:00,"Aug 1, 2025 1:00 PM",3520.11,2140.08,1294.96,8081.39,29700.98,100.13,0,4249.25,365.5,2147.75,0.75,1485.25,2025-08-01 12:00:00,19.525,87.0,11.875,17.25,539.25,271.0,268.25,4.791666666666667
2025-08-01 13:00:00,"Aug 1, 2025 2:00 PM",3462.12,2133.54,1379.14,8671.49,30195.53,100.63,0,3655.25,391.25,1860.75,0.25,1395.0,2025-08-01 13:00:00,20.125,82.75,11.399999999999999,16.6,534.0,249.5,284.5,4.611111111111112
2025-08-01 14:00:00,"Aug 1, 2025 3:00 PM",3443.97,2180.89,1577.6,9258.35,30614.91,103.31,0,3630.5,338.25,1873.5,50.25,1400.0,2025-08-01 14:00:00,20.2,81.25,12.85,18.8,507.75,277.25,230.5,5.222222222222222
2025-08-01 15:00:00,"Aug 1, 2025 4:00 PM",3485.44,2264.89,2200.9,9183.07,29527.52,103.77,0,3641.25,347.25,1907.75,127.0,1402.75,2025-08-01 15:00:00,19.625,90.0,12.75,18.25,586.25,382.0,204.25,5.069444444444445
2025-08-01 16:00:00,"Aug 1, 2025 5:00 PM",3615.84,2270.58,2366.87,9940.34,26073.84,102.69,0,3854.75,372.5,2125.25,54.0,1398.0,2025-08-01 16:00:00,18.85,83.5,10.4,15.425,468.75,232.75,236.0,4.284722222222222
2025-08-01 17:00:00,"Aug 1, 2025 6:00 PM",3777.34,2514.96,2224.43,9299.63,19806.15,102.23,0,4767.5,418.5,2430.5,188.75,1430.0,2025-08-01 17:00:00,19.7,69.5,10.425,15.225,430.0,244.5,185.5,4.229166666666666
2025-08-01 18:00:00,"Aug 1, 2025 7:00 PM",4114.84,2608.65,2006.63,8209.46,12027.01,102.12,0,6969.75,383.75,3874.0,1248.25,1439.0,2025-08-01 18:00:00,19.175,68.5,9.8,14.55,341.5,196.25,145.25,4.041666666666667
2025-08-01 19:00:00,"Aug 1, 2025 8:00 PM",4412.18,2544.58,1665.13,7094.2,5108.36,102.7,0,7403.75,436.0,4329.75,2835.0,1440.75,2025-08-01 19:00:00,18.325,72.25,8.95,14.175,218.25,119.0,99.25,3.9375
2025-08-01 20:00:00,"Aug 1, 2025 9:00 PM",4586.86,2762.29,1353.33,5476.67,1109.37,103.33,0,7384.25,718.75,4475.25,4534.5,1612.0,2025-08-01 20:00:00,17.8,52.75,7.7,13.85,118.25,57.5,60.75,3.847222222222222
2025-08-01 21:00:00,"Aug 1, 2025 10:00 PM",4562.28,2674.88,1173.29,5084.5,84.71,104.74,0,7386.0,782.5,4507.5,5247.75,1489.25,2025-08-01 21:00:00,16.675,42.0,7.75,15.95,30.0,11.0,19.0,4.430555555555555
2025-08-01 22:00:00,"Aug 1, 2025 11:00 PM",4405.74,2383.37,1128.95,5838.09,28.2,105.26,0,7199.5,945.25,4465.5,4878.0,1434.5,2025-08-01 22:00:00,15.9,33.0,8.075,16.8,0.25,0.0,0.25,4.666666666666667
2025-08-01 23:00:00,"Aug 2, 2025 12:00 AM",4195.06,2319.84,1096.37,6914.76,15.51,105.66,0,7271.75,910.75,4304.0,3096.25,1429.0,2025-08-01 23:00:00,15.4,37.75,8.375,18.1,0.0,0.0,0.0,5.027777777777778
2025-08-02 00:00:00,"Aug 2, 2025 1:00 AM",4029.53,2268.11,1048.11,7501.03,13.55,104.8,0,7138.0,872.25,3900.5,1742.75,1525.75,2025-08-02 00:00:00,14.825,42.5,8.375,18.425,0.0,0.0,0.0,5.118055555555555
2025-08-02 01:00:00,"Aug 2, 2025 2:00 AM",3937.63,2263.08,2197.79,7222.48,16.41,104.77,0,7064.25,847.75,3516.0,929.25,1533.0,2025-08-02 01:00:00,14.375,74.75,7.75,17.45,0.0,0.0,0.0,4.847222222222222
2025-08-02 02:00:00,"Aug 2, 2025 3:00 AM",3883.65,2297.25,2246.05,6814.29,8.23,109.78,0,6682.5,831.0,3315.5,670.5,1541.25,2025-08-02 02:00:00,14.175,96.25,7.45,16.475,0.0,0.0,0.0,4.576388888888889
2025-08-02 03:00:00,"Aug 2, 2025 4:00 AM",3837.75,2285.06,2677.46,6367.44,8.22,109.85,0,6571.0,826.5,3077.75,542.5,1598.75,2025-08-02 03:00:00,14.25,79.0,7.525,16.025,0.0,0.0,0.0,4.451388888888888
2025-08-02 04:00:00,"Aug 2, 2025 5:00 AM",3838.32,2276.76,3455.41,6195.25,14.17,110.0,0,6345.5,608.75,2894.25,281.0,1566.0,2025-08-02 04:00:00,13.925,89.25,7.425,16.275,0.0,0.0,0.0,4.520833333333333
2025-08-02 05:00:00,"Aug 2, 2025 6:00 AM",3922.16,2326.59,3824.58,6082.98,53.06,109.16,0,6045.5,277.5,2869.75,402.0,1541.75,2025-08-02 05:00:00,13.8,76.5,6.2250000000000005,14.15,0.0,0.0,0.0,3.9305555555555554
2025-08-02 06:00:00,"Aug 2, 2025 7:00 AM",4086.29,2288.31,4056.55,6143.39,1208.2,109.71,0,6112.25,283.75,2896.5,408.0,1531.75,2025-08-02 06:00:00,13.4,95.0,5.2250000000000005,11.375000000000002,1.5,0.0,1.5,3.1597222222222228
2025-08-02 07:00:00,"Aug 2, 2025 8:00 AM",4146.35,2307.09,4333.11,5261.28,4740.01,109.59,0,5931.0,276.0,2580.0,355.5,1556.75,2025-08-02 07:00:00,13.95,99.5,6.4,10.425,38.5,7.25,31.25,2.8958333333333335
2025-08-02 08:00:00,"Aug 2, 2025 9:00 AM",4023.56,2244.34,5186.73,4415.14,9950.83,109.19,0,4572.25,271.25,2330.5,196.5,1532.25,2025-08-02 08:00:00,14.5,100.0,7.85,10.9,100.5,12.75,87.75,3.0277777777777777
2025-08-02 09:00:00,"Aug 2, 2025 10:00 AM",3860.62,2250.08,5391.35,4608.11,16017.92,108.79,0,3278.5,266.25,2105.25,190.25,1549.0,2025-08-02 09:00:00,15.275,99.75,8.925,12.4,177.25,47.75,129.5,3.4444444444444446
2025-08-02 10:00:00,"Aug 2, 2025 11:00 AM",3740.77,2232.75,5024.78,4873.58,21542.51,105.9,0,3081.0,269.0,1710.25,127.0,1499.25,2025-08-02 10:00:00,16.25,87.0,9.625,13.7,242.0,46.75,195.25,3.8055555555555554
2025-08-02 11:00:00,"Aug 2, 2025 12:00 PM",3664.77,2209.04,4380.69,5481.32,25733.9,103.26,0,3103.25,253.5,1671.25,129.0,1471.5,2025-08-02 11:00:00,17.175,82.5,10.025,14.4,316.25,104.25,212.0,4.0
2025-08-02 12:00:00,"Aug 2, 2025 1:00 PM",3557.81,2304.15,4337.02,6383.66,28189.06,103.38,0,3083.0,251.25,1650.25,87.0,1512.0,2025-08-02 12:00:00,18.125,47.0,10.2,14.5,470.0,265.5,204.5,4.027777777777778
2025-08-02 13:00:00,"Aug 2, 2025 2:00 PM",3546.44,2329.08,4292.39,7191.08,29495.5,102.85,0,3105.75,244.5,1649.75,120.0,1474.5,2025-08-02 13:00:00,18.975,56.25,11.025,15.850000000000001,586.75,409.25,177.5,4.402777777777778
2025-08-02 14:00:00,"Aug 2, 2025 3:00 PM",3544.54,2233.39,4363.34,7481.83,29456.12,102.82,0,3062.0,220.25,1623.75,49.25,1489.5,2025-08-02 14:00:00,19.525,60.75,10.925,15.65,553.0,370.5,182.5,4.347222222222222
2025-08-02 15:00:00,"Aug 2, 2025 4:00 PM",3567.08,2286.48,4317.3,8773.15,27610.92,103.07,0,3043.5,224.25,1601.0,70.0,1522.0,2025-08-02 15:00:00,18.95,72.75,10.3,14.9,408.5,192.0,216.5,4.138888888888889
2025-08-02 16:00:00,"Aug 2, 2025 5:00 PM",3646.84,2229.8,4269.12,9961.81,23745.66,102.72,0,3091.25,246.25,1616.0,26.75,1512.5,2025-08-02 16:00:00,19.675,71.0,10.85,15.7,506.25,331.5,174.75,4.361111111111111
2025-08-02 17:00:00,"Aug 2, 2025 6:00 PM",3829.36,2321.87,5489.3,11038.44,17573.45,105.8,0,3466.25,246.25,1796.0,308.75,1517.5,2025-08-02 17:00:00,19.25,69.5,12.475,18.175,394.5,238.75,155.75,5.048611111111112
2025-08-02 18:00:00,"Aug 2, 2025 7:00 PM",4149.12,2503.42,5626.67,11156.4,10772.63,109.24,0,5086.0,264.75,2253.0,1654.25,1504.5,2025-08-02 18:00:00,18.575000000000003,89.5,11.600000000000001,17.8,288.0,170.0,118.0,4.944444444444445
2025-08-02 19:00:00,"Aug 2, 2025 8:00 PM",4455.73,2731.41,5593.25,10815.43,4446.3,109.59,0,5809.5,290.5,2592.0,3729.5,1515.75,2025-08-02 19:00:00,17.575,85.0,10.375,16.25,202.25,109.25,93.0,4.513888888888888
2025-08-02 20:00:00,"Aug 2, 2025 9:00 PM",4624.79,2677.52,5419.94,9736.08,850.57,109.6,0,6294.5,283.25,2786.75,5531.5,1493.25,2025-08-02 20:00:00,16.975,88.0,9.225,16.65,95.75,31.5,64.25,4.624999999999999
2025-08-02 21:00:00,"Aug 2, 2025 10:00 PM",4637.69,2894.07,5210.23,9106.9,84.74,107.4,0,6413.0,272.0,3038.25,6099.25,1498.0,2025-08-02 21:00:00,16.05,68.25,8.925,17.65,24.75,6.75,18.0,4.902777777777778
2025-08-02 22:00:00,"Aug 2, 2025 11:00 PM",4523.29,2749.33,5004.72,9574.95,29.39,107.53,0,6446.75,254.75,3262.5,5773.25,1509.25,2025-08-02 22:00:00,15.575,76.25,9.925,20.1,0.0,0.0,0.0,5.583333333333334
2025-08-02 23:00:00,"Aug 3, 2025 12:00 AM",4294.72,2480.71,5131.4,10578.78,7.53,107.72,0,6084.25,240.0,3058.5,3686.25,1477.75,2025-08-02 23:00:00,15.100000000000001,65.75,10.35,20.95,0.0,0.0,0.0,5.819444444444444
2025-08-03 00:00:00,"Aug 3, 2025 1:00 AM",4094.33,2385.23,5098.89,11155.92,13.48,104.77,0,5482.5,233.5,2913.0,2008.0,1494.5,2025-08-03 00:00:00,14.825,74.25,9.6,19.95,0.0,0.0,0.0,5.541666666666666
2025-08-03 01:00:00,"Aug 3, 2025 2:00 AM",4007.07,2429.22,5132.74,11331.02,11.23,104.74,0,4768.0,226.75,2912.75,1027.5,1494.0,2025-08-03 01:00:00,14.5,90.5,9.7,19.75,0.0,0.0,0.0,5.486111111111111
2025-08-03 02:00:00,"Aug 3, 2025 3:00 AM",3926.03,2401.34,5347.04,11872.17,6.45,104.78,0,3329.25,216.25,2773.75,436.5,1515.0,2025-08-03 02:00:00,14.375,82.75,10.125,19.1,0.0,0.0,0.0,5.305555555555556
2025-08-03 03:00:00,"Aug 3, 2025 4:00 AM",3885.95,2376.98,5388.94,12105.79,6.44,104.85,0,2851.5,210.75,2543.75,178.5,1516.0,2025-08-03 03:00:00,14.275,52.25,11.95,22.025,0.0,0.0,0.0,6.118055555555555
2025-08-03 04:00:00,"Aug 3, 2025 5:00 AM",3890.28,2359.46,5212.25,12577.72,13.02,104.92,0,2872.0,212.0,2422.25,117.75,1537.25,2025-08-03 04:00:00,13.8,69.75,10.799999999999999,21.125,0.0,0.0,0.0,5.868055555555555
2025-08-03 05:00:00,"Aug 3, 2025 6:00 AM",3949.28,2338.51,5324.06,12557.56,32.16,104.06,0,2871.75,214.0,2334.0,204.5,1541.5,2025-08-03 05:00:00,13.475,94.75,11.125,21.5,0.0,0.0,0.0,5.972222222222222
2025-08-03 06:00:00,"Aug 3, 2025 7:00 AM",4027.83,2207.65,5223.79,12834.7,923.73,104.68,0,2871.0,201.0,2197.75,247.0,1527.75,2025-08-03 06:00:00,13.35,97.0,10.975000000000001,20.975,1.0,0.0,1.0,5.826388888888889
2025-08-03 07:00:00,"Aug 3, 2025 8:00 AM",4028.67,2185.65,5008.9,12361.05,4048.57,104.47,0,2871.25,196.5,2005.5,128.0,1560.25,2025-08-03 07:00:00,13.625,82.0,11.95,20.95,34.25,7.25,27.0,5.819444444444444
2025-08-03 08:00:00,"Aug 3, 2025 9:00 AM",3928.12,2232.06,4747.91,11895.34,8574.93,103.97,0,2854.0,206.5,1620.5,166.0,1559.75,2025-08-03 08:00:00,14.275,92.75,12.125,19.475,86.25,20.25,66.0,5.409722222222222
2025-08-03 09:00:00,"Aug 3, 2025 10:00 AM",3787.85,2267.78,3900.41,11005.39,13824.1,103.65,0,2664.0,215.75,1603.0,79.0,1592.25,2025-08-03 09:00:00,14.525,97.0,13.225,20.825,123.0,36.25,86.75,5.784722222222222
2025-08-03 10:00:00,"Aug 3, 2025 11:00 AM",3638.08,2314.19,3763.05,10314.93,19256.58,103.18,0,2654.5,224.25,1589.25,95.0,1516.0,2025-08-03 10:00:00,14.775,100.0,13.85,21.85,136.0,11.5,124.5,6.069444444444445
2025-08-03 11:00:00,"Aug 3, 2025 12:00 PM",3593.32,2284.5,2897.16,9898.26,23309.36,102.94,0,2648.0,213.75,1590.5,96.5,1464.25,2025-08-03 11:00:00,15.325,100.0,13.225,20.375,202.0,48.25,153.75,5.659722222222222
2025-08-03 12:00:00,"Aug 3, 2025 1:00 PM",3528.55,2286.34,2793.71,10626.96,25003.77,102.47,0,2659.75,221.0,1568.25,65.25,1493.5,2025-08-03 12:00:00,15.975,90.25,11.7,17.725,247.0,46.75,200.25,4.923611111111112
2025-08-03 13:00:00,"Aug 3, 2025 2:00 PM",3514.29,2150.27,2531.1,10922.95,25007.29,100.55,0,2646.75,207.0,1568.75,60.0,1479.0,2025-08-03 13:00:00,17.0,88.25,12.325,18.275,362.25,107.0,255.25,5.076388888888888
2025-08-03 14:00:00,"Aug 3, 2025 3:00 PM",3509.5,2104.86,2005.37,10592.84,23627.26,100.31,0,2655.0,184.25,1555.75,144.5,1476.5,2025-08-03 14:00:00,16.8,97.25,12.65,19.175,321.25,78.5,242.75,5.326388888888889
2025-08-03 15:00:00,"Aug 3, 2025 4:00 PM",3533.39,2103.45,2962.36,11439.33,22156.65,99.84,0,2664.5,148.5,1556.25,45.75,1501.5,2025-08-03 15:00:00,17.625,93.25,12.2,17.875,325.5,75.75,249.75,4.965277777777778
2025-08-03 16:00:00,"Aug 3, 2025 5:00 PM",3598.21,2164.6,3569.85,12944.16,18690.6,100.65,0,2658.0,181.0,1558.5,81.25,1502.25,2025-08-03 16:00:00,17.925,94.5,12.85,19.4,317.0,91.5,225.5,5.388888888888888
2025-08-03 17:00:00,"Aug 3, 2025 6:00 PM",3765.24,2241.38,4628.22,14391.57,14354.88,101.87,0,2726.5,207.5,1650.0,82.5,1498.5,2025-08-03 17:00:00,17.875,98.25,12.575,19.025,328.0,125.5,202.5,5.284722222222221
2025-08-03 18:00:00,"Aug 3, 2025 7:00 PM",4022.84,2278.49,4836.91,14227.38,9232.13,101.88,0,3345.25,227.75,2163.0,109.0,1506.0,2025-08-03 18:00:00,17.9,97.5,10.6,16.975,201.75,64.5,137.25,4.715277777777778
2025-08-03 19:00:00,"Aug 3, 2025 8:00 PM",4313.59,2451.99,5403.31,13034.61,4013.45,101.99,0,4272.0,239.0,2656.0,1093.5,1486.0,2025-08-03 19:00:00,17.55,98.5,9.775,16.5,152.25,45.0,107.25,4.583333333333333
2025-08-03 20:00:00,"Aug 3, 2025 9:00 PM",4543.86,2652.42,5263.45,11806.49,717.61,101.52,0,4839.5,240.25,3167.0,3435.75,1485.5,2025-08-03 20:00:00,16.9,100.0,10.0,18.5,90.75,19.0,71.75,5.138888888888888
2025-08-03 21:00:00,"Aug 3, 2025 10:00 PM",4572.82,2630.82,4639.97,13444.95,30.67,102.58,0,5228.25,243.25,3620.75,3477.0,1495.25,2025-08-03 21:00:00,16.075000000000003,99.75,9.025,17.975,17.25,1.0,16.25,4.993055555555556
2025-08-03 22:00:00,"Aug 3, 2025 11:00 PM",4452.87,2565.05,4361.56,14868.61,7.42,103.01,0,5072.25,236.0,3831.0,2730.75,1470.5,2025-08-03 22:00:00,15.600000000000001,98.75,8.425,17.05,0.0,0.0,0.0,4.736111111111112
2025-08-03 23:00:00,"Aug 4, 2025 12:00 AM",4250.98,2426.72,4314.79,16242.79,6.49,103.17,0,5056.0,220.5,3663.5,1576.5,1485.75,2025-08-03 23:00:00,15.15,95.75,8.95,18.425,0.0,0.0,0.0,5.118055555555555
2025-08-04 00:00:00,"Aug 4, 2025 1:00 AM",4010.06,2325.6,5215.63,17332.82,6.8,104.26,0,4847.5,209.5,3582.0,368.25,1484.5,2025-08-04 00:00:00,14.875,99.75,10.825,21.6,0.0,0.0,0.0,6.0
2025-08-04 01:00:00,"Aug 4, 2025 2:00 AM",3887.74,2292.17,5246.56,17709.97,5.43,104.42,0,3593.0,198.5,3216.25,185.75,1487.0,2025-08-04 01:00:00,14.7,100.0,10.125,20.175,0.0,0.0,0.0,5.604166666666667
2025-08-04 02:00:00,"Aug 4, 2025 3:00 AM",3836.61,2319.48,5404.5,17383.03,5.74,104.49,0,3425.75,181.25,3232.0,206.0,1501.75,2025-08-04 02:00:00,14.35,80.0,11.0,21.625,0.0,0.0,0.0,6.006944444444445
2025-08-04 03:00:00,"Aug 4, 2025 4:00 AM",3821.53,2372.36,4974.82,16831.83,6.03,104.52,0,3563.25,184.0,3160.0,170.5,1509.0,2025-08-04 03:00:00,14.5,81.0,11.424999999999999,22.325,0.0,0.0,0.0,6.201388888888888
2025-08-04 04:00:00,"Aug 4, 2025 5:00 AM",3893.46,2373.24,4168.27,16616.43,12.77,104.54,0,4048.25,208.25,3397.5,224.25,1497.0,2025-08-04 04:00:00,14.4,77.75,12.775,24.025,0.0,0.0,0.0,6.673611111111111
2025-08-04 05:00:00,"Aug 4, 2025 6:00 AM",4044.99,2414.15,3144.88,15954.57,17.76,103.47,0,5025.75,219.5,3911.25,857.25,1509.0,2025-08-04 05:00:00,14.325,93.0,12.925,24.35,0.0,0.0,0.0,6.763888888888889
2025-08-04 06:00:00,"Aug 4, 2025 7:00 AM",4379.68,2624.51,1870.93,15215.9,754.25,103.93,0,5225.25,276.0,4463.25,3680.75,1527.0,2025-08-04 06:00:00,14.3,100.0,13.125,24.475,0.75,0.0,0.75,6.798611111111112
2025-08-04 07:00:00,"Aug 4, 2025 8:00 AM",4533.75,3042.1,1158.51,13429.92,3230.36,103.38,0,5247.75,321.0,4505.25,5724.75,1600.75,2025-08-04 07:00:00,14.5,98.75,13.675,24.575,20.0,1.75,18.25,6.826388888888888
2025-08-04 08:00:00,"Aug 4, 2025 9:00 AM",4444.51,2833.25,1150.41,11486.88,7142.79,102.27,0,4990.5,343.5,4416.75,4623.0,1651.25,2025-08-04 08:00:00,15.025,91.25,12.425,23.375,60.25,5.5,54.75,6.493055555555555
2025-08-04 09:00:00,"Aug 4, 2025 10:00 AM",4180.97,2494.89,1059.79,10931.55,12417.12,101.96,0,4315.75,330.25,4052.75,2639.0,1755.5,2025-08-04 09:00:00,15.6,83.75,12.375,20.975,115.25,28.5,86.75,5.826388888888889
2025-08-04 10:00:00,"Aug 4, 2025 11:00 AM",3860.84,2505.52,974.58,10944.51,18321.03,101.6,0,2901.75,312.0,4095.5,1096.75,1877.5,2025-08-04 10:00:00,16.425,98.25,12.85,20.025,184.0,69.25,114.75,5.562499999999999
2025-08-04 11:00:00,"Aug 4, 2025 12:00 PM",3697.41,2361.95,438.28,10620.59,23953.79,103.07,0,2679.0,305.5,3238.25,64.5,1873.0,2025-08-04 11:00:00,17.6,79.0,11.4,17.225,338.75,158.25,180.5,4.784722222222222
2025-08-04 12:00:00,"Aug 4, 2025 1:00 PM",3573.32,2283.13,1487.0,10604.47,27502.8,104.99,0,2622.75,312.75,2307.25,41.75,1681.5,2025-08-04 12:00:00,18.625,74.0,11.65,17.425,385.5,200.25,185.25,4.840277777777778
2025-08-04 13:00:00,"Aug 4, 2025 2:00 PM",3536.54,2175.01,2783.54,11935.12,29645.16,104.75,0,2656.0,312.5,2205.0,65.5,1466.25,2025-08-04 13:00:00,19.1,97.5,12.075,18.325,379.5,182.25,197.25,5.090277777777778
2025-08-04 14:00:00,"Aug 4, 2025 3:00 PM",3521.06,2069.73,3683.25,12338.37,30022.97,104.7,0,2621.75,317.5,2027.0,94.25,1456.0,2025-08-04 14:00:00,19.4,94.25,13.525,20.7,397.5,193.0,204.5,5.75
2025-08-04 15:00:00,"Aug 4, 2025 4:00 PM",3550.17,2057.66,4223.07,12678.13,28737.83,104.43,0,2601.5,292.75,2318.0,2.75,1445.25,2025-08-04 15:00:00,19.425,89.5,13.5,20.55,404.75,204.75,200.0,5.708333333333333
2025-08-04 16:00:00,"Aug 4, 2025 5:00 PM",3640.99,2096.23,4985.66,12448.22,24444.53,104.53,0,2614.75,299.0,2892.5,62.0,1430.0,2025-08-04 16:00:00,20.35,79.5,12.7,19.375,412.25,207.5,204.75,5.381944444444445
2025-08-04 17:00:00,"Aug 4, 2025 6:00 PM",3878.9,2169.03,5917.15,11965.38,17989.58,104.09,0,2787.0,321.0,3464.75,654.25,1419.75,2025-08-04 17:00:00,21.4,92.5,12.85,19.425,410.25,206.25,204.0,5.395833333333333
2025-08-04 18:00:00,"Aug 4, 2025 7:00 PM",4241.11,2276.8,6150.62,13099.01,10269.75,103.65,0,3964.75,337.5,3818.5,2834.75,1426.75,2025-08-04 18:00:00,21.525,82.5,11.35,18.7,284.5,125.25,159.25,5.194444444444444
2025-08-04 19:00:00,"Aug 4, 2025 8:00 PM",4492.57,2572.93,5546.93,14409.25,3937.53,103.88,0,4280.0,360.25,4349.75,4631.5,1392.25,2025-08-04 19:00:00,20.975,87.75,11.45,20.625,197.75,90.0,107.75,5.729166666666667
2025-08-04 20:00:00,"Aug 4, 2025 9:00 PM",4567.76,2562.22,5620.32,16479.84,626.82,100.87,0,4367.5,344.0,4473.5,4966.25,1409.25,2025-08-04 20:00:00,19.75,98.0,10.1,20.425,80.75,28.0,52.75,5.673611111111112
2025-08-04 21:00:00,"Aug 4, 2025 10:00 PM",4458.41,2244.96,5388.35,20796.75,31.37,98.95,0,3827.25,337.0,4164.25,3315.5,1501.0,2025-08-04 21:00:00,18.775,99.5,9.7,19.5,13.25,1.5,11.75,5.416666666666667
2025-08-04 22:00:00,"Aug 4, 2025 11:00 PM",4202.75,2309.18,5393.97,23318.1,7.74,99.56,0,2696.25,323.25,3697.75,2306.25,1544.75,2025-08-04 22:00:00,18.35,79.25,10.425,21.75,0.0,0.0,0.0,6.041666666666666
2025-08-04 23:00:00,"Aug 5, 2025 12:00 AM",3973.2,2192.73,5560.32,25458.19,8.21,102.07,0,2723.75,309.25,3538.25,457.0,1572.0,2025-08-04 23:00:00,17.975,90.25,11.425,23.5,0.0,0.0,0.0,6.527777777777778
2025-08-05 00:00:00,"Aug 5, 2025 1:00 AM",3829.25,2064.8,5906.98,25995.9,7.27,105.29,0,2904.0,294.0,3367.5,180.0,1581.75,2025-08-05 00:00:00,17.725,77.25,12.3,24.9,0.0,0.0,0.0,6.916666666666666
2025-08-05 01:00:00,"Aug 5, 2025 2:00 AM",3777.76,2119.99,6218.93,24569.56,6.82,105.41,0,3153.0,285.5,3181.0,171.25,1552.5,2025-08-05 01:00:00,17.450000000000003,56.75,12.45,24.700000000000003,0.0,0.0,0.0,6.861111111111112
2025-08-05 02:00:00,"Aug 5, 2025 3:00 AM",3765.97,2144.41,6617.73,22806.51,6.81,105.42,0,3139.0,276.75,3077.25,176.0,1562.25,2025-08-05 02:00:00,17.075,82.0,12.7,24.974999999999998,0.0,0.0,0.0,6.937499999999999
2025-08-05 03:00:00,"Aug 5, 2025 4:00 AM",3728.66,2130.4,7036.15,20446.23,6.13,105.34,0,3149.0,278.5,2973.25,181.5,1601.75,2025-08-05 03:00:00,17.1,89.75,13.2,25.625,0.0,0.0,0.0,7.118055555555555
2025-08-05 04:00:00,"Aug 5, 2025 5:00 AM",3811.97,2196.69,7055.84,17901.09,14.7,105.3,0,3004.25,292.5,3002.75,369.5,1535.5,2025-08-05 04:00:00,16.8,61.75,11.7,23.25,0.0,0.0,0.0,6.458333333333333
2025-08-05 05:00:00,"Aug 5, 2025 6:00 AM",4031.87,2364.16,7088.08,15550.91,26.77,104.4,0,2671.0,315.0,3124.5,2947.5,1527.0,2025-08-05 05:00:00,16.5,71.25,10.65,21.0,0.0,0.0,0.0,5.833333333333333
2025-08-05 06:00:00,"Aug 5, 2025 7:00 AM",4313.88,2456.18,6674.26,14667.79,929.9,104.97,0,2858.75,347.25,3314.5,5357.0,1551.25,2025-08-05 06:00:00,16.425,68.5,11.1,21.55,0.5,0.0,0.5,5.986111111111112
2025-08-05 07:00:00,"Aug 5, 2025 8:00 AM",4357.16,2359.19,6631.11,13386.55,4571.43,104.31,0,2898.5,363.75,3184.25,5378.25,1521.25,2025-08-05 07:00:00,16.700000000000003,75.0,10.8,20.325,27.25,7.5,19.75,5.645833333333333
2025-08-05 08:00:00,"Aug 5, 2025 9:00 AM",4168.73,2212.27,6605.1,12071.6,10486.74,102.93,0,2679.0,369.75,3184.25,3298.0,1514.5,2025-08-05 08:00:00,17.375,74.75,10.35,19.575,89.75,37.25,52.5,5.4375
2025-08-05 09:00:00,"Aug 5, 2025 10:00 AM",3897.2,2361.48,5926.69,12368.18,17170.7,101.71,0,2776.5,383.75,2852.0,1471.0,1592.25,2025-08-05 09:00:00,18.5,76.25,9.675,18.825,198.25,91.5,106.75,5.229166666666666
2025-08-05 10:00:00,"Aug 5, 2025 11:00 AM",3650.46,2075.11,5119.18,13901.27,21407.44,100.58,0,2631.0,376.5,2019.5,538.5,1645.0,2025-08-05 10:00:00,19.25,54.75,10.475,17.825,258.0,161.25,96.75,4.951388888888888
2025-08-05 11:00:00,"Aug 5, 2025 12:00 PM",3549.99,2075.63,5164.14,14914.2,24295.58,84.51,0,2598.5,384.25,1813.25,232.5,1552.75,2025-08-05 11:00:00,19.9,57.25,12.075,19.3,374.0,264.75,109.25,5.361111111111112
2025-08-05 12:00:00,"Aug 5, 2025 1:00 PM",3372.16,2013.28,5190.88,15936.48,26060.02,94.11,0,2597.25,393.0,1774.0,157.25,1525.25,2025-08-05 12:00:00,19.975,82.25,12.675,20.325,399.75,287.75,112.0,5.645833333333333
2025-08-05 13:00:00,"Aug 5, 2025 2:00 PM",3353.65,1905.99,4194.15,16352.37,27329.48,99.69,0,2575.5,357.5,2028.25,29.0,1509.75,2025-08-05 13:00:00,19.675,70.25,13.475,21.2,370.75,204.0,166.75,5.888888888888888
2025-08-05 14:00:00,"Aug 5, 2025 3:00 PM",3370.42,1853.64,3344.52,16975.2,27530.71,99.42,0,2537.25,313.25,2568.5,1.75,1534.0,2025-08-05 14:00:00,20.225,56.75,12.95,19.85,450.5,263.0,187.5,5.513888888888889
2025-08-05 15:00:00,"Aug 5, 2025 4:00 PM",3404.13,1822.43,3348.81,18050.89,27295.12,99.12,0,2541.25,300.25,2743.0,1.0,1526.75,2025-08-05 15:00:00,20.55,66.25,14.6,21.925,508.0,330.75,177.25,6.090277777777778
2025-08-05 16:00:00,"Aug 5, 2025 5:00 PM",3503.94,1947.4,3534.79,18989.84,24574.91,98.76,0,2591.0,326.25,2811.0,26.0,1518.75,2025-08-05 16:00:00,20.75,36.75,14.975,22.925,443.5,283.75,159.75,6.368055555555555
2025-08-05 17:00:00,"Aug 5, 2025 6:00 PM",3642.52,2138.7,4843.64,22526.59,19187.84,98.89,0,2619.75,351.0,3082.75,42.5,1515.25,2025-08-05 17:00:00,20.425,17.25,14.225000000000001,21.625,425.25,282.75,142.5,6.006944444444445
2025-08-05 18:00:00,"Aug 5, 2025 7:00 PM",3907.25,2203.02,6579.21,24573.7,12500.44,99.64,0,2891.25,349.25,3111.0,192.75,1519.75,2025-08-05 18:00:00,20.549999999999997,42.5,15.6,23.8,392.0,289.75,102.25,6.611111111111111
2025-08-05 19:00:00,"Aug 5, 2025 8:00 PM",4230.24,2328.11,6986.27,22809.28,5099.45,101.25,0,3430.0,351.0,3460.75,1606.0,1498.25,2025-08-05 19:00:00,18.975,46.0,13.95,23.125,225.0,135.5,89.5,6.423611111111111
2025-08-05 20:00:00,"Aug 5, 2025 9:00 PM",4532.1,2388.67,6865.94,20704.79,914.48,102.37,0,4030.0,378.0,3515.5,4921.5,1504.5,2025-08-05 20:00:00,17.925,43.0,12.45,22.875,107.75,57.25,50.5,6.354166666666666
2025-08-05 21:00:00,"Aug 5, 2025 10:00 PM",4530.96,2173.15,7168.99,20349.05,46.49,103.51,0,3897.5,395.0,3530.75,4455.5,1508.5,2025-08-05 21:00:00,16.85,37.5,12.425,24.1,23.0,8.75,14.25,6.694444444444445
2025-08-05 22:00:00,"Aug 5, 2025 11:00 PM",4410.27,2226.08,7052.25,19843.64,17.99,103.8,0,3738.75,343.75,3253.0,3818.5,1496.0,2025-08-05 22:00:00,16.125,29.75,12.15,23.7,0.0,0.0,0.0,6.583333333333333
2025-08-05 23:00:00,"Aug 6, 2025 12:00 AM",4178.56,2131.37,7157.81,20567.04,10.89,100.37,0,3204.25,295.25,2552.0,1426.25,1505.5,2025-08-05 23:00:00,15.25,30.75,10.425,21.15,0.0,0.0,0.0,5.874999999999999
2025-08-06 00:00:00,"Aug 6, 2025 1:00 AM",3946.72,2127.58,6956.34,20005.61,13.02,103.63,0,2750.5,272.5,2021.75,705.75,1499.25,2025-08-06 00:00:00,14.625,18.25,11.0,21.725,0.0,0.0,0.0,6.034722222222222
2025-08-06 01:00:00,"Aug 6, 2025 2:00 AM",3848.44,2088.19,6568.26,19746.2,11.31,98.14,0,2589.25,260.25,1866.0,169.25,1476.5,2025-08-06 01:00:00,14.0,13.75,10.85,21.15,0.0,0.0,0.0,5.874999999999999
2025-08-06 02:00:00,"Aug 6, 2025 3:00 AM",3799.73,2119.74,5907.1,19253.9,11.27,98.71,0,2608.5,249.75,1949.0,160.0,1456.75,2025-08-06 02:00:00,13.375,21.0,10.675,21.225,0.0,0.0,0.0,5.895833333333334
2025-08-06 03:00:00,"Aug 6, 2025 4:00 AM",3792.16,2083.71,5880.95,18922.12,12.56,99.03,0,2601.75,310.0,1966.25,70.25,1440.5,2025-08-06 03:00:00,12.85,29.0,8.925,18.85,0.0,0.0,0.0,5.236111111111112
2025-08-06 04:00:00,"Aug 6, 2025 5:00 AM",3848.59,2068.75,5656.03,18164.12,8.89,99.29,0,2681.25,472.5,2024.25,197.0,1449.5,2025-08-06 04:00:00,12.475,36.0,9.225,19.0,0.0,0.0,0.0,5.277777777777778
2025-08-06 05:00:00,"Aug 6, 2025 6:00 AM",4053.61,2143.55,5573.69,17753.03,39.58,98.51,0,3108.0,560.75,2247.75,1446.0,1454.0,2025-08-06 05:00:00,12.075,33.25,8.875,17.875,0.0,0.0,0.0,4.965277777777778
2025-08-06 06:00:00,"Aug 6, 2025 7:00 AM",4324.6,2341.42,6009.72,16305.62,1771.34,99.13,0,3152.0,708.0,2553.5,4005.5,1428.0,2025-08-06 06:00:00,11.75,41.0,7.75,16.025000000000002,0.75,0.0,0.75,4.451388888888889
2025-08-06 07:00:00,"Aug 6, 2025 8:00 AM",4409.96,2416.29,5674.43,13020.97,8159.87,98.84,0,3044.5,826.5,2933.75,4965.0,1378.25,2025-08-06 07:00:00,12.175,35.5,7.8500000000000005,16.075,43.75,18.75,25.0,4.465277777777778
2025-08-06 08:00:00,"Aug 6, 2025 9:00 AM",4263.48,2728.24,5374.5,9650.15,18839.66,98.07,0,2953.5,846.75,3028.25,2635.5,1454.75,2025-08-06 08:00:00,13.575,32.0,7.475,13.5,158.5,94.25,64.25,3.75
2025-08-06 09:00:00,"Aug 6, 2025 10:00 AM",3906.03,2583.01,3862.65,9200.87,30192.07,97.37,0,2977.25,841.25,3031.5,904.5,1429.5,2025-08-06 09:00:00,15.075,21.0,9.525,14.75,310.25,216.5,93.75,4.097222222222222
2025-08-06 10:00:00,"Aug 6, 2025 11:00 AM",3622.12,2229.92,3716.25,10165.64,35571.78,96.69,0,2597.0,824.75,2174.5,83.75,1418.75,2025-08-06 10:00:00,16.6,44.5,11.4,16.825,463.0,348.5,114.5,4.673611111111111
2025-08-06 11:00:00,"Aug 6, 2025 12:00 PM",3510.55,2109.84,3097.9,10484.05,37824.65,92.14,0,2562.0,818.25,1592.25,43.75,1348.25,2025-08-06 11:00:00,17.825,44.75,12.125,17.7,573.25,443.0,130.25,4.916666666666666
2025-08-06 12:00:00,"Aug 6, 2025 1:00 PM",3463.76,2056.47,2449.55,11452.94,39254.39,91.69,0,2526.5,810.5,1566.75,9.5,1352.0,2025-08-06 12:00:00,18.775,67.75,12.675,18.4,674.0,525.25,148.75,5.111111111111111
2025-08-06 13:00:00,"Aug 6, 2025 2:00 PM",3447.35,2057.15,2439.71,11779.15,38886.21,91.28,0,2503.75,819.0,1536.5,31.75,1374.5,2025-08-06 13:00:00,19.375,64.5,12.475,17.975,706.0,514.75,191.25,4.993055555555556
2025-08-06 14:00:00,"Aug 6, 2025 3:00 PM",3457.94,2076.71,2360.22,11040.31,36981.53,90.95,0,2590.5,808.5,1503.25,35.5,1382.0,2025-08-06 14:00:00,19.775,71.75,12.7,18.400000000000002,698.25,489.5,208.75,5.111111111111112
2025-08-06 15:00:00,"Aug 6, 2025 4:00 PM",3513.48,2014.7,2950.14,10609.62,34515.08,90.64,0,2588.25,939.25,1511.5,4.0,1368.0,2025-08-06 15:00:00,20.025,65.25,11.15,16.275,655.75,426.25,229.5,4.520833333333333
2025-08-06 16:00:00,"Aug 6, 2025 5:00 PM",3664.93,2095.56,2906.48,9266.05,29800.16,90.5,0,2538.0,1139.75,1566.75,147.5,1354.75,2025-08-06 16:00:00,20.35,70.25,11.175,16.45,591.5,390.25,201.25,4.569444444444444
2025-08-06 17:00:00,"Aug 6, 2025 6:00 PM",3858.03,2166.34,3781.35,9217.1,23525.98,90.59,0,3044.75,1387.5,1883.25,342.75,1393.75,2025-08-06 17:00:00,20.5,72.75,11.549999999999999,17.075,507.75,329.75,178.0,4.743055555555555
2025-08-06 18:00:00,"Aug 6, 2025 7:00 PM",4226.73,2323.78,4343.04,7821.84,13939.85,90.76,0,4482.0,1537.25,3680.5,1911.0,1323.0,2025-08-06 18:00:00,20.075,65.75,10.525,16.45,342.5,177.25,165.25,4.569444444444444
2025-08-06 19:00:00,"Aug 6, 2025 8:00 PM",4586.92,2688.89,3799.28,5386.0,5435.51,91.41,0,5767.5,1744.0,5486.0,3778.0,1302.5,2025-08-06 19:00:00,19.6,55.0,8.9,15.375,247.5,146.0,101.5,4.270833333333333
2025-08-06 20:00:00,"Aug 6, 2025 9:00 PM",4760.03,2935.03,3408.95,3250.18,916.04,91.82,0,6089.25,1870.0,6297.25,5603.75,1304.5,2025-08-06 20:00:00,18.325,36.5,7.825,16.025,116.0,61.25,54.75,4.451388888888888
2025-08-06 21:00:00,"Aug 6, 2025 10:00 PM",4718.4,2616.03,2889.26,2472.58,56.69,93.5,0,6172.5,1995.25,6331.75,4639.75,1313.25,2025-08-06 21:00:00,16.9,13.0,7.725,17.5,20.5,7.75,12.75,4.861111111111111
2025-08-06 22:00:00,"Aug 6, 2025 11:00 PM",4538.91,2538.04,2693.07,2166.33,29.87,94.29,0,6208.0,1998.5,6137.25,4397.25,1357.25,2025-08-06 22:00:00,15.850000000000001,22.5,6.725,16.7,0.0,0.0,0.0,4.638888888888888
2025-08-06 23:00:00,"Aug 7, 2025 12:00 AM",4327.35,2270.49,2370.27,1961.57,11.52,94.94,0,6230.25,1922.0,5521.75,2057.0,1348.25,2025-08-06 23:00:00,15.025,52.25,6.125,15.325,0.0,0.0,0.0,4.256944444444444
2025-08-07 00:00:00,"Aug 7, 2025 1:00 AM",4089.17,2189.35,2238.3,1960.71,9.88,98.48,0,6181.25,1805.0,4589.25,744.75,1395.0,2025-08-07 00:00:00,14.325,49.75,6.225,15.399999999999999,0.0,0.0,0.0,4.277777777777778
2025-08-07 01:00:00,"Aug 7, 2025 2:00 AM",3979.82,2180.17,2244.09,2193.14,7.43,95.26,0,6027.25,1666.25,3898.0,342.0,1382.5,2025-08-07 01:00:00,13.9,55.25,5.625,13.925,0.0,0.0,0.0,3.868055555555556
2025-08-07 02:00:00,"Aug 7, 2025 3:00 AM",3815.82,2035.07,2138.72,2766.79,7.17,95.63,0,5985.75,1601.25,3671.25,135.25,1414.0,2025-08-07 02:00:00,13.45,83.75,5.85,13.8,0.0,0.0,0.0,3.8333333333333335
2025-08-07 03:00:00,"Aug 7, 2025 4:00 AM",3858.04,2019.93,2125.29,3669.93,6.34,95.92,0,5994.0,1547.5,3621.0,80.75,1398.25,2025-08-07 03:00:00,13.0,96.5,6.025,13.625,0.0,0.0,0.0,3.7847222222222223
2025-08-07 04:00:00,"Aug 7, 2025 5:00 AM",3916.0,2081.41,2046.43,4548.96,14.27,96.08,0,5952.5,1479.25,3621.0,149.75,1406.5,2025-08-07 04:00:00,12.675,87.0,5.95,14.3,0.0,0.0,0.0,3.9722222222222223
2025-08-07 05:00:00,"Aug 7, 2025 6:00 AM",4112.66,2134.79,2242.16,5316.12,34.71,95.14,0,6105.0,1169.0,3611.5,927.75,1443.0,2025-08-07 05:00:00,12.3,83.0,5.225,13.425,0.0,0.0,0.0,3.729166666666667
2025-08-07 06:00:00,"Aug 7, 2025 7:00 AM",4334.79,2153.17,2544.24,6384.42,1458.74,95.44,0,6109.0,1033.5,3942.75,1744.75,1457.5,2025-08-07 06:00:00,12.2,75.25,5.05,12.75,0.5,0.0,0.5,3.5416666666666665
2025-08-07 07:00:00,"Aug 7, 2025 8:00 AM",4359.78,2274.66,2518.3,6499.04,6949.91,94.69,0,5671.5,1054.5,3793.75,2056.25,1462.5,2025-08-07 07:00:00,12.7,76.5,5.8999999999999995,12.225000000000001,38.0,8.25,29.75,3.3958333333333335
2025-08-07 08:00:00,"Aug 7, 2025 9:00 AM",4120.02,2273.11,2508.02,5018.82,16373.42,90.61,0,5528.0,928.0,3067.25,1088.5,1441.0,2025-08-07 08:00:00,14.25,67.5,4.6,11.725,148.5,66.75,81.75,3.256944444444444
2025-08-07 09:00:00,"Aug 7, 2025 10:00 AM",3887.26,2221.96,2494.6,2897.22,27323.78,90.02,0,4681.5,500.0,2410.0,397.0,1409.75,2025-08-07 09:00:00,16.25,69.5,3.9,8.175,293.25,184.25,109.0,2.2708333333333335
2025-08-07 10:00:00,"Aug 7, 2025 11:00 AM",3693.54,2161.0,2110.34,2326.94,36463.57,89.3,0,3276.75,281.75,2222.25,41.25,1501.75,2025-08-07 10:00:00,18.25,63.0,3.775,5.95,425.75,269.0,156.75,1.6527777777777777
2025-08-07 11:00:00,"Aug 7, 2025 12:00 PM",3556.36,2061.42,1959.97,2475.19,42800.37,88.35,0,3046.5,269.5,2275.0,60.75,1450.25,2025-08-07 11:00:00,20.075,76.25,5.1,7.45,559.0,391.5,167.5,2.0694444444444446
2025-08-07 12:00:00,"Aug 7, 2025 1:00 PM",3424.32,2009.04,2023.39,3766.86,45024.46,89.33,0,3026.0,275.0,2190.25,10.25,1385.25,2025-08-07 12:00:00,21.45,48.25,7.3,10.5,641.75,459.0,182.75,2.9166666666666665
2025-08-07 13:00:00,"Aug 7, 2025 2:00 PM",3403.73,2081.23,2248.33,4066.62,44446.22,91.53,0,2956.5,311.0,2086.75,2.0,1402.75,2025-08-07 13:00:00,22.55,57.5,8.575,12.2,716.75,542.25,174.5,3.3888888888888884
2025-08-07 14:00:00,"Aug 7, 2025 3:00 PM",3441.45,1988.14,2766.4,4623.65,43317.42,91.09,0,2885.0,586.5,2066.5,2.5,1411.5,2025-08-07 14:00:00,23.2,51.75,9.65,13.975,695.75,490.5,205.25,3.881944444444444
2025-08-07 15:00:00,"Aug 7, 2025 4:00 PM",3509.34,2008.68,3035.39,6010.16,39469.24,90.75,0,2943.25,862.0,2134.0,10.25,1375.5,2025-08-07 15:00:00,23.975,43.0,10.55,15.2,671.0,494.75,176.25,4.222222222222222
2025-08-07 16:00:00,"Aug 7, 2025 5:00 PM",3664.88,2099.35,3389.59,7455.38,33936.11,90.28,0,3038.75,1080.5,2196.25,11.75,1395.25,2025-08-07 16:00:00,24.275,57.0,10.5,15.25,651.25,515.25,136.0,4.236111111111111
2025-08-07 17:00:00,"Aug 7, 2025 6:00 PM",3828.74,2242.64,3170.96,7816.97,23713.03,90.32,0,3803.0,1271.0,2428.25,272.75,1457.5,2025-08-07 17:00:00,24.275,68.0,9.1,13.725,515.5,366.25,149.25,3.8125
2025-08-07 18:00:00,"Aug 7, 2025 7:00 PM",4148.62,2395.04,2850.21,6155.37,12958.88,90.51,0,5499.5,1874.5,3915.5,1614.75,1444.75,2025-08-07 18:00:00,24.225,66.75,7.975,12.525,416.5,305.0,111.5,3.4791666666666665
2025-08-07 19:00:00,"Aug 7, 2025 8:00 PM",4556.16,2647.03,2715.34,4461.42,4803.75,91.1,0,6203.25,2329.25,4701.0,4510.75,1433.0,2025-08-07 19:00:00,23.425,75.25,6.025,12.075,221.5,120.25,101.25,3.3541666666666665
2025-08-07 20:00:00,"Aug 7, 2025 9:00 PM",4715.17,2778.41,2211.3,3570.82,711.01,91.89,0,6411.0,2446.0,4778.0,5414.25,1459.75,2025-08-07 20:00:00,21.85,62.25,4.825,12.425,92.75,35.0,57.75,3.451388888888889
2025-08-07 21:00:00,"Aug 7, 2025 10:00 PM",4671.2,2704.1,2090.0,2912.33,69.79,94.6,0,6441.5,2359.75,4804.5,5562.25,1447.0,2025-08-07 21:00:00,20.425,37.5,4.5,11.975000000000001,15.0,3.0,12.0,3.3263888888888893
2025-08-07 22:00:00,"Aug 7, 2025 11:00 PM",4499.31,2516.17,2098.58,3370.64,18.83,96.78,0,6420.25,2237.5,4819.75,4446.25,1574.75,2025-08-07 22:00:00,19.2,54.0,6.175000000000001,15.2,0.0,0.0,0.0,4.222222222222222
2025-08-07 23:00:00,"Aug 8, 2025 12:00 AM",4229.3,2172.98,2034.2,4417.34,10.7,99.73,0,6395.0,2135.0,4594.0,1209.75,1587.25,2025-08-07 23:00:00,18.125,52.5,6.35,14.225000000000001,0.0,0.0,0.0,3.9513888888888893
2025-08-08 00:00:00,"Aug 8, 2025 1:00 AM",3957.43,2081.07,2064.77,5569.12,10.01,95.95,0,6408.5,2076.0,3727.25,242.75,1520.5,2025-08-08 00:00:00,17.4,53.0,6.9,15.400000000000002,0.0,0.0,0.0,4.277777777777779
2025-08-08 01:00:00,"Aug 8, 2025 2:00 AM",3877.13,2097.1,2017.36,5786.67,9.39,100.09,0,6379.5,2030.5,2614.5,161.5,1477.75,2025-08-08 01:00:00,16.975,57.75,7.5,17.7,0.0,0.0,0.0,4.916666666666666
2025-08-08 02:00:00,"Aug 8, 2025 3:00 AM",3829.81,2009.76,2275.53,6026.31,10.1,104.36,0,6296.25,1967.0,2587.0,89.25,1500.5,2025-08-08 02:00:00,16.675,50.5,7.425,18.275,0.0,0.0,0.0,5.076388888888888
2025-08-08 03:00:00,"Aug 8, 2025 4:00 AM",3822.68,1924.83,2297.0,6311.19,8.72,104.61,0,6197.75,1889.0,2585.5,121.5,1482.0,2025-08-08 03:00:00,16.25,57.25,5.875,15.375,0.0,0.0,0.0,4.270833333333333
2025-08-08 04:00:00,"Aug 8, 2025 5:00 AM",3901.22,1940.91,1875.21,7129.54,16.54,104.7,0,6357.0,1804.25,2627.75,124.5,1493.0,2025-08-08 04:00:00,15.85,69.75,5.6,13.399999999999999,0.0,0.0,0.0,3.722222222222222
2025-08-08 05:00:00,"Aug 8, 2025 6:00 AM",4085.6,2087.34,1821.53,7995.64,29.73,103.59,0,6617.0,1671.25,2803.5,427.0,1484.25,2025-08-08 05:00:00,15.65,63.75,5.8,13.5,0.0,0.0,0.0,3.75
2025-08-08 06:00:00,"Aug 8, 2025 7:00 AM",4351.5,2193.11,1746.32,9371.54,1201.66,104.64,0,6780.75,1901.25,2933.75,1237.0,1420.25,2025-08-08 06:00:00,15.275,56.75,6.275,14.3,0.5,0.0,0.5,3.9722222222222223
2025-08-08 07:00:00,"Aug 8, 2025 8:00 AM",4403.62,2331.98,1635.4,8702.9,6683.72,103.57,0,6949.75,1936.5,2958.5,1567.0,1431.75,2025-08-08 07:00:00,15.85,47.0,5.825,12.225,37.5,10.5,27.0,3.395833333333333
2025-08-08 08:00:00,"Aug 8, 2025 9:00 AM",4186.11,2110.35,1523.71,6375.94,15929.25,101.41,0,6755.25,1806.75,2965.0,871.75,1425.75,2025-08-08 08:00:00,17.4,42.5,5.725,12.175,142.75,75.25,67.5,3.3819444444444446
2025-08-08 09:00:00,"Aug 8, 2025 10:00 AM",3934.01,2213.31,1338.27,4469.52,25938.56,99.7,0,5598.5,1320.0,2681.75,407.0,1449.0,2025-08-08 09:00:00,19.5,61.5,4.7,10.7,286.25,188.0,98.25,2.972222222222222
2025-08-08 10:00:00,"Aug 8, 2025 11:00 AM",3735.97,1945.87,1387.2,4925.78,34041.73,98.5,0,4426.75,894.25,2115.75,294.75,1526.5,2025-08-08 10:00:00,21.35,49.75,5.875,8.9,432.5,308.5,124.0,2.4722222222222223
2025-08-08 11:00:00,"Aug 8, 2025 12:00 PM",3596.09,1994.97,1435.46,6392.24,38391.09,97.72,0,3726.0,781.25,1864.25,252.0,1569.0,2025-08-08 11:00:00,22.95,45.25,6.45,9.35,566.25,427.0,139.25,2.597222222222222
2025-08-08 12:00:00,"Aug 8, 2025 1:00 PM",3496.97,1887.69,1264.76,8209.38,40097.81,94.84,0,3504.75,856.25,1987.75,205.25,1501.75,2025-08-08 12:00:00,24.2,40.5,7.3,10.55,660.25,501.25,159.0,2.930555555555556
2025-08-08 13:00:00,"Aug 8, 2025 2:00 PM",3466.81,1862.85,1204.34,9778.46,39766.52,91.81,0,3392.25,756.25,1984.5,194.0,1475.5,2025-08-08 13:00:00,25.25,41.5,8.174999999999999,11.799999999999999,706.0,531.5,174.5,3.2777777777777772
2025-08-08 14:00:00,"Aug 8, 2025 3:00 PM",3436.76,1791.12,1318.48,10258.77,38544.21,91.14,0,3335.25,766.25,1921.25,100.0,1463.5,2025-08-08 14:00:00,25.875,43.25,9.475,13.675,676.75,487.25,189.5,3.798611111111111
2025-08-08 15:00:00,"Aug 8, 2025 4:00 PM",3471.46,1803.73,1435.86,10184.28,35406.45,90.79,0,3228.25,776.5,1695.75,128.25,1459.0,2025-08-08 15:00:00,26.775,51.75,10.35,15.25,644.5,455.75,188.75,4.236111111111111
2025-08-08 16:00:00,"Aug 8, 2025 5:00 PM",3583.03,1855.1,1406.71,9505.13,30097.01,90.65,0,3521.0,803.75,1842.25,268.75,1513.0,2025-08-08 16:00:00,27.15,49.75,10.475,15.850000000000001,592.0,420.25,171.75,4.402777777777778
2025-08-08 17:00:00,"Aug 8, 2025 6:00 PM",3775.58,2017.88,1525.86,8059.87,22198.53,90.8,0,5147.75,1160.0,2487.0,213.25,1538.0,2025-08-08 17:00:00,26.5,55.25,11.8,18.0,491.5,334.5,157.0,5.0
2025-08-08 18:00:00,"Aug 8, 2025 7:00 PM",4139.85,2059.82,1554.69,6260.88,12941.56,91.36,0,6065.75,1843.0,4611.25,1335.75,1532.0,2025-08-08 18:00:00,25.825,57.75,9.875,15.6,354.0,212.0,142.0,4.333333333333333
2025-08-08 19:00:00,"Aug 8, 2025 8:00 PM",4461.37,2439.06,1302.07,4403.4,4903.97,92.26,0,7239.75,2255.75,5267.0,4115.25,1503.0,2025-08-08 19:00:00,25.05,71.75,7.55,13.775,233.75,134.5,99.25,3.826388888888889
2025-08-08 20:00:00,"Aug 8, 2025 9:00 PM",4633.49,2495.56,1066.08,3056.62,775.55,94.02,0,7445.5,2448.75,6688.75,5482.75,1499.75,2025-08-08 20:00:00,23.45,52.25,4.875,10.925,112.25,52.5,59.75,3.0347222222222223
2025-08-08 21:00:00,"Aug 8, 2025 10:00 PM",4627.62,2636.01,1096.59,2333.95,78.23,96.49,0,7477.0,2524.25,7514.25,5193.5,1515.75,2025-08-08 21:00:00,21.625,50.0,5.125,12.925,20.0,6.75,13.25,3.5902777777777777
2025-08-08 22:00:00,"Aug 8, 2025 11:00 PM",4452.69,2450.95,984.87,2170.79,19.12,97.33,0,7501.25,2506.0,7491.75,4203.25,1510.75,2025-08-08 22:00:00,20.6,47.5,7.425,17.525,0.0,0.0,0.0,4.868055555555555
2025-08-08 23:00:00,"Aug 9, 2025 12:00 AM",4267.22,2147.7,738.84,1780.92,18.96,97.92,0,7468.75,2305.0,7423.5,2969.0,1512.75,2025-08-08 23:00:00,19.549999999999997,29.0,6.375,15.600000000000001,0.0,0.0,0.0,4.333333333333334
2025-08-09 00:00:00,"Aug 9, 2025 1:00 AM",4120.1,1995.08,575.76,1455.7,18.84,98.4,0,7522.75,2074.75,7204.25,1918.75,1474.75,2025-08-09 00:00:00,18.5,31.0,6.1000000000000005,13.45,0.0,0.0,0.0,3.7361111111111107
2025-08-09 01:00:00,"Aug 9, 2025 2:00 AM",4032.02,2062.99,508.0,1355.99,12.26,98.59,0,7538.5,2036.75,6529.5,789.5,1456.0,2025-08-09 01:00:00,17.925,25.0,6.275,13.25,0.0,0.0,0.0,3.6805555555555554
2025-08-09 02:00:00,"Aug 9, 2025 3:00 AM",3945.13,1934.33,535.33,1321.06,8.17,101.31,0,7552.5,2028.75,5996.75,251.75,1477.25,2025-08-09 02:00:00,17.4,24.75,5.925000000000001,12.325000000000001,0.0,0.0,0.0,3.423611111111111
2025-08-09 03:00:00,"Aug 9, 2025 4:00 AM",3915.0,1975.81,480.17,1264.01,8.34,101.66,0,7560.5,2025.0,4852.25,299.0,1472.5,2025-08-09 03:00:00,17.049999999999997,26.75,6.025,12.875,0.0,0.0,0.0,3.576388888888889
2025-08-09 04:00:00,"Aug 9, 2025 5:00 AM",3980.09,2042.55,486.04,1389.96,16.17,98.83,0,7495.75,2026.0,4203.0,620.25,1488.5,2025-08-09 04:00:00,16.5,27.25,5.800000000000001,12.575,0.0,0.0,0.0,3.4930555555555554
2025-08-09 05:00:00,"Aug 9, 2025 6:00 AM",4131.81,2232.49,625.11,1582.83,39.29,97.73,0,7125.75,2024.0,4299.75,743.0,1474.0,2025-08-09 05:00:00,16.2,28.25,5.55,13.175,0.0,0.0,0.0,3.6597222222222223
2025-08-09 06:00:00,"Aug 9, 2025 7:00 AM",4228.47,1970.33,693.17,2192.13,1400.67,98.87,0,7077.25,1899.75,4010.0,421.5,1451.25,2025-08-09 06:00:00,15.925,33.5,5.550000000000001,13.25,0.5,0.0,0.5,3.6805555555555554
2025-08-09 07:00:00,"Aug 9, 2025 8:00 AM",4207.73,1933.63,967.65,2551.81,7069.21,98.47,0,5970.0,1135.0,3059.5,469.75,1461.0,2025-08-09 07:00:00,16.3,44.5,6.3,12.425,34.25,15.0,19.25,3.451388888888889
2025-08-09 08:00:00,"Aug 9, 2025 9:00 AM",4021.47,2040.95,1128.68,2034.24,16354.05,96.76,0,4234.5,219.0,2601.5,759.0,1466.0,2025-08-09 08:00:00,17.5,37.25,4.875,11.8,126.75,69.5,57.25,3.2777777777777777
2025-08-09 09:00:00,"Aug 9, 2025 10:00 AM",3851.94,1946.8,1205.07,1166.18,25534.09,95.21,0,3330.75,221.25,2403.25,341.0,1470.75,2025-08-09 09:00:00,19.45,40.25,4.175,9.85,268.5,169.25,99.25,2.736111111111111
2025-08-09 10:00:00,"Aug 9, 2025 11:00 AM",3632.66,1887.37,946.67,1011.19,33488.42,94.18,0,3178.75,216.25,2271.5,65.5,1413.25,2025-08-09 10:00:00,21.325,57.0,4.1,6.675,386.0,277.5,108.5,1.8541666666666665
2025-08-09 11:00:00,"Aug 9, 2025 12:00 PM",3500.26,1814.94,675.04,1029.4,38911.91,93.35,0,3158.5,190.75,2168.75,0.25,1431.25,2025-08-09 11:00:00,23.0,73.0,3.9499999999999997,5.9,479.25,341.5,137.75,1.6388888888888888
2025-08-09 12:00:00,"Aug 9, 2025 1:00 PM",3410.03,1670.48,475.41,1435.83,41277.46,92.58,0,3151.0,184.25,1785.5,0.0,1417.5,2025-08-09 12:00:00,24.325,49.5,4.800000000000001,6.775,556.5,375.5,181.0,1.8819444444444444
2025-08-09 13:00:00,"Aug 9, 2025 2:00 PM",3382.8,1643.12,375.2,1959.02,42643.98,91.97,0,3117.25,170.75,1573.75,71.0,1412.5,2025-08-09 13:00:00,25.975,53.25,4.875,6.8999999999999995,677.5,478.75,198.75,1.9166666666666665
2025-08-09 14:00:00,"Aug 9, 2025 3:00 PM",3367.9,1665.26,332.56,2491.75,41409.55,90.96,0,3107.25,182.75,1544.75,9.5,1383.0,2025-08-09 14:00:00,27.05,14.75,5.125,7.225,688.25,520.75,167.5,2.006944444444444
2025-08-09 15:00:00,"Aug 9, 2025 4:00 PM",3381.27,1719.46,651.35,3731.3,38253.99,89.51,0,3139.25,212.0,1522.75,135.75,1364.5,2025-08-09 15:00:00,28.8,29.25,6.775,9.55,753.75,638.25,115.5,2.652777777777778
2025-08-09 16:00:00,"Aug 9, 2025 5:00 PM",3492.21,1764.39,1288.28,5166.96,32929.04,89.34,0,3168.0,229.5,1527.25,42.5,1326.5,2025-08-09 16:00:00,29.099999999999998,36.0,9.025,12.825,665.0,543.75,121.25,3.5624999999999996
2025-08-09 17:00:00,"Aug 9, 2025 6:00 PM",3671.17,1723.76,2375.88,6329.71,25404.57,91.91,0,3192.5,244.75,1574.25,23.0,1379.5,2025-08-09 17:00:00,28.925,34.75,9.7,14.225000000000001,522.25,390.25,132.0,3.9513888888888893
2025-08-09 18:00:00,"Aug 9, 2025 7:00 PM",3973.56,2028.5,3204.03,7983.82,14535.02,94.63,0,4193.25,263.0,1963.25,468.25,1441.75,2025-08-09 18:00:00,28.675,47.25,7.65,12.0,393.5,284.5,109.0,3.333333333333333
2025-08-09 19:00:00,"Aug 9, 2025 8:00 PM",4344.02,2198.04,3139.06,8573.92,5154.18,95.36,0,6362.25,325.25,3177.75,4064.5,1405.75,2025-08-09 19:00:00,28.0,45.75,5.7,10.725000000000001,256.5,178.25,78.25,2.979166666666667
2025-08-09 20:00:00,"Aug 9, 2025 9:00 PM",4529.15,2604.28,2824.47,8771.0,737.19,96.07,0,6512.5,365.75,3528.5,5687.25,1406.0,2025-08-09 20:00:00,26.4,23.5,7.7749999999999995,16.15,108.5,57.75,50.75,4.486111111111111
2025-08-09 21:00:00,"Aug 9, 2025 10:00 PM",4548.99,2374.64,2644.04,9659.77,66.44,97.72,0,6554.75,364.25,3756.5,5518.25,1422.25,2025-08-09 21:00:00,24.325,5.0,9.15,19.2,18.0,6.5,11.5,5.333333333333333
2025-08-09 22:00:00,"Aug 9, 2025 11:00 PM",4411.51,2378.6,2544.29,10372.47,26.36,98.26,0,6398.25,326.75,3597.75,4630.5,1414.0,2025-08-09 22:00:00,22.725,20.0,8.9,17.85,0.0,0.0,0.0,4.958333333333334
2025-08-09 23:00:00,"Aug 10, 2025 12:00 AM",4190.68,2047.25,2798.89,10513.81,14.36,98.45,0,6036.0,254.75,3468.25,3751.25,1407.0,2025-08-09 23:00:00,21.25,22.5,10.575,19.375,0.0,0.0,0.0,5.381944444444445
2025-08-10 00:00:00,"Aug 10, 2025 1:00 AM",4025.14,1971.96,3203.75,11187.96,14.56,93.61,0,5366.75,237.5,2731.5,2584.5,1388.0,2025-08-10 00:00:00,20.5,4.25,10.875,20.85,0.0,0.0,0.0,5.791666666666667
2025-08-10 01:00:00,"Aug 10, 2025 2:00 AM",3967.67,1881.42,3465.98,11790.35,9.45,101.82,0,5086.5,224.75,2567.75,1322.75,1354.75,2025-08-10 01:00:00,19.825,20.5,9.425,20.275,0.0,0.0,0.0,5.631944444444444
2025-08-10 02:00:00,"Aug 10, 2025 3:00 AM",3893.95,1771.42,3537.93,12757.65,12.89,102.1,0,4994.0,216.0,2520.0,496.25,1351.5,2025-08-10 02:00:00,19.3,9.75,10.175,21.5,0.0,0.0,0.0,5.972222222222222
2025-08-10 03:00:00,"Aug 10, 2025 4:00 AM",3872.39,1717.33,3278.99,13225.19,9.04,102.39,0,4565.5,213.5,2432.25,192.75,1389.5,2025-08-10 03:00:00,18.525,1.75,10.7,22.3,0.0,0.0,0.0,6.194444444444445
2025-08-10 04:00:00,"Aug 10, 2025 5:00 AM",3905.38,1780.89,3256.95,12790.88,17.58,102.5,0,4521.25,209.75,2417.5,164.75,1401.75,2025-08-10 04:00:00,17.55,1.25,11.325,22.65,0.0,0.0,0.0,6.291666666666666
2025-08-10 05:00:00,"Aug 10, 2025 6:00 AM",4001.35,1725.74,3053.8,11951.93,26.4,101.3,0,4499.0,215.0,2406.0,307.5,1384.75,2025-08-10 05:00:00,16.875,2.25,10.25,21.0,0.0,0.0,0.0,5.833333333333333
2025-08-10 06:00:00,"Aug 10, 2025 7:00 AM",4112.19,1727.02,2559.73,10755.51,1327.68,102.39,0,4381.25,209.25,2490.0,333.25,1391.5,2025-08-10 06:00:00,16.275,23.75,9.525,19.8,0.25,0.0,0.25,5.5
2025-08-10 07:00:00,"Aug 10, 2025 8:00 AM",4102.24,1729.93,2361.05,8471.55,7464.14,101.87,0,4164.75,203.25,2306.75,361.0,1379.0,2025-08-10 07:00:00,16.375,19.25,10.4,20.625,38.0,17.75,20.25,5.729166666666667
2025-08-10 08:00:00,"Aug 10, 2025 9:00 AM",3913.97,1681.79,1715.79,6126.51,18258.1,102.36,0,4103.75,199.5,1665.25,116.25,1399.75,2025-08-10 08:00:00,17.375,3.5,10.025,19.45,158.0,101.5,56.5,5.402777777777778
2025-08-10 09:00:00,"Aug 10, 2025 10:00 AM",3720.23,1663.58,1476.67,6049.2,28772.38,103.04,0,3506.75,188.75,1617.0,190.0,1361.75,2025-08-10 09:00:00,18.725,2.75,11.674999999999999,17.975,315.75,238.25,77.5,4.993055555555556
2025-08-10 10:00:00,"Aug 10, 2025 11:00 AM",3582.45,1627.74,1313.21,5780.64,36161.15,102.18,0,3635.5,174.0,1619.75,35.5,1307.0,2025-08-10 10:00:00,20.1,7.0,11.6,16.925,471.0,379.5,91.5,4.701388888888889
2025-08-10 11:00:00,"Aug 10, 2025 12:00 PM",3493.38,1498.78,564.41,5956.66,40942.6,101.65,0,3702.0,167.25,1456.5,2.0,1287.25,2025-08-10 11:00:00,21.55,29.5,13.024999999999999,18.75,600.0,497.5,102.5,5.208333333333333
2025-08-10 12:00:00,"Aug 10, 2025 1:00 PM",3408.56,1522.27,468.67,5561.47,42970.32,101.12,0,3318.25,155.0,1448.25,1.5,1283.0,2025-08-10 12:00:00,22.55,16.5,12.5,17.85,659.25,506.75,152.5,4.958333333333334
2025-08-10 13:00:00,"Aug 10, 2025 2:00 PM",3375.77,1507.47,456.15,4900.91,42546.14,100.69,0,2830.25,148.75,1433.25,11.75,1267.0,2025-08-10 13:00:00,23.5,18.25,13.55,19.3,729.75,574.25,155.5,5.361111111111112
2025-08-10 14:00:00,"Aug 10, 2025 3:00 PM",3367.61,1491.81,588.02,5114.81,41194.36,99.22,0,2712.0,139.75,1444.75,15.5,1238.25,2025-08-10 14:00:00,24.1,17.0,14.325,20.575,732.5,576.75,155.75,5.715277777777778
2025-08-10 15:00:00,"Aug 10, 2025 4:00 PM",3394.03,1482.83,701.58,7098.85,38096.68,95.36,0,3040.25,150.5,1461.25,0.75,1245.25,2025-08-10 15:00:00,24.5,27.5,13.925,20.0,721.25,589.0,132.25,5.555555555555555
2025-08-10 16:00:00,"Aug 10, 2025 5:00 PM",3498.68,1632.12,1034.65,7462.96,33520.98,95.29,0,3084.5,170.25,1475.25,278.25,1274.5,2025-08-10 16:00:00,24.625,16.0,13.55,19.55,639.25,506.25,133.0,5.430555555555555
2025-08-10 17:00:00,"Aug 10, 2025 6:00 PM",3665.07,1626.32,1409.11,7579.18,26453.78,95.56,0,3341.75,199.75,1587.75,147.25,1343.75,2025-08-10 17:00:00,24.525,21.5,13.225000000000001,19.15,554.5,442.5,112.0,5.319444444444444
2025-08-10 18:00:00,"Aug 10, 2025 7:00 PM",3994.47,1784.03,1134.86,6676.05,15327.1,95.97,0,4844.5,354.25,2324.25,651.5,1371.75,2025-08-10 18:00:00,24.0,47.0,12.725,18.725,409.25,309.75,99.5,5.201388888888889
2025-08-10 19:00:00,"Aug 10, 2025 8:00 PM",4317.08,2027.94,884.42,5003.9,5272.24,96.6,0,6286.0,606.25,4302.25,3945.5,1374.0,2025-08-10 19:00:00,23.15,36.25,11.025,17.525,268.25,192.0,76.25,4.868055555555555
2025-08-10 20:00:00,"Aug 10, 2025 9:00 PM",4552.58,2582.76,713.9,4057.73,695.81,96.98,0,7122.0,836.25,5298.5,5194.5,1375.0,2025-08-10 20:00:00,21.8,49.75,9.5,17.875,121.5,72.5,49.0,4.965277777777778
2025-08-10 21:00:00,"Aug 10, 2025 10:00 PM",4552.88,2431.43,499.8,4532.94,39.88,98.42,0,7226.5,905.25,5610.5,4461.75,1396.75,2025-08-10 21:00:00,20.275,42.0,8.7,19.15,17.0,5.25,11.75,5.319444444444444
2025-08-10 22:00:00,"Aug 10, 2025 11:00 PM",4386.87,2216.11,433.69,5479.68,12.31,99.17,0,7376.5,854.5,5642.5,3082.75,1431.75,2025-08-10 22:00:00,19.325,49.75,8.175,18.95,0.0,0.0,0.0,5.263888888888888
2025-08-10 23:00:00,"Aug 11, 2025 12:00 AM",4170.95,1870.59,431.47,5878.5,9.51,104.85,0,6759.75,800.25,5399.25,859.0,1442.75,2025-08-10 23:00:00,18.375,45.25,7.85,18.35,0.0,0.0,0.0,5.097222222222222
2025-08-11 00:00:00,"Aug 11, 2025 1:00 AM",3935.03,1722.41,252.86,5649.93,9.2,103.62,0,6410.5,795.0,5480.5,333.5,1476.5,2025-08-11 00:00:00,17.4,33.25,7.55,17.85,0.0,0.0,0.0,4.958333333333334
2025-08-11 01:00:00,"Aug 11, 2025 2:00 AM",3848.36,1763.91,162.69,5318.83,9.75,104.22,0,6415.0,786.25,5270.5,95.25,1510.0,2025-08-11 01:00:00,16.425,26.25,6.775,16.075000000000003,0.0,0.0,0.0,4.465277777777779
2025-08-11 02:00:00,"Aug 11, 2025 3:00 AM",3811.96,1784.7,155.94,4949.11,9.59,104.52,0,6368.25,784.5,5227.25,37.75,1519.0,2025-08-11 02:00:00,15.625,14.0,5.65,14.15,0.0,0.0,0.0,3.9305555555555554
2025-08-11 03:00:00,"Aug 11, 2025 4:00 AM",3785.71,1704.11,190.46,4598.26,6.77,104.75,0,6241.0,777.5,5162.75,93.75,1523.5,2025-08-11 03:00:00,14.200000000000001,0.5,5.35,12.925,0.0,0.0,0.0,3.5902777777777777
2025-08-11 04:00:00,"Aug 11, 2025 5:00 AM",3854.64,1900.67,177.08,4218.42,12.87,104.87,0,6604.0,809.75,5296.25,238.0,1514.75,2025-08-11 04:00:00,13.825,23.0,5.2,12.425,0.0,0.0,0.0,3.451388888888889
2025-08-11 05:00:00,"Aug 11, 2025 6:00 AM",4042.67,1945.65,124.72,4071.72,29.11,103.83,0,7422.0,846.0,5723.0,643.75,1515.25,2025-08-11 05:00:00,13.6,22.75,5.35,12.4,0.0,0.0,0.0,3.4444444444444446
2025-08-11 06:00:00,"Aug 11, 2025 7:00 AM",4325.48,1926.77,191.99,4286.57,1330.66,104.96,0,7431.0,909.0,6214.0,3170.5,1503.5,2025-08-11 06:00:00,13.3,14.0,5.675000000000001,12.8,0.25,0.0,0.25,3.555555555555556
2025-08-11 07:00:00,"Aug 11, 2025 8:00 AM",4404.61,2042.77,229.69,3966.13,7594.63,104.45,0,7336.0,925.75,6220.0,3834.5,1509.25,2025-08-11 07:00:00,13.95,17.75,6.525,13.275,37.25,17.25,20.0,3.6875
2025-08-11 08:00:00,"Aug 11, 2025 9:00 AM",4183.02,1858.33,282.15,2657.27,18919.07,103.52,0,6362.75,898.25,5257.25,1284.25,1506.25,2025-08-11 08:00:00,15.425,10.5,6.125,13.274999999999999,159.25,103.75,55.5,3.6874999999999996
2025-08-11 09:00:00,"Aug 11, 2025 10:00 AM",3896.18,1906.22,365.68,1403.53,30719.32,102.78,0,5518.75,758.25,2737.25,356.25,1523.5,2025-08-11 09:00:00,17.35,7.0,5.574999999999999,8.95,312.5,233.0,79.5,2.4861111111111107
2025-08-11 10:00:00,"Aug 11, 2025 11:00 AM",3647.76,1854.54,437.73,1286.6,40151.89,102.14,0,3971.75,361.75,1949.0,91.75,1496.75,2025-08-11 10:00:00,19.25,9.0,6.075,8.7,472.5,383.25,89.25,2.4166666666666665
2025-08-11 11:00:00,"Aug 11, 2025 12:00 PM",3503.09,1765.67,481.69,1438.11,45938.51,101.44,0,3642.75,293.75,1608.25,53.5,1536.75,2025-08-11 11:00:00,21.025,11.25,6.175000000000001,8.525,609.25,511.5,97.75,2.368055555555556
2025-08-11 12:00:00,"Aug 11, 2025 1:00 PM",3433.97,1760.17,434.68,1594.7,49571.76,100.85,0,3652.0,273.25,1616.5,19.5,1536.5,2025-08-11 12:00:00,22.5,10.75,6.75,9.65,714.25,611.0,103.25,2.680555555555556
2025-08-11 13:00:00,"Aug 11, 2025 2:00 PM",3402.53,1758.82,302.67,1308.66,50178.17,100.31,0,3682.0,268.0,1593.75,20.5,1561.5,2025-08-11 13:00:00,23.725,21.5,7.4,10.35,777.25,670.5,106.75,2.875
2025-08-11 14:00:00,"Aug 11, 2025 3:00 PM",3414.28,1687.99,234.93,1201.73,48858.43,100.11,0,3451.0,276.75,1631.0,66.0,1495.25,2025-08-11 14:00:00,24.65,41.75,7.975,11.2,792.5,684.0,108.5,3.1111111111111107
2025-08-11 15:00:00,"Aug 11, 2025 4:00 PM",3470.22,1664.77,391.07,1116.04,44105.25,101.75,0,3560.25,522.5,1731.0,70.0,1479.75,2025-08-11 15:00:00,25.3,30.75,7.95,11.075,758.5,647.25,111.25,3.0763888888888884
2025-08-11 16:00:00,"Aug 11, 2025 5:00 PM",3597.36,1785.41,331.11,1034.92,36823.91,96.94,0,4225.75,1180.75,2085.25,14.5,1516.0,2025-08-11 16:00:00,25.625,38.0,8.375,11.625,665.25,531.0,134.25,3.2291666666666665
2025-08-11 17:00:00,"Aug 11, 2025 6:00 PM",3781.15,1987.12,202.4,1110.07,26947.36,100.01,0,6884.0,2075.5,3694.5,412.5,1484.0,2025-08-11 17:00:00,25.625,38.25,8.175,11.475,557.5,445.5,112.0,3.1875
2025-08-11 18:00:00,"Aug 11, 2025 7:00 PM",4189.26,2217.64,90.11,1341.04,14953.61,101.28,0,8267.25,3035.0,6715.25,2168.75,1471.0,2025-08-11 18:00:00,25.325,32.0,8.4,11.875,423.0,333.25,89.75,3.298611111111111
2025-08-11 19:00:00,"Aug 11, 2025 8:00 PM",4482.68,2417.96,81.49,1605.65,4909.18,101.94,0,8844.0,3808.0,8733.25,5370.75,1478.75,2025-08-11 19:00:00,24.675,23.25,7.95,11.975,262.25,185.75,76.5,3.326388888888889
2025-08-11 20:00:00,"Aug 11, 2025 9:00 PM",4527.51,2445.01,102.27,2588.16,586.82,102.48,0,8988.25,3985.75,8917.5,4749.0,1600.5,2025-08-11 20:00:00,23.25,25.75,6.15,12.875,116.75,70.25,46.5,3.576388888888889
2025-08-11 21:00:00,"Aug 11, 2025 10:00 PM",4499.9,2361.46,87.52,3832.74,41.65,104.2,0,8776.25,4153.75,8992.0,4733.25,1532.0,2025-08-11 21:00:00,21.5,39.75,6.475,14.9,16.5,6.25,10.25,4.138888888888889
2025-08-11 22:00:00,"Aug 11, 2025 11:00 PM",4318.66,2092.09,94.04,5535.76,16.85,104.96,0,8627.0,4254.5,9060.25,2303.0,1490.25,2025-08-11 22:00:00,20.275,37.75,6.125,14.825,0.0,0.0,0.0,4.118055555555555
2025-08-11 23:00:00,"Aug 12, 2025 12:00 AM",4088.53,1793.42,69.16,6830.26,9.77,105.69,0,8458.25,4096.25,7941.5,317.75,1425.25,2025-08-11 23:00:00,19.275,17.75,6.5,14.55,0.0,0.0,0.0,4.041666666666667
2025-08-12 00:00:00,"Aug 12, 2025 1:00 AM",3892.72,1786.66,44.92,7312.7,8.45,106.46,0,7621.5,3958.75,6885.25,36.75,1340.25,2025-08-12 00:00:00,18.425,2.0,6.525,14.9,0.0,0.0,0.0,4.138888888888889
2025-08-12 01:00:00,"Aug 12, 2025 2:00 AM",3794.31,1738.83,61.91,7302.47,7.26,107.18,0,7249.25,3776.75,6525.75,27.0,1346.5,2025-08-12 01:00:00,17.75,9.25,6.7250000000000005,15.05,0.0,0.0,0.0,4.180555555555555
2025-08-12 02:00:00,"Aug 12, 2025 3:00 AM",3760.24,1698.59,50.27,6816.59,6.19,107.45,0,7081.25,3401.75,6190.75,39.75,1358.25,2025-08-12 02:00:00,17.075,0.0,6.949999999999999,15.475,0.0,0.0,0.0,4.298611111111111
2025-08-12 03:00:00,"Aug 12, 2025 4:00 AM",3760.87,1683.82,61.17,6463.92,6.36,107.78,0,7100.5,3208.25,6313.0,25.5,1364.25,2025-08-12 03:00:00,15.65,3.5,7.25,16.225,0.0,0.0,0.0,4.506944444444445
2025-08-12 04:00:00,"Aug 12, 2025 5:00 AM",3823.97,1728.35,83.13,5975.14,10.84,108.24,0,7463.75,3513.5,6803.25,43.5,1408.25,2025-08-12 04:00:00,15.25,24.25,7.225,16.3,0.0,0.0,0.0,4.527777777777778
2025-08-12 05:00:00,"Aug 12, 2025 6:00 AM",4033.16,1812.76,92.65,5749.05,28.74,107.26,0,8492.5,3971.0,7175.25,263.0,1402.25,2025-08-12 05:00:00,14.95,19.5,7.25,16.325,0.0,0.0,0.0,4.534722222222222
2025-08-12 06:00:00,"Aug 12, 2025 7:00 AM",4269.97,1994.87,109.92,5888.17,1214.37,108.31,0,8559.0,4087.0,7342.75,1695.25,1391.0,2025-08-12 06:00:00,14.5,16.0,6.425,14.95,0.25,0.0,0.25,4.152777777777778
2025-08-12 07:00:00,"Aug 12, 2025 8:00 AM",4291.98,2096.15,104.98,5389.57,7186.69,107.42,0,8540.25,4106.75,7381.5,2685.5,1392.0,2025-08-12 07:00:00,14.875,24.5,7.275,14.45,34.75,15.75,19.0,4.013888888888888
2025-08-12 08:00:00,"Aug 12, 2025 9:00 AM",4053.88,1864.25,250.7,4229.23,17785.46,106.22,0,8027.0,3659.0,6298.25,703.5,1391.25,2025-08-12 08:00:00,16.575,17.25,5.7,13.65,154.5,99.75,54.75,3.7916666666666665
2025-08-12 09:00:00,"Aug 12, 2025 10:00 AM",3830.17,2085.52,372.48,2285.17,28076.0,105.09,0,6672.0,2432.0,4036.25,598.5,1396.5,2025-08-12 09:00:00,18.725,23.25,5.125,10.15,305.5,226.75,78.75,2.8194444444444446
2025-08-12 10:00:00,"Aug 12, 2025 11:00 AM",3661.29,2081.54,503.75,1778.7,35161.42,103.97,0,6230.0,1747.0,3133.75,783.5,1469.25,2025-08-12 10:00:00,21.05,26.0,5.525,8.1,459.25,363.75,95.5,2.25
2025-08-12 11:00:00,"Aug 12, 2025 12:00 PM",3448.3,1799.38,697.72,2563.75,40466.48,102.88,0,5263.5,1554.0,2774.0,50.25,1473.25,2025-08-12 11:00:00,23.275,13.0,5.5,7.725,574.75,449.25,125.5,2.145833333333333
2025-08-12 12:00:00,"Aug 12, 2025 1:00 PM",3385.88,1644.7,1230.06,3059.76,43748.78,101.93,0,4107.5,1364.75,2504.5,44.0,1454.0,2025-08-12 12:00:00,25.225,27.75,6.7,9.2,698.25,588.0,110.25,2.5555555555555554
2025-08-12 13:00:00,"Aug 12, 2025 2:00 PM",3334.39,1676.05,1185.11,3100.24,44248.79,101.05,0,3892.75,1370.0,2179.5,1.0,1460.0,2025-08-12 13:00:00,26.675,25.25,7.2,9.95,733.0,588.75,144.25,2.763888888888889
2025-08-12 14:00:00,"Aug 12, 2025 3:00 PM",3320.18,1654.39,1070.46,3524.5,43355.52,100.44,0,3771.25,1457.5,1838.0,1.0,1464.0,2025-08-12 14:00:00,27.925,39.0,7.45,10.2,785.0,680.75,104.25,2.833333333333333
2025-08-12 15:00:00,"Aug 12, 2025 4:00 PM",3365.08,1742.22,1148.69,3453.5,39067.66,99.97,0,3912.75,1524.75,1933.75,3.5,1483.25,2025-08-12 15:00:00,28.85,25.0,8.200000000000001,11.275,750.75,648.25,102.5,3.1319444444444446
2025-08-12 16:00:00,"Aug 12, 2025 5:00 PM",3526.94,1761.76,1350.55,3527.45,32177.35,99.7,0,5910.5,2096.5,2529.75,2.0,1481.25,2025-08-12 16:00:00,29.450000000000003,25.0,8.600000000000001,11.8,674.5,566.5,108.0,3.2777777777777777
2025-08-12 17:00:00,"Aug 12, 2025 6:00 PM",3680.65,1994.36,1647.96,3679.85,22999.15,99.78,0,7102.75,3227.0,4607.75,190.5,1431.0,2025-08-12 17:00:00,29.525,25.75,9.025,12.725,534.75,412.0,122.75,3.534722222222222
2025-08-12 18:00:00,"Aug 12, 2025 7:00 PM",4049.2,2278.24,1785.69,4038.51,12927.89,100.04,0,8090.0,4241.75,8033.75,2087.5,1439.25,2025-08-12 18:00:00,29.225,8.25,9.825,14.274999999999999,405.25,305.0,100.25,3.9652777777777772
2025-08-12 19:00:00,"Aug 12, 2025 8:00 PM",4420.5,2450.4,1994.56,4904.41,4394.16,100.71,0,8235.25,4410.75,8989.0,5524.5,1410.25,2025-08-12 19:00:00,28.475,4.5,10.025,16.25,261.0,194.0,67.0,4.513888888888888
2025-08-12 20:00:00,"Aug 12, 2025 9:00 PM",4508.5,2389.16,2239.21,7231.63,543.08,96.41,0,8266.5,4573.0,8945.25,5427.0,1394.25,2025-08-12 20:00:00,26.85,7.25,8.95,17.575,113.0,69.5,43.5,4.881944444444444
2025-08-12 21:00:00,"Aug 12, 2025 10:00 PM",4454.36,2344.67,2332.28,10814.21,28.71,96.31,0,7961.25,4524.0,8731.0,3421.25,1387.0,2025-08-12 21:00:00,24.875,4.25,7.574999999999999,18.05,14.5,5.75,8.75,5.013888888888889
2025-08-12 22:00:00,"Aug 12, 2025 11:00 PM",4266.64,2170.33,2498.08,13123.56,14.19,104.75,0,7995.75,4484.75,8727.25,1692.0,1408.0,2025-08-12 22:00:00,23.7,25.0,8.7,20.225,0.0,0.0,0.0,5.618055555555556
2025-08-12 23:00:00,"Aug 13, 2025 12:00 AM",4056.41,1887.78,2528.86,13560.03,10.53,105.24,0,7493.0,4289.75,8458.0,558.25,1424.75,2025-08-12 23:00:00,22.75,24.25,8.325,19.475,0.0,0.0,0.0,5.409722222222222
2025-08-13 00:00:00,"Aug 13, 2025 1:00 AM",3866.87,1871.74,2063.68,12758.46,10.7,105.5,0,6945.5,4260.5,7455.25,261.0,1510.5,2025-08-13 00:00:00,21.825,13.5,8.225,18.325,0.0,0.0,0.0,5.090277777777778
2025-08-13 01:00:00,"Aug 13, 2025 2:00 AM",3783.71,2038.81,1576.95,11672.25,13.53,105.82,0,6898.5,4272.75,6344.75,555.75,1518.25,2025-08-13 01:00:00,21.0,23.0,8.425,17.9,0.0,0.0,0.0,4.972222222222221
2025-08-13 02:00:00,"Aug 13, 2025 3:00 AM",3748.24,1873.18,1452.06,10182.01,9.92,106.19,0,6886.75,4224.0,6203.25,198.0,1539.5,2025-08-13 02:00:00,20.4,2.0,9.15,18.225,0.0,0.0,0.0,5.0625
2025-08-13 03:00:00,"Aug 13, 2025 4:00 AM",3745.5,1635.54,1368.01,9343.55,8.18,106.32,0,6879.5,4252.75,5991.25,60.5,1528.25,2025-08-13 03:00:00,19.075,18.25,9.35,19.1,0.0,0.0,0.0,5.305555555555556
2025-08-13 04:00:00,"Aug 13, 2025 5:00 AM",3798.48,1602.21,1322.23,8657.07,6.38,106.39,0,7131.25,4212.25,5741.75,124.75,1483.5,2025-08-13 04:00:00,18.7,10.5,9.25,19.075000000000003,0.0,0.0,0.0,5.298611111111112
2025-08-13 05:00:00,"Aug 13, 2025 6:00 AM",3964.05,1695.31,1206.65,7724.91,14.79,105.22,0,7793.75,4329.25,6178.0,163.0,1512.25,2025-08-13 05:00:00,18.15,8.75,8.35,17.275,0.0,0.0,0.0,4.798611111111111
2025-08-13 06:00:00,"Aug 13, 2025 7:00 AM",4241.57,1910.96,1079.06,7204.58,1095.31,106.33,0,7920.75,4444.0,6537.5,941.25,1496.75,2025-08-13 06:00:00,17.625,28.25,7.55,15.924999999999999,0.0,0.0,0.0,4.423611111111111
2025-08-13 07:00:00,"Aug 13, 2025 8:00 AM",4250.16,2001.97,944.14,6323.5,6575.75,105.57,0,7862.5,4308.75,6517.75,1345.75,1504.75,2025-08-13 07:00:00,17.875,11.5,7.8,15.825,32.0,13.25,18.75,4.395833333333333
2025-08-13 08:00:00,"Aug 13, 2025 9:00 AM",4068.89,1874.26,891.68,3994.91,16791.47,93.45,0,7156.5,4131.75,5941.25,448.25,1457.0,2025-08-13 08:00:00,19.55,23.75,6.725,17.275,149.5,95.5,54.0,4.798611111111111
2025-08-13 09:00:00,"Aug 13, 2025 10:00 AM",3817.82,1873.97,773.91,1711.0,27747.25,80.78,0,6471.5,3594.25,4280.0,176.75,1462.75,2025-08-13 09:00:00,21.75,23.75,5.875,12.65,287.25,206.5,80.75,3.513888888888889
2025-08-13 10:00:00,"Aug 13, 2025 11:00 AM",3621.44,1697.84,754.66,981.74,36129.13,79.42,0,5944.5,2732.0,2892.75,12.5,1409.25,2025-08-13 10:00:00,24.025,10.75,6.0,9.325000000000001,418.75,313.0,105.75,2.590277777777778
2025-08-13 11:00:00,"Aug 13, 2025 12:00 PM",3504.92,1654.03,620.95,1050.3,42123.58,84.34,0,5189.25,2207.0,2744.0,31.5,1365.25,2025-08-13 11:00:00,26.325,1.0,6.325,9.15,579.0,476.5,102.5,2.5416666666666665
2025-08-13 12:00:00,"Aug 13, 2025 1:00 PM",3387.61,1621.34,440.77,1542.82,45916.72,98.82,0,4469.25,1751.0,2705.75,11.25,1392.0,2025-08-13 12:00:00,28.3,6.5,6.2250000000000005,8.925,690.0,587.25,102.75,2.479166666666667
2025-08-13 13:00:00,"Aug 13, 2025 2:00 PM",3349.95,1608.1,510.26,1943.69,46728.55,95.34,0,4011.5,1647.25,2691.75,24.0,1424.75,2025-08-13 13:00:00,29.825000000000003,13.5,6.825,9.55,760.5,657.0,103.5,2.652777777777778
2025-08-13 14:00:00,"Aug 13, 2025 3:00 PM",3312.52,1658.31,871.45,1951.75,44924.06,97.62,0,3821.5,1681.25,2706.75,20.0,1417.5,2025-08-13 14:00:00,31.025,1.75,7.9,11.049999999999999,780.75,677.25,103.5,3.069444444444444
2025-08-13 15:00:00,"Aug 13, 2025 4:00 PM",3346.53,1613.09,938.87,1993.72,40497.53,96.26,0,4930.5,1896.75,2830.0,37.75,1482.75,2025-08-13 15:00:00,32.125,1.75,7.95,11.1,746.75,645.5,101.25,3.083333333333333
2025-08-13 16:00:00,"Aug 13, 2025 5:00 PM",3430.97,1611.37,1023.42,1756.92,33231.23,96.15,0,6208.25,2680.5,3319.5,341.0,1525.5,2025-08-13 16:00:00,32.425,0.25,7.675,10.65,666.75,570.75,96.0,2.9583333333333335
2025-08-13 17:00:00,"Aug 13, 2025 6:00 PM",3576.47,1914.49,952.81,1663.37,23379.56,98.01,0,7072.5,4307.25,6173.5,664.0,1441.75,2025-08-13 17:00:00,32.45,17.0,7.225,10.1,559.5,471.25,88.25,2.8055555555555554
2025-08-13 18:00:00,"Aug 13, 2025 7:00 PM",3996.39,2171.44,1066.66,1992.12,12637.49,98.98,0,8064.0,4693.25,9229.5,3071.0,1459.5,2025-08-13 18:00:00,31.975,0.0,7.625,10.825,416.25,336.0,80.25,3.006944444444444
2025-08-13 19:00:00,"Aug 13, 2025 8:00 PM",4294.87,2421.55,1374.48,2729.55,4039.47,100.11,0,8189.5,4931.5,9959.75,5536.0,1481.5,2025-08-13 19:00:00,31.125,0.0,6.575,10.8,260.0,195.0,65.0,3.0
2025-08-13 20:00:00,"Aug 13, 2025 9:00 PM",4390.13,2441.71,1578.15,4126.54,441.07,101.26,0,8216.25,5021.25,10196.5,5750.0,1428.5,2025-08-13 20:00:00,29.225,0.25,7.0,14.600000000000001,110.75,68.75,42.0,4.055555555555556
2025-08-13 21:00:00,"Aug 13, 2025 10:00 PM",4350.87,2160.1,1769.45,6047.06,23.99,103.54,0,8088.25,5033.0,9544.75,3804.5,1408.5,2025-08-13 21:00:00,27.0,0.5,7.475,15.975,13.25,5.25,8.0,4.4375
2025-08-13 22:00:00,"Aug 13, 2025 11:00 PM",4212.11,2003.74,2009.83,6949.94,12.85,104.21,0,7920.0,5053.25,9326.5,2784.5,1396.75,2025-08-13 22:00:00,25.5,1.75,6.875,15.425,0.0,0.0,0.0,4.284722222222222
2025-08-13 23:00:00,"Aug 14, 2025 12:00 AM",4003.96,1712.91,2052.69,7357.06,8.3,100.92,0,7645.25,4889.25,8490.5,541.25,1378.5,2025-08-13 23:00:00,24.225,18.25,5.7,13.799999999999999,0.0,0.0,0.0,3.833333333333333
2025-08-14 00:00:00,"Aug 14, 2025 1:00 AM",3824.34,1717.22,1840.73,6952.58,9.8,104.37,0,6958.75,4881.25,7524.0,280.25,1353.5,2025-08-14 00:00:00,23.55,46.5,5.55,13.600000000000001,0.0,0.0,0.0,3.777777777777778
2025-08-14 01:00:00,"Aug 14, 2025 2:00 AM",3740.21,1642.98,1461.34,6094.9,8.29,104.86,0,6702.0,4889.5,7147.0,287.0,1315.0,2025-08-14 01:00:00,22.725,31.25,6.25,12.975,0.0,0.0,0.0,3.6041666666666665
2025-08-14 02:00:00,"Aug 14, 2025 3:00 AM",3714.74,1618.59,1232.42,5175.12,7.09,105.31,0,6703.25,4893.5,7126.75,209.0,1355.5,2025-08-14 02:00:00,21.625,35.75,7.525,13.9,0.0,0.0,0.0,3.861111111111111
2025-08-14 03:00:00,"Aug 14, 2025 4:00 AM",3706.69,1594.7,966.67,4319.63,6.88,105.67,0,6684.25,4896.5,7172.5,119.5,1367.75,2025-08-14 03:00:00,20.0,72.25,6.475,15.1,0.0,0.0,0.0,4.194444444444445
2025-08-14 04:00:00,"Aug 14, 2025 5:00 AM",3771.47,1664.02,698.56,3633.42,10.7,106.11,0,6998.25,4891.25,7248.25,255.5,1354.75,2025-08-14 04:00:00,19.125,39.5,6.625,13.925,0.0,0.0,0.0,3.868055555555556
2025-08-14 05:00:00,"Aug 14, 2025 6:00 AM",3966.97,1814.34,542.72,3227.72,20.29,105.36,0,7676.25,4961.75,7450.0,464.0,1377.25,2025-08-14 05:00:00,18.775,16.75,7.8999999999999995,15.7,0.0,0.0,0.0,4.361111111111111
2025-08-14 06:00:00,"Aug 14, 2025 7:00 AM",4238.28,1946.69,896.6,3325.27,1074.54,106.61,0,7659.5,5010.0,7711.5,2115.25,1425.75,2025-08-14 06:00:00,18.25,26.5,8.375,17.35,0.0,0.0,0.0,4.819444444444445
2025-08-14 07:00:00,"Aug 14, 2025 8:00 AM",4279.4,2151.83,1309.27,2990.62,6413.24,105.83,0,7504.0,4871.0,7725.25,2453.25,1353.25,2025-08-14 07:00:00,18.5,30.0,6.824999999999999,13.6,30.25,13.25,17.0,3.7777777777777777
2025-08-14 08:00:00,"Aug 14, 2025 9:00 AM",4036.53,1998.59,1643.22,1942.63,16046.6,103.99,0,7491.0,4788.5,7105.0,823.75,1329.25,2025-08-14 08:00:00,20.225,21.75,6.5,14.2,137.25,75.25,62.0,3.944444444444444
2025-08-14 09:00:00,"Aug 14, 2025 10:00 AM",3743.5,1802.22,1645.43,750.35,26476.79,102.8,0,6651.25,3911.75,4967.0,254.5,1348.5,2025-08-14 09:00:00,22.775,34.75,6.1,13.975,292.0,213.25,78.75,3.881944444444444
2025-08-14 10:00:00,"Aug 14, 2025 11:00 AM",3554.19,1854.02,1715.29,728.57,34790.07,101.74,0,6127.25,2570.0,3804.5,218.25,1338.25,2025-08-14 10:00:00,25.05,47.25,5.875,9.825,427.5,312.75,114.75,2.7291666666666665
2025-08-14 11:00:00,"Aug 14, 2025 12:00 PM",3392.39,1736.03,2270.86,1067.79,40387.77,100.97,0,5473.75,1998.75,3326.5,30.75,1313.0,2025-08-14 11:00:00,27.3,3.25,4.275,6.225,580.5,475.25,105.25,1.7291666666666665
2025-08-14 12:00:00,"Aug 14, 2025 1:00 PM",3285.8,1634.76,1560.68,2360.6,43598.08,101.88,0,4868.5,1892.25,3118.25,31.75,1290.25,2025-08-14 12:00:00,29.4,22.0,4.375,6.2749999999999995,691.5,594.25,97.25,1.7430555555555554
2025-08-14 13:00:00,"Aug 14, 2025 2:00 PM",3246.44,1659.81,1911.52,2068.31,44118.47,97.43,0,4321.0,1712.0,3073.0,60.5,1315.25,2025-08-14 13:00:00,31.0,21.0,5.375,7.3500000000000005,743.75,628.75,115.0,2.041666666666667
2025-08-14 14:00:00,"Aug 14, 2025 3:00 PM",3231.26,1807.03,2030.44,1128.45,42018.25,85.76,0,4636.75,1770.5,2875.25,152.75,1349.25,2025-08-14 14:00:00,32.275,40.75,6.375,8.6,766.0,658.75,107.25,2.388888888888889
2025-08-14 15:00:00,"Aug 14, 2025 4:00 PM",3240.75,1857.39,1912.85,623.18,37473.27,85.37,0,5637.5,2327.25,3125.25,108.25,1331.5,2025-08-14 15:00:00,32.925,52.5,7.0,9.55,658.5,493.75,164.75,2.652777777777778
2025-08-14 16:00:00,"Aug 14, 2025 5:00 PM",3319.89,1834.77,1951.85,395.64,30337.36,85.05,0,6650.0,3630.75,3985.0,227.5,1352.0,2025-08-14 16:00:00,33.175,52.0,5.449999999999999,7.550000000000001,576.25,421.0,155.25,2.0972222222222223
2025-08-14 17:00:00,"Aug 14, 2025 6:00 PM",3521.5,2044.44,1770.06,421.81,21728.76,84.88,0,7499.5,4798.5,6478.5,967.25,1386.25,2025-08-14 17:00:00,33.0,55.75,7.6000000000000005,10.75,477.75,332.75,145.0,2.986111111111111
2025-08-14 18:00:00,"Aug 14, 2025 7:00 PM",3898.19,2041.06,1395.16,618.05,11736.79,85.15,0,8354.25,5264.5,8625.5,2418.0,1383.5,2025-08-14 18:00:00,32.35,59.75,8.1,11.700000000000001,353.5,234.25,119.25,3.25
2025-08-14 19:00:00,"Aug 14, 2025 8:00 PM",4242.2,2405.03,999.42,1258.84,3935.1,85.97,0,8421.75,5408.75,9812.25,5191.0,1469.25,2025-08-14 19:00:00,31.3,47.75,7.675,12.175,218.75,126.0,92.75,3.3819444444444446
2025-08-14 20:00:00,"Aug 14, 2025 9:00 PM",4377.85,2457.93,872.52,2213.91,483.09,86.52,0,8483.75,5389.25,9995.0,5448.0,1515.75,2025-08-14 20:00:00,29.7,65.25,6.65,13.899999999999999,94.0,44.0,50.0,3.8611111111111107
2025-08-14 21:00:00,"Aug 14, 2025 10:00 PM",4325.78,2307.05,926.21,3202.04,45.03,89.05,0,8509.5,5372.75,9633.5,4360.75,1466.25,2025-08-14 21:00:00,28.15,46.5,6.275,14.925,10.0,2.75,7.25,4.145833333333333
2025-08-14 22:00:00,"Aug 14, 2025 11:00 PM",4129.04,2107.9,1111.26,4505.89,15.62,90.1,0,8524.25,5247.25,9307.75,2887.25,1482.25,2025-08-14 22:00:00,26.799999999999997,44.5,4.85,13.1,0.0,0.0,0.0,3.638888888888889
2025-08-14 23:00:00,"Aug 15, 2025 12:00 AM",3945.51,1748.1,1257.87,5123.24,7.24,90.63,0,8550.0,4876.0,8993.75,615.0,1497.25,2025-08-14 23:00:00,25.825,54.75,3.875,10.149999999999999,0.0,0.0,0.0,2.819444444444444
2025-08-15 00:00:00,"Aug 15, 2025 1:00 AM",3763.66,1638.56,1430.12,4977.78,7.69,98.36,0,8114.5,4707.5,7372.75,420.5,1449.5,2025-08-15 00:00:00,25.225,38.25,3.9999999999999996,8.2,0.0,0.0,0.0,2.2777777777777777
2025-08-15 01:00:00,"Aug 15, 2025 2:00 AM",3721.11,1627.56,1478.7,4579.48,8.32,91.03,0,7611.0,4685.75,5664.0,326.5,1425.25,2025-08-15 01:00:00,24.2,41.5,4.85,10.725000000000001,0.0,0.0,0.0,2.979166666666667
2025-08-15 02:00:00,"Aug 15, 2025 3:00 AM",3687.99,1665.85,1741.02,4367.07,9.86,91.2,0,7502.75,4716.75,4769.25,360.0,1412.5,2025-08-15 02:00:00,23.425,36.25,6.225,13.55,0.0,0.0,0.0,3.763888888888889
2025-08-15 03:00:00,"Aug 15, 2025 4:00 AM",3652.27,1581.24,1681.42,4198.68,5.78,91.66,0,7264.25,4633.0,4616.25,107.0,1404.0,2025-08-15 03:00:00,22.3,27.5,5.05,12.175,0.0,0.0,0.0,3.3819444444444446
2025-08-15 04:00:00,"Aug 15, 2025 5:00 AM",3710.53,1638.51,1594.58,4831.92,7.06,92.09,0,7534.5,4603.75,4645.5,158.0,1404.0,2025-08-15 04:00:00,21.325,51.0,5.2,11.525,0.0,0.0,0.0,3.201388888888889
2025-08-15 05:00:00,"Aug 15, 2025 6:00 AM",3868.72,1639.39,1335.71,5021.79,16.03,91.11,0,8400.75,4706.75,4813.75,259.75,1408.25,2025-08-15 05:00:00,20.525,8.0,5.0,11.45,0.0,0.0,0.0,3.1805555555555554
2025-08-15 06:00:00,"Aug 15, 2025 7:00 AM",3986.54,1703.61,1299.47,5288.16,915.51,92.2,0,8595.75,4744.5,5071.0,1083.75,1463.5,2025-08-15 06:00:00,19.875,12.25,6.025,12.2,0.0,0.0,0.0,3.3888888888888884
2025-08-15 07:00:00,"Aug 15, 2025 8:00 AM",4043.38,1798.72,1289.62,4579.18,5779.89,91.68,0,8577.0,4674.25,5010.0,1189.5,1384.5,2025-08-15 07:00:00,20.2,28.25,7.625,13.425,28.25,11.75,16.5,3.729166666666667
2025-08-15 08:00:00,"Aug 15, 2025 9:00 AM",3869.95,2132.58,910.86,3369.51,15032.73,98.3,0,7537.5,3113.0,4112.5,1444.0,1364.75,2025-08-15 08:00:00,21.65,25.5,5.0,11.25,139.25,83.75,55.5,3.125
2025-08-15 09:00:00,"Aug 15, 2025 10:00 AM",3690.38,2068.18,722.79,2499.24,25899.81,105.23,0,6050.0,1230.25,3326.75,1221.25,1447.0,2025-08-15 09:00:00,23.775,25.75,3.5,6.175,289.25,211.5,77.75,1.7152777777777777
2025-08-15 10:00:00,"Aug 15, 2025 11:00 AM",3414.94,1674.55,1115.34,2549.45,35562.36,104.24,0,4417.25,601.75,2585.0,191.25,1381.75,2025-08-15 10:00:00,25.825,24.25,4.65,6.775,441.0,347.5,93.5,1.8819444444444444
2025-08-15 11:00:00,"Aug 15, 2025 12:00 PM",3248.41,1575.91,1278.96,3144.83,42640.86,100.33,0,3353.25,618.5,1925.25,29.5,1393.25,2025-08-15 11:00:00,27.7,4.25,5.675,7.950000000000001,576.75,476.75,100.0,2.2083333333333335
2025-08-15 12:00:00,"Aug 15, 2025 1:00 PM",3113.98,1593.01,1333.17,4000.06,45747.14,96.39,0,3301.0,622.5,1744.75,45.5,1391.5,2025-08-15 12:00:00,29.275,11.0,6.25,8.625,682.25,581.5,100.75,2.3958333333333335
2025-08-15 13:00:00,"Aug 15, 2025 2:00 PM",3092.56,1608.7,1790.7,5097.6,45626.74,95.42,0,3268.0,672.75,1747.0,85.75,1424.25,2025-08-15 13:00:00,30.450000000000003,19.0,7.300000000000001,10.025,732.0,623.25,108.75,2.7847222222222223
2025-08-15 14:00:00,"Aug 15, 2025 3:00 PM",3127.33,1556.72,2670.14,6515.36,42264.15,93.51,0,3305.0,737.75,1743.0,54.25,1405.5,2025-08-15 14:00:00,30.875,30.5,9.05,12.575,741.5,630.0,111.5,3.4930555555555554
2025-08-15 15:00:00,"Aug 15, 2025 4:00 PM",3173.86,1613.88,3283.8,8374.63,36598.11,93.32,0,3712.75,830.0,1741.0,41.25,1377.25,2025-08-15 15:00:00,30.8,45.0,10.399999999999999,14.3,639.5,501.0,138.5,3.9722222222222223
2025-08-15 16:00:00,"Aug 15, 2025 5:00 PM",3280.95,1674.61,2885.83,10141.66,28941.69,93.64,0,4065.25,893.5,1800.75,86.75,1389.0,2025-08-15 16:00:00,29.85,52.25,11.175,15.475,539.5,387.75,151.75,4.298611111111111
2025-08-15 17:00:00,"Aug 15, 2025 6:00 PM",3444.88,1777.23,2496.77,11042.17,19819.07,93.37,0,5641.75,1521.5,2249.0,623.75,1388.75,2025-08-15 17:00:00,29.525,74.0,11.425,16.4,414.25,270.75,143.5,4.555555555555555
2025-08-15 18:00:00,"Aug 15, 2025 7:00 PM",3805.62,1867.41,2038.68,11451.8,10666.81,93.35,0,6539.5,2260.25,4140.25,2602.75,1373.0,2025-08-15 18:00:00,28.925,78.5,11.475,16.650000000000002,320.75,187.0,133.75,4.625000000000001
2025-08-15 19:00:00,"Aug 15, 2025 8:00 PM",4142.03,1969.15,1927.79,10999.48,3672.35,93.93,0,7215.75,2566.75,4963.25,4327.75,1376.5,2025-08-15 19:00:00,28.0,61.75,10.05,15.525,198.5,108.25,90.25,4.3125
2025-08-15 20:00:00,"Aug 15, 2025 9:00 PM",4228.79,2101.13,2034.15,10490.76,462.54,94.55,0,7226.0,2570.0,5161.5,5536.0,1395.0,2025-08-15 20:00:00,26.55,39.0,9.925,17.325,90.25,44.0,46.25,4.8125
2025-08-15 21:00:00,"Aug 15, 2025 10:00 PM",4215.83,1946.14,2431.77,11056.15,41.47,96.3,0,7283.75,2528.25,5184.75,4240.5,1386.0,2025-08-15 21:00:00,25.0,72.75,9.675,17.5,9.25,3.0,6.25,4.861111111111111
2025-08-15 22:00:00,"Aug 15, 2025 11:00 PM",4054.24,1781.66,2681.18,11448.13,15.22,97.95,0,7086.0,2384.75,5116.75,2872.5,1375.0,2025-08-15 22:00:00,24.075,55.25,11.625,19.875,0.0,0.0,0.0,5.520833333333333
2025-08-15 23:00:00,"Aug 16, 2025 12:00 AM",3887.03,1720.57,3187.65,10952.38,11.46,101.22,0,6525.5,2257.25,4865.25,1870.25,1343.25,2025-08-15 23:00:00,22.2,49.0,14.0,24.75,0.0,0.0,0.0,6.875
2025-08-16 00:00:00,"Aug 16, 2025 1:00 AM",3753.88,1671.34,3752.84,10020.42,20.5,92.54,0,6365.75,2167.0,3691.5,1037.0,1384.5,2025-08-16 00:00:00,21.325,49.5,10.925,20.05,0.0,0.0,0.0,5.569444444444445
2025-08-16 01:00:00,"Aug 16, 2025 2:00 AM",3684.95,1495.66,4169.22,9241.78,9.54,100.65,0,6268.5,2071.75,2565.0,424.75,1412.75,2025-08-16 01:00:00,20.55,51.0,13.225,24.675,0.0,0.0,0.0,6.854166666666667
2025-08-16 02:00:00,"Aug 16, 2025 3:00 AM",3618.94,1517.57,3762.69,9016.69,6.45,100.7,0,6212.5,1644.75,2289.5,179.25,1394.5,2025-08-16 02:00:00,20.05,50.0,11.15,21.45,0.0,0.0,0.0,5.958333333333333
2025-08-16 03:00:00,"Aug 16, 2025 4:00 AM",3569.3,1440.96,4449.13,8969.79,7.62,101.06,0,6058.5,1083.25,2278.5,102.75,1423.0,2025-08-16 03:00:00,19.9,53.0,9.325,17.45,0.0,0.0,0.0,4.847222222222222
2025-08-16 04:00:00,"Aug 16, 2025 5:00 AM",3607.6,1449.12,4905.02,8743.49,5.96,102.15,0,6045.25,959.0,2262.75,58.25,1412.75,2025-08-16 04:00:00,19.475,47.75,11.475,21.85,0.0,0.0,0.0,6.069444444444445
2025-08-16 05:00:00,"Aug 16, 2025 6:00 AM",3756.22,1544.49,4831.48,8647.33,11.83,100.97,0,6101.25,963.25,2266.5,192.75,1420.0,2025-08-16 05:00:00,18.95,52.0,10.175,19.575,0.0,0.0,0.0,5.4375
2025-08-16 06:00:00,"Aug 16, 2025 7:00 AM",3897.44,1536.27,4988.32,8891.32,554.85,102.27,0,6067.5,965.25,2282.5,101.0,1436.5,2025-08-16 06:00:00,18.35,58.5,10.85,20.025,0.0,0.0,0.0,5.562499999999999
2025-08-16 07:00:00,"Aug 16, 2025 8:00 AM",3897.57,1626.84,4556.89,8243.21,3419.67,102.42,0,5930.75,808.75,2283.75,480.5,1469.25,2025-08-16 07:00:00,18.35,75.25,11.825,20.1,19.5,4.5,15.0,5.583333333333334
2025-08-16 08:00:00,"Aug 16, 2025 9:00 AM",3769.3,1699.14,4098.23,7520.43,8488.53,102.19,0,6087.25,496.5,2030.0,914.75,1403.25,2025-08-16 08:00:00,18.95,75.0,9.625,17.925,88.25,27.5,60.75,4.979166666666667
2025-08-16 09:00:00,"Aug 16, 2025 10:00 AM",3660.31,1678.8,3990.31,7974.75,14277.66,101.87,0,5683.5,262.0,1677.25,614.0,1379.75,2025-08-16 09:00:00,20.0,75.0,9.9,14.875,199.5,79.75,119.75,4.131944444444445
2025-08-16 10:00:00,"Aug 16, 2025 11:00 AM",3500.69,1716.27,3701.55,8528.42,20389.34,101.15,0,4288.0,238.0,1361.25,301.5,1443.5,2025-08-16 10:00:00,21.175,73.5,9.425,13.575,308.0,138.75,169.25,3.770833333333333
2025-08-16 11:00:00,"Aug 16, 2025 12:00 PM",3388.85,1586.76,3827.59,9032.47,25791.35,104.71,0,3574.75,241.5,1358.25,46.0,1427.75,2025-08-16 11:00:00,22.375,55.25,9.850000000000001,14.024999999999999,454.25,283.5,170.75,3.895833333333333
2025-08-16 12:00:00,"Aug 16, 2025 1:00 PM",3308.43,1678.44,3771.55,9582.3,30563.27,104.12,0,3437.25,217.5,1372.0,154.75,1432.75,2025-08-16 12:00:00,23.475,36.0,10.775,15.274999999999999,589.75,386.75,203.0,4.243055555555555
2025-08-16 13:00:00,"Aug 16, 2025 2:00 PM",3289.97,1606.0,3911.08,10400.4,33341.64,103.69,0,3454.5,210.25,1387.75,34.25,1450.75,2025-08-16 13:00:00,24.325,46.25,11.575,16.375,689.75,508.25,181.5,4.548611111111111
2025-08-16 14:00:00,"Aug 16, 2025 3:00 PM",3275.32,1654.38,3874.82,11657.75,34528.3,103.42,0,3429.5,220.0,1373.0,21.25,1472.25,2025-08-16 14:00:00,24.975,45.75,12.275,17.375,667.0,463.5,203.5,4.826388888888888
2025-08-16 15:00:00,"Aug 16, 2025 4:00 PM",3297.89,1636.21,4360.14,13155.1,32744.13,103.07,0,3440.25,223.25,1365.5,20.5,1492.5,2025-08-16 15:00:00,23.425,47.5,13.075,18.575,585.5,359.0,226.5,5.159722222222222
2025-08-16 16:00:00,"Aug 16, 2025 5:00 PM",3392.97,1598.11,4468.98,14370.81,27527.16,103.11,0,3429.75,244.75,1362.75,42.0,1499.5,2025-08-16 16:00:00,23.7,48.25,13.625,19.4,557.0,357.0,200.0,5.388888888888888
2025-08-16 17:00:00,"Aug 16, 2025 6:00 PM",3559.41,1594.18,4393.95,15338.17,19586.15,103.37,0,4596.0,279.0,1364.25,89.5,1501.5,2025-08-16 17:00:00,23.450000000000003,34.5,14.775,21.4,472.75,312.25,160.5,5.944444444444444
2025-08-16 18:00:00,"Aug 16, 2025 7:00 PM",3876.31,1782.76,4573.96,15979.39,10574.95,103.9,0,5736.25,300.25,1734.75,1319.75,1487.0,2025-08-16 18:00:00,22.9,31.5,13.8,20.275,325.75,199.75,126.0,5.631944444444444
2025-08-16 19:00:00,"Aug 16, 2025 8:00 PM",4240.19,1772.63,5018.9,15091.24,3446.86,104.24,0,6552.25,309.75,2412.5,3552.0,1511.5,2025-08-16 19:00:00,22.2,34.25,13.05,19.575000000000003,217.5,136.75,80.75,5.437500000000001
2025-08-16 20:00:00,"Aug 16, 2025 9:00 PM",4365.76,1875.33,5036.03,13553.89,370.57,101.19,0,6625.5,302.75,2532.25,4603.25,1519.5,2025-08-16 20:00:00,21.325,41.75,12.4,20.475,85.0,39.5,45.5,5.6875
2025-08-16 21:00:00,"Aug 16, 2025 10:00 PM",4350.91,1859.49,5214.05,12868.48,58.34,101.7,0,6628.5,288.5,2594.75,4919.0,1500.0,2025-08-16 21:00:00,19.95,37.0,11.725,20.475,8.5,2.25,6.25,5.6875
2025-08-16 22:00:00,"Aug 16, 2025 11:00 PM",4221.3,1804.62,5306.81,12422.01,30.47,102.4,0,6639.5,266.0,2595.75,4201.75,1432.25,2025-08-16 22:00:00,18.8,47.5,11.425,19.625,0.0,0.0,0.0,5.451388888888888
2025-08-16 23:00:00,"Aug 17, 2025 12:00 AM",4047.34,1589.65,4993.69,11454.56,14.15,103.08,0,6398.0,252.75,2534.25,2717.75,1414.0,2025-08-16 23:00:00,18.025,51.0,11.175,19.85,0.0,0.0,0.0,5.513888888888889
2025-08-17 00:00:00,"Aug 17, 2025 1:00 AM",3886.57,1609.68,4707.39,10890.0,14.88,102.51,0,6342.75,233.5,2415.0,930.5,1430.25,2025-08-17 00:00:00,17.525,53.5,9.375,17.225,0.0,0.0,0.0,4.784722222222222
2025-08-17 01:00:00,"Aug 17, 2025 2:00 AM",3772.11,1508.75,4641.44,10234.48,9.55,102.95,0,6261.25,219.25,2563.25,156.5,1444.0,2025-08-17 01:00:00,17.1,52.0,8.8,16.025,0.0,0.0,0.0,4.451388888888888
2025-08-17 02:00:00,"Aug 17, 2025 3:00 AM",3703.36,1510.66,4180.11,9444.69,7.67,103.27,0,5958.75,214.5,2234.75,91.75,1443.5,2025-08-17 02:00:00,16.8,52.0,9.05,16.95,0.0,0.0,0.0,4.708333333333333
2025-08-17 03:00:00,"Aug 17, 2025 4:00 AM",3691.9,1525.03,3848.86,8544.09,8.9,103.36,0,6154.75,222.5,2228.75,125.75,1454.5,2025-08-17 03:00:00,15.725,53.0,10.025,18.825,0.0,0.0,0.0,5.229166666666666
2025-08-17 04:00:00,"Aug 17, 2025 5:00 AM",3727.71,1544.56,3809.73,7378.32,10.94,106.11,0,6022.5,229.75,2202.5,152.25,1456.25,2025-08-17 04:00:00,15.325,51.0,9.05,17.025,0.0,0.0,0.0,4.729166666666666
2025-08-17 05:00:00,"Aug 17, 2025 6:00 AM",3850.85,1560.02,3873.81,6555.45,17.89,107.38,0,6327.5,232.5,2178.25,255.75,1443.5,2025-08-17 05:00:00,14.875,51.75,9.55,18.1,0.0,0.0,0.0,5.027777777777778
2025-08-17 06:00:00,"Aug 17, 2025 7:00 AM",3947.77,1534.11,3724.38,6218.47,679.7,108.54,0,6385.0,224.5,2211.5,424.75,1410.0,2025-08-17 06:00:00,14.65,52.75,9.399999999999999,17.225,0.0,0.0,0.0,4.784722222222222
2025-08-17 07:00:00,"Aug 17, 2025 8:00 AM",3894.42,1548.34,3490.88,4976.4,4743.59,108.51,0,5990.5,219.75,2120.75,212.75,1425.25,2025-08-17 07:00:00,14.525,37.75,9.225,16.6,18.5,6.5,12.0,4.611111111111112
2025-08-17 08:00:00,"Aug 17, 2025 9:00 AM",3766.34,1642.79,2935.7,3237.46,12233.97,106.51,0,5165.0,233.25,1681.0,271.5,1443.75,2025-08-17 08:00:00,15.0,18.0,8.15,12.75,107.5,57.25,50.25,3.5416666666666665
2025-08-17 09:00:00,"Aug 17, 2025 10:00 AM",3644.41,1531.77,2499.96,2976.79,21116.2,101.43,0,4317.25,224.5,1490.0,101.5,1408.75,2025-08-17 09:00:00,16.075,32.5,9.15,13.05,267.5,185.0,82.5,3.625
2025-08-17 10:00:00,"Aug 17, 2025 11:00 AM",3515.24,1591.93,1983.23,2584.54,28514.17,100.69,0,3528.5,195.25,1418.25,77.75,1402.75,2025-08-17 10:00:00,17.4,53.0,8.475,11.9,396.5,277.25,119.25,3.3055555555555554
2025-08-17 11:00:00,"Aug 17, 2025 12:00 PM",3414.71,1558.87,1252.97,2284.38,33791.16,100.1,0,3470.25,172.25,1414.0,56.25,1416.25,2025-08-17 11:00:00,18.6,72.25,8.675,12.125,479.25,328.0,151.25,3.3680555555555554
2025-08-17 12:00:00,"Aug 17, 2025 1:00 PM",3357.3,1630.11,1015.78,2512.09,35690.43,99.75,0,3493.75,154.5,1412.75,50.25,1382.75,2025-08-17 12:00:00,19.8,70.75,8.475000000000001,11.7,564.75,380.25,184.5,3.2499999999999996
2025-08-17 13:00:00,"Aug 17, 2025 2:00 PM",3341.04,1628.41,668.4,2723.62,37114.32,99.28,0,3492.75,145.75,1409.5,45.5,1380.25,2025-08-17 13:00:00,21.075,55.0,8.2,11.225,669.25,487.5,181.75,3.1180555555555554
2025-08-17 14:00:00,"Aug 17, 2025 3:00 PM",3307.99,1634.01,926.64,2622.55,36775.08,98.99,0,3472.0,135.5,1410.75,65.0,1401.5,2025-08-17 14:00:00,21.825,41.0,8.075,11.2,672.75,483.25,189.5,3.1111111111111107
2025-08-17 15:00:00,"Aug 17, 2025 4:00 PM",3347.37,1666.21,926.02,2814.63,35772.53,99.08,0,3473.0,200.75,1480.25,70.75,1414.25,2025-08-17 15:00:00,22.35,79.5,8.175,11.5,575.0,385.25,189.75,3.194444444444444
2025-08-17 16:00:00,"Aug 17, 2025 5:00 PM",3476.67,1608.28,858.38,3065.31,30358.1,98.81,0,3613.0,813.0,1446.0,71.75,1462.5,2025-08-17 16:00:00,22.9,56.5,9.175,12.75,549.0,369.25,179.75,3.5416666666666665
2025-08-17 17:00:00,"Aug 17, 2025 6:00 PM",3669.39,1693.26,704.69,3419.16,22322.41,98.46,0,5349.25,1690.5,2107.75,232.75,1399.75,2025-08-17 17:00:00,23.05,48.75,8.675,12.25,439.25,278.25,161.0,3.4027777777777777
2025-08-17 18:00:00,"Aug 17, 2025 7:00 PM",3992.18,1771.95,554.48,3751.33,12139.01,98.53,0,6739.75,2281.0,3875.75,1344.25,1412.0,2025-08-17 18:00:00,22.85,73.5,10.375,14.625,346.0,229.5,116.5,4.0625
2025-08-17 19:00:00,"Aug 17, 2025 8:00 PM",4276.92,1948.13,488.06,3789.25,3719.58,99.06,0,7547.0,2917.75,5749.5,3971.25,1435.25,2025-08-17 19:00:00,21.925,47.5,10.524999999999999,16.1,212.0,127.5,84.5,4.472222222222222
2025-08-17 20:00:00,"Aug 17, 2025 9:00 PM",4361.03,2014.52,514.3,3768.14,329.63,102.84,0,8544.75,3395.5,6142.0,4174.0,1472.5,2025-08-17 20:00:00,20.625,44.75,7.65,14.3,84.75,38.5,46.25,3.9722222222222223
2025-08-17 21:00:00,"Aug 17, 2025 10:00 PM",4364.74,2088.72,485.99,4059.59,38.37,105.82,0,8593.5,3382.0,6214.5,4151.0,1450.25,2025-08-17 21:00:00,19.4,38.0,7.925,16.025,7.5,1.75,5.75,4.451388888888888
2025-08-17 22:00:00,"Aug 17, 2025 11:00 PM",4213.12,1960.14,422.83,4465.04,18.33,106.69,0,8630.25,3158.25,6091.0,2675.5,1410.75,2025-08-17 22:00:00,18.65,46.0,7.775,15.675,0.0,0.0,0.0,4.354166666666667
2025-08-17 23:00:00,"Aug 18, 2025 12:00 AM",4002.57,1665.18,352.24,4178.29,10.4,107.09,0,8009.5,3113.75,5990.5,601.5,1449.0,2025-08-17 23:00:00,17.7,54.5,6.7,14.95,0.0,0.0,0.0,4.152777777777778
2025-08-18 00:00:00,"Aug 18, 2025 1:00 AM",3764.87,1492.88,268.18,3499.85,9.72,105.36,0,7819.5,3060.5,5322.75,251.0,1411.0,2025-08-18 00:00:00,16.775,57.75,4.775,12.600000000000001,0.0,0.0,0.0,3.5000000000000004
2025-08-18 01:00:00,"Aug 18, 2025 2:00 AM",3680.47,1495.01,164.34,2861.07,7.8,105.91,0,7667.0,3035.5,5339.0,260.75,1424.25,2025-08-18 01:00:00,16.175,22.0,3.95,10.775,0.0,0.0,0.0,2.993055555555556
2025-08-18 02:00:00,"Aug 18, 2025 3:00 AM",3637.54,1518.81,105.22,2427.71,7.62,106.35,0,7627.25,3029.75,5199.5,171.5,1433.5,2025-08-18 02:00:00,15.625,21.75,5.35,11.600000000000001,0.0,0.0,0.0,3.2222222222222223
2025-08-18 03:00:00,"Aug 18, 2025 4:00 AM",3640.95,1504.48,63.79,2178.3,7.41,106.74,0,7641.5,2852.5,5362.75,119.5,1462.0,2025-08-18 03:00:00,14.075,7.25,4.825,10.8,0.0,0.0,0.0,3.0
2025-08-18 04:00:00,"Aug 18, 2025 5:00 AM",3712.25,1507.26,55.98,2019.92,13.9,109.73,0,7658.0,3061.0,5548.25,171.0,1474.75,2025-08-18 04:00:00,13.525,1.75,4.8,11.35,0.0,0.0,0.0,3.1527777777777777
2025-08-18 05:00:00,"Aug 18, 2025 6:00 AM",3886.66,1621.0,72.7,2008.85,15.65,111.4,0,8088.75,3218.5,6306.25,757.5,1471.75,2025-08-18 05:00:00,13.075,3.75,5.025,12.225,0.0,0.0,0.0,3.395833333333333
2025-08-18 06:00:00,"Aug 18, 2025 7:00 AM",4170.01,1885.69,81.55,2122.93,855.45,112.74,0,8751.25,3517.0,6920.0,3688.5,1470.0,2025-08-18 06:00:00,12.575,0.0,5.225,13.125,0.0,0.0,0.0,3.645833333333333
2025-08-18 07:00:00,"Aug 18, 2025 8:00 AM",4228.61,2102.62,65.48,1975.03,6533.42,112.5,0,8702.25,3528.0,6966.25,4573.75,1468.75,2025-08-18 07:00:00,12.975,0.0,5.6000000000000005,12.7,24.25,11.0,13.25,3.5277777777777777
2025-08-18 08:00:00,"Aug 18, 2025 9:00 AM",4023.82,1713.92,53.99,1209.43,17577.36,111.21,0,8622.25,3231.5,6249.25,1546.25,1461.75,2025-08-18 08:00:00,14.4,0.0,4.324999999999999,11.225,139.25,90.25,49.0,3.1180555555555554
2025-08-18 09:00:00,"Aug 18, 2025 10:00 AM",3749.65,1704.24,54.19,827.68,30033.09,109.98,0,7435.25,2037.25,4128.0,233.75,1437.5,2025-08-18 09:00:00,16.4,0.75,4.25,6.875,294.75,224.0,70.75,1.909722222222222
2025-08-18 10:00:00,"Aug 18, 2025 11:00 AM",3544.79,1608.74,34.22,1138.16,39991.14,109.19,0,6214.25,1440.5,2048.5,34.5,1445.0,2025-08-18 10:00:00,18.35,5.0,5.1,7.125,451.0,366.25,84.75,1.9791666666666665
2025-08-18 11:00:00,"Aug 18, 2025 12:00 PM",3432.23,1609.0,47.73,1395.67,46313.64,108.48,0,4688.0,1222.5,1686.5,58.75,1445.75,2025-08-18 11:00:00,20.05,1.75,5.7,7.85,587.0,493.25,93.75,2.1805555555555554
2025-08-18 12:00:00,"Aug 18, 2025 1:00 PM",3312.33,1559.83,25.95,1592.12,49528.05,108.67,0,4366.0,1139.5,1599.5,80.25,1482.0,2025-08-18 12:00:00,21.575,5.0,6.1000000000000005,8.425,691.5,592.25,99.25,2.340277777777778
2025-08-18 13:00:00,"Aug 18, 2025 2:00 PM",3262.75,1550.72,11.57,1643.73,49712.48,109.37,0,4413.75,1170.75,1560.25,70.75,1468.25,2025-08-18 13:00:00,22.775,11.75,6.8,9.35,752.5,648.0,104.5,2.597222222222222
2025-08-18 14:00:00,"Aug 18, 2025 3:00 PM",3274.15,1563.52,16.8,1716.15,47820.3,109.19,0,4489.75,1015.0,1661.25,42.5,1458.75,2025-08-18 14:00:00,23.85,25.5,7.925,10.725,756.5,640.75,115.75,2.9791666666666665
2025-08-18 15:00:00,"Aug 18, 2025 4:00 PM",3328.25,1588.73,26.25,1917.32,43082.43,109.03,0,5230.0,1127.5,1790.0,131.25,1443.75,2025-08-18 15:00:00,24.4,26.5,8.35,11.35,694.25,552.75,141.5,3.1527777777777777
2025-08-18 16:00:00,"Aug 18, 2025 5:00 PM",3447.6,1718.01,77.51,2037.6,35564.96,107.89,0,6556.5,1790.25,2280.5,124.75,1419.25,2025-08-18 16:00:00,24.55,25.5,9.175,12.525,613.0,473.75,139.25,3.4791666666666665
2025-08-18 17:00:00,"Aug 18, 2025 6:00 PM",3642.73,1818.6,76.46,2078.32,25268.25,104.86,0,7962.0,3290.0,4140.5,250.25,1404.75,2025-08-18 17:00:00,24.425,12.0,9.425,13.05,505.0,391.0,114.0,3.625
2025-08-18 18:00:00,"Aug 18, 2025 7:00 PM",4054.84,1977.62,97.86,2087.05,13468.36,104.95,0,9338.75,4526.5,7437.25,1517.5,1430.25,2025-08-18 18:00:00,24.075,6.5,8.925,12.475,374.5,284.25,90.25,3.4652777777777777
2025-08-18 19:00:00,"Aug 18, 2025 8:00 PM",4354.44,2092.17,90.88,2115.91,3831.57,105.46,0,9672.25,5174.75,9085.5,4556.5,1469.0,2025-08-18 19:00:00,23.5,2.0,7.775,11.65,221.25,152.75,68.5,3.236111111111111
2025-08-18 20:00:00,"Aug 18, 2025 9:00 PM",4436.76,2180.29,77.06,2606.24,324.68,105.84,0,9693.5,5353.5,9511.5,5250.25,1428.25,2025-08-18 20:00:00,22.275,0.75,6.9,12.825,90.25,51.5,38.75,3.5624999999999996
2025-08-18 21:00:00,"Aug 18, 2025 10:00 PM",4368.32,2161.69,111.03,3815.24,52.95,107.95,0,9688.25,5310.5,8612.0,4572.0,1399.0,2025-08-18 21:00:00,20.825,0.25,7.125,15.625,7.25,2.25,5.0,4.340277777777778
2025-08-18 22:00:00,"Aug 18, 2025 11:00 PM",4190.17,1791.7,116.38,5449.49,15.56,109.14,0,9652.25,4822.75,8212.75,2437.75,1420.75,2025-08-18 22:00:00,19.9,0.25,5.475,13.525,0.0,0.0,0.0,3.7569444444444446
2025-08-18 23:00:00,"Aug 19, 2025 12:00 AM",3921.16,1601.5,146.39,6251.91,6.6,110.04,0,9604.75,4719.5,7575.5,648.75,1423.0,2025-08-18 23:00:00,18.825,0.0,6.2749999999999995,14.4,0.0,0.0,0.0,4.0
2025-08-19 00:00:00,"Aug 19, 2025 1:00 AM",3734.64,1584.19,206.85,6118.84,6.69,111.7,0,9421.25,4411.75,6679.25,257.75,1369.0,2025-08-19 00:00:00,17.875,0.0,5.975,14.275,0.0,0.0,0.0,3.9652777777777777
2025-08-19 01:00:00,"Aug 19, 2025 2:00 AM",3659.58,1579.7,257.8,5433.05,7.18,112.47,0,9216.0,3584.75,6553.5,321.0,1357.75,2025-08-19 01:00:00,17.15,0.25,4.925000000000001,12.575,0.0,0.0,0.0,3.4930555555555554
2025-08-19 02:00:00,"Aug 19, 2025 3:00 AM",3651.38,1588.25,299.05,4583.37,6.63,112.96,0,9324.5,3326.75,6705.0,118.5,1352.5,2025-08-19 02:00:00,16.65,0.25,4.675,11.125,0.0,0.0,0.0,3.0902777777777777
2025-08-19 03:00:00,"Aug 19, 2025 4:00 AM",3626.16,1487.2,275.26,3743.85,6.25,113.45,0,9480.75,3321.25,6946.75,138.0,1342.75,2025-08-19 03:00:00,15.275,0.0,4.0,10.05,0.0,0.0,0.0,2.791666666666667
2025-08-19 04:00:00,"Aug 19, 2025 5:00 AM",3697.45,1564.97,284.99,3050.46,13.7,113.56,0,9571.25,3326.75,7041.75,348.0,1399.25,2025-08-19 04:00:00,14.85,0.75,4.35,10.675,0.0,0.0,0.0,2.965277777777778
2025-08-19 05:00:00,"Aug 19, 2025 6:00 AM",3900.52,1882.08,312.84,2734.37,19.72,112.57,0,9021.5,3391.5,7264.5,978.0,1402.25,2025-08-19 05:00:00,14.35,0.5,5.1,12.25,0.0,0.0,0.0,3.4027777777777777
2025-08-19 06:00:00,"Aug 19, 2025 7:00 AM",4119.01,1968.81,447.65,2843.54,776.86,113.45,0,8783.0,3549.75,7560.0,3167.0,1390.75,2025-08-19 06:00:00,13.925,0.0,4.775,12.175,0.0,0.0,0.0,3.3819444444444446
2025-08-19 07:00:00,"Aug 19, 2025 8:00 AM",4090.47,1929.77,624.37,2686.83,6438.72,112.94,0,7778.5,3486.0,7503.75,2777.0,1377.5,2025-08-19 07:00:00,14.175,0.0,5.225,11.575,22.75,10.0,12.75,3.2152777777777777
2025-08-19 08:00:00,"Aug 19, 2025 9:00 AM",3840.8,1718.53,783.17,1889.22,17649.35,108.21,0,7479.75,2865.75,6653.0,1411.0,1364.0,2025-08-19 08:00:00,15.725,0.0,4.7,10.975,135.5,88.25,47.25,3.0486111111111107
2025-08-19 09:00:00,"Aug 19, 2025 10:00 AM",3591.74,1702.06,859.46,1171.31,29829.06,103.54,0,5859.75,1613.25,3626.5,339.0,1344.0,2025-08-19 09:00:00,17.925,0.0,4.05,7.199999999999999,290.25,221.75,68.5,1.9999999999999998
2025-08-19 10:00:00,"Aug 19, 2025 11:00 AM",3408.35,1681.68,840.16,1330.35,38585.53,102.38,0,4849.5,1000.5,2246.25,123.25,1364.75,2025-08-19 10:00:00,20.2,0.0,4.975,7.0,446.5,363.75,82.75,1.9444444444444444
2025-08-19 11:00:00,"Aug 19, 2025 12:00 PM",3280.73,1644.08,837.29,1821.6,44986.11,101.68,0,4262.5,940.0,2047.25,23.5,1372.5,2025-08-19 11:00:00,22.2,0.0,5.65,7.65,583.5,492.25,91.25,2.125
2025-08-19 12:00:00,"Aug 19, 2025 1:00 PM",3203.14,1560.86,879.85,2046.2,48482.51,100.87,0,3896.5,844.5,1865.5,1.0,1376.5,2025-08-19 12:00:00,23.8,0.0,5.9,7.8,687.75,591.75,96.0,2.1666666666666665
2025-08-19 13:00:00,"Aug 19, 2025 2:00 PM",3203.66,1554.2,813.35,2037.82,49200.42,100.64,0,4254.5,822.25,1810.0,1.0,1411.25,2025-08-19 13:00:00,24.95,0.0,6.325,8.425,750.75,651.25,99.5,2.340277777777778
2025-08-19 14:00:00,"Aug 19, 2025 3:00 PM",3211.41,1507.65,1354.85,2418.16,47468.6,100.91,0,4263.5,815.0,1731.5,15.25,1427.5,2025-08-19 14:00:00,25.675,0.0,6.775,8.975,766.5,666.25,100.25,2.4930555555555554
2025-08-19 15:00:00,"Aug 19, 2025 4:00 PM",3296.03,1571.78,1931.15,2938.62,42640.68,97.98,0,4408.5,1085.25,1758.0,21.0,1479.75,2025-08-19 15:00:00,26.375,1.75,6.85,9.15,732.5,634.0,98.5,2.5416666666666665
2025-08-19 16:00:00,"Aug 19, 2025 5:00 PM",3382.52,1582.01,2195.11,3526.01,34985.69,95.04,0,4998.0,1381.75,1877.0,28.75,1489.5,2025-08-19 16:00:00,26.475,0.75,7.05,9.575,651.25,553.75,97.5,2.659722222222222
2025-08-19 17:00:00,"Aug 19, 2025 6:00 PM",3576.3,1671.65,2256.95,3990.83,24460.98,94.96,0,7325.75,2827.0,3227.25,161.5,1386.0,2025-08-19 17:00:00,26.35,0.75,7.875,10.6,537.75,449.25,88.5,2.944444444444444
2025-08-19 18:00:00,"Aug 19, 2025 7:00 PM",3985.68,1792.75,2231.85,4375.7,12655.42,96.05,0,9252.25,3863.5,6119.75,1561.0,1368.0,2025-08-19 18:00:00,25.65,0.5,9.05,12.375,393.25,315.75,77.5,3.4375
2025-08-19 19:00:00,"Aug 19, 2025 8:00 PM",4314.57,1953.47,2321.52,4704.38,3354.1,99.77,0,9362.25,4184.5,6784.75,4100.0,1424.0,2025-08-19 19:00:00,24.575000000000003,0.0,10.05,14.25,235.5,173.75,61.75,3.958333333333333
2025-08-19 20:00:00,"Aug 19, 2025 9:00 PM",4379.41,2068.27,2584.81,4739.17,262.64,100.53,0,9393.0,4279.25,6958.25,4903.75,1518.0,2025-08-19 20:00:00,23.075,0.25,9.35,16.325000000000003,88.75,52.5,36.25,4.534722222222223
2025-08-19 21:00:00,"Aug 19, 2025 10:00 PM",4323.24,1904.08,2562.88,4755.66,42.56,98.09,0,9444.25,4270.25,6922.25,4093.75,1447.25,2025-08-19 21:00:00,21.55,10.75,7.5,14.775,6.0,1.75,4.25,4.104166666666667
2025-08-19 22:00:00,"Aug 19, 2025 11:00 PM",4170.3,1713.4,2636.73,4787.35,14.19,99.27,0,9428.0,4173.25,6779.75,2586.75,1388.0,2025-08-19 22:00:00,20.9,39.5,5.6,11.775,0.0,0.0,0.0,3.2708333333333335
2025-08-19 23:00:00,"Aug 20, 2025 12:00 AM",3951.27,1654.96,2466.13,4412.35,13.9,100.0,0,9431.75,4041.0,6583.75,1492.75,1428.0,2025-08-19 23:00:00,20.175,47.25,5.6,11.149999999999999,0.0,0.0,0.0,3.097222222222222
2025-08-20 00:00:00,"Aug 20, 2025 1:00 AM",3772.05,1546.4,2185.4,3896.42,7.89,110.33,0,9185.5,4021.75,6352.0,499.75,1424.25,2025-08-20 00:00:00,19.450000000000003,44.25,5.075,11.25,0.0,0.0,0.0,3.125
2025-08-20 01:00:00,"Aug 20, 2025 2:00 AM",3677.73,1488.19,2204.58,3797.98,6.09,102.63,0,9138.5,4025.5,5798.5,189.75,1408.0,2025-08-20 01:00:00,18.875,46.25,5.95,11.975,0.0,0.0,0.0,3.326388888888889
2025-08-20 02:00:00,"Aug 20, 2025 3:00 AM",3617.66,1483.83,2396.47,4035.43,6.19,103.03,0,8973.75,3970.75,5318.75,8.5,1397.0,2025-08-20 02:00:00,18.0,12.5,7.35,12.424999999999999,0.0,0.0,0.0,3.4513888888888884
2025-08-20 03:00:00,"Aug 20, 2025 4:00 AM",3598.06,1501.4,2314.5,4110.29,6.13,103.35,0,8760.25,4014.5,5347.75,31.0,1393.25,2025-08-20 03:00:00,16.175,41.0,7.45,14.125,0.0,0.0,0.0,3.923611111111111
2025-08-20 04:00:00,"Aug 20, 2025 5:00 AM",3665.41,1516.91,2538.07,4140.78,10.77,103.56,0,9067.75,4014.25,5335.75,142.5,1428.0,2025-08-20 04:00:00,15.525,28.25,7.300000000000001,15.425,0.0,0.0,0.0,4.284722222222222
2025-08-20 05:00:00,"Aug 20, 2025 6:00 AM",3856.21,1620.16,2738.2,4302.28,8.01,102.24,0,9276.0,4059.25,5586.0,444.0,1417.0,2025-08-20 05:00:00,15.174999999999999,50.75,7.075,14.274999999999999,0.0,0.0,0.0,3.9652777777777772
2025-08-20 06:00:00,"Aug 20, 2025 7:00 AM",4120.75,1880.81,2928.27,4939.39,694.41,103.13,0,9432.75,4119.5,5884.0,2144.5,1393.5,2025-08-20 06:00:00,14.975,47.0,6.65,13.5,0.0,0.0,0.0,3.75
2025-08-20 07:00:00,"Aug 20, 2025 8:00 AM",4128.69,1694.84,3388.85,4604.52,5150.16,102.84,0,9437.5,4268.0,5831.75,1576.75,1416.25,2025-08-20 07:00:00,15.075,51.75,7.95,15.625,18.75,6.75,12.0,4.340277777777778
2025-08-20 08:00:00,"Aug 20, 2025 9:00 AM",3980.38,1829.0,3136.23,3350.14,13148.61,101.01,0,9384.25,3470.0,4400.0,949.5,1443.25,2025-08-20 08:00:00,16.6,43.5,6.35,12.975,122.0,67.25,54.75,3.6041666666666665
2025-08-20 09:00:00,"Aug 20, 2025 10:00 AM",3716.45,1762.64,2933.02,3671.13,21193.74,99.49,0,8729.0,2476.25,2686.5,478.75,1445.25,2025-08-20 09:00:00,18.625,47.75,7.825,12.2,265.25,177.5,87.75,3.3888888888888884
2025-08-20 10:00:00,"Aug 20, 2025 11:00 AM",3504.67,1873.85,1996.51,4795.63,27978.37,98.75,0,7091.25,1444.75,2425.25,281.5,1441.5,2025-08-20 10:00:00,20.5,45.25,8.525,12.15,403.5,289.5,114.0,3.375
2025-08-20 11:00:00,"Aug 20, 2025 12:00 PM",3385.27,1569.74,957.74,5162.97,34300.16,98.18,0,5976.25,1121.0,2246.5,31.75,1445.25,2025-08-20 11:00:00,22.0,56.25,8.225,11.4,500.5,353.25,147.25,3.1666666666666665
2025-08-20 12:00:00,"Aug 20, 2025 1:00 PM",3304.57,1530.92,1449.55,4730.37,38427.6,97.91,0,4528.5,1114.5,1973.25,19.25,1425.0,2025-08-20 12:00:00,23.35,47.0,7.675,10.450000000000001,597.25,435.5,161.75,2.902777777777778
2025-08-20 13:00:00,"Aug 20, 2025 2:00 PM",3278.43,1524.4,1006.82,4492.46,38729.7,97.65,0,4258.25,1010.0,1813.75,15.0,1416.25,2025-08-20 13:00:00,24.575,48.5,8.05,10.899999999999999,640.75,453.75,187.0,3.0277777777777772
2025-08-20 14:00:00,"Aug 20, 2025 3:00 PM",3286.75,1556.22,929.48,5108.27,36809.12,97.55,0,4376.25,1002.25,1793.75,52.25,1416.5,2025-08-20 14:00:00,24.225,69.25,9.100000000000001,12.6,572.75,369.0,203.75,3.5
2025-08-20 15:00:00,"Aug 20, 2025 4:00 PM",3329.49,1740.43,1033.31,5419.79,32411.69,97.54,0,5306.0,1014.5,1824.75,44.0,1410.5,2025-08-20 15:00:00,23.7,84.75,10.025,14.1,468.0,268.25,199.75,3.9166666666666665
2025-08-20 16:00:00,"Aug 20, 2025 5:00 PM",3447.16,1780.44,1157.76,5871.93,25729.21,99.37,0,7412.25,1818.5,2308.25,3.0,1379.25,2025-08-20 16:00:00,23.825,89.25,11.55,16.125,469.75,262.25,207.5,4.479166666666667
2025-08-20 17:00:00,"Aug 20, 2025 6:00 PM",3668.36,1852.39,1482.24,6458.5,17544.96,100.5,0,9043.0,3222.75,4713.0,511.0,1366.25,2025-08-20 17:00:00,23.3,61.25,11.925,16.925,337.5,146.75,190.75,4.701388888888889
2025-08-20 18:00:00,"Aug 20, 2025 7:00 PM",4067.14,2058.53,2031.37,6935.33,9173.74,100.11,0,9361.0,4124.25,6222.0,2360.25,1368.0,2025-08-20 18:00:00,22.675,61.75,11.95,17.325,247.0,121.25,125.75,4.8125
2025-08-20 19:00:00,"Aug 20, 2025 8:00 PM",4304.45,2222.22,2419.02,6882.89,2754.97,103.03,0,9379.5,4244.0,6912.75,3509.0,1373.75,2025-08-20 19:00:00,21.975,65.75,12.35,18.725,136.75,62.75,74.0,5.201388888888889
2025-08-20 20:00:00,"Aug 20, 2025 9:00 PM",4387.0,2359.69,2393.79,7517.72,240.83,103.57,0,9377.5,4298.25,7151.0,4496.5,1391.5,2025-08-20 20:00:00,21.15,77.25,12.4,20.799999999999997,50.75,17.0,33.75,5.777777777777777
2025-08-20 21:00:00,"Aug 20, 2025 10:00 PM",4298.51,2014.2,2287.82,9448.14,36.43,104.86,0,9259.0,4290.0,7426.25,3019.75,1392.5,2025-08-20 21:00:00,19.925,54.0,12.95,22.7,3.75,0.5,3.25,6.305555555555555
2025-08-20 22:00:00,"Aug 20, 2025 11:00 PM",4076.04,1819.35,2048.96,10542.51,7.26,105.4,0,9193.25,4067.0,7465.0,1207.0,1438.5,2025-08-20 22:00:00,18.95,54.0,12.649999999999999,22.75,0.0,0.0,0.0,6.319444444444445
2025-08-20 23:00:00,"Aug 21, 2025 12:00 AM",3875.96,1670.18,1684.06,10303.36,7.46,105.72,0,9085.0,4030.25,7304.75,261.0,1463.75,2025-08-20 23:00:00,18.075,55.0,12.45,22.6,0.0,0.0,0.0,6.277777777777778
2025-08-21 00:00:00,"Aug 21, 2025 1:00 AM",3718.08,1700.15,1392.15,9070.75,7.44,102.83,0,9013.75,4023.75,6582.25,25.25,1452.25,2025-08-21 00:00:00,17.3,69.5,10.075,19.3,0.0,0.0,0.0,5.361111111111112
2025-08-21 01:00:00,"Aug 21, 2025 2:00 AM",3639.58,1661.84,1156.78,7778.64,7.09,102.98,0,8983.25,4049.25,6109.75,9.0,1434.75,2025-08-21 01:00:00,16.775,74.75,9.475,17.900000000000002,0.0,0.0,0.0,4.972222222222222
2025-08-21 02:00:00,"Aug 21, 2025 3:00 AM",3608.21,1637.18,904.66,6393.41,6.53,103.12,0,9024.25,4039.5,6111.25,48.25,1462.75,2025-08-21 02:00:00,16.15,55.75,7.8,15.55,0.0,0.0,0.0,4.319444444444445
2025-08-21 03:00:00,"Aug 21, 2025 4:00 AM",3624.25,1669.27,858.58,4893.14,9.13,103.46,0,9167.0,4035.25,6252.5,127.0,1454.0,2025-08-21 03:00:00,15.175,49.75,7.0,14.875,0.0,0.0,0.0,4.131944444444445
2025-08-21 04:00:00,"Aug 21, 2025 5:00 AM",3704.55,1828.48,1050.55,4029.02,13.34,103.44,0,9243.75,4033.0,6300.5,377.25,1426.75,2025-08-21 04:00:00,14.6,50.0,5.375,12.925,0.0,0.0,0.0,3.5902777777777777
2025-08-21 05:00:00,"Aug 21, 2025 6:00 AM",3890.38,1942.61,1492.26,4131.11,17.48,102.36,0,9374.0,4100.75,6492.75,426.25,1429.75,2025-08-21 05:00:00,14.325,48.75,6.2,12.925,0.0,0.0,0.0,3.5902777777777777
2025-08-21 06:00:00,"Aug 21, 2025 7:00 AM",4130.05,2056.46,1633.84,4735.59,535.67,103.17,0,9469.75,4277.75,6713.25,1921.75,1415.75,2025-08-21 06:00:00,13.875,53.75,6.275,11.9,0.0,0.0,0.0,3.3055555555555554
2025-08-21 07:00:00,"Aug 21, 2025 8:00 AM",4174.98,2124.01,2406.24,4583.01,4310.28,103.66,0,9482.25,4203.5,6757.5,2197.5,1398.0,2025-08-21 07:00:00,13.875,53.0,6.9,13.149999999999999,16.5,6.25,10.25,3.6527777777777772
2025-08-21 08:00:00,"Aug 21, 2025 9:00 AM",4017.96,1843.06,2686.71,3100.64,11907.46,103.14,0,9508.0,3916.0,6643.75,1396.25,1403.25,2025-08-21 08:00:00,14.8,50.5,5.325,12.225,100.75,54.5,46.25,3.395833333333333
2025-08-21 09:00:00,"Aug 21, 2025 10:00 AM",3768.45,1879.63,2800.89,2327.65,21070.24,102.43,0,8839.5,3114.25,5057.0,144.5,1446.25,2025-08-21 09:00:00,16.375,50.25,5.55,9.7,226.0,149.5,76.5,2.694444444444444
2025-08-21 10:00:00,"Aug 21, 2025 11:00 AM",3530.7,1840.52,2409.08,3804.61,29157.13,102.35,0,6675.75,1623.0,2562.75,14.0,1500.75,2025-08-21 10:00:00,18.025,51.75,5.25,7.875,347.0,245.0,102.0,2.1875
2025-08-21 11:00:00,"Aug 21, 2025 12:00 PM",3404.37,1815.23,2830.04,5513.38,34907.27,102.41,0,4507.0,1398.75,2156.75,20.25,1495.0,2025-08-21 11:00:00,19.475,52.0,6.65,9.225,472.0,354.0,118.0,2.5625
2025-08-21 12:00:00,"Aug 21, 2025 1:00 PM",3326.89,1863.03,2797.78,6573.04,36490.15,102.13,0,4043.25,1342.0,2043.0,5.25,1462.75,2025-08-21 12:00:00,20.4,47.75,8.45,11.95,562.0,432.75,129.25,3.319444444444444
2025-08-21 13:00:00,"Aug 21, 2025 2:00 PM",3296.13,1792.45,2862.04,7942.94,35247.41,99.37,0,3920.25,1484.75,1959.25,28.25,1460.75,2025-08-21 13:00:00,21.375,66.75,9.1,12.649999999999999,600.0,455.0,145.0,3.5138888888888884
2025-08-21 14:00:00,"Aug 21, 2025 3:00 PM",3329.37,1814.93,3304.48,9590.44,32114.92,96.99,0,3995.75,1486.75,1947.5,35.25,1514.75,2025-08-21 14:00:00,21.825,73.75,10.575,14.775,577.75,375.5,202.25,4.104166666666667
2025-08-21 15:00:00,"Aug 21, 2025 4:00 PM",3366.63,1959.95,3699.78,11731.33,27658.2,97.03,0,4488.5,1571.5,1943.0,173.5,1533.25,2025-08-21 15:00:00,21.8,49.0,11.45,15.95,525.5,348.5,177.0,4.430555555555555
2025-08-21 16:00:00,"Aug 21, 2025 5:00 PM",3461.99,1804.62,4236.95,13900.0,22541.57,96.96,0,5565.5,1696.0,2290.75,22.25,1541.5,2025-08-21 16:00:00,21.95,52.25,12.325,17.4,485.0,320.5,164.5,4.833333333333333
2025-08-21 17:00:00,"Aug 21, 2025 6:00 PM",3640.9,2034.19,4370.47,15659.54,16081.8,97.09,0,6812.0,1910.0,3377.5,243.5,1550.75,2025-08-21 17:00:00,21.775,47.0,11.825,16.9,378.25,231.75,146.5,4.694444444444444
2025-08-21 18:00:00,"Aug 21, 2025 7:00 PM",4003.08,1998.51,4526.05,17156.97,8396.5,97.38,0,7667.0,2504.5,4802.5,850.75,1539.75,2025-08-21 18:00:00,21.224999999999998,36.75,12.1,17.675,260.5,158.75,101.75,4.909722222222222
2025-08-21 19:00:00,"Aug 21, 2025 8:00 PM",4314.8,2103.64,4591.04,16155.48,2567.21,97.77,0,7810.0,2766.75,5148.0,1942.75,1531.0,2025-08-21 19:00:00,20.2,61.25,13.775,21.1,152.25,84.0,68.25,5.861111111111112
2025-08-21 20:00:00,"Aug 21, 2025 9:00 PM",4405.47,2180.59,4687.01,14891.0,214.34,96.84,0,7818.0,2961.75,5463.25,3530.25,1507.0,2025-08-21 20:00:00,19.175,35.0,11.55,19.025,58.5,27.75,30.75,5.284722222222221
2025-08-21 21:00:00,"Aug 21, 2025 10:00 PM",4365.33,2153.41,4767.25,14740.12,41.77,98.23,0,7833.0,2891.0,5354.25,2657.25,1477.75,2025-08-21 21:00:00,18.075000000000003,34.75,13.0,22.75,3.5,0.75,2.75,6.319444444444445
2025-08-21 22:00:00,"Aug 21, 2025 11:00 PM",4152.27,2079.88,4647.89,14537.09,10.82,98.72,0,8102.0,2235.0,5086.5,1300.25,1454.5,2025-08-21 22:00:00,17.325,32.25,12.175,22.1,0.0,0.0,0.0,6.138888888888889
2025-08-21 23:00:00,"Aug 22, 2025 12:00 AM",3910.59,1993.82,4524.27,13752.91,11.26,99.07,0,8173.75,1606.25,4929.25,319.25,1458.5,2025-08-21 23:00:00,16.65,43.0,11.3,20.925,0.0,0.0,0.0,5.8125
2025-08-22 00:00:00,"Aug 22, 2025 1:00 AM",3734.81,1947.72,4608.83,12596.24,11.73,105.28,0,8089.5,1692.25,4009.25,106.25,1450.0,2025-08-22 00:00:00,16.0,33.5,11.825,21.950000000000003,0.0,0.0,0.0,6.097222222222223
2025-08-22 01:00:00,"Aug 22, 2025 2:00 AM",3677.25,2000.1,4700.07,11332.57,10.41,100.39,0,7680.0,1409.0,2890.25,155.5,1464.5,2025-08-22 01:00:00,15.35,54.25,11.575000000000001,21.65,0.0,0.0,0.0,6.013888888888888
2025-08-22 02:00:00,"Aug 22, 2025 3:00 AM",3623.85,1957.58,4640.02,10607.09,11.7,100.38,0,7423.25,1370.5,2937.75,147.25,1491.5,2025-08-22 02:00:00,14.774999999999999,54.25,11.8,22.05,0.0,0.0,0.0,6.125
2025-08-22 03:00:00,"Aug 22, 2025 4:00 AM",3619.31,1939.64,5065.82,10661.08,9.66,100.54,0,7410.5,1373.25,2691.75,96.0,1503.0,2025-08-22 03:00:00,14.175,47.75,11.8,21.975,0.0,0.0,0.0,6.104166666666667
2025-08-22 04:00:00,"Aug 22, 2025 5:00 AM",3678.36,1952.71,4648.42,10555.94,15.79,100.85,0,7530.25,1298.75,2666.5,155.0,1510.25,2025-08-22 04:00:00,13.55,53.25,10.75,20.575,0.0,0.0,0.0,5.715277777777778
2025-08-22 05:00:00,"Aug 22, 2025 6:00 AM",3830.62,2032.97,4839.41,10081.79,13.98,99.86,0,7714.25,1629.75,3020.0,410.25,1481.0,2025-08-22 05:00:00,13.175,32.75,9.8,18.675,0.0,0.0,0.0,5.1875
2025-08-22 06:00:00,"Aug 22, 2025 7:00 AM",4184.95,2297.28,4106.39,9760.9,471.04,100.82,0,8032.25,1897.25,3166.25,2928.5,1418.25,2025-08-22 06:00:00,12.675,16.75,8.5,16.5,0.0,0.0,0.0,4.583333333333333
2025-08-22 07:00:00,"Aug 22, 2025 8:00 AM",4245.72,2359.05,4568.92,8622.04,4025.61,101.29,0,8516.25,1941.5,3194.75,3431.0,1403.25,2025-08-22 07:00:00,12.45,34.0,7.925,15.5,17.25,6.25,11.0,4.305555555555555
2025-08-22 08:00:00,"Aug 22, 2025 9:00 AM",4117.1,2502.24,4521.74,7183.99,11013.8,100.95,0,8028.0,1889.5,3160.25,2783.5,1438.0,2025-08-22 08:00:00,13.475,41.0,8.225,14.425,116.75,61.75,55.0,4.006944444444445
2025-08-22 09:00:00,"Aug 22, 2025 10:00 AM",3791.77,2198.44,4972.52,8096.03,19415.7,100.48,0,7032.5,1348.25,2920.0,1078.5,1424.75,2025-08-22 09:00:00,14.675,41.5,8.8,13.2,235.75,134.75,101.0,3.6666666666666665
2025-08-22 10:00:00,"Aug 22, 2025 11:00 AM",3551.04,2336.79,4185.65,10106.54,26282.7,99.92,0,5216.75,815.75,2296.25,234.75,1455.75,2025-08-22 10:00:00,16.125,35.75,10.85,15.575,397.75,277.25,120.5,4.326388888888888
2025-08-22 11:00:00,"Aug 22, 2025 12:00 PM",3484.06,2418.98,3847.79,11651.17,29360.22,100.04,0,4751.25,689.75,1757.75,718.5,1474.0,2025-08-22 11:00:00,17.35,58.0,12.325,17.5,518.0,393.25,124.75,4.861111111111111
2025-08-22 12:00:00,"Aug 22, 2025 1:00 PM",3394.45,2232.22,3627.1,13248.77,30390.46,99.58,0,3943.5,815.5,1561.25,91.75,1525.5,2025-08-22 12:00:00,18.175,44.0,12.725000000000001,18.375,520.5,335.75,184.75,5.104166666666667
2025-08-22 13:00:00,"Aug 22, 2025 2:00 PM",3363.44,2123.92,3577.33,15307.37,30164.12,98.75,0,3904.0,726.75,1543.5,74.5,1475.75,2025-08-22 13:00:00,19.275,40.75,14.024999999999999,20.174999999999997,632.5,432.25,200.25,5.604166666666666
2025-08-22 14:00:00,"Aug 22, 2025 3:00 PM",3332.77,1939.46,4950.47,16978.19,29113.84,98.25,0,3870.25,594.75,1454.0,13.25,1396.75,2025-08-22 14:00:00,19.475,59.75,14.975,21.725,613.5,409.25,204.25,6.034722222222222
2025-08-22 15:00:00,"Aug 22, 2025 4:00 PM",3369.42,1977.23,4694.85,17572.64,25905.04,97.74,0,4144.0,584.75,1531.0,47.5,1391.5,2025-08-22 15:00:00,18.825,58.5,14.775,21.65,478.75,254.75,224.0,6.013888888888888
2025-08-22 16:00:00,"Aug 22, 2025 5:00 PM",3513.82,2026.18,4240.47,17338.02,20966.36,97.73,0,5289.0,593.25,1603.5,71.5,1395.75,2025-08-22 16:00:00,19.15,67.75,16.725,24.549999999999997,472.75,276.75,196.0,6.819444444444444
2025-08-22 17:00:00,"Aug 22, 2025 6:00 PM",3668.84,2035.77,4726.12,17288.29,14612.69,98.08,0,6243.5,832.0,1893.25,429.75,1390.25,2025-08-22 17:00:00,18.725,50.25,15.925,23.575,374.0,209.0,165.0,6.548611111111111
2025-08-22 18:00:00,"Aug 22, 2025 7:00 PM",4033.43,2281.67,4567.8,15990.95,7459.89,98.1,0,7084.25,1130.0,2537.0,1655.5,1442.0,2025-08-22 18:00:00,18.525,80.75,15.825,23.5,288.0,170.0,118.0,6.527777777777778
2025-08-22 19:00:00,"Aug 22, 2025 8:00 PM",4361.64,2300.57,4790.08,13731.1,2073.55,100.83,0,7937.5,1238.5,2766.75,3621.75,1454.25,2025-08-22 19:00:00,17.75,72.25,14.625,22.625,154.5,74.75,79.75,6.284722222222222
2025-08-22 20:00:00,"Aug 22, 2025 9:00 PM",4489.22,2521.72,4950.56,10737.9,145.78,102.21,0,7966.5,1258.5,2943.5,4457.5,1455.75,2025-08-22 20:00:00,17.05,78.25,12.549999999999999,20.700000000000003,52.25,16.75,35.5,5.750000000000001
2025-08-22 21:00:00,"Aug 22, 2025 10:00 PM",4433.07,2356.03,4999.54,9654.04,61.53,104.03,0,7963.75,1170.5,2982.75,3528.0,1440.25,2025-08-22 21:00:00,16.275,85.5,11.175,19.775,2.75,0.25,2.5,5.493055555555555
2025-08-22 22:00:00,"Aug 22, 2025 11:00 PM",4201.64,2158.37,5013.46,9659.18,14.4,104.68,0,7863.5,1033.5,2930.5,2110.0,1436.0,2025-08-22 22:00:00,15.775,68.0,9.575,17.575,0.0,0.0,0.0,4.881944444444444
2025-08-22 23:00:00,"Aug 23, 2025 12:00 AM",4021.74,2039.39,4827.25,9600.05,10.33,105.32,0,7812.0,939.25,2886.0,1436.0,1410.25,2025-08-22 23:00:00,15.3,79.0,9.225,17.6,0.0,0.0,0.0,4.888888888888889
2025-08-23 00:00:00,"Aug 23, 2025 1:00 AM",3881.48,1958.3,5174.51,10132.68,15.36,101.44,0,7561.25,846.5,2678.0,465.0,1378.0,2025-08-23 00:00:00,14.775,65.25,9.95,18.75,0.0,0.0,0.0,5.208333333333333
2025-08-23 01:00:00,"Aug 23, 2025 2:00 AM",3794.46,2087.47,5498.4,10535.4,8.35,103.11,0,7039.0,774.0,2369.5,83.5,1402.75,2025-08-23 01:00:00,14.175,63.5,9.05,17.625,0.0,0.0,0.0,4.895833333333333
2025-08-23 02:00:00,"Aug 23, 2025 3:00 AM",3739.24,2111.74,5526.61,10247.88,6.63,101.89,0,6091.0,684.0,2330.5,90.75,1427.75,2025-08-23 02:00:00,13.75,49.5,9.2,17.9,0.0,0.0,0.0,4.972222222222221
2025-08-23 03:00:00,"Aug 23, 2025 4:00 AM",3724.51,2063.66,5082.07,10676.74,7.32,102.15,0,6012.0,252.75,2319.0,102.75,1426.75,2025-08-23 03:00:00,13.1,64.5,8.775,17.95,0.0,0.0,0.0,4.986111111111111
2025-08-23 04:00:00,"Aug 23, 2025 5:00 AM",3762.84,2115.04,4919.73,10550.97,9.88,101.59,0,6144.5,221.5,2461.0,254.0,1432.75,2025-08-23 04:00:00,13.0,85.5,8.075,15.774999999999999,0.0,0.0,0.0,4.381944444444444
2025-08-23 05:00:00,"Aug 23, 2025 6:00 AM",3863.98,1984.03,5042.94,10840.77,14.87,98.31,0,6267.5,224.5,2421.75,198.25,1435.5,2025-08-23 05:00:00,12.8,62.75,8.1,15.274999999999999,0.0,0.0,0.0,4.243055555555555
2025-08-23 06:00:00,"Aug 23, 2025 7:00 AM",4003.28,2045.2,5152.86,12262.89,335.5,99.12,0,6287.75,225.25,2407.0,413.0,1423.25,2025-08-23 06:00:00,12.3,74.25,8.5,15.725,0.0,0.0,0.0,4.368055555555555
2025-08-23 07:00:00,"Aug 23, 2025 8:00 AM",3976.78,2039.3,5530.64,11778.87,3310.85,99.45,0,5898.75,230.75,2307.25,583.5,1419.75,2025-08-23 07:00:00,12.1,67.0,8.5,14.875,8.75,1.75,7.0,4.131944444444445
2025-08-23 08:00:00,"Aug 23, 2025 9:00 AM",3884.83,2038.02,5393.71,11398.15,9237.57,99.03,0,5518.75,236.0,1855.25,430.75,1378.25,2025-08-23 08:00:00,12.775,91.25,8.675,13.950000000000001,81.5,30.75,50.75,3.875
2025-08-23 09:00:00,"Aug 23, 2025 10:00 AM",3727.13,1982.88,4726.19,12317.93,16507.33,98.57,0,4376.0,223.25,1530.0,331.5,1381.5,2025-08-23 09:00:00,13.775,84.0,10.225,15.575,148.5,53.0,95.5,4.326388888888888
2025-08-23 10:00:00,"Aug 23, 2025 11:00 AM",3552.33,1979.29,4487.73,14057.25,22812.64,98.17,0,3842.75,223.0,1320.75,118.0,1410.25,2025-08-23 10:00:00,14.225,80.75,12.674999999999999,18.85,188.75,68.75,120.0,5.236111111111112
2025-08-23 11:00:00,"Aug 23, 2025 12:00 PM",3445.46,1965.96,3776.92,15470.43,26927.47,96.86,0,3774.75,212.25,1307.5,24.0,1410.75,2025-08-23 11:00:00,15.024999999999999,55.75,12.125,17.95,307.75,149.75,158.0,4.986111111111111
2025-08-23 12:00:00,"Aug 23, 2025 1:00 PM",3372.55,2015.99,3293.99,16118.76,29263.54,96.4,0,3769.25,216.75,1379.5,114.25,1419.75,2025-08-23 12:00:00,16.599999999999998,58.25,13.5,19.675,474.5,293.75,180.75,5.465277777777778
2025-08-23 13:00:00,"Aug 23, 2025 2:00 PM",3349.92,1969.76,2816.26,15328.27,30002.21,95.96,0,3770.25,218.5,1426.0,12.5,1431.0,2025-08-23 13:00:00,17.475,81.0,17.4,25.375,540.75,343.5,197.25,7.048611111111111
2025-08-23 14:00:00,"Aug 23, 2025 3:00 PM",3357.51,1966.63,2626.45,14535.04,29174.74,98.49,0,3781.75,236.0,1366.25,7.0,1423.75,2025-08-23 14:00:00,17.3,51.75,16.375,24.275,414.25,206.5,207.75,6.743055555555555
2025-08-23 15:00:00,"Aug 23, 2025 4:00 PM",3405.25,1981.55,2552.86,14395.68,26667.39,99.42,0,3395.75,266.0,1374.75,55.0,1443.5,2025-08-23 15:00:00,17.7,68.0,15.725000000000001,23.2,448.5,268.0,180.5,6.444444444444444
2025-08-23 16:00:00,"Aug 23, 2025 5:00 PM",3526.08,1896.96,2890.57,15831.34,22173.24,101.39,0,3334.75,271.75,1376.5,76.0,1456.75,2025-08-23 16:00:00,17.55,75.0,16.275,23.975,423.25,234.5,188.75,6.659722222222222
2025-08-23 17:00:00,"Aug 23, 2025 6:00 PM",3676.19,1972.86,3393.77,15180.5,15876.56,101.35,0,4022.25,263.75,1710.25,95.0,1444.25,2025-08-23 17:00:00,17.675,77.0,15.575,23.075,345.75,190.0,155.75,6.409722222222221
2025-08-23 18:00:00,"Aug 23, 2025 7:00 PM",4040.07,2069.58,3768.31,12451.59,8410.87,101.51,0,5842.75,322.5,2711.75,1243.75,1444.5,2025-08-23 18:00:00,17.3,40.5,13.275,20.175,241.5,131.75,109.75,5.604166666666667
2025-08-23 19:00:00,"Aug 23, 2025 8:00 PM",4330.26,2019.02,3780.6,8715.87,2389.54,102.07,0,7039.5,352.5,3778.25,3192.5,1449.75,2025-08-23 19:00:00,16.9,26.25,10.775,17.375,165.75,91.0,74.75,4.826388888888888
2025-08-23 20:00:00,"Aug 23, 2025 9:00 PM",4485.49,2263.0,3602.46,6795.75,181.2,101.4,0,7086.0,337.5,3970.25,4896.5,1427.5,2025-08-23 20:00:00,15.925,16.25,8.725,17.25,63.75,30.75,33.0,4.791666666666667
2025-08-23 21:00:00,"Aug 23, 2025 10:00 PM",4443.26,2017.94,3354.77,6631.73,55.44,103.0,0,7132.5,331.0,3989.25,3890.5,1424.5,2025-08-23 21:00:00,14.725,31.75,7.55,16.8,2.5,0.5,2.0,4.666666666666667
2025-08-23 22:00:00,"Aug 23, 2025 11:00 PM",4256.86,1915.16,3053.87,7070.48,14.55,103.4,0,7073.25,319.5,3889.25,3022.5,1438.5,2025-08-23 22:00:00,14.025,22.5,7.3,16.5,0.0,0.0,0.0,4.583333333333333
2025-08-23 23:00:00,"Aug 24, 2025 12:00 AM",4075.32,1948.46,2913.67,7300.2,8.98,103.93,0,6838.75,296.0,3852.75,1722.0,1414.0,2025-08-23 23:00:00,13.175,18.0,7.199999999999999,16.475,0.0,0.0,0.0,4.576388888888889
2025-08-24 00:00:00,"Aug 24, 2025 1:00 AM",3921.18,1940.16,2685.8,7006.73,12.39,102.32,0,6716.25,218.0,3346.5,1356.75,1443.75,2025-08-24 00:00:00,12.7,25.25,6.575,16.1,0.0,0.0,0.0,4.472222222222222
2025-08-24 01:00:00,"Aug 24, 2025 2:00 AM",3855.84,1838.77,2217.69,6234.09,12.34,105.65,0,6701.75,201.75,2868.75,966.0,1430.5,2025-08-24 01:00:00,12.0,10.25,5.95,15.0,0.0,0.0,0.0,4.166666666666667
2025-08-24 02:00:00,"Aug 24, 2025 3:00 AM",3823.4,1858.43,1871.87,5793.86,15.7,105.95,0,6805.75,200.75,2652.25,1485.75,1387.75,2025-08-24 02:00:00,11.45,10.0,6.05,14.575000000000001,0.0,0.0,0.0,4.048611111111112
2025-08-24 03:00:00,"Aug 24, 2025 4:00 AM",3801.53,1843.31,1953.14,5533.11,5.94,106.18,0,6894.5,195.75,2616.0,660.75,1393.75,2025-08-24 03:00:00,10.2,27.75,6.35,15.7,0.0,0.0,0.0,4.361111111111111
2025-08-24 04:00:00,"Aug 24, 2025 5:00 AM",3820.74,1823.83,2015.47,5491.36,12.62,106.2,0,6889.25,193.25,2642.5,542.75,1412.25,2025-08-24 04:00:00,9.925,12.25,7.05,16.7,0.0,0.0,0.0,4.638888888888888
2025-08-24 05:00:00,"Aug 24, 2025 6:00 AM",3920.13,1792.26,1943.02,5728.26,15.35,105.38,0,6883.75,197.75,2694.5,618.25,1484.25,2025-08-24 05:00:00,9.55,15.25,7.35,17.75,0.0,0.0,0.0,4.930555555555555
2025-08-24 06:00:00,"Aug 24, 2025 7:00 AM",3996.9,1802.96,2393.0,6539.18,506.73,106.39,0,6435.0,196.0,2840.5,423.5,1476.5,2025-08-24 06:00:00,9.275,10.25,7.975,17.875,0.0,0.0,0.0,4.965277777777778
2025-08-24 07:00:00,"Aug 24, 2025 8:00 AM",3934.53,1786.51,2367.13,6268.49,5142.57,106.41,0,5501.5,198.25,2682.0,447.25,1458.0,2025-08-24 07:00:00,9.55,28.5,7.699999999999999,17.075,15.25,5.5,9.75,4.743055555555555
2025-08-24 08:00:00,"Aug 24, 2025 9:00 AM",3794.01,1937.91,2064.63,4195.72,14328.16,104.89,0,4170.0,198.0,2257.0,456.25,1420.75,2025-08-24 08:00:00,11.025,36.75,7.35,17.05,115.0,64.5,50.5,4.736111111111112
2025-08-24 09:00:00,"Aug 24, 2025 10:00 AM",3651.35,1923.46,2117.43,3713.16,24678.12,103.89,0,3485.75,180.5,1787.75,99.0,1422.0,2025-08-24 09:00:00,13.025,15.25,7.525,13.3,240.5,155.5,85.0,3.6944444444444446
2025-08-24 10:00:00,"Aug 24, 2025 11:00 AM",3459.99,1807.09,1560.37,4990.7,32084.41,103.01,0,3405.0,166.5,1745.25,42.25,1388.0,2025-08-24 10:00:00,14.8,18.0,8.85,13.025,385.25,281.75,103.5,3.6180555555555554
2025-08-24 11:00:00,"Aug 24, 2025 12:00 PM",3378.93,1836.23,1085.7,6340.32,34191.35,98.4,0,3431.0,152.0,1723.25,2.25,1381.25,2025-08-24 11:00:00,16.225,17.25,9.2,13.149999999999999,513.0,401.75,111.25,3.6527777777777772
2025-08-24 12:00:00,"Aug 24, 2025 1:00 PM",3322.43,1743.15,1514.77,7336.32,33452.12,97.77,0,3394.5,152.0,1721.0,114.25,1368.5,2025-08-24 12:00:00,17.6,63.5,10.299999999999999,14.575,589.0,463.25,125.75,4.048611111111111
2025-08-24 13:00:00,"Aug 24, 2025 2:00 PM",3311.96,1639.17,1495.3,7644.06,32656.22,97.45,0,3172.25,170.25,1720.0,81.0,1362.25,2025-08-24 13:00:00,18.075,68.75,10.5,14.95,546.5,343.5,203.0,4.152777777777778
2025-08-24 14:00:00,"Aug 24, 2025 3:00 PM",3322.11,1658.94,1326.87,7777.4,31016.43,98.1,0,3132.0,227.75,1394.75,18.5,1356.25,2025-08-24 14:00:00,18.65,74.5,10.925,15.7,501.0,258.75,242.25,4.361111111111111
2025-08-24 15:00:00,"Aug 24, 2025 4:00 PM",3345.97,1732.27,1203.91,8583.61,28717.52,100.81,0,3110.75,435.0,1334.25,61.0,1364.0,2025-08-24 15:00:00,19.25,89.25,12.325000000000001,17.875,532.75,323.75,209.0,4.965277777777778
2025-08-24 16:00:00,"Aug 24, 2025 5:00 PM",3513.22,1794.71,2056.56,8745.41,25405.86,100.78,0,3049.25,575.5,1347.75,156.25,1379.25,2025-08-24 16:00:00,19.275000000000002,86.25,12.375,18.125,428.25,232.0,196.25,5.034722222222222
2025-08-24 17:00:00,"Aug 24, 2025 6:00 PM",3680.41,1786.84,2394.77,9399.38,18674.06,97.85,0,4048.5,599.5,1610.0,207.0,1382.25,2025-08-24 17:00:00,19.200000000000003,58.25,12.475,18.25,382.5,215.25,167.25,5.069444444444445
2025-08-24 18:00:00,"Aug 24, 2025 7:00 PM",4011.62,1988.94,2395.94,8512.9,10176.95,98.15,0,6318.0,825.5,2904.75,906.25,1382.75,2025-08-24 18:00:00,18.6,32.5,10.925,16.675,246.0,121.75,124.25,4.631944444444445
2025-08-24 19:00:00,"Aug 24, 2025 8:00 PM",4344.14,2024.04,2334.24,6750.94,2783.2,98.83,0,7750.0,1085.5,4053.75,3315.5,1387.25,2025-08-24 19:00:00,18.15,34.75,9.1,15.075,172.75,97.5,75.25,4.1875
2025-08-24 20:00:00,"Aug 24, 2025 9:00 PM",4464.14,2246.62,2159.04,5695.25,138.76,98.89,0,7813.25,1131.5,4547.25,4440.75,1384.5,2025-08-24 20:00:00,16.975,18.5,7.725,14.925,61.0,28.0,33.0,4.145833333333333
2025-08-24 21:00:00,"Aug 24, 2025 10:00 PM",4411.41,2136.29,2068.89,5569.67,36.27,101.35,0,7947.0,1107.0,4714.75,3822.75,1384.75,2025-08-24 21:00:00,15.775,36.75,7.825,15.600000000000001,2.0,0.5,1.5,4.333333333333334
2025-08-24 22:00:00,"Aug 24, 2025 11:00 PM",4208.72,1862.5,2237.12,6189.24,11.94,102.01,0,8092.25,953.75,4721.75,2909.75,1387.25,2025-08-24 22:00:00,15.125,34.75,7.85,15.950000000000001,0.0,0.0,0.0,4.430555555555555
2025-08-24 23:00:00,"Aug 25, 2025 12:00 AM",4011.68,1807.81,2297.48,6606.9,7.87,102.63,0,8022.0,825.25,4557.0,845.25,1408.25,2025-08-24 23:00:00,14.475,10.25,8.475,17.375,0.0,0.0,0.0,4.826388888888888
2025-08-25 00:00:00,"Aug 25, 2025 1:00 AM",3756.24,1732.44,2401.07,6494.7,7.44,106.19,0,7507.0,765.5,4312.0,276.75,1472.75,2025-08-25 00:00:00,13.575,6.5,8.55,18.7,0.0,0.0,0.0,5.194444444444444
2025-08-25 01:00:00,"Aug 25, 2025 2:00 AM",3679.51,1669.33,2193.65,6001.25,7.0,106.24,0,7113.75,764.0,3980.75,160.75,1470.25,2025-08-25 01:00:00,12.825,15.75,8.025,17.35,0.0,0.0,0.0,4.819444444444445
2025-08-25 02:00:00,"Aug 25, 2025 3:00 AM",3649.44,1680.23,1968.4,5625.2,6.14,106.49,0,7048.0,759.75,4107.25,179.5,1473.0,2025-08-25 02:00:00,12.375,14.5,7.675,16.825,0.0,0.0,0.0,4.673611111111111
2025-08-25 03:00:00,"Aug 25, 2025 4:00 AM",3645.18,1672.77,2101.17,5301.09,6.26,106.68,0,7230.0,757.0,4102.75,150.25,1453.5,2025-08-25 03:00:00,11.05,48.25,6.225,13.675,0.0,0.0,0.0,3.798611111111111
2025-08-25 04:00:00,"Aug 25, 2025 5:00 AM",3723.2,1724.02,2038.09,5230.71,15.12,106.9,0,7516.25,796.5,4200.0,226.0,1439.75,2025-08-25 04:00:00,10.600000000000001,22.0,6.575,14.024999999999999,0.0,0.0,0.0,3.895833333333333
2025-08-25 05:00:00,"Aug 25, 2025 6:00 AM",3907.35,1847.99,1820.25,5116.66,20.98,105.78,0,7640.0,874.75,4595.0,693.5,1413.0,2025-08-25 05:00:00,10.0,27.25,6.375,14.25,0.0,0.0,0.0,3.958333333333333
2025-08-25 06:00:00,"Aug 25, 2025 7:00 AM",4150.68,1901.66,1769.85,5225.98,442.83,107.02,0,8016.75,1020.5,4718.5,2313.75,1423.0,2025-08-25 06:00:00,9.725000000000001,52.5,6.725,14.325000000000001,0.0,0.0,0.0,3.979166666666667
2025-08-25 07:00:00,"Aug 25, 2025 8:00 AM",4221.71,2083.31,1557.33,5238.31,5045.03,106.98,0,7864.75,1057.25,4839.5,3815.25,1424.75,2025-08-25 07:00:00,10.125,54.0,7.175,14.3,11.0,2.75,8.25,3.9722222222222223
2025-08-25 08:00:00,"Aug 25, 2025 9:00 AM",4023.47,2012.82,1235.32,4564.81,14537.71,103.21,0,7183.75,1007.75,4604.0,2192.0,1424.5,2025-08-25 08:00:00,11.325,49.25,5.925,14.825,87.75,36.25,51.5,4.118055555555555
2025-08-25 09:00:00,"Aug 25, 2025 10:00 AM",3780.66,2125.91,694.59,3596.34,23131.01,101.08,0,6639.25,886.5,3795.25,1005.75,1469.5,2025-08-25 09:00:00,13.275,58.0,5.3,10.2,219.0,119.25,99.75,2.833333333333333
2025-08-25 10:00:00,"Aug 25, 2025 11:00 AM",3541.37,1867.57,666.7,4383.55,31119.14,99.98,0,5953.75,735.75,3414.25,1137.75,1469.75,2025-08-25 10:00:00,15.45,61.5,6.1,9.05,366.25,245.75,120.5,2.513888888888889
2025-08-25 11:00:00,"Aug 25, 2025 12:00 PM",3423.35,1798.04,495.44,5441.01,36143.38,98.81,0,4492.5,577.5,2842.0,155.25,1472.75,2025-08-25 11:00:00,17.325000000000003,71.75,7.725,11.024999999999999,508.0,364.75,143.25,3.0624999999999996
2025-08-25 12:00:00,"Aug 25, 2025 1:00 PM",3308.55,1740.62,363.76,6105.55,39874.22,97.79,0,3780.75,543.75,2518.5,109.0,1489.0,2025-08-25 12:00:00,18.45,84.0,9.275,13.3,564.0,402.0,162.0,3.6944444444444446
2025-08-25 13:00:00,"Aug 25, 2025 2:00 PM",3300.89,1686.22,293.88,6292.96,41231.23,97.29,0,3583.0,527.0,2551.0,119.25,1470.25,2025-08-25 13:00:00,19.275,86.0,9.625,13.850000000000001,595.5,404.25,191.25,3.8472222222222223
2025-08-25 14:00:00,"Aug 25, 2025 3:00 PM",3332.83,1674.38,447.41,6760.04,40929.94,95.32,0,3734.25,653.75,2406.25,137.75,1475.5,2025-08-25 14:00:00,19.95,92.5,10.475000000000001,15.0,633.25,437.0,196.25,4.166666666666667
2025-08-25 15:00:00,"Aug 25, 2025 4:00 PM",3386.8,1751.32,646.21,6922.51,37507.42,93.45,0,3588.25,810.5,2140.25,183.0,1473.25,2025-08-25 15:00:00,20.375,91.0,9.275,13.274999999999999,589.5,370.0,219.5,3.6874999999999996
2025-08-25 16:00:00,"Aug 25, 2025 5:00 PM",3480.59,1828.19,805.41,6783.62,31021.64,93.22,0,4518.75,1476.75,2764.0,169.75,1443.75,2025-08-25 16:00:00,20.5,97.0,9.65,13.875,501.0,287.5,213.5,3.8541666666666665
2025-08-25 17:00:00,"Aug 25, 2025 6:00 PM",3675.21,1869.96,663.56,6383.06,21895.06,91.06,0,7618.25,2446.75,3758.0,175.0,1469.25,2025-08-25 17:00:00,20.625,75.0,9.825,14.1,442.5,289.25,153.25,3.9166666666666665
2025-08-25 18:00:00,"Aug 25, 2025 7:00 PM",4048.96,1963.06,392.87,5211.84,10882.94,90.76,0,8993.5,3648.0,5621.5,993.5,1493.0,2025-08-25 18:00:00,20.425,81.5,9.275,13.525,346.5,240.0,106.5,3.7569444444444446
2025-08-25 19:00:00,"Aug 25, 2025 8:00 PM",4354.93,2050.2,239.28,3412.23,2720.25,90.73,0,9791.75,4738.0,7420.75,2674.25,1507.5,2025-08-25 19:00:00,19.75,57.75,7.3500000000000005,12.475,185.25,108.75,76.5,3.4652777777777777
2025-08-25 20:00:00,"Aug 25, 2025 9:00 PM",4462.04,2199.06,178.39,2563.89,192.35,91.72,0,9923.0,4941.75,8034.25,4147.75,1535.5,2025-08-25 20:00:00,18.075000000000003,52.0,6.125,12.9,58.25,24.5,33.75,3.5833333333333335
2025-08-25 21:00:00,"Aug 25, 2025 10:00 PM",4396.11,2128.92,134.23,2609.73,48.13,93.05,0,9840.25,4956.0,7887.75,3709.5,1483.75,2025-08-25 21:00:00,17.0,50.0,5.074999999999999,11.675,1.5,0.25,1.25,3.243055555555556
2025-08-25 22:00:00,"Aug 25, 2025 11:00 PM",4219.12,2028.91,77.5,2568.5,12.36,93.89,0,9472.25,4904.5,7048.0,1626.5,1467.25,2025-08-25 22:00:00,15.975000000000001,50.0,4.425,10.425,0.0,0.0,0.0,2.8958333333333335
2025-08-25 23:00:00,"Aug 26, 2025 12:00 AM",3976.53,1857.2,71.4,2579.79,12.1,94.46,0,9430.5,4493.75,6907.0,597.25,1489.25,2025-08-25 23:00:00,15.075,58.25,4.675,10.025,0.0,0.0,0.0,2.7847222222222223
2025-08-26 00:00:00,"Aug 26, 2025 1:00 AM",3750.81,1851.37,98.79,2613.74,9.56,100.69,0,9284.25,4356.25,6705.75,133.25,1529.5,2025-08-26 00:00:00,14.325,55.0,5.25,10.975,0.0,0.0,0.0,3.0486111111111107
2025-08-26 01:00:00,"Aug 26, 2025 2:00 AM",3674.73,1661.38,73.73,2766.57,8.21,94.79,0,9197.25,4287.25,6656.75,30.75,1518.5,2025-08-26 01:00:00,13.65,60.25,5.475,10.925,0.0,0.0,0.0,3.0347222222222223
2025-08-26 02:00:00,"Aug 26, 2025 3:00 AM",3625.55,1630.7,50.07,2830.47,7.22,94.77,0,9195.5,4291.25,6411.5,23.75,1522.25,2025-08-26 02:00:00,13.075,39.0,5.8999999999999995,11.350000000000001,0.0,0.0,0.0,3.152777777777778
2025-08-26 03:00:00,"Aug 26, 2025 4:00 AM",3615.37,1629.57,49.43,2725.38,7.03,94.99,0,9206.75,4282.75,6279.75,18.0,1533.0,2025-08-26 03:00:00,11.15,24.0,6.25,13.275,0.0,0.0,0.0,3.6875
2025-08-26 04:00:00,"Aug 26, 2025 5:00 AM",3677.37,1644.27,104.27,2599.38,12.23,95.15,0,9402.0,4252.5,6465.75,155.5,1495.25,2025-08-26 04:00:00,10.7,21.75,6.125,12.5,0.0,0.0,0.0,3.4722222222222223
2025-08-26 05:00:00,"Aug 26, 2025 6:00 AM",3870.8,1793.07,220.44,2601.54,14.87,95.16,0,9453.75,4436.25,6701.75,407.25,1477.5,2025-08-26 05:00:00,10.35,10.75,5.8,11.65,0.0,0.0,0.0,3.236111111111111
2025-08-26 06:00:00,"Aug 26, 2025 7:00 AM",4137.59,2199.42,398.61,3037.51,449.3,94.86,0,9470.5,4647.5,6915.25,2303.25,1489.75,2025-08-26 06:00:00,10.075,44.75,6.025,12.15,0.0,0.0,0.0,3.375
2025-08-26 07:00:00,"Aug 26, 2025 8:00 AM",4160.54,2052.35,510.16,3461.47,5212.45,94.35,0,9475.25,4693.5,6919.25,2202.25,1475.25,2025-08-26 07:00:00,10.55,40.0,6.175,12.675,12.25,3.75,8.5,3.5208333333333335
2025-08-26 08:00:00,"Aug 26, 2025 9:00 AM",3918.62,1672.33,613.53,3110.43,15866.76,92.81,0,8869.75,4585.25,6016.0,418.0,1456.25,2025-08-26 08:00:00,12.2,25.0,5.675,12.825,104.25,59.0,45.25,3.5624999999999996
2025-08-26 09:00:00,"Aug 26, 2025 10:00 AM",3689.45,1748.38,790.96,1749.52,28366.84,91.48,0,7376.5,2991.25,3143.5,265.75,1479.0,2025-08-26 09:00:00,14.525,20.25,3.975,10.075000000000001,242.0,164.0,78.0,2.798611111111111
2025-08-26 10:00:00,"Aug 26, 2025 11:00 AM",3519.62,1773.28,806.35,1367.65,36564.04,90.55,0,6407.25,1978.25,2538.5,105.5,1574.5,2025-08-26 10:00:00,17.075000000000003,15.5,3.9999999999999996,6.125,403.5,309.25,94.25,1.7013888888888888
2025-08-26 11:00:00,"Aug 26, 2025 12:00 PM",3426.62,1699.87,908.54,1854.74,42253.94,89.84,0,5381.25,1558.75,2189.25,128.0,1547.75,2025-08-26 11:00:00,19.225,29.5,4.575,6.5249999999999995,546.0,441.5,104.5,1.8124999999999998
2025-08-26 12:00:00,"Aug 26, 2025 1:00 PM",3317.88,1691.94,936.53,2162.79,45545.99,88.9,0,4556.75,1426.0,2240.5,107.0,1563.5,2025-08-26 12:00:00,20.95,56.5,5.5,7.85,653.25,538.75,114.5,2.1805555555555554
2025-08-26 13:00:00,"Aug 26, 2025 2:00 PM",3310.56,1669.46,828.12,2318.72,46057.44,88.3,0,4481.0,1442.75,2215.0,56.25,1592.75,2025-08-26 13:00:00,22.225,64.75,5.95,8.3,664.75,505.75,159.0,2.305555555555556
2025-08-26 14:00:00,"Aug 26, 2025 3:00 PM",3310.81,1728.71,931.48,2358.4,44169.49,87.77,0,4576.75,1364.0,2309.75,116.0,1481.0,2025-08-26 14:00:00,23.15,62.5,6.7749999999999995,9.375,648.25,464.75,183.5,2.6041666666666665
2025-08-26 15:00:00,"Aug 26, 2025 4:00 PM",3390.73,1834.47,1142.49,2348.45,37815.46,87.35,0,5519.25,1528.0,2491.75,381.5,1436.75,2025-08-26 15:00:00,24.0,49.5,7.65,10.774999999999999,621.0,441.0,180.0,2.993055555555555
2025-08-26 16:00:00,"Aug 26, 2025 5:00 PM",3520.26,1735.14,1288.29,2105.4,29215.67,87.1,0,8547.0,2821.0,4074.75,612.0,1428.25,2025-08-26 16:00:00,24.375,73.5,7.95,11.3,537.0,366.0,171.0,3.138888888888889
2025-08-26 17:00:00,"Aug 26, 2025 6:00 PM",3742.31,1787.37,1685.53,1775.51,18450.34,87.66,0,8991.0,4144.5,6670.5,891.25,1437.0,2025-08-26 17:00:00,24.5,67.25,7.949999999999999,11.2,446.75,315.5,131.25,3.1111111111111107
2025-08-26 18:00:00,"Aug 26, 2025 7:00 PM",4204.56,2006.96,2122.55,1534.93,7922.51,85.91,0,9203.5,4303.25,8506.75,3495.5,1504.0,2025-08-26 18:00:00,24.2,85.0,7.5,11.175,328.0,218.0,110.0,3.104166666666667
2025-08-26 19:00:00,"Aug 26, 2025 8:00 PM",4396.58,2097.85,2403.16,2304.8,1995.0,87.83,0,9345.0,3807.5,9281.0,4251.5,1775.0,2025-08-26 19:00:00,23.25,92.25,5.85,10.524999999999999,170.75,78.75,92.0,2.9236111111111107
2025-08-26 20:00:00,"Aug 26, 2025 9:00 PM",4440.71,2054.41,2685.75,4172.79,130.62,89.73,0,9329.5,3806.0,9360.0,4275.25,1745.75,2025-08-26 20:00:00,21.375,96.75,5.8,13.225000000000001,49.25,13.75,35.5,3.6736111111111116
2025-08-26 21:00:00,"Aug 26, 2025 10:00 PM",4310.42,1933.79,3107.48,7701.82,23.69,90.84,0,9243.5,3811.5,8692.75,2382.0,1497.5,2025-08-26 21:00:00,20.45,84.0,7.5,15.975000000000001,0.75,0.0,0.75,4.4375
2025-08-26 22:00:00,"Aug 26, 2025 11:00 PM",4076.16,1880.73,3306.74,11644.42,12.16,91.98,0,8917.25,3776.5,7215.5,813.75,1442.5,2025-08-26 22:00:00,19.450000000000003,76.0,8.7,17.5,0.0,0.0,0.0,4.861111111111111
2025-08-26 23:00:00,"Aug 27, 2025 12:00 AM",3848.81,1614.74,3311.63,13697.51,8.72,92.28,0,8352.0,3700.75,6440.0,267.0,1438.0,2025-08-26 23:00:00,18.775,91.5,8.55,18.475,0.0,0.0,0.0,5.131944444444445
2025-08-27 00:00:00,"Aug 27, 2025 1:00 AM",3654.65,1565.92,2641.02,14718.51,7.67,93.47,0,8230.25,3616.25,6305.75,123.25,1424.5,2025-08-27 00:00:00,18.175,90.5,8.6,19.65,0.0,0.0,0.0,5.458333333333333
2025-08-27 01:00:00,"Aug 27, 2025 2:00 AM",3586.41,1593.6,1637.26,14488.54,6.61,93.66,0,8092.75,3506.0,5984.5,62.25,1406.25,2025-08-27 01:00:00,17.975,81.75,9.85,21.15,0.0,0.0,0.0,5.874999999999999
2025-08-27 02:00:00,"Aug 27, 2025 3:00 AM",3550.12,1564.49,1466.87,13594.39,6.45,93.35,0,8142.25,3588.75,6137.75,69.75,1406.25,2025-08-27 02:00:00,17.55,76.5,11.3,22.825,0.0,0.0,0.0,6.340277777777778
2025-08-27 03:00:00,"Aug 27, 2025 4:00 AM",3524.33,1544.53,1635.62,12843.0,8.19,92.56,0,8294.0,3557.25,5838.75,31.5,1413.5,2025-08-27 03:00:00,17.375,77.75,11.75,24.525,0.0,0.0,0.0,6.812499999999999
2025-08-27 04:00:00,"Aug 27, 2025 5:00 AM",3592.89,1575.59,1487.13,11712.1,8.01,73.52,0,8537.25,3432.25,5770.5,57.75,1407.75,2025-08-27 04:00:00,17.075,49.25,11.975000000000001,24.775,0.0,0.0,0.0,6.881944444444444
2025-08-27 05:00:00,"Aug 27, 2025 6:00 AM",3763.15,1754.29,1061.55,10565.5,9.4,73.7,0,8812.5,3585.5,6349.75,206.25,1380.75,2025-08-27 05:00:00,16.675,50.25,9.850000000000001,21.35,0.0,0.0,0.0,5.930555555555556
2025-08-27 06:00:00,"Aug 27, 2025 7:00 AM",4047.45,2125.08,467.53,10418.88,222.5,76.75,0,8861.5,3777.75,6482.0,1293.75,1385.0,2025-08-27 06:00:00,16.15,65.25,9.1,19.275,0.0,0.0,0.0,5.354166666666666
2025-08-27 07:00:00,"Aug 27, 2025 8:00 AM",4133.21,2285.39,466.49,9580.45,2926.43,77.35,0,8905.0,3974.25,6074.5,2507.25,1393.0,2025-08-27 07:00:00,16.025,58.25,9.825,19.75,7.75,2.25,5.5,5.486111111111111
2025-08-27 08:00:00,"Aug 27, 2025 9:00 AM",3984.91,2263.88,940.89,7009.36,9163.22,76.76,0,8601.5,4069.5,5965.5,2362.5,1409.75,2025-08-27 08:00:00,16.825,82.0,10.0,20.525,62.5,28.25,34.25,5.701388888888888
2025-08-27 09:00:00,"Aug 27, 2025 10:00 AM",3726.16,1750.15,1104.54,4949.27,18842.73,75.37,0,7952.5,3977.0,5276.75,662.5,1408.5,2025-08-27 09:00:00,18.275,74.75,9.0,16.025,169.75,83.0,86.75,4.451388888888888
2025-08-27 10:00:00,"Aug 27, 2025 11:00 AM",3487.32,1655.17,1262.99,4612.76,28634.61,69.69,0,7241.25,2500.0,3480.5,246.5,1430.0,2025-08-27 10:00:00,20.425,55.75,8.3,13.875,336.5,211.75,124.75,3.8541666666666665
2025-08-27 11:00:00,"Aug 27, 2025 12:00 PM",3363.57,1620.68,1625.2,5837.04,34766.01,68.33,0,5021.75,2071.0,2952.5,165.5,1433.75,2025-08-27 11:00:00,22.45,51.0,8.65,12.45,506.0,363.25,142.75,3.458333333333333
2025-08-27 12:00:00,"Aug 27, 2025 1:00 PM",3248.06,1635.98,2117.47,6647.45,37557.23,81.0,0,4027.5,2124.25,2724.0,128.5,1453.5,2025-08-27 12:00:00,24.125,68.25,8.475000000000001,12.025,610.0,480.5,129.5,3.3402777777777777
2025-08-27 13:00:00,"Aug 27, 2025 2:00 PM",3236.32,1544.97,2378.65,7173.12,38049.36,90.37,0,3988.75,2399.75,2627.0,330.25,1449.25,2025-08-27 13:00:00,25.2,49.75,9.625,13.575,638.25,471.5,166.75,3.770833333333333
2025-08-27 14:00:00,"Aug 27, 2025 3:00 PM",3229.61,1628.98,2656.18,7315.26,35484.42,90.09,0,4141.5,2171.75,2666.75,252.75,1443.25,2025-08-27 14:00:00,26.225,53.25,10.225,14.45,675.0,523.0,152.0,4.013888888888888
2025-08-27 15:00:00,"Aug 27, 2025 4:00 PM",3292.19,1622.0,3014.55,7368.88,30962.3,91.06,0,4823.0,2335.75,3413.0,72.75,1414.25,2025-08-27 15:00:00,26.475,98.0,10.475,15.05,538.0,330.75,207.25,4.180555555555555
2025-08-27 16:00:00,"Aug 27, 2025 5:00 PM",3426.13,1708.52,2565.52,6800.64,22988.24,91.34,0,7740.5,3368.25,4518.5,383.0,1431.25,2025-08-27 16:00:00,25.725,94.25,8.600000000000001,12.725000000000001,327.0,150.25,176.75,3.5347222222222223
2025-08-27 17:00:00,"Aug 27, 2025 6:00 PM",3673.35,1951.06,1808.11,5860.89,14165.21,95.64,0,8684.0,4055.25,7478.5,634.75,1439.0,2025-08-27 17:00:00,25.95,76.75,8.15,11.775,317.75,147.5,170.25,3.2708333333333335
2025-08-27 18:00:00,"Aug 27, 2025 7:00 PM",4077.93,2262.81,1268.04,4304.09,6449.4,96.33,0,9195.5,4013.75,9655.5,2291.25,1460.75,2025-08-27 18:00:00,25.65,82.25,8.375,12.325,270.75,159.75,111.0,3.4236111111111107
2025-08-27 19:00:00,"Aug 27, 2025 8:00 PM",4333.62,2306.45,1095.87,3787.76,1625.36,96.83,0,9471.0,4033.75,10252.75,3636.0,1502.0,2025-08-27 19:00:00,24.475,76.5,6.7,10.9,148.75,65.5,83.25,3.0277777777777777
2025-08-27 20:00:00,"Aug 27, 2025 9:00 PM",4324.76,2335.05,667.55,3953.6,85.03,97.89,0,9544.75,4019.25,9761.0,3996.5,1468.5,2025-08-27 20:00:00,22.575,93.0,6.425,12.525,49.75,18.25,31.5,3.4791666666666665
2025-08-27 21:00:00,"Aug 27, 2025 10:00 PM",4234.65,2096.45,373.62,5274.62,41.01,99.1,0,9260.75,4017.25,9264.5,3115.0,1483.25,2025-08-27 21:00:00,20.9,77.0,5.975,13.024999999999999,0.75,0.0,0.75,3.618055555555555
2025-08-27 22:00:00,"Aug 27, 2025 11:00 PM",3995.34,1879.77,296.25,6446.31,10.31,99.73,0,9006.75,3839.25,8288.5,954.5,1475.5,2025-08-27 22:00:00,20.375,98.25,5.625,11.45,0.0,0.0,0.0,3.1805555555555554
2025-08-27 23:00:00,"Aug 28, 2025 12:00 AM",3764.53,1667.14,405.96,6657.84,10.48,99.46,0,8813.75,3684.75,7580.75,440.75,1467.5,2025-08-27 23:00:00,19.9,97.25,7.2,15.225000000000001,0.0,0.0,0.0,4.229166666666667
2025-08-28 00:00:00,"Aug 28, 2025 1:00 AM",3565.81,1576.29,617.98,5686.66,8.84,95.19,0,8722.5,3744.75,7409.25,48.75,1480.75,2025-08-28 00:00:00,19.225,98.25,6.65,15.2,0.0,0.0,0.0,4.222222222222222
2025-08-28 01:00:00,"Aug 28, 2025 2:00 AM",3487.81,1598.05,819.66,4729.34,5.96,97.03,0,8722.75,3624.5,7315.25,24.0,1429.75,2025-08-28 01:00:00,18.775,81.75,7.675000000000001,17.3,0.0,0.0,0.0,4.805555555555555
2025-08-28 02:00:00,"Aug 28, 2025 3:00 AM",3470.85,1567.65,886.18,4393.7,6.88,99.19,0,8733.0,3602.25,7508.75,18.5,1445.75,2025-08-28 02:00:00,18.425,75.0,6.8,16.0,0.0,0.0,0.0,4.444444444444445
2025-08-28 03:00:00,"Aug 28, 2025 4:00 AM",3436.15,1562.26,1036.98,3803.82,5.65,99.56,0,8749.25,3601.0,7452.25,47.25,1494.0,2025-08-28 03:00:00,17.9,96.5,5.875,14.575,0.0,0.0,0.0,4.048611111111111
2025-08-28 04:00:00,"Aug 28, 2025 5:00 AM",3519.28,1557.81,1411.74,3732.49,5.72,99.83,0,8810.25,3605.75,7549.75,29.75,1489.5,2025-08-28 04:00:00,17.674999999999997,88.5,5.4,12.825,0.0,0.0,0.0,3.5624999999999996
2025-08-28 05:00:00,"Aug 28, 2025 6:00 AM",3642.45,1557.81,1059.85,4104.07,10.79,99.76,0,9010.75,3660.5,7520.25,91.0,1432.75,2025-08-28 05:00:00,17.4,99.5,7.05,14.675,0.0,0.0,0.0,4.076388888888889
2025-08-28 06:00:00,"Aug 28, 2025 7:00 AM",3960.34,1732.89,853.2,4305.32,220.43,99.75,0,9154.25,3959.75,8411.0,500.0,1389.25,2025-08-28 06:00:00,17.0,100.0,6.5,14.425,0.0,0.0,0.0,4.006944444444445
2025-08-28 07:00:00,"Aug 28, 2025 8:00 AM",4112.61,2003.35,1053.6,4443.62,2287.22,98.92,0,9195.75,3990.25,8647.75,2179.25,1378.75,2025-08-28 07:00:00,16.95,100.0,7.125,14.975000000000001,5.5,0.25,5.25,4.159722222222222
2025-08-28 08:00:00,"Aug 28, 2025 9:00 AM",4004.8,2024.59,895.04,4322.97,5782.06,98.17,0,9141.5,4000.5,8592.5,1990.0,1374.75,2025-08-28 08:00:00,17.55,99.75,8.675,17.25,47.75,7.5,40.25,4.791666666666667
2025-08-28 09:00:00,"Aug 28, 2025 10:00 AM",3858.18,1806.65,661.57,3740.08,10411.44,97.22,0,8661.75,3994.25,8526.75,808.5,1349.75,2025-08-28 09:00:00,18.2,91.0,7.775,16.45,103.0,24.0,79.0,4.569444444444444
2025-08-28 10:00:00,"Aug 28, 2025 11:00 AM",3699.01,1798.13,741.58,2986.36,14526.08,96.53,0,8277.5,3848.25,8168.5,270.5,1346.25,2025-08-28 10:00:00,19.275,100.0,8.65,14.45,182.75,74.25,108.5,4.013888888888888
2025-08-28 11:00:00,"Aug 28, 2025 12:00 PM",3566.12,1759.63,905.38,2740.2,17290.25,87.1,0,8052.25,3680.5,8010.0,166.0,1345.5,2025-08-28 11:00:00,19.925,100.0,8.95,13.575,222.5,78.75,143.75,3.770833333333333
2025-08-28 12:00:00,"Aug 28, 2025 1:00 PM",3476.82,1768.05,749.33,3133.14,17984.71,80.95,0,7847.25,3502.75,7331.5,282.75,1350.25,2025-08-28 12:00:00,20.9,100.0,9.7,14.350000000000001,296.0,71.5,224.5,3.9861111111111116
2025-08-28 13:00:00,"Aug 28, 2025 2:00 PM",3396.22,1803.24,542.34,3374.66,17216.64,83.58,0,7779.5,3539.0,7780.5,565.0,1386.0,2025-08-28 13:00:00,21.65,100.0,9.15,13.15,333.75,88.0,245.75,3.6527777777777777
2025-08-28 14:00:00,"Aug 28, 2025 3:00 PM",3268.33,1647.97,433.71,3571.39,16164.15,87.3,0,7942.0,3454.5,7431.75,302.75,1420.0,2025-08-28 14:00:00,21.55,100.0,9.175,13.35,260.0,29.5,230.5,3.708333333333333
2025-08-28 15:00:00,"Aug 28, 2025 4:00 PM",3305.88,1635.75,393.32,4233.74,14620.93,94.22,0,7949.5,3436.75,7683.5,176.75,1519.75,2025-08-28 15:00:00,21.65,99.5,7.475,11.0,275.0,52.75,222.25,3.0555555555555554
2025-08-28 16:00:00,"Aug 28, 2025 5:00 PM",3453.08,1722.43,504.8,4815.15,11388.65,94.56,0,8009.0,3524.25,8139.0,563.5,1528.75,2025-08-28 16:00:00,21.15,100.0,7.025,10.7,246.5,44.5,202.0,2.972222222222222
2025-08-28 17:00:00,"Aug 28, 2025 6:00 PM",3785.71,1981.54,364.63,5377.83,7769.94,94.92,0,8285.5,3755.5,9017.75,1179.75,1452.0,2025-08-28 17:00:00,21.025,100.0,6.425,9.05,163.75,28.75,135.0,2.513888888888889
2025-08-28 18:00:00,"Aug 28, 2025 7:00 PM",4161.66,2247.56,272.11,5121.7,4420.3,97.45,0,8359.0,3973.0,9534.25,3138.25,1451.75,2025-08-28 18:00:00,19.225,100.0,6.65,10.225000000000001,120.0,18.75,101.25,2.840277777777778
2025-08-28 19:00:00,"Aug 28, 2025 8:00 PM",4345.02,2355.04,298.59,4581.97,1352.42,98.52,0,8439.25,4026.25,9715.75,3805.75,1459.25,2025-08-28 19:00:00,19.15,99.5,4.7,8.45,62.25,6.0,56.25,2.347222222222222
2025-08-28 20:00:00,"Aug 28, 2025 9:00 PM",4365.43,2261.33,416.0,4345.43,112.52,98.92,0,8448.75,4023.25,9607.75,3791.5,1453.25,2025-08-28 20:00:00,18.65,98.5,6.175,12.9,26.0,2.0,24.0,3.5833333333333335
2025-08-28 21:00:00,"Aug 28, 2025 10:00 PM",4200.84,1876.82,434.04,4912.94,17.65,102.83,0,8440.0,3903.25,9064.5,1589.5,1445.25,2025-08-28 21:00:00,18.275,90.25,7.125,14.65,0.5,0.0,0.5,4.069444444444445
2025-08-28 22:00:00,"Aug 28, 2025 11:00 PM",3951.08,2079.2,600.05,4159.07,6.94,100.57,0,8376.5,3571.75,8131.5,627.75,1440.75,2025-08-28 22:00:00,17.675,94.0,6.55,12.95,0.0,0.0,0.0,3.597222222222222
2025-08-28 23:00:00,"Aug 29, 2025 12:00 AM",3774.61,1813.71,1027.63,4061.8,14.89,99.73,0,8334.0,3461.5,7471.5,596.0,1428.75,2025-08-28 23:00:00,17.25,90.0,6.225,12.524999999999999,0.0,0.0,0.0,3.479166666666666
2025-08-29 00:00:00,"Aug 29, 2025 1:00 AM",3611.91,1738.64,1290.14,4128.73,6.43,99.79,0,8368.25,3510.0,6852.75,204.75,1507.5,2025-08-29 00:00:00,16.975,79.25,7.800000000000001,15.649999999999999,0.0,0.0,0.0,4.347222222222221
2025-08-29 01:00:00,"Aug 29, 2025 2:00 AM",3544.63,1840.98,1231.66,4085.74,8.49,99.83,0,8344.5,3681.25,6597.5,151.75,1489.5,2025-08-29 01:00:00,16.85,89.75,7.725,15.95,0.0,0.0,0.0,4.430555555555555
2025-08-29 02:00:00,"Aug 29, 2025 3:00 AM",3489.23,1839.06,1397.28,4221.43,6.12,99.64,0,8451.75,3710.25,6268.75,66.5,1492.25,2025-08-29 02:00:00,16.575,98.75,8.3,16.25,0.0,0.0,0.0,4.513888888888888
2025-08-29 03:00:00,"Aug 29, 2025 4:00 AM",3476.93,1781.21,1768.86,4326.64,6.3,99.85,0,8576.75,3706.5,6152.5,22.25,1487.5,2025-08-29 03:00:00,15.975000000000001,99.5,8.024999999999999,15.55,0.0,0.0,0.0,4.319444444444445
2025-08-29 04:00:00,"Aug 29, 2025 5:00 AM",3522.76,1799.08,2195.12,4692.96,11.52,99.84,0,8635.5,3688.75,6152.75,31.0,1501.75,2025-08-29 04:00:00,15.924999999999999,84.75,7.525,16.35,0.0,0.0,0.0,4.541666666666667
2025-08-29 05:00:00,"Aug 29, 2025 6:00 AM",3681.5,1919.69,2561.1,5025.09,14.29,99.76,0,8726.0,3525.25,6755.0,135.0,1441.25,2025-08-29 05:00:00,15.825,99.0,8.524999999999999,17.45,0.0,0.0,0.0,4.847222222222222
2025-08-29 06:00:00,"Aug 29, 2025 7:00 AM",4025.08,2100.99,2580.22,5658.71,137.45,99.74,0,8824.0,3487.75,7093.5,1146.25,1447.25,2025-08-29 06:00:00,15.675,100.0,7.9,15.775,0.0,0.0,0.0,4.381944444444445
2025-08-29 07:00:00,"Aug 29, 2025 8:00 AM",4138.52,2597.38,2480.57,6220.52,1948.24,100.09,0,8811.0,3507.0,7187.5,3233.5,1468.75,2025-08-29 07:00:00,15.549999999999999,99.75,9.75,18.2,5.75,0.25,5.5,5.055555555555555
2025-08-29 08:00:00,"Aug 29, 2025 9:00 AM",4016.96,2120.69,2753.63,5429.05,7353.99,99.97,0,8849.75,3497.0,7087.25,1877.25,1515.0,2025-08-29 08:00:00,15.875,82.5,10.075000000000001,17.375,41.25,4.5,36.75,4.826388888888888
2025-08-29 09:00:00,"Aug 29, 2025 10:00 AM",3763.83,1965.32,2336.4,3832.18,15506.63,99.85,0,8620.25,3000.25,5856.0,467.75,1499.75,2025-08-29 09:00:00,16.6,77.0,9.575,15.3,129.0,43.5,85.5,4.25
2025-08-29 10:00:00,"Aug 29, 2025 11:00 AM",3496.43,2023.74,2026.43,3223.13,24713.11,99.24,0,7128.5,1973.0,3741.25,249.5,1512.5,2025-08-29 10:00:00,17.7,67.0,8.075,11.95,261.25,138.25,123.0,3.319444444444444
2025-08-29 11:00:00,"Aug 29, 2025 12:00 PM",3367.47,1941.99,1466.07,4142.62,31584.36,98.94,0,4764.75,1117.75,2777.75,148.0,1400.5,2025-08-29 11:00:00,19.125,73.25,7.1,10.15,401.75,250.25,151.5,2.8194444444444446
2025-08-29 12:00:00,"Aug 29, 2025 1:00 PM",3307.59,1886.76,1167.12,5824.85,34133.06,98.58,0,4356.25,872.25,2612.25,74.25,1417.5,2025-08-29 12:00:00,19.875,70.75,7.325,10.325000000000001,401.0,218.0,183.0,2.868055555555556
2025-08-29 13:00:00,"Aug 29, 2025 2:00 PM",3300.02,2176.83,1058.03,6202.74,35298.62,98.12,0,4438.75,659.75,2621.25,1.5,1413.0,2025-08-29 13:00:00,20.375,71.25,7.2,10.175,428.5,210.25,218.25,2.826388888888889
2025-08-29 14:00:00,"Aug 29, 2025 3:00 PM",3314.99,1963.62,911.16,6212.27,34332.51,97.87,0,5344.5,661.5,2508.75,111.25,1419.25,2025-08-29 14:00:00,20.725,74.5,6.8500000000000005,9.775,420.0,262.75,157.25,2.7152777777777777
2025-08-29 15:00:00,"Aug 29, 2025 4:00 PM",3375.99,1992.3,649.65,6508.54,30155.94,97.64,0,6096.5,797.75,2576.5,185.5,1399.25,2025-08-29 15:00:00,21.025,62.5,8.425,11.65,449.0,262.5,186.5,3.236111111111111
2025-08-29 16:00:00,"Aug 29, 2025 5:00 PM",3517.39,1976.24,471.63,7199.05,23082.16,97.5,0,6711.75,1256.25,3145.25,203.5,1397.75,2025-08-29 16:00:00,21.1,80.5,9.149999999999999,12.95,424.0,261.5,162.5,3.597222222222222
2025-08-29 17:00:00,"Aug 29, 2025 6:00 PM",3763.04,2101.29,475.07,7986.96,15152.23,97.8,0,7750.5,1952.0,5316.0,902.75,1389.5,2025-08-29 17:00:00,20.95,63.0,8.925,12.825,316.5,186.0,130.5,3.5624999999999996
2025-08-29 18:00:00,"Aug 29, 2025 7:00 PM",4177.37,2205.96,962.09,8033.83,7363.61,98.94,0,8212.25,2450.75,6343.25,2776.25,1356.25,2025-08-29 18:00:00,21.0,67.75,7.5,11.275,237.25,131.0,106.25,3.1319444444444446
2025-08-29 19:00:00,"Aug 29, 2025 8:00 PM",4362.88,2458.65,1902.55,8215.85,1625.25,97.52,0,8488.25,2593.25,6974.0,3870.75,1457.75,2025-08-29 19:00:00,20.375,67.5,7.85,12.975,131.25,61.75,69.5,3.6041666666666665
2025-08-29 20:00:00,"Aug 29, 2025 9:00 PM",4351.16,2460.29,2897.9,9711.99,73.87,95.94,0,8460.0,2562.5,6993.0,3741.0,1420.0,2025-08-29 20:00:00,18.625,40.75,8.9,16.025,36.75,13.5,23.25,4.451388888888888
2025-08-29 21:00:00,"Aug 29, 2025 10:00 PM",4217.71,2297.0,2992.14,11178.84,33.87,96.01,0,8464.5,2537.0,6961.5,1050.0,1418.5,2025-08-29 21:00:00,17.525,48.0,6.975,14.45,0.5,0.0,0.5,4.013888888888888
2025-08-29 22:00:00,"Aug 29, 2025 11:00 PM",4005.21,2055.39,2662.74,11282.44,15.06,96.14,0,8141.0,2420.25,6772.75,752.75,1425.75,2025-08-29 22:00:00,17.025,76.25,9.275,17.375,0.0,0.0,0.0,4.826388888888888
2025-08-29 23:00:00,"Aug 30, 2025 12:00 AM",3867.17,2215.01,2090.0,10915.21,24.05,96.41,0,7385.0,2080.75,6337.0,1060.75,1414.75,2025-08-29 23:00:00,16.6,59.5,10.225,20.15,0.0,0.0,0.0,5.597222222222221
2025-08-30 00:00:00,"Aug 30, 2025 1:00 AM",3726.79,2141.18,1738.7,11073.49,12.22,100.42,0,7017.75,1576.25,4935.5,529.75,1396.0,2025-08-30 00:00:00,16.15,39.25,10.15,20.575,0.0,0.0,0.0,5.715277777777778
2025-08-30 01:00:00,"Aug 30, 2025 2:00 AM",3668.86,2026.84,1978.73,10737.96,9.58,100.51,0,7266.5,1170.75,4414.75,193.5,1382.75,2025-08-30 01:00:00,15.575,54.5,9.975000000000001,20.5,0.0,0.0,0.0,5.694444444444445
2025-08-30 02:00:00,"Aug 30, 2025 3:00 AM",3603.63,1950.24,2257.69,10342.64,8.94,96.95,0,7359.5,826.5,3580.25,130.25,1382.75,2025-08-30 02:00:00,15.275,85.5,10.175,20.925,0.0,0.0,0.0,5.8125
2025-08-30 03:00:00,"Aug 30, 2025 4:00 AM",3586.28,1967.46,2427.54,9602.08,6.73,98.08,0,7366.75,841.75,3399.25,217.75,1412.25,2025-08-30 03:00:00,14.95,48.25,9.95,20.325,0.0,0.0,0.0,5.645833333333333
2025-08-30 04:00:00,"Aug 30, 2025 5:00 AM",3639.25,1971.45,2264.67,9060.33,8.07,98.91,0,7367.75,847.75,3434.0,271.25,1415.5,2025-08-30 04:00:00,14.675,80.0,9.399999999999999,20.025,0.0,0.0,0.0,5.562499999999999
2025-08-30 05:00:00,"Aug 30, 2025 6:00 AM",3771.28,1893.98,2314.56,8809.45,9.81,98.85,0,7392.25,841.0,3487.25,209.5,1394.75,2025-08-30 05:00:00,14.35,85.0,8.774999999999999,19.0,0.0,0.0,0.0,5.277777777777778
2025-08-30 06:00:00,"Aug 30, 2025 7:00 AM",3938.73,1895.92,2323.23,9175.45,122.1,98.86,0,7071.75,851.75,3511.25,233.0,1389.25,2025-08-30 06:00:00,14.325,85.5,9.525,20.0,0.0,0.0,0.0,5.555555555555555
2025-08-30 07:00:00,"Aug 30, 2025 8:00 AM",3965.25,2138.25,2096.52,8769.18,2395.38,97.45,0,6785.5,863.75,3150.5,688.0,1396.0,2025-08-30 07:00:00,14.4,81.75,9.4,19.6,5.25,0.25,5.0,5.444444444444445
2025-08-30 08:00:00,"Aug 30, 2025 9:00 AM",3803.86,2128.23,2175.94,7605.84,8156.42,96.9,0,6726.25,701.25,2807.75,721.25,1425.5,2025-08-30 08:00:00,15.149999999999999,75.25,9.325,18.925,53.0,11.75,41.25,5.256944444444445
2025-08-30 09:00:00,"Aug 30, 2025 10:00 AM",3647.74,1962.32,2474.85,7033.14,16185.09,96.7,0,5994.75,451.0,2201.25,258.0,1387.5,2025-08-30 09:00:00,16.175,81.25,11.1,18.8,142.5,48.0,94.5,5.222222222222222
2025-08-30 10:00:00,"Aug 30, 2025 11:00 AM",3480.2,2031.52,2531.04,7424.58,24244.62,96.25,0,4866.25,318.75,1783.75,131.25,1330.75,2025-08-30 10:00:00,17.275,63.5,11.725,17.675,250.5,91.5,159.0,4.909722222222222
2025-08-30 11:00:00,"Aug 30, 2025 12:00 PM",3368.7,1998.23,2522.6,8414.75,31587.07,95.88,0,3784.5,295.5,1590.25,17.0,1335.75,2025-08-30 11:00:00,18.6,64.75,11.75,17.125,428.25,260.0,168.25,4.756944444444445
2025-08-30 12:00:00,"Aug 30, 2025 1:00 PM",3270.26,1990.83,2176.3,9342.12,35472.97,95.52,0,3582.0,279.5,1523.75,15.75,1323.25,2025-08-30 12:00:00,19.325,52.5,13.05,18.75,499.5,336.0,163.5,5.208333333333333
2025-08-30 13:00:00,"Aug 30, 2025 2:00 PM",3239.23,1857.65,2544.75,9940.83,35301.65,95.48,0,3586.5,261.75,1517.75,14.75,1389.5,2025-08-30 13:00:00,20.1,38.0,13.0,18.725,592.0,433.75,158.25,5.201388888888889
2025-08-30 14:00:00,"Aug 30, 2025 3:00 PM",3229.15,1932.76,2204.82,9761.44,33356.08,95.08,0,3579.25,261.5,1548.25,48.25,1388.0,2025-08-30 14:00:00,20.575,38.0,12.825,18.4,605.75,460.0,145.75,5.111111111111111
2025-08-30 15:00:00,"Aug 30, 2025 4:00 PM",3267.61,1943.08,1513.8,9084.45,29663.66,94.93,0,3590.5,278.5,1558.0,19.25,1349.5,2025-08-30 15:00:00,20.125,45.5,13.325,19.225,565.75,417.0,148.75,5.340277777777778
2025-08-30 16:00:00,"Aug 30, 2025 5:00 PM",3403.19,1999.68,1238.16,8734.05,25411.45,95.86,0,3843.0,293.75,1649.0,47.25,1373.75,2025-08-30 16:00:00,20.4,29.25,11.0,15.924999999999999,484.25,342.0,142.25,4.423611111111111
2025-08-30 17:00:00,"Aug 30, 2025 6:00 PM",3614.24,2121.07,1052.76,7291.13,18218.44,92.76,0,5131.75,537.0,2230.5,326.25,1431.75,2025-08-30 17:00:00,20.8,21.75,11.175,16.1,423.0,317.5,105.5,4.472222222222222
2025-08-30 18:00:00,"Aug 30, 2025 7:00 PM",4043.01,2177.78,809.42,5285.17,9051.73,94.01,0,6802.75,763.0,3677.75,2574.0,1422.75,2025-08-30 18:00:00,20.425,32.0,9.3,14.0,298.25,215.0,83.25,3.888888888888889
2025-08-30 19:00:00,"Aug 30, 2025 8:00 PM",4381.14,2457.03,598.53,3654.87,1919.52,96.83,0,7048.5,975.75,4948.0,5182.5,1415.5,2025-08-30 19:00:00,19.825000000000003,16.0,5.800000000000001,10.8,158.0,100.75,57.25,3.0
2025-08-30 20:00:00,"Aug 30, 2025 9:00 PM",4435.89,2381.54,652.38,3378.42,121.72,97.66,0,7055.5,1004.25,5100.25,5342.5,1412.75,2025-08-30 20:00:00,18.575,25.0,5.475,12.95,42.0,20.5,21.5,3.597222222222222
2025-08-30 21:00:00,"Aug 30, 2025 10:00 PM",4316.94,2160.89,776.71,4501.25,54.75,103.15,0,7041.75,967.5,4921.5,4404.5,1407.0,2025-08-30 21:00:00,17.725,9.5,6.625,15.325,0.25,0.0,0.25,4.256944444444444
2025-08-30 22:00:00,"Aug 30, 2025 11:00 PM",4079.95,1923.74,1250.66,6218.04,11.84,103.49,0,6866.0,759.5,4465.75,2867.25,1420.75,2025-08-30 22:00:00,17.025,4.75,7.2,16.125,0.0,0.0,0.0,4.479166666666667
2025-08-30 23:00:00,"Aug 31, 2025 12:00 AM",3884.3,1879.89,2034.73,7863.09,8.2,103.79,0,6509.25,397.25,3810.75,1453.5,1413.25,2025-08-30 23:00:00,16.425,5.0,7.7,17.25,0.0,0.0,0.0,4.791666666666667
2025-08-31 00:00:00,"Aug 31, 2025 1:00 AM",3732.31,1826.01,2919.91,8858.64,19.04,98.92,0,6401.0,307.25,3053.25,761.0,1436.75,2025-08-31 00:00:00,15.9,4.0,8.325,18.5,0.0,0.0,0.0,5.138888888888888
2025-08-31 01:00:00,"Aug 31, 2025 2:00 AM",3668.25,1768.52,3156.73,10055.61,10.43,95.79,0,6196.5,296.25,2544.25,211.0,1439.0,2025-08-31 01:00:00,15.399999999999999,2.25,8.075,18.700000000000003,0.0,0.0,0.0,5.1944444444444455
2025-08-31 02:00:00,"Aug 31, 2025 3:00 AM",3605.96,1730.59,3792.46,10841.02,10.23,95.88,0,5692.75,289.25,2475.75,142.0,1406.0,2025-08-31 02:00:00,14.85,1.0,7.65,17.775,0.0,0.0,0.0,4.937499999999999
2025-08-31 03:00:00,"Aug 31, 2025 4:00 AM",3573.52,1717.0,4144.72,11468.03,8.5,96.07,0,4653.0,287.75,2451.25,172.5,1400.0,2025-08-31 03:00:00,14.2,3.25,7.375,17.475,0.0,0.0,0.0,4.854166666666667
2025-08-31 04:00:00,"Aug 31, 2025 5:00 AM",3584.58,1718.8,4286.76,11644.25,7.9,96.16,0,4352.5,287.5,2411.5,76.75,1416.5,2025-08-31 04:00:00,13.825,6.75,6.95,16.6,0.0,0.0,0.0,4.611111111111112
2025-08-31 05:00:00,"Aug 31, 2025 6:00 AM",3673.4,1749.74,4320.62,11651.09,17.8,97.49,0,4163.25,281.5,2510.0,108.0,1403.0,2025-08-31 05:00:00,13.55,7.5,6.775,16.025,0.0,0.0,0.0,4.451388888888888
2025-08-31 06:00:00,"Aug 31, 2025 7:00 AM",3791.28,1940.53,3873.05,11905.62,284.83,98.67,0,4237.75,274.0,2576.0,833.25,1400.0,2025-08-31 06:00:00,13.2,0.5,6.800000000000001,15.075,0.0,0.0,0.0,4.1875
2025-08-31 07:00:00,"Aug 31, 2025 8:00 AM",3763.96,1756.49,4323.87,11860.86,4523.38,98.47,0,4117.0,276.75,2339.25,121.75,1438.75,2025-08-31 07:00:00,13.2,4.25,7.275,14.575,7.5,2.5,5.0,4.048611111111111
2025-08-31 08:00:00,"Aug 31, 2025 9:00 AM",3663.62,1791.93,4033.29,10010.64,14178.53,97.11,0,3515.0,276.75,1706.75,10.25,1446.5,2025-08-31 08:00:00,14.350000000000001,7.75,7.2,15.475000000000001,96.5,56.25,40.25,4.298611111111112
2025-08-31 09:00:00,"Aug 31, 2025 10:00 AM",3568.27,1849.73,4033.64,7542.85,24644.01,95.69,0,3402.75,296.0,1479.5,58.75,1419.75,2025-08-31 09:00:00,16.425,24.25,5.175,12.875,240.5,168.5,72.0,3.576388888888889
2025-08-31 10:00:00,"Aug 31, 2025 11:00 AM",3378.76,1839.02,3276.58,6494.02,30968.23,94.73,0,3398.5,328.5,1468.75,52.75,1406.5,2025-08-31 10:00:00,18.5,40.5,5.7,8.875,367.25,279.0,88.25,2.4652777777777777
2025-08-31 11:00:00,"Aug 31, 2025 12:00 PM",3298.56,1744.96,2861.55,7012.68,35927.27,94.05,0,3411.5,350.0,1470.25,0.5,1402.25,2025-08-31 11:00:00,20.2,41.0,7.0249999999999995,10.05,495.75,375.25,120.5,2.791666666666667
2025-08-31 12:00:00,"Aug 31, 2025 1:00 PM",3244.89,1700.11,2444.97,6750.25,37007.65,93.6,0,3522.25,289.25,1517.5,23.25,1328.0,2025-08-31 12:00:00,21.575,23.75,8.75,12.425,576.75,434.75,142.0,3.451388888888889
2025-08-31 13:00:00,"Aug 31, 2025 2:00 PM",3213.26,1685.44,2041.21,5838.46,36528.48,93.26,0,3542.5,249.0,1514.25,41.0,1351.25,2025-08-31 13:00:00,22.725,35.75,9.825,13.925,637.25,482.5,154.75,3.868055555555556
2025-08-31 14:00:00,"Aug 31, 2025 3:00 PM",3197.86,1660.08,1616.22,5519.36,34862.66,92.02,0,3424.5,238.25,1467.75,81.0,1322.0,2025-08-31 14:00:00,23.275,44.75,10.225,14.3,579.5,399.0,180.5,3.9722222222222223
2025-08-31 15:00:00,"Aug 31, 2025 4:00 PM",3235.46,1669.58,1168.36,4697.03,32608.66,92.58,0,3515.25,232.5,1501.75,144.75,1324.75,2025-08-31 15:00:00,23.45,56.0,9.975,14.125,516.5,318.25,198.25,3.923611111111111
2025-08-31 16:00:00,"Aug 31, 2025 5:00 PM",3379.73,1698.56,870.85,4243.29,26730.65,91.92,0,3790.25,323.75,1642.0,142.0,1333.5,2025-08-31 16:00:00,23.6,50.0,7.9,11.175,442.0,274.75,167.25,3.104166666666667
2025-08-31 17:00:00,"Aug 31, 2025 6:00 PM",3612.9,1743.02,1043.43,4344.42,18563.65,90.27,0,6109.75,893.5,2540.0,143.5,1362.0,2025-08-31 17:00:00,23.775,50.25,8.275,11.9,366.75,234.5,132.25,3.3055555555555554
2025-08-31 18:00:00,"Aug 31, 2025 7:00 PM",3962.4,1812.03,1480.55,4060.15,8357.54,87.3,0,7351.0,1390.25,4359.75,1807.5,1368.25,2025-08-31 18:00:00,23.45,51.5,7.125,11.6,241.25,135.5,105.75,3.222222222222222
2025-08-31 19:00:00,"Aug 31, 2025 8:00 PM",4227.51,2112.56,1938.16,3628.01,1471.99,87.73,0,7844.25,2034.5,5284.0,4428.25,1388.75,2025-08-31 19:00:00,22.7,32.5,4.85,10.15,138.5,75.0,63.5,2.8194444444444446
2025-08-31 20:00:00,"Aug 31, 2025 9:00 PM",4323.01,2232.82,2378.53,4458.87,84.38,88.94,0,7978.25,2247.25,5493.25,4851.5,1381.75,2025-08-31 20:00:00,20.975,45.25,5.675,13.65,35.5,14.75,20.75,3.7916666666666665
2025-08-31 21:00:00,"Aug 31, 2025 10:00 PM",4216.19,1917.01,3161.25,6778.47,31.72,91.62,0,7951.25,2296.75,5470.25,2111.25,1366.0,2025-08-31 21:00:00,19.950000000000003,23.5,7.625,18.575,0.0,0.0,0.0,5.159722222222222
2025-08-31 22:00:00,"Aug 31, 2025 11:00 PM",3958.96,1734.06,4238.74,9039.69,7.42,95.88,0,7681.5,2114.75,5329.5,566.25,1368.0,2025-08-31 22:00:00,19.125,27.25,7.725,19.275,0.0,0.0,0.0,5.354166666666666
2025-08-31 23:00:00,"Sep 1, 2025 12:00 AM",3762.61,1649.8,4784.68,11221.31,7.69,97.62,0,7103.0,1777.75,4733.0,277.75,1374.0,2025-08-31 23:00:00,18.25,45.5,7.574999999999999,18.875,0.0,0.0,0.0,5.243055555555555
2025-09-01 00:00:00,"Sep 1, 2025 1:00 AM",3552.27,1632.67,4774.56,12740.28,7.38,100.3,0,7031.5,1664.75,4596.5,22.0,1363.25,2025-09-01 00:00:00,17.6,32.25,8.0,19.95,0.0,0.0,0.0,5.541666666666666
2025-09-01 01:00:00,"Sep 1, 2025 2:00 AM",3478.34,1622.75,3709.63,13182.18,7.49,100.94,0,6791.75,1616.25,4538.5,12.5,1366.25,2025-09-01 01:00:00,17.0,37.5,7.975,20.1,0.0,0.0,0.0,5.583333333333334
2025-09-01 02:00:00,"Sep 1, 2025 3:00 AM",3455.61,1632.35,2375.4,12593.54,8.5,101.41,0,6920.0,1627.25,4705.75,39.25,1358.25,2025-09-01 02:00:00,16.5,30.5,7.775,19.5,0.0,0.0,0.0,5.416666666666667
2025-09-01 03:00:00,"Sep 1, 2025 4:00 AM",3467.22,1545.54,1490.0,12599.03,7.91,101.57,0,7185.5,1632.0,4701.5,117.75,1330.75,2025-09-01 03:00:00,15.875,38.0,7.55,18.6,0.0,0.0,0.0,5.166666666666667
2025-09-01 04:00:00,"Sep 1, 2025 5:00 AM",3537.74,1556.14,765.38,12846.25,7.47,101.49,0,7308.5,1725.0,4962.75,52.0,1339.5,2025-09-01 04:00:00,15.4,30.25,7.449999999999999,17.8,0.0,0.0,0.0,4.944444444444445
2025-09-01 05:00:00,"Sep 1, 2025 6:00 AM",3698.98,1575.77,569.39,12945.15,8.93,100.1,0,7984.25,2158.0,5504.25,237.25,1349.25,2025-09-01 05:00:00,15.225,42.0,7.25,16.975,0.0,0.0,0.0,4.715277777777778
2025-09-01 06:00:00,"Sep 1, 2025 7:00 AM",3998.73,1881.97,551.22,13325.47,277.39,98.67,0,8532.75,2276.75,6089.5,2154.0,1320.75,2025-09-01 06:00:00,14.725,67.25,8.275,17.125,0.0,0.0,0.0,4.756944444444445
2025-09-01 07:00:00,"Sep 1, 2025 8:00 AM",4069.72,1962.53,645.84,12935.05,3746.51,97.25,0,8570.5,2287.75,5954.5,2853.5,1326.5,2025-09-01 07:00:00,14.675,57.75,9.425,20.85,6.25,2.0,4.25,5.791666666666667
2025-09-01 08:00:00,"Sep 1, 2025 9:00 AM",3971.65,1803.86,720.31,9846.75,11019.99,96.89,0,8154.25,2274.0,6060.75,2323.0,1454.5,2025-09-01 08:00:00,15.850000000000001,56.0,9.85,21.725,77.25,36.5,40.75,6.034722222222222
2025-09-01 09:00:00,"Sep 1, 2025 10:00 AM",3800.98,1943.7,451.87,6321.05,16463.12,95.09,0,7534.0,2144.25,6066.5,1610.25,1616.0,2025-09-01 09:00:00,17.45,52.5,8.625,18.575,196.25,119.0,77.25,5.159722222222222
2025-09-01 10:00:00,"Sep 1, 2025 11:00 AM",3577.98,2027.37,444.55,5352.41,20256.59,95.23,0,7503.5,2071.75,5389.25,2462.0,1688.75,2025-09-01 10:00:00,19.425,54.0,8.975,14.325,320.75,199.75,121.0,3.9791666666666665
2025-09-01 11:00:00,"Sep 1, 2025 12:00 PM",3422.86,2082.02,568.36,5625.83,22468.91,90.83,0,6677.75,2087.75,3931.75,937.0,1639.0,2025-09-01 11:00:00,20.725,88.75,10.725,16.475,381.0,254.75,126.25,4.576388888888889
2025-09-01 12:00:00,"Sep 1, 2025 1:00 PM",3307.78,1818.89,869.88,6377.62,24648.4,79.99,0,6731.5,1924.75,3081.5,267.75,1750.0,2025-09-01 12:00:00,21.7,94.25,11.95,17.7,442.25,289.5,152.75,4.916666666666666
2025-09-01 13:00:00,"Sep 1, 2025 2:00 PM",3297.86,1811.42,1026.22,6529.81,25680.28,90.56,0,6355.0,1757.0,2971.0,147.75,1752.75,2025-09-01 13:00:00,21.75,76.75,12.85,18.85,451.5,263.5,188.0,5.236111111111112
2025-09-01 14:00:00,"Sep 1, 2025 3:00 PM",3246.57,1640.77,1115.39,6049.65,24970.66,99.07,0,6392.25,2225.25,2721.0,11.0,1617.75,2025-09-01 14:00:00,22.275,96.75,14.45,20.85,537.5,339.75,197.75,5.791666666666667
2025-09-01 15:00:00,"Sep 1, 2025 4:00 PM",3254.66,1551.97,2186.45,5935.8,21379.3,99.84,0,6556.25,2388.5,2983.0,8.0,1453.75,2025-09-01 15:00:00,22.275,63.25,12.4,17.975,442.75,222.25,220.5,4.993055555555556
2025-09-01 16:00:00,"Sep 1, 2025 5:00 PM",3414.7,1712.36,2558.69,5254.78,16383.18,103.27,0,8201.5,2831.0,4336.75,155.75,1369.75,2025-09-01 16:00:00,22.075,99.5,10.65,15.7,384.75,228.75,156.0,4.361111111111111
2025-09-01 17:00:00,"Sep 1, 2025 6:00 PM",3727.67,2029.07,2209.1,4468.2,10780.29,104.23,0,8707.25,3200.25,6758.25,646.5,1373.0,2025-09-01 17:00:00,21.5,98.5,10.025,14.9,216.5,99.0,117.5,4.138888888888889
2025-09-01 18:00:00,"Sep 1, 2025 7:00 PM",4227.93,2176.45,1917.49,3408.38,5095.85,107.03,0,9061.0,3591.75,8242.25,3331.25,1428.25,2025-09-01 18:00:00,20.825,85.75,9.0,14.425,143.25,35.0,108.25,4.006944444444445
2025-09-01 19:00:00,"Sep 1, 2025 8:00 PM",4441.13,2450.74,2046.59,2504.39,1192.86,106.45,0,9326.0,3617.0,8901.75,4576.0,1446.75,2025-09-01 19:00:00,20.125,100.0,6.2,11.575,91.0,27.75,63.25,3.2152777777777777
2025-09-01 20:00:00,"Sep 1, 2025 9:00 PM",4451.48,2484.24,2142.64,2798.66,107.27,107.12,0,9430.75,3626.25,8934.0,4427.0,1453.25,2025-09-01 20:00:00,19.25,99.5,4.8,11.85,22.5,3.0,19.5,3.2916666666666665
2025-09-01 21:00:00,"Sep 1, 2025 10:00 PM",4263.67,2158.12,2074.04,4189.37,13.96,107.32,0,9405.0,3650.25,8642.0,2908.0,1405.25,2025-09-01 21:00:00,18.4,100.0,6.7,14.55,0.0,0.0,0.0,4.041666666666667
2025-09-01 22:00:00,"Sep 1, 2025 11:00 PM",4004.8,1861.33,2175.25,5326.9,7.02,107.72,0,9094.5,3346.5,7860.5,968.5,1387.75,2025-09-01 22:00:00,17.625,99.75,7.324999999999999,15.65,0.0,0.0,0.0,4.347222222222222
2025-09-01 23:00:00,"Sep 2, 2025 12:00 AM",3838.22,1816.05,2070.39,5916.86,5.8,108.13,0,8615.25,3326.25,7385.5,288.0,1362.25,2025-09-01 23:00:00,16.95,97.75,6.1,14.4,0.0,0.0,0.0,4.0
2025-09-02 00:00:00,"Sep 2, 2025 1:00 AM",3663.76,1668.16,1892.17,6282.04,7.06,107.37,0,8119.75,3297.25,7240.0,83.0,1424.5,2025-09-02 00:00:00,16.474999999999998,91.5,5.425,12.875,0.0,0.0,0.0,3.576388888888889
2025-09-02 01:00:00,"Sep 2, 2025 2:00 AM",3600.77,1653.89,1590.8,6014.62,5.98,108.11,0,7940.5,3160.0,7250.75,101.25,1479.5,2025-09-02 01:00:00,16.3,99.75,5.425,12.05,0.0,0.0,0.0,3.3472222222222223
2025-09-02 02:00:00,"Sep 2, 2025 3:00 AM",3584.32,1619.81,1437.0,5418.73,5.82,109.98,0,7927.25,3301.0,7247.0,64.5,1433.0,2025-09-02 02:00:00,16.075,100.0,6.675,12.65,0.0,0.0,0.0,3.513888888888889
2025-09-02 03:00:00,"Sep 2, 2025 4:00 AM",3584.26,1618.09,1231.64,5242.24,5.86,108.77,0,7927.25,3336.0,7278.5,63.25,1376.25,2025-09-02 03:00:00,15.35,80.75,7.4,15.525,0.0,0.0,0.0,4.3125
2025-09-02 04:00:00,"Sep 2, 2025 5:00 AM",3639.82,1704.41,1040.9,5280.16,5.93,108.56,0,7957.5,3357.5,7386.75,237.25,1382.75,2025-09-02 04:00:00,15.175,80.25,5.949999999999999,13.950000000000001,0.0,0.0,0.0,3.875
2025-09-02 05:00:00,"Sep 2, 2025 6:00 AM",3792.25,1831.44,987.59,5520.59,6.29,108.56,0,8354.25,3430.75,7900.75,373.0,1379.5,2025-09-02 05:00:00,14.95,81.0,6.525,14.15,0.0,0.0,0.0,3.9305555555555554
2025-09-02 06:00:00,"Sep 2, 2025 7:00 AM",4112.55,2202.94,969.91,5880.36,61.61,108.26,0,8414.75,3520.5,8487.0,2932.75,1376.75,2025-09-02 06:00:00,14.675,78.25,7.1,15.55,0.0,0.0,0.0,4.319444444444445
2025-09-02 07:00:00,"Sep 2, 2025 8:00 AM",4238.83,2283.52,1078.76,6295.58,1640.55,105.78,0,8356.0,3510.25,8889.25,3917.25,1400.0,2025-09-02 07:00:00,14.55,78.5,8.575,16.8,2.25,0.0,2.25,4.666666666666667
2025-09-02 08:00:00,"Sep 2, 2025 9:00 AM",4096.69,1981.68,1246.94,5300.04,6150.87,104.95,0,8339.75,3493.0,8275.0,2297.5,1434.0,2025-09-02 08:00:00,14.975,80.5,8.4,16.55,43.5,10.5,33.0,4.597222222222222
2025-09-02 09:00:00,"Sep 2, 2025 10:00 AM",3916.69,1858.65,1550.36,4182.35,12469.18,105.47,0,8355.75,3362.0,7664.75,896.75,1392.5,2025-09-02 09:00:00,15.775,97.75,8.75,16.025,125.75,52.0,73.75,4.451388888888888
2025-09-02 10:00:00,"Sep 2, 2025 11:00 AM",3587.7,1797.66,2316.25,4271.86,18802.71,105.49,0,7846.5,2808.25,5650.25,590.25,1387.5,2025-09-02 10:00:00,16.55,82.25,7.7749999999999995,12.1,177.75,68.5,109.25,3.3611111111111107
2025-09-02 11:00:00,"Sep 2, 2025 12:00 PM",3477.69,1882.92,2556.64,4993.4,24153.35,106.67,0,6517.0,2282.25,4152.0,566.25,1369.0,2025-09-02 11:00:00,17.45,76.75,8.95,13.35,276.75,137.0,139.75,3.708333333333333
2025-09-02 12:00:00,"Sep 2, 2025 1:00 PM",3351.95,1804.82,2669.62,5852.92,27605.0,106.57,0,5312.75,1951.25,4015.5,52.75,1371.0,2025-09-02 12:00:00,18.175,84.75,9.8,14.95,348.75,219.0,129.75,4.152777777777778
2025-09-02 13:00:00,"Sep 2, 2025 2:00 PM",3395.75,1847.52,2714.25,6454.07,28867.48,107.61,0,4636.75,1510.5,3861.75,26.0,1380.5,2025-09-02 13:00:00,18.7,72.5,8.575,12.575,371.75,221.25,150.5,3.4930555555555554
2025-09-02 14:00:00,"Sep 2, 2025 3:00 PM",3469.8,1792.27,2968.55,6988.26,28959.16,106.83,0,4864.25,1458.5,3869.5,9.75,1379.25,2025-09-02 14:00:00,19.25,85.25,9.325,13.425,403.5,230.5,173.0,3.729166666666667
2025-09-02 15:00:00,"Sep 2, 2025 4:00 PM",3509.92,1776.56,2500.69,7215.48,27300.64,105.98,0,5648.0,1519.25,4227.0,20.5,1361.5,2025-09-02 15:00:00,19.5,63.5,10.3,14.525,479.75,276.25,203.5,4.034722222222222
2025-09-02 16:00:00,"Sep 2, 2025 5:00 PM",3661.92,1777.35,1794.74,6938.67,23586.87,105.74,0,7048.25,2326.5,5429.5,54.0,1363.5,2025-09-02 16:00:00,19.45,31.75,9.15,13.175,386.0,208.25,177.75,3.6597222222222223
2025-09-02 17:00:00,"Sep 2, 2025 6:00 PM",3931.44,1924.02,1397.98,6671.49,16148.66,105.49,0,7953.25,2796.5,6706.75,304.25,1397.75,2025-09-02 17:00:00,19.975,19.0,9.625,13.775,415.75,296.0,119.75,3.826388888888889
2025-09-02 18:00:00,"Sep 2, 2025 7:00 PM",4372.58,1957.61,989.39,6550.63,7243.71,105.96,0,8607.75,3605.25,8407.5,2773.25,1387.0,2025-09-02 18:00:00,19.8,15.5,9.725,14.4,292.25,211.75,80.5,4.0
2025-09-02 19:00:00,"Sep 2, 2025 8:00 PM",4558.89,2314.5,576.79,5570.55,1323.16,105.83,0,8755.75,3798.0,9119.75,4377.5,1435.75,2025-09-02 19:00:00,19.2,36.25,6.9,12.775,149.5,92.75,56.75,3.548611111111111
2025-09-02 20:00:00,"Sep 2, 2025 9:00 PM",4543.09,2277.11,621.24,5801.71,110.52,107.36,0,8785.25,3731.75,9118.75,4638.25,1425.5,2025-09-02 20:00:00,17.625,49.25,4.125,10.625,34.0,15.25,18.75,2.951388888888889
2025-09-02 21:00:00,"Sep 2, 2025 10:00 PM",4374.97,1851.76,724.95,7867.05,20.77,107.38,0,8681.25,3678.5,8529.5,2688.25,1397.25,2025-09-02 21:00:00,16.549999999999997,33.0,4.725,11.100000000000001,0.0,0.0,0.0,3.0833333333333335
2025-09-02 22:00:00,"Sep 2, 2025 11:00 PM",4148.42,1784.0,1063.38,9627.0,13.56,108.19,0,8055.25,3553.5,8045.75,831.5,1393.25,2025-09-02 22:00:00,15.875,52.25,5.625,12.9,0.0,0.0,0.0,3.5833333333333335
2025-09-02 23:00:00,"Sep 3, 2025 12:00 AM",3953.14,1843.5,2171.42,10498.04,11.29,108.47,0,7975.75,3222.0,7237.0,441.75,1353.0,2025-09-02 23:00:00,15.525,31.0,6.975,15.175,0.0,0.0,0.0,4.215277777777778
2025-09-03 00:00:00,"Sep 3, 2025 1:00 AM",3810.8,1816.08,2342.57,11445.38,11.67,110.04,0,7836.25,2800.0,5859.0,610.5,1270.0,2025-09-03 00:00:00,15.075,11.25,6.9,16.2,0.0,0.0,0.0,4.5
2025-09-03 01:00:00,"Sep 3, 2025 2:00 AM",3742.44,1754.51,3122.08,12982.96,12.25,110.32,0,7572.25,2788.0,4780.5,884.0,1270.25,2025-09-03 01:00:00,14.9,26.5,7.550000000000001,16.975,0.0,0.0,0.0,4.715277777777778
2025-09-03 02:00:00,"Sep 3, 2025 3:00 AM",3675.69,1676.0,2936.76,14248.23,7.85,110.94,0,7397.5,2646.5,4249.25,69.5,1265.0,2025-09-03 02:00:00,14.675,26.75,8.625,19.075,0.0,0.0,0.0,5.298611111111111
2025-09-03 03:00:00,"Sep 3, 2025 4:00 AM",3649.91,1670.25,3346.84,16023.39,8.27,109.86,0,7406.5,2444.25,4227.25,29.25,1234.0,2025-09-03 03:00:00,14.4,25.5,8.525,18.8,0.0,0.0,0.0,5.222222222222222
2025-09-03 04:00:00,"Sep 3, 2025 5:00 AM",3703.45,1666.15,3592.92,17357.86,7.58,108.78,0,7544.0,2456.25,4213.0,19.75,1237.5,2025-09-03 04:00:00,14.15,27.0,10.1,21.6,0.0,0.0,0.0,6.0
2025-09-03 05:00:00,"Sep 3, 2025 6:00 AM",3847.85,1684.72,4148.83,18159.3,8.71,108.42,0,7649.25,2382.25,4740.0,72.5,1240.0,2025-09-03 05:00:00,14.025,21.25,9.95,21.0,0.0,0.0,0.0,5.833333333333333
2025-09-03 06:00:00,"Sep 3, 2025 7:00 AM",4159.62,1982.29,4444.66,19191.96,181.39,107.29,0,7604.75,2544.25,5300.5,1043.25,1235.75,2025-09-03 06:00:00,13.65,41.5,10.25,21.325,0.0,0.0,0.0,5.923611111111111
2025-09-03 07:00:00,"Sep 3, 2025 8:00 AM",4277.22,1978.6,4588.87,19397.74,3629.78,104.13,0,7310.5,2571.25,5521.75,1860.75,1263.5,2025-09-03 07:00:00,13.7,43.25,11.075,22.85,5.0,1.5,3.5,6.347222222222222
2025-09-03 08:00:00,"Sep 3, 2025 9:00 AM",4100.83,1864.5,4685.71,17655.71,12095.55,103.62,0,6966.5,2477.75,4817.0,532.75,1235.5,2025-09-03 08:00:00,14.925,64.0,11.875,23.4,81.0,43.75,37.25,6.499999999999999
2025-09-03 09:00:00,"Sep 3, 2025 10:00 AM",3805.3,1751.91,4485.86,16741.1,22659.69,100.95,0,5737.25,2289.75,3700.25,136.25,1238.75,2025-09-03 09:00:00,16.675,59.75,9.875,20.65,211.0,138.75,72.25,5.736111111111111
2025-09-03 10:00:00,"Sep 3, 2025 11:00 AM",3540.62,1774.56,3608.25,17623.05,30148.53,98.67,0,3883.0,2052.75,3194.75,62.5,1321.75,2025-09-03 10:00:00,18.8,43.75,11.825,18.325,366.25,267.0,99.25,5.090277777777778
2025-09-03 11:00:00,"Sep 3, 2025 12:00 PM",3419.92,1817.34,2907.78,19300.08,33497.42,95.35,0,3754.25,1820.75,3025.75,16.25,1328.0,2025-09-03 11:00:00,20.175,26.5,14.0,20.875,462.0,339.75,122.25,5.798611111111111
2025-09-03 12:00:00,"Sep 3, 2025 1:00 PM",3306.52,1721.49,3085.14,20050.95,32841.68,95.96,0,3691.25,1542.25,2951.75,71.75,1327.75,2025-09-03 12:00:00,21.525,60.25,15.45,22.825,579.25,454.0,125.25,6.340277777777778
2025-09-03 13:00:00,"Sep 3, 2025 2:00 PM",3240.2,1701.11,3047.75,20402.26,31973.22,98.13,0,3714.5,1492.25,2916.0,101.25,1342.5,2025-09-03 13:00:00,22.025,54.75,14.524999999999999,21.7,526.25,341.75,184.5,6.027777777777778
2025-09-03 14:00:00,"Sep 3, 2025 3:00 PM",3262.16,1717.52,3134.77,19688.68,30193.77,98.11,0,3714.0,1104.5,2759.75,147.5,1345.5,2025-09-03 14:00:00,22.775,80.0,14.75,21.875,517.75,321.0,196.75,6.076388888888888
2025-09-03 15:00:00,"Sep 3, 2025 4:00 PM",3351.13,1694.58,3354.48,19843.78,28254.58,98.25,0,3713.25,1328.0,3137.25,152.75,1344.25,2025-09-03 15:00:00,22.575,59.0,14.524999999999999,22.174999999999997,396.25,190.25,206.0,6.159722222222221
2025-09-03 16:00:00,"Sep 3, 2025 5:00 PM",3488.1,1677.18,4018.13,21057.84,22741.07,101.04,0,3706.75,1476.5,3364.0,176.5,1349.25,2025-09-03 16:00:00,23.275,61.75,15.75,23.675,448.0,292.75,155.25,6.576388888888889
2025-09-03 17:00:00,"Sep 3, 2025 6:00 PM",3705.55,1686.12,5192.74,24512.6,15486.98,101.57,0,4306.25,1466.5,3516.25,250.25,1387.0,2025-09-03 17:00:00,23.4,71.75,12.8,20.15,308.25,163.0,145.25,5.597222222222221
2025-09-03 18:00:00,"Sep 3, 2025 7:00 PM",4131.72,1759.02,6485.17,23434.56,7143.39,102.22,0,5949.75,2062.25,4136.75,1546.0,1398.5,2025-09-03 18:00:00,23.275,59.25,10.975,18.05,241.75,131.0,110.75,5.013888888888889
2025-09-03 19:00:00,"Sep 3, 2025 8:00 PM",4375.9,2060.7,5716.48,22204.36,1310.87,102.27,0,6409.5,2643.5,4588.0,4355.25,1445.75,2025-09-03 19:00:00,22.45,57.75,11.0,20.75,128.5,58.25,70.25,5.763888888888888
2025-09-03 20:00:00,"Sep 3, 2025 9:00 PM",4435.02,1877.44,5763.35,23848.29,80.13,103.6,0,6680.75,2705.0,4724.0,3323.5,1417.75,2025-09-03 20:00:00,21.0,50.75,12.549999999999999,25.525,28.25,8.75,19.5,7.090277777777777
2025-09-03 21:00:00,"Sep 3, 2025 10:00 PM",4241.38,1657.4,6244.77,26490.21,12.76,104.62,0,6265.75,2507.75,4551.75,1131.0,1376.5,2025-09-03 21:00:00,20.0,44.25,11.725000000000001,24.875,0.0,0.0,0.0,6.909722222222222
2025-09-03 22:00:00,"Sep 3, 2025 11:00 PM",4002.08,1675.87,5431.86,26821.9,9.7,105.09,0,5162.25,2206.75,3687.75,229.25,1380.0,2025-09-03 22:00:00,19.35,49.75,11.7,25.25,0.0,0.0,0.0,7.013888888888888
2025-09-03 23:00:00,"Sep 4, 2025 12:00 AM",3790.69,1557.61,5486.59,27370.12,9.23,105.06,0,4653.5,2050.5,3289.25,101.5,1373.5,2025-09-03 23:00:00,18.925,41.5,11.95,25.8,0.0,0.0,0.0,7.166666666666667
2025-09-04 00:00:00,"Sep 4, 2025 1:00 AM",3604.42,1574.95,4907.57,27134.3,9.19,105.86,0,4039.0,2322.0,3276.0,42.0,1365.0,2025-09-04 00:00:00,18.5,5.75,11.725,25.150000000000002,0.0,0.0,0.0,6.986111111111112
2025-09-04 01:00:00,"Sep 4, 2025 2:00 AM",3553.58,1623.16,4960.63,25531.3,8.96,106.01,0,4419.5,2057.0,3248.5,7.75,1378.5,2025-09-04 01:00:00,18.025,22.75,11.1,23.5,0.0,0.0,0.0,6.527777777777778
2025-09-04 02:00:00,"Sep 4, 2025 3:00 AM",3543.57,1586.59,5268.96,23931.82,7.94,105.91,0,4924.75,2107.75,3310.0,3.75,1382.25,2025-09-04 02:00:00,17.7,30.5,11.925,24.45,0.0,0.0,0.0,6.791666666666666
2025-09-04 03:00:00,"Sep 4, 2025 4:00 AM",3550.68,1530.75,5191.55,22583.69,8.76,106.32,0,5070.75,2112.5,3245.25,3.75,1368.25,2025-09-04 03:00:00,17.4,34.0,12.35,25.875,0.0,0.0,0.0,7.1875
2025-09-04 04:00:00,"Sep 4, 2025 5:00 AM",3619.73,1576.68,5117.63,21018.89,10.1,106.16,0,5387.25,2186.25,3825.0,17.75,1298.0,2025-09-04 04:00:00,17.1,28.0,11.5,23.725,0.0,0.0,0.0,6.590277777777778
2025-09-04 05:00:00,"Sep 4, 2025 6:00 AM",3791.38,1601.89,5492.86,19435.47,11.42,106.5,0,5287.25,2119.5,4348.25,613.0,1377.25,2025-09-04 05:00:00,16.6,26.25,11.600000000000001,23.175,0.0,0.0,0.0,6.4375
2025-09-04 06:00:00,"Sep 4, 2025 7:00 AM",4041.71,1640.47,5246.27,18860.91,182.27,105.79,0,6002.25,2191.75,5322.5,1732.25,1364.5,2025-09-04 06:00:00,16.275,27.75,11.1,22.6,0.0,0.0,0.0,6.277777777777778
2025-09-04 07:00:00,"Sep 4, 2025 8:00 AM",4194.98,1863.9,4969.05,16485.72,3392.01,105.0,0,5626.25,2117.5,5357.75,3061.25,1361.25,2025-09-04 07:00:00,16.025,48.0,10.75,22.1,4.5,1.0,3.5,6.138888888888889
2025-09-04 08:00:00,"Sep 4, 2025 9:00 AM",4095.31,1893.21,4797.07,13515.11,11460.4,102.14,0,5945.5,1991.5,4974.25,2543.0,1357.0,2025-09-04 08:00:00,16.95,13.25,10.100000000000001,20.525,75.25,32.0,43.25,5.701388888888888
2025-09-04 09:00:00,"Sep 4, 2025 10:00 AM",3845.89,1952.65,4645.49,11189.47,22208.14,100.65,0,5036.25,1605.0,4346.5,1090.75,1344.0,2025-09-04 09:00:00,18.7,21.0,8.525,16.875,223.5,154.75,68.75,4.6875
2025-09-04 10:00:00,"Sep 4, 2025 11:00 AM",3534.68,1742.71,4045.37,10536.77,31741.62,100.09,0,3938.5,1312.75,2728.25,120.0,1339.25,2025-09-04 10:00:00,20.375,18.0,8.025,12.25,375.75,293.25,82.5,3.4027777777777777
2025-09-04 11:00:00,"Sep 4, 2025 12:00 PM",3430.38,1752.94,3613.63,10242.54,36374.58,99.43,0,3734.25,1082.0,2311.0,75.0,1306.0,2025-09-04 11:00:00,21.9,61.0,10.05,14.45,503.25,408.25,95.0,4.013888888888888
2025-09-04 12:00:00,"Sep 4, 2025 1:00 PM",3369.29,1698.08,3102.64,10678.16,36543.51,100.69,0,3605.25,987.75,2338.0,29.0,1287.0,2025-09-04 12:00:00,23.15,57.25,11.649999999999999,16.6,590.25,462.75,127.5,4.611111111111112
2025-09-04 13:00:00,"Sep 4, 2025 2:00 PM",3372.54,1655.25,3068.4,10643.78,35514.2,100.0,0,3608.5,983.75,2350.5,19.75,1290.75,2025-09-04 13:00:00,24.025,60.5,12.475,17.8,632.75,490.75,142.0,4.944444444444445
2025-09-04 14:00:00,"Sep 4, 2025 3:00 PM",3406.95,1749.57,2343.83,10191.31,32206.15,100.86,0,3830.5,972.25,2447.5,35.75,1211.75,2025-09-04 14:00:00,24.675,86.5,13.975,20.1,630.25,473.25,157.0,5.583333333333334
2025-09-04 15:00:00,"Sep 4, 2025 4:00 PM",3483.02,1753.26,1878.36,10331.61,26742.24,100.32,0,4666.5,1264.0,2917.0,25.0,1221.5,2025-09-04 15:00:00,24.325,86.5,12.65,18.2,497.5,287.75,209.75,5.055555555555555
2025-09-04 16:00:00,"Sep 4, 2025 5:00 PM",3649.28,1887.6,1361.19,8956.41,19170.44,96.72,0,7463.25,2445.75,4294.25,302.5,1319.5,2025-09-04 16:00:00,24.0,86.75,12.025,17.85,392.5,248.75,143.75,4.958333333333334
2025-09-04 17:00:00,"Sep 4, 2025 6:00 PM",3946.22,2043.29,785.75,6445.38,11363.46,99.57,0,8157.5,3401.5,7872.25,1513.25,1407.5,2025-09-04 17:00:00,23.725,86.0,11.375,17.35,300.5,163.25,137.25,4.819444444444445
2025-09-04 18:00:00,"Sep 4, 2025 7:00 PM",4434.52,2335.86,691.05,4871.28,4280.54,100.33,0,8402.75,3916.5,9548.5,4609.75,1487.25,2025-09-04 18:00:00,23.425,76.75,10.075,17.35,225.0,100.0,125.0,4.819444444444445
2025-09-04 19:00:00,"Sep 4, 2025 8:00 PM",4590.46,2409.76,633.72,4439.35,657.34,101.43,0,8578.75,4101.5,9951.0,4981.0,1494.25,2025-09-04 19:00:00,22.475,77.75,8.05,16.575,105.5,36.0,69.5,4.604166666666666
2025-09-04 20:00:00,"Sep 4, 2025 9:00 PM",4579.21,2395.34,1167.26,4941.44,81.68,102.82,0,8633.0,4112.75,9940.25,5049.75,1492.5,2025-09-04 20:00:00,20.975,92.5,6.2,13.8,19.75,3.75,16.0,3.8333333333333335
2025-09-04 21:00:00,"Sep 4, 2025 10:00 PM",4388.06,1821.66,2333.6,5861.33,20.91,102.85,0,8664.75,4111.5,9412.5,2750.75,1430.25,2025-09-04 21:00:00,19.45,93.5,7.1,15.2,0.0,0.0,0.0,4.222222222222222
2025-09-04 22:00:00,"Sep 4, 2025 11:00 PM",4123.83,1702.9,3265.78,6889.06,9.8,104.44,0,8501.25,4011.75,8485.25,831.0,1428.75,2025-09-04 22:00:00,19.025,100.0,7.25,15.350000000000001,0.0,0.0,0.0,4.263888888888889
2025-09-04 23:00:00,"Sep 5, 2025 12:00 AM",3922.64,1699.96,2372.02,7123.24,6.7,105.59,0,8646.75,3953.0,7869.5,510.5,1365.5,2025-09-04 23:00:00,18.375,98.5,8.65,16.975,0.0,0.0,0.0,4.715277777777778
2025-09-05 00:00:00,"Sep 5, 2025 1:00 AM",3745.12,1697.93,2784.47,7324.59,6.84,106.22,0,8913.75,3621.75,6954.75,338.25,1297.5,2025-09-05 00:00:00,17.65,78.75,8.85,16.85,0.0,0.0,0.0,4.680555555555556
2025-09-05 01:00:00,"Sep 5, 2025 2:00 AM",3687.83,1646.49,2844.53,8347.11,5.93,106.8,0,8498.75,3178.25,6509.25,69.0,1266.25,2025-09-05 01:00:00,17.25,98.5,9.875,18.225,0.0,0.0,0.0,5.0625
2025-09-05 02:00:00,"Sep 5, 2025 3:00 AM",3653.29,1648.1,2564.44,9009.05,5.33,105.86,0,8226.0,2818.75,6562.25,54.0,1263.25,2025-09-05 02:00:00,16.95,100.0,9.95,17.45,0.0,0.0,0.0,4.847222222222222
2025-09-05 03:00:00,"Sep 5, 2025 4:00 AM",3646.55,1646.7,2414.01,9755.0,5.94,105.83,0,8082.25,2750.5,6470.75,95.0,1237.0,2025-09-05 03:00:00,16.5,75.75,8.925,17.1,0.0,0.0,0.0,4.75
2025-09-05 04:00:00,"Sep 5, 2025 5:00 AM",3697.61,1687.93,2327.85,9712.35,6.17,106.61,0,8494.0,2992.5,6425.5,212.25,1239.25,2025-09-05 04:00:00,16.025,73.75,11.0,21.4,0.0,0.0,0.0,5.944444444444444
2025-09-05 05:00:00,"Sep 5, 2025 6:00 AM",3848.24,1740.15,2101.07,9234.17,6.82,106.06,0,9474.75,3444.25,7282.0,249.0,1253.25,2025-09-05 05:00:00,15.625,93.75,11.45,22.05,0.0,0.0,0.0,6.125
2025-09-05 06:00:00,"Sep 5, 2025 7:00 AM",4219.2,1854.15,2204.78,9148.83,82.06,104.97,0,10106.0,3918.25,7931.75,1202.25,1266.75,2025-09-05 06:00:00,15.225,89.75,9.425,18.45,0.0,0.0,0.0,5.125
2025-09-05 07:00:00,"Sep 5, 2025 8:00 AM",4340.55,2053.59,2192.53,8845.76,1758.9,104.72,0,10219.0,3963.0,7995.5,2369.75,1282.75,2025-09-05 07:00:00,15.1,84.25,8.55,16.975,1.5,0.0,1.5,4.715277777777778
2025-09-05 08:00:00,"Sep 5, 2025 9:00 AM",4237.43,1971.77,2530.93,7791.64,6180.88,103.89,0,10174.25,3925.25,7798.0,1429.5,1305.5,2025-09-05 08:00:00,15.325,96.0,9.2,16.8,30.0,5.75,24.25,4.666666666666667
2025-09-05 09:00:00,"Sep 5, 2025 10:00 AM",3995.38,1862.32,2514.57,7174.12,11866.76,102.99,0,10004.25,3433.75,6841.25,427.75,1282.75,2025-09-05 09:00:00,15.924999999999999,83.0,9.475,15.299999999999999,96.5,25.25,71.25,4.25
2025-09-05 10:00:00,"Sep 5, 2025 11:00 AM",3695.19,1825.37,2514.79,8146.52,17840.8,104.02,0,9264.25,2405.25,4842.5,178.5,1259.25,2025-09-05 10:00:00,16.7,64.75,8.475,13.15,185.5,68.25,117.25,3.6527777777777777
2025-09-05 11:00:00,"Sep 5, 2025 12:00 PM",3560.37,1815.93,2435.18,9145.88,23365.81,105.15,0,8107.5,2098.0,3913.25,56.75,1235.0,2025-09-05 11:00:00,17.825,76.0,10.8,15.650000000000002,385.5,243.25,142.25,4.347222222222222
2025-09-05 12:00:00,"Sep 5, 2025 1:00 PM",3488.67,1906.13,2095.18,9860.22,25233.86,105.63,0,7009.25,1652.25,3406.0,12.5,1230.0,2025-09-05 12:00:00,18.225,100.0,12.45,18.5,429.25,284.75,144.5,5.138888888888888
2025-09-05 13:00:00,"Sep 5, 2025 2:00 PM",3476.18,1873.17,1696.0,9648.33,26063.4,106.07,0,7321.75,1533.75,3409.5,38.25,1244.75,2025-09-05 13:00:00,18.375,99.75,13.675,20.925,392.25,173.25,219.0,5.8125
2025-09-05 14:00:00,"Sep 5, 2025 3:00 PM",3480.54,1969.51,1534.9,9443.41,25717.48,105.45,0,7432.0,1412.25,3124.5,51.25,1243.0,2025-09-05 14:00:00,18.3,80.75,13.35,20.625,310.75,109.25,201.5,5.729166666666667
2025-09-05 15:00:00,"Sep 5, 2025 4:00 PM",3536.28,1885.35,1388.05,9434.78,23961.32,107.66,0,8097.75,1415.25,3629.5,93.5,1245.75,2025-09-05 15:00:00,18.525,81.25,12.825,19.025,366.25,189.75,176.5,5.284722222222221
2025-09-05 16:00:00,"Sep 5, 2025 5:00 PM",3672.41,1940.22,1379.51,8711.28,20384.34,104.48,0,8485.75,2283.0,3706.75,125.0,1234.0,2025-09-05 16:00:00,18.15,75.0,11.675,18.05,265.5,166.5,99.0,5.013888888888889
2025-09-05 17:00:00,"Sep 5, 2025 6:00 PM",3907.19,1978.24,1631.54,7031.24,14217.57,95.36,0,8895.5,3208.25,5639.0,327.25,1264.75,2025-09-05 17:00:00,17.975,52.25,12.125,18.7,253.25,130.5,122.75,5.194444444444444
2025-09-05 18:00:00,"Sep 5, 2025 7:00 PM",4325.68,2038.82,1854.81,5090.41,6583.69,104.16,0,9919.0,3791.0,8054.5,2463.0,1273.25,2025-09-05 18:00:00,17.475,37.5,11.45,18.3,189.5,116.5,73.0,5.083333333333333
2025-09-05 19:00:00,"Sep 5, 2025 8:00 PM",4591.55,2274.32,1731.3,3666.82,1201.01,105.08,0,9994.75,3973.25,8515.0,5293.25,1359.75,2025-09-05 19:00:00,17.05,14.25,8.0,14.625,115.75,61.0,54.75,4.0625
2025-09-05 20:00:00,"Sep 5, 2025 9:00 PM",4592.61,2118.16,1549.26,3157.01,68.48,105.88,0,9986.0,3937.5,8452.75,4330.5,1285.75,2025-09-05 20:00:00,15.8,10.0,6.675,14.15,26.5,11.25,15.25,3.9305555555555554
2025-09-05 21:00:00,"Sep 5, 2025 10:00 PM",4464.15,1978.65,1367.2,3490.09,44.66,104.54,0,10008.0,3950.75,8285.25,3630.0,1247.25,2025-09-05 21:00:00,15.25,20.5,6.550000000000001,14.825,0.0,0.0,0.0,4.118055555555555
2025-09-05 22:00:00,"Sep 5, 2025 11:00 PM",4224.72,1860.58,1222.14,3752.23,13.08,104.8,0,10046.5,3920.5,7870.75,1404.0,1213.5,2025-09-05 22:00:00,14.649999999999999,32.5,6.725,14.75,0.0,0.0,0.0,4.097222222222222
2025-09-05 23:00:00,"Sep 6, 2025 12:00 AM",4058.97,1854.51,959.64,3596.66,13.06,106.58,0,10029.25,3889.75,6987.0,642.75,1180.5,2025-09-05 23:00:00,14.1,30.25,6.975,14.775,0.0,0.0,0.0,4.104166666666667
2025-09-06 00:00:00,"Sep 6, 2025 1:00 AM",3910.1,1829.07,783.24,3286.6,7.79,106.77,0,9949.0,3831.75,6076.75,219.0,1335.0,2025-09-06 00:00:00,13.625,29.5,6.775,14.35,0.0,0.0,0.0,3.9861111111111107
2025-09-06 01:00:00,"Sep 6, 2025 2:00 AM",3865.37,1831.2,656.85,2718.63,7.86,106.84,0,9864.75,3672.75,6015.5,477.5,1364.0,2025-09-06 01:00:00,13.174999999999999,27.25,6.2,13.025,0.0,0.0,0.0,3.6180555555555554
2025-09-06 02:00:00,"Sep 6, 2025 3:00 AM",3834.17,1838.17,524.13,2081.44,7.73,107.7,0,9842.0,3449.75,5913.75,107.75,1464.0,2025-09-06 02:00:00,12.725,27.5,6.675,13.950000000000001,0.0,0.0,0.0,3.875
2025-09-06 03:00:00,"Sep 6, 2025 4:00 AM",3822.42,1843.57,392.27,1615.9,7.72,107.52,0,9865.0,3390.25,5513.0,439.25,1501.0,2025-09-06 03:00:00,11.95,32.25,6.55,13.9,0.0,0.0,0.0,3.861111111111111
2025-09-06 04:00:00,"Sep 6, 2025 5:00 AM",3846.8,1842.06,400.37,1461.5,6.78,107.68,0,9863.0,3403.75,5525.25,26.5,1474.75,2025-09-06 04:00:00,11.725,51.25,6.475,13.8,0.0,0.0,0.0,3.8333333333333335
2025-09-06 05:00:00,"Sep 6, 2025 6:00 AM",3968.99,1881.0,365.71,1462.63,8.18,107.36,0,9987.5,3397.25,5474.25,128.25,1489.0,2025-09-06 05:00:00,11.55,48.5,6.075,13.225000000000001,0.0,0.0,0.0,3.6736111111111116
2025-09-06 06:00:00,"Sep 6, 2025 7:00 AM",4156.74,1884.69,308.53,1629.12,82.89,104.61,0,10017.75,3016.25,5145.25,1619.0,1482.0,2025-09-06 06:00:00,11.2,36.75,5.525,12.45,0.0,0.0,0.0,3.458333333333333
2025-09-06 07:00:00,"Sep 6, 2025 8:00 AM",4200.86,1912.18,262.0,1725.52,3229.03,105.25,0,9559.0,2265.25,5164.75,1811.25,1468.75,2025-09-06 07:00:00,10.775,35.25,5.1,11.375,2.75,0.0,2.75,3.1597222222222223
2025-09-06 08:00:00,"Sep 6, 2025 9:00 AM",4043.48,1905.68,234.42,1381.55,12750.45,105.75,0,8800.25,1462.25,4437.75,481.5,1481.0,2025-09-06 08:00:00,11.55,26.5,4.675,10.9,71.5,34.25,37.25,3.0277777777777777
2025-09-06 09:00:00,"Sep 6, 2025 10:00 AM",3863.21,1966.73,199.73,807.18,24802.19,104.53,0,6002.25,678.25,2329.75,15.75,1467.5,2025-09-06 09:00:00,13.4,12.75,4.5249999999999995,9.825,205.0,128.0,77.0,2.7291666666666665
2025-09-06 10:00:00,"Sep 6, 2025 11:00 AM",3657.99,2000.12,242.85,568.36,35221.87,101.71,0,4193.0,374.25,1843.25,2.5,1470.5,2025-09-06 10:00:00,15.475,2.75,4.175,6.425,359.75,258.75,101.0,1.784722222222222
2025-09-06 11:00:00,"Sep 6, 2025 12:00 PM",3570.38,2003.19,185.63,713.76,42104.16,93.79,0,3946.25,358.0,1701.75,1.5,1479.25,2025-09-06 11:00:00,17.375,1.25,5.075,7.15,514.75,425.25,89.5,1.9861111111111112
2025-09-06 12:00:00,"Sep 6, 2025 1:00 PM",3496.41,2007.47,158.74,862.46,44916.81,95.58,0,3959.0,350.75,1678.5,28.0,1469.25,2025-09-06 12:00:00,18.75,13.0,5.75,8.075,616.25,521.0,95.25,2.2430555555555554
2025-09-06 13:00:00,"Sep 6, 2025 2:00 PM",3465.55,1990.34,108.7,965.2,45395.56,96.51,0,3949.0,356.25,1635.0,9.0,1462.75,2025-09-06 13:00:00,19.675,34.0,7.05,9.825,668.0,561.25,106.75,2.7291666666666665
2025-09-06 14:00:00,"Sep 6, 2025 3:00 PM",3474.48,1974.08,114.37,1108.03,42980.11,96.78,0,3964.0,343.75,1636.25,15.75,1474.25,2025-09-06 14:00:00,20.375,25.5,7.75,10.85,672.25,557.0,115.25,3.013888888888889
2025-09-06 15:00:00,"Sep 6, 2025 4:00 PM",3508.09,1979.5,131.69,1361.1,38327.74,96.67,0,4201.5,350.25,1650.0,57.25,1471.75,2025-09-06 15:00:00,21.1,19.0,7.0,9.85,611.5,498.75,112.75,2.736111111111111
2025-09-06 16:00:00,"Sep 6, 2025 5:00 PM",3667.14,1998.39,175.97,1637.97,30795.56,95.83,0,4707.5,600.0,1779.25,150.5,1471.5,2025-09-06 16:00:00,21.275,20.25,7.075,10.175,534.5,421.75,112.75,2.826388888888889
2025-09-06 17:00:00,"Sep 6, 2025 6:00 PM",3953.55,1977.55,282.73,1818.31,19511.03,95.56,0,6911.5,1520.0,2942.75,706.5,1547.5,2025-09-06 17:00:00,21.05,28.75,7.475,10.850000000000001,420.5,323.25,97.25,3.0138888888888893
2025-09-06 18:00:00,"Sep 6, 2025 7:00 PM",4434.78,2148.34,519.64,2057.21,7544.39,96.51,0,8334.0,2598.25,4574.0,3337.0,1548.5,2025-09-06 18:00:00,20.7,31.5,7.675,11.6,275.0,184.25,90.75,3.222222222222222
2025-09-06 19:00:00,"Sep 6, 2025 8:00 PM",4605.58,2287.94,737.6,2872.16,1055.88,96.64,0,8458.75,3111.75,4960.5,4792.75,1542.25,2025-09-06 19:00:00,19.7,29.25,5.65,11.524999999999999,127.0,67.25,59.75,3.2013888888888884
2025-09-06 20:00:00,"Sep 6, 2025 9:00 PM",4579.19,2015.7,1001.77,4866.63,64.34,97.21,0,8360.5,3191.25,4763.75,4292.25,1546.75,2025-09-06 20:00:00,17.975,60.25,6.625,14.75,22.25,7.25,15.0,4.097222222222222
2025-09-06 21:00:00,"Sep 6, 2025 10:00 PM",4411.45,1924.09,1466.13,8761.28,27.48,97.98,0,7943.5,2957.5,4194.0,2938.0,1538.0,2025-09-06 21:00:00,16.9,67.75,8.25,17.95,0.0,0.0,0.0,4.986111111111111
2025-09-06 22:00:00,"Sep 6, 2025 11:00 PM",4212.06,1812.0,1703.2,11378.9,10.3,98.35,0,7323.5,2234.5,3815.75,2600.5,1534.5,2025-09-06 22:00:00,16.15,72.5,7.175000000000001,17.4,0.0,0.0,0.0,4.833333333333333
2025-09-06 23:00:00,"Sep 7, 2025 12:00 AM",4038.7,1748.71,2091.56,12867.83,10.64,98.75,0,6528.75,1360.25,3407.25,1366.5,1487.0,2025-09-06 23:00:00,15.325000000000001,49.75,7.225,16.525,0.0,0.0,0.0,4.590277777777778
2025-09-07 00:00:00,"Sep 7, 2025 1:00 AM",3960.18,1732.05,2633.86,13138.83,22.93,99.22,0,6050.75,809.75,2678.5,997.5,1175.75,2025-09-07 00:00:00,14.7,75.0,7.525,18.0,0.0,0.0,0.0,5.0
2025-09-07 01:00:00,"Sep 7, 2025 2:00 AM",3901.36,1698.79,3001.8,12935.55,15.41,99.62,0,4900.0,657.75,2563.25,394.0,1203.5,2025-09-07 01:00:00,14.225,54.25,7.275,18.275,0.0,0.0,0.0,5.076388888888888
2025-09-07 02:00:00,"Sep 7, 2025 3:00 AM",3846.93,1713.81,3298.04,12564.29,10.81,99.97,0,4697.25,583.25,2501.75,221.0,1189.5,2025-09-07 02:00:00,13.775,75.0,6.825,17.025,0.0,0.0,0.0,4.729166666666666
2025-09-07 03:00:00,"Sep 7, 2025 4:00 AM",3832.39,1698.3,3509.51,12402.62,8.42,100.65,0,4528.5,550.25,2476.25,141.5,1190.75,2025-09-07 03:00:00,12.55,74.0,6.925,17.575000000000003,0.0,0.0,0.0,4.8819444444444455
2025-09-07 04:00:00,"Sep 7, 2025 5:00 AM",3871.0,1678.75,3328.6,12460.28,10.88,100.33,0,4602.0,389.25,2488.75,20.25,1183.75,2025-09-07 04:00:00,12.15,68.0,6.9750000000000005,17.1,0.0,0.0,0.0,4.75
2025-09-07 05:00:00,"Sep 7, 2025 6:00 AM",3964.73,1669.42,3402.74,12943.7,15.07,100.52,0,4634.0,235.5,2480.5,449.25,1175.75,2025-09-07 05:00:00,11.725,66.25,6.65,16.375,0.0,0.0,0.0,4.548611111111111
2025-09-07 06:00:00,"Sep 7, 2025 7:00 AM",4049.85,1725.78,3204.07,14078.0,142.05,101.1,0,4653.0,245.0,2477.75,501.5,1182.5,2025-09-07 06:00:00,11.425,74.25,6.575,15.75,0.0,0.0,0.0,4.375
2025-09-07 07:00:00,"Sep 7, 2025 8:00 AM",4027.85,1675.27,3219.15,14414.83,3588.62,101.52,0,4262.5,247.25,2161.25,120.0,1157.75,2025-09-07 07:00:00,11.35,67.25,6.75,15.875,2.75,0.5,2.25,4.409722222222222
2025-09-07 08:00:00,"Sep 7, 2025 9:00 AM",3868.6,1643.65,3339.03,12528.9,12931.59,97.62,0,3910.5,250.75,1680.75,154.75,1174.25,2025-09-07 08:00:00,12.3,74.5,7.425,16.175,69.25,29.5,39.75,4.493055555555555
2025-09-07 09:00:00,"Sep 7, 2025 10:00 AM",3739.55,1662.0,2770.92,8237.94,24140.77,96.73,0,3741.25,247.0,1599.25,250.0,1197.25,2025-09-07 09:00:00,13.95,70.0,6.15,14.875,197.25,110.5,86.75,4.131944444444445
2025-09-07 10:00:00,"Sep 7, 2025 11:00 AM",3586.26,1617.88,2357.39,6857.81,33388.64,96.26,0,3690.75,236.25,1580.75,118.25,1226.25,2025-09-07 10:00:00,15.95,74.5,6.275,10.175,344.5,224.75,119.75,2.826388888888889
2025-09-07 11:00:00,"Sep 7, 2025 12:00 PM",3497.51,1431.42,1618.49,6729.04,38399.77,95.67,0,3548.75,221.75,1558.0,113.0,1235.0,2025-09-07 11:00:00,17.925,74.75,7.625,11.275,478.25,332.25,146.0,3.1319444444444446
2025-09-07 12:00:00,"Sep 7, 2025 1:00 PM",3419.52,1385.35,1458.48,5493.96,40646.49,95.6,0,3489.0,207.25,1543.5,73.0,1214.75,2025-09-07 12:00:00,19.625,78.0,8.774999999999999,12.7,580.0,420.5,159.5,3.5277777777777777
2025-09-07 13:00:00,"Sep 7, 2025 2:00 PM",3395.1,1327.16,1511.5,4225.5,39993.56,94.75,0,3460.75,201.25,1532.25,49.25,1188.5,2025-09-07 13:00:00,20.725,77.0,9.375,13.3,615.75,418.0,197.75,3.6944444444444446
2025-09-07 14:00:00,"Sep 7, 2025 3:00 PM",3394.47,1321.72,1636.82,4227.15,38143.34,93.87,0,3556.75,199.75,1527.0,32.75,1191.0,2025-09-07 14:00:00,21.625,77.5,9.775,13.825,618.0,413.75,204.25,3.8402777777777777
2025-09-07 15:00:00,"Sep 7, 2025 4:00 PM",3427.09,1333.66,1944.42,6681.43,34501.72,93.2,0,3584.0,207.75,1649.25,65.0,1205.25,2025-09-07 15:00:00,22.575,62.0,10.149999999999999,14.325,637.0,518.5,118.5,3.9791666666666665
2025-09-07 16:00:00,"Sep 7, 2025 5:00 PM",3556.57,1523.76,2803.04,10124.52,28256.21,92.5,0,3727.0,222.25,1806.25,86.5,1175.25,2025-09-07 16:00:00,22.7,52.75,10.875,15.375,551.25,438.75,112.5,4.270833333333333
2025-09-07 17:00:00,"Sep 7, 2025 6:00 PM",3760.54,1679.04,5128.55,13072.3,19362.56,93.58,0,4012.5,250.0,2189.5,144.75,1206.25,2025-09-07 17:00:00,22.475,53.0,11.475,16.7,435.25,340.75,94.5,4.638888888888888
2025-09-07 18:00:00,"Sep 7, 2025 7:00 PM",4189.19,1820.97,6003.5,13660.23,7864.24,93.61,0,6485.25,284.0,3154.0,728.75,1271.75,2025-09-07 18:00:00,21.775,38.5,11.375,17.75,288.75,210.0,78.75,4.930555555555555
2025-09-07 19:00:00,"Sep 7, 2025 8:00 PM",4438.34,1845.94,6230.14,14582.76,1059.39,94.49,0,8245.0,303.25,3599.75,2425.0,1313.0,2025-09-07 19:00:00,20.55,33.25,9.675,18.4,137.5,84.75,52.75,5.111111111111111
2025-09-07 20:00:00,"Sep 7, 2025 9:00 PM",4465.74,1706.08,6278.8,18896.42,18.71,95.78,0,8620.25,309.25,3776.25,2134.0,1333.0,2025-09-07 20:00:00,18.825,24.25,9.025,19.575,22.25,9.5,12.75,5.4375
2025-09-07 21:00:00,"Sep 7, 2025 10:00 PM",4333.27,1659.41,5912.62,21362.48,8.67,96.34,0,8244.25,303.5,4198.0,608.0,1259.5,2025-09-07 21:00:00,17.65,18.75,9.125,20.925,0.0,0.0,0.0,5.8125
2025-09-07 22:00:00,"Sep 7, 2025 11:00 PM",4140.24,1569.32,5575.9,20862.24,6.58,97.45,0,8177.0,294.25,4434.75,330.5,1304.75,2025-09-07 22:00:00,16.575000000000003,29.25,8.475,19.975,0.0,0.0,0.0,5.548611111111112
2025-09-07 23:00:00,"Sep 8, 2025 12:00 AM",3980.35,1557.48,5396.48,19703.09,6.53,98.52,0,7563.75,283.0,4754.25,13.75,1261.25,2025-09-07 23:00:00,15.625,31.25,8.025,18.575,0.0,0.0,0.0,5.159722222222222
2025-09-08 00:00:00,"Sep 8, 2025 1:00 AM",3769.94,1509.93,5482.13,18037.62,6.8,98.88,0,7345.0,273.0,4583.5,107.25,1212.5,2025-09-08 00:00:00,15.0,12.25,7.975,18.05,0.0,0.0,0.0,5.013888888888889
2025-09-08 01:00:00,"Sep 8, 2025 2:00 AM",3720.51,1490.71,5451.48,16378.55,5.78,98.35,0,7316.25,259.0,4659.5,1.0,1230.0,2025-09-08 01:00:00,14.35,39.5,7.9,17.35,0.0,0.0,0.0,4.819444444444445
2025-09-08 02:00:00,"Sep 8, 2025 3:00 AM",3684.17,1475.17,5453.34,14940.21,6.79,99.09,0,7250.5,339.0,4740.5,2.5,1242.0,2025-09-08 02:00:00,13.925,49.0,7.8,16.425,0.0,0.0,0.0,4.5625
2025-09-08 03:00:00,"Sep 8, 2025 4:00 AM",3681.95,1466.33,5381.53,13922.57,5.52,99.01,0,7357.25,590.5,4814.25,1.0,1211.75,2025-09-08 03:00:00,12.85,31.5,8.35,16.625,0.0,0.0,0.0,4.618055555555555
2025-09-08 04:00:00,"Sep 8, 2025 5:00 AM",3728.28,1489.41,5626.32,13044.47,5.72,98.74,0,8226.0,1111.75,4905.0,1.5,1205.25,2025-09-08 04:00:00,12.45,38.5,8.675,17.275,0.0,0.0,0.0,4.798611111111111
2025-09-08 05:00:00,"Sep 8, 2025 6:00 AM",3880.81,1590.91,5506.77,12224.93,8.52,96.94,0,9443.0,1884.25,5898.0,362.75,1188.25,2025-09-08 05:00:00,12.175,53.5,8.15,16.775,0.0,0.0,0.0,4.659722222222221
2025-09-08 06:00:00,"Sep 8, 2025 7:00 AM",4178.8,1742.2,5567.64,11812.72,134.25,96.45,0,10076.25,2654.75,7068.75,1546.25,1178.25,2025-09-08 06:00:00,12.05,48.5,7.75,16.55,0.0,0.0,0.0,4.597222222222222
2025-09-08 07:00:00,"Sep 8, 2025 8:00 AM",4371.05,1889.36,4556.66,10292.43,3475.67,73.2,0,10010.0,2903.0,7122.75,4094.25,1189.5,2025-09-08 07:00:00,12.025,43.5,8.275,16.775,2.0,0.5,1.5,4.659722222222221
2025-09-08 08:00:00,"Sep 8, 2025 9:00 AM",4244.89,1691.95,3998.1,7601.29,11865.9,75.37,0,9872.5,2937.0,6826.25,3067.0,1198.25,2025-09-08 08:00:00,12.95,44.5,7.85,15.450000000000001,66.25,32.75,33.5,4.291666666666667
2025-09-08 09:00:00,"Sep 8, 2025 10:00 AM",4000.19,1682.14,3258.52,4676.43,21257.04,75.49,0,9567.25,2866.75,6231.75,575.0,1191.5,2025-09-08 09:00:00,14.575000000000001,33.25,6.725,13.175,193.5,117.25,76.25,3.6597222222222223
2025-09-08 10:00:00,"Sep 8, 2025 11:00 AM",3704.57,1730.99,2629.99,4514.88,28455.25,74.25,0,8438.5,2654.5,4879.0,7.25,1163.0,2025-09-08 10:00:00,16.75,41.25,5.875,9.325000000000001,351.75,255.75,96.0,2.590277777777778
2025-09-08 11:00:00,"Sep 8, 2025 12:00 PM",3550.56,1779.33,1503.06,5415.75,32172.3,73.76,0,7672.75,2570.75,3912.75,29.75,1143.0,2025-09-08 11:00:00,18.875,66.5,6.05,9.175,462.25,343.75,118.5,2.548611111111111
2025-09-08 12:00:00,"Sep 8, 2025 1:00 PM",3426.61,1802.78,685.42,5403.8,32539.71,93.16,0,7542.75,2447.0,3790.5,24.25,1109.0,2025-09-08 12:00:00,20.25,70.75,6.925,10.225,489.25,335.0,154.25,2.8402777777777777
2025-09-08 13:00:00,"Sep 8, 2025 2:00 PM",3418.15,1879.42,523.85,4658.62,30301.79,92.53,0,7301.25,2728.0,4113.0,115.25,1105.75,2025-09-08 13:00:00,21.325,60.5,7.8999999999999995,11.2,518.0,343.75,174.25,3.1111111111111107
2025-09-08 14:00:00,"Sep 8, 2025 3:00 PM",3510.92,2036.73,438.75,3698.46,26612.54,93.75,0,7584.5,2995.0,4335.5,262.0,1109.75,2025-09-08 14:00:00,21.9,58.0,8.1,11.450000000000001,512.75,343.0,169.75,3.180555555555556
2025-09-08 15:00:00,"Sep 8, 2025 4:00 PM",3594.01,1847.56,402.95,2649.88,22086.12,94.6,0,9061.0,3299.5,5129.25,102.25,1111.0,2025-09-08 15:00:00,22.175,88.0,8.325,11.725,518.5,368.75,149.75,3.256944444444444
2025-09-08 16:00:00,"Sep 8, 2025 5:00 PM",3799.23,2002.99,534.79,1977.6,16447.15,96.43,0,10441.5,3759.0,6634.5,329.0,1113.0,2025-09-08 16:00:00,22.0,88.25,7.925,11.325,387.75,240.0,147.75,3.145833333333333
2025-09-08 17:00:00,"Sep 8, 2025 6:00 PM",4180.72,2244.62,487.34,1582.08,9722.03,96.76,0,10698.0,4102.75,9025.0,2776.75,1214.75,2025-09-08 17:00:00,21.725,83.75,7.2,10.425,305.5,147.25,158.25,2.8958333333333335
2025-09-08 18:00:00,"Sep 8, 2025 7:00 PM",4593.04,2448.74,447.16,1838.6,3856.07,97.41,0,10758.0,4216.75,10511.0,4593.5,1444.5,2025-09-08 18:00:00,21.1,87.75,5.7,9.425,167.75,45.25,122.5,2.618055555555556
2025-09-08 19:00:00,"Sep 8, 2025 8:00 PM",4741.02,2480.49,432.72,2216.81,571.27,98.36,0,10761.5,4234.5,11007.0,5066.25,1484.75,2025-09-08 19:00:00,20.125,77.5,5.325,10.95,86.75,20.5,66.25,3.0416666666666665
2025-09-08 20:00:00,"Sep 8, 2025 9:00 PM",4735.56,2496.68,527.65,2768.79,57.0,98.6,0,10758.25,4254.5,10623.75,4853.5,1483.25,2025-09-08 20:00:00,18.8,75.25,5.1,11.925,12.75,1.25,11.5,3.3125
2025-09-08 21:00:00,"Sep 8, 2025 10:00 PM",4526.86,2169.45,493.64,3464.96,13.16,99.11,0,10942.5,4166.5,10529.0,3208.25,1322.5,2025-09-08 21:00:00,18.075,65.75,5.1499999999999995,13.325,0.0,0.0,0.0,3.7013888888888884
2025-09-08 22:00:00,"Sep 8, 2025 11:00 PM",4230.5,1958.06,512.77,3492.28,8.33,98.48,0,10974.25,3867.75,9501.25,1023.75,1183.75,2025-09-08 22:00:00,17.475,63.25,6.0,13.575000000000001,0.0,0.0,0.0,3.7708333333333335
2025-09-08 23:00:00,"Sep 9, 2025 12:00 AM",3985.98,1820.6,444.72,3024.77,6.67,98.46,0,10622.5,3817.0,8444.75,56.75,1120.25,2025-09-08 23:00:00,16.825,62.0,6.05,14.424999999999999,0.0,0.0,0.0,4.006944444444444
2025-09-09 00:00:00,"Sep 9, 2025 1:00 AM",3804.24,1705.84,357.55,2676.67,6.64,99.29,0,10567.25,3895.0,8516.5,6.0,1363.0,2025-09-09 00:00:00,16.325,58.75,6.300000000000001,15.175,0.0,0.0,0.0,4.215277777777778
2025-09-09 01:00:00,"Sep 9, 2025 2:00 AM",3747.45,1682.52,216.95,2276.71,6.28,99.53,0,10570.5,3903.0,8621.5,1.0,1329.0,2025-09-09 01:00:00,15.65,50.75,5.225,13.875,0.0,0.0,0.0,3.8541666666666665
2025-09-09 02:00:00,"Sep 9, 2025 3:00 AM",3714.19,1695.7,157.75,2128.87,8.09,99.82,0,10586.75,3887.75,8621.75,1.0,1313.0,2025-09-09 02:00:00,15.05,30.75,4.45,12.075,0.0,0.0,0.0,3.3541666666666665
2025-09-09 03:00:00,"Sep 9, 2025 4:00 AM",3714.27,1710.03,110.11,2056.83,6.86,100.0,0,10534.0,3887.5,8634.5,1.0,1315.75,2025-09-09 03:00:00,14.55,34.25,6.050000000000001,15.25,0.0,0.0,0.0,4.236111111111111
2025-09-09 04:00:00,"Sep 9, 2025 5:00 AM",3771.95,1706.24,69.32,2275.88,6.8,99.9,0,10171.25,4002.5,8808.25,84.5,1316.75,2025-09-09 04:00:00,14.2,35.75,6.05,14.2,0.0,0.0,0.0,3.944444444444444
2025-09-09 05:00:00,"Sep 9, 2025 6:00 AM",3945.27,1826.45,132.68,2751.0,7.37,99.77,0,10433.25,4231.5,8958.0,291.75,1277.75,2025-09-09 05:00:00,13.8,27.0,6.300000000000001,14.225,0.0,0.0,0.0,3.951388888888889
2025-09-09 06:00:00,"Sep 9, 2025 7:00 AM",4320.88,2349.18,218.05,3356.9,97.21,98.97,0,10865.0,4299.0,10019.0,2784.5,1304.25,2025-09-09 06:00:00,13.725,46.5,7.525,16.425,0.0,0.0,0.0,4.5625
2025-09-09 07:00:00,"Sep 9, 2025 8:00 AM",4462.74,2466.33,380.21,4746.77,2416.66,97.74,0,10987.0,4339.5,10436.75,3774.5,1327.5,2025-09-09 07:00:00,13.575,63.75,7.574999999999999,17.225,1.75,0.25,1.5,4.784722222222222
2025-09-09 08:00:00,"Sep 9, 2025 9:00 AM",4324.19,2091.02,578.4,5070.88,7307.77,96.48,0,10971.25,4261.75,10267.25,2489.25,1266.5,2025-09-09 08:00:00,14.4,72.75,7.95,16.95,60.0,23.5,36.5,4.708333333333333
2025-09-09 09:00:00,"Sep 9, 2025 10:00 AM",4061.76,2224.16,805.95,4241.96,12281.79,95.3,0,9602.5,4255.75,9618.0,1088.75,1257.75,2025-09-09 09:00:00,16.0,74.5,5.4,13.175,184.25,102.75,81.5,3.6597222222222223
2025-09-09 10:00:00,"Sep 9, 2025 11:00 AM",3778.91,2279.93,745.74,3424.72,16320.13,94.72,0,8205.75,4190.0,9341.5,1806.25,1277.75,2025-09-09 10:00:00,17.525,69.0,4.675,7.375,277.0,165.75,111.25,2.048611111111111
2025-09-09 11:00:00,"Sep 9, 2025 12:00 PM",3592.29,2247.43,819.05,2779.58,20189.25,95.48,0,8389.75,4097.5,9151.25,779.25,1333.25,2025-09-09 11:00:00,18.8,68.0,4.9,7.225,331.25,190.5,140.75,2.006944444444444
2025-09-09 12:00:00,"Sep 9, 2025 1:00 PM",3457.5,2026.95,948.98,3080.04,21880.45,96.22,0,8535.25,3988.5,8681.25,314.25,1353.75,2025-09-09 12:00:00,19.725,60.75,7.075,10.25,409.5,257.75,151.75,2.8472222222222223
2025-09-09 13:00:00,"Sep 9, 2025 2:00 PM",3397.2,1910.64,762.06,3640.4,21621.01,95.55,0,8479.0,3965.25,8599.75,407.5,1351.25,2025-09-09 13:00:00,19.775,79.75,11.375,17.2,388.25,241.25,147.0,4.777777777777778
2025-09-09 14:00:00,"Sep 9, 2025 3:00 PM",3328.41,2060.98,768.25,3371.23,19539.09,95.27,0,8653.75,3851.25,8573.75,706.0,1289.0,2025-09-09 14:00:00,19.975,75.75,9.625,14.75,340.75,205.75,135.0,4.097222222222222
2025-09-09 15:00:00,"Sep 9, 2025 4:00 PM",3368.51,2061.42,944.8,3284.4,16408.38,97.63,0,9170.75,3869.25,8846.75,309.25,1288.75,2025-09-09 15:00:00,20.175,77.25,10.3,15.375,364.75,186.0,178.75,4.270833333333333
2025-09-09 16:00:00,"Sep 9, 2025 5:00 PM",3548.45,2017.33,1550.31,3541.8,12712.69,98.75,0,10389.5,4009.5,8584.25,291.0,1280.75,2025-09-09 16:00:00,20.05,79.0,9.7,14.675,267.0,139.0,128.0,4.076388888888889
2025-09-09 17:00:00,"Sep 9, 2025 6:00 PM",3904.46,2134.5,1955.13,3542.95,7950.16,99.52,0,10968.75,4333.25,9914.5,561.75,1340.75,2025-09-09 17:00:00,19.825,80.75,8.85,13.649999999999999,223.75,95.5,128.25,3.791666666666666
2025-09-09 18:00:00,"Sep 9, 2025 7:00 PM",4368.85,2338.09,2009.82,3242.47,3368.46,98.97,0,10925.25,4499.75,11172.0,3072.75,1593.75,2025-09-09 18:00:00,18.9,99.75,8.8,14.75,120.5,38.0,82.5,4.097222222222222
2025-09-09 19:00:00,"Sep 9, 2025 8:00 PM",4519.24,2347.86,2120.82,3074.4,503.8,100.63,0,10992.0,4493.75,11476.5,4138.0,1674.25,2025-09-09 19:00:00,18.175,57.75,6.8,13.325,71.5,20.25,51.25,3.7013888888888884
2025-09-09 20:00:00,"Sep 9, 2025 9:00 PM",4477.44,2274.29,2032.85,3581.36,45.67,101.43,0,11111.25,4480.0,11254.0,3654.25,1557.25,2025-09-09 20:00:00,17.424999999999997,58.5,7.775,15.9,11.5,2.0,9.5,4.416666666666667
2025-09-09 21:00:00,"Sep 9, 2025 10:00 PM",4196.0,1944.65,1676.34,4527.54,11.72,102.5,0,10982.25,4372.0,9545.0,866.75,1373.75,2025-09-09 21:00:00,16.725,62.25,8.55,17.05,0.0,0.0,0.0,4.736111111111112
2025-09-09 22:00:00,"Sep 9, 2025 11:00 PM",3945.65,2011.75,1512.92,4318.28,8.18,102.96,0,10800.75,4032.75,8814.25,251.0,1328.5,2025-09-09 22:00:00,16.15,79.5,7.55,16.35,0.0,0.0,0.0,4.541666666666667
2025-09-09 23:00:00,"Sep 10, 2025 12:00 AM",3752.8,1780.78,1658.37,3990.84,9.52,103.24,0,10829.5,3931.5,8354.5,31.25,1283.0,2025-09-09 23:00:00,15.6,74.75,6.35,13.575,0.0,0.0,0.0,3.770833333333333
2025-09-10 00:00:00,"Sep 10, 2025 1:00 AM",3576.5,1731.14,1940.56,2997.52,5.08,103.72,0,10615.75,3814.25,8198.25,14.25,1360.75,2025-09-10 00:00:00,15.175,59.25,5.875,12.85,0.0,0.0,0.0,3.569444444444444
2025-09-10 01:00:00,"Sep 10, 2025 2:00 AM",3514.97,1753.82,1894.39,2480.84,5.04,103.83,0,9870.0,3817.0,8148.25,13.25,1380.75,2025-09-10 01:00:00,14.55,64.5,4.475,9.725,0.0,0.0,0.0,2.701388888888889
2025-09-10 02:00:00,"Sep 10, 2025 3:00 AM",3475.76,1667.55,1657.13,1935.04,5.26,103.95,0,9671.0,3816.25,8129.0,9.0,1310.75,2025-09-10 02:00:00,14.05,76.25,4.275,9.174999999999999,0.0,0.0,0.0,2.5486111111111107
2025-09-10 03:00:00,"Sep 10, 2025 4:00 AM",3482.65,1770.45,1391.01,1589.24,5.55,104.3,0,9960.25,3787.75,8119.75,9.0,1318.25,2025-09-10 03:00:00,13.8,86.0,4.55,9.7,0.0,0.0,0.0,2.694444444444444
2025-09-10 04:00:00,"Sep 10, 2025 5:00 AM",3523.18,1712.41,1262.95,1627.7,5.6,104.46,0,10795.5,3780.0,8321.5,10.5,1310.5,2025-09-10 04:00:00,13.45,84.5,4.825,10.5,0.0,0.0,0.0,2.9166666666666665
2025-09-10 05:00:00,"Sep 10, 2025 6:00 AM",3669.59,1806.48,1216.21,1622.53,7.9,103.39,0,10893.0,3898.75,8785.0,51.5,1304.75,2025-09-10 05:00:00,13.25,77.75,4.275,10.375,0.0,0.0,0.0,2.881944444444444
2025-09-10 06:00:00,"Sep 10, 2025 7:00 AM",4070.86,2084.46,1168.88,1617.41,54.16,101.05,0,11128.75,4006.5,9572.75,2131.25,1288.0,2025-09-10 06:00:00,13.225,77.5,4.7,11.525,0.0,0.0,0.0,3.201388888888889
2025-09-10 07:00:00,"Sep 10, 2025 8:00 AM",4266.45,2250.82,1150.39,1722.03,1656.77,99.48,0,11193.25,4030.5,9932.0,4655.5,1279.25,2025-09-10 07:00:00,13.275,78.0,5.475,12.825,1.25,0.25,1.0,3.5624999999999996
2025-09-10 08:00:00,"Sep 10, 2025 9:00 AM",4184.33,2066.91,1095.3,1387.31,5912.87,93.2,0,10832.75,3958.0,9808.25,3372.5,1282.0,2025-09-10 08:00:00,13.75,78.5,6.1,10.875,38.25,11.0,27.25,3.020833333333333
2025-09-10 09:00:00,"Sep 10, 2025 10:00 AM",3940.85,1973.73,796.54,780.79,11282.67,74.69,0,9742.0,3843.25,9608.5,1762.25,1343.25,2025-09-10 09:00:00,14.5,69.0,5.925000000000001,9.15,113.5,42.25,71.25,2.5416666666666665
2025-09-10 10:00:00,"Sep 10, 2025 11:00 AM",3647.43,1860.08,715.41,644.71,15645.9,75.37,0,9544.25,3754.0,9096.5,836.5,1338.0,2025-09-10 10:00:00,15.625,78.25,7.0,9.7,213.5,97.75,115.75,2.694444444444444
2025-09-10 11:00:00,"Sep 10, 2025 12:00 PM",3517.62,1985.08,908.63,643.28,18566.51,76.79,0,9606.0,3713.0,8682.5,1066.0,1332.0,2025-09-10 11:00:00,16.825,94.25,6.7749999999999995,9.375,314.5,160.75,153.75,2.6041666666666665
2025-09-10 12:00:00,"Sep 10, 2025 1:00 PM",3382.69,1657.09,896.77,913.08,20554.39,77.57,0,9802.75,3847.5,7924.5,177.5,1338.75,2025-09-10 12:00:00,17.625,79.5,6.625,9.25,343.5,152.0,191.5,2.569444444444444
2025-09-10 13:00:00,"Sep 10, 2025 2:00 PM",3337.93,1667.73,938.73,1315.99,20932.46,79.43,0,10062.75,3924.75,7831.5,119.0,1267.75,2025-09-10 13:00:00,18.3,89.0,6.0249999999999995,8.4,371.75,158.5,213.25,2.3333333333333335
2025-09-10 14:00:00,"Sep 10, 2025 3:00 PM",3308.15,1673.8,1047.94,1695.82,19932.68,98.74,0,10401.25,3831.75,7764.25,74.5,1276.75,2025-09-10 14:00:00,18.925,100.0,6.725,9.325,378.0,176.5,201.5,2.5902777777777777
2025-09-10 15:00:00,"Sep 10, 2025 4:00 PM",3377.62,1715.41,1280.98,1981.48,17905.98,101.87,0,10524.0,3663.25,7570.0,86.75,1300.5,2025-09-10 15:00:00,18.25,100.0,7.5,10.649999999999999,263.0,57.25,205.75,2.958333333333333
2025-09-10 16:00:00,"Sep 10, 2025 5:00 PM",3589.39,1688.01,1154.69,2184.09,14404.49,102.52,0,10724.0,3871.75,8134.25,181.5,1271.0,2025-09-10 16:00:00,18.375,99.0,8.125,11.6,240.0,50.0,190.0,3.222222222222222
2025-09-10 17:00:00,"Sep 10, 2025 6:00 PM",3974.75,1870.55,1268.96,2109.11,9674.19,101.93,0,10766.25,4327.5,9037.75,1235.25,1305.75,2025-09-10 17:00:00,18.3,91.5,8.575,12.350000000000001,233.0,73.75,159.25,3.430555555555556
2025-09-10 18:00:00,"Sep 10, 2025 7:00 PM",4341.34,1985.71,1460.08,1981.87,4249.72,101.76,0,11085.5,4364.0,9599.0,2883.75,1406.0,2025-09-10 18:00:00,18.075000000000003,87.75,6.35,9.85,135.75,33.5,102.25,2.736111111111111
2025-09-10 19:00:00,"Sep 10, 2025 8:00 PM",4491.62,2120.72,1548.4,2307.38,648.97,101.76,0,11124.75,4534.0,9756.25,4484.25,1345.25,2025-09-10 19:00:00,17.450000000000003,85.5,3.8,7.525,61.25,17.0,44.25,2.0902777777777777
2025-09-10 20:00:00,"Sep 10, 2025 9:00 PM",4427.99,2040.14,2139.92,3404.61,53.62,101.49,0,11085.75,4649.0,9392.5,3513.25,1292.0,2025-09-10 20:00:00,16.375,71.25,3.075,7.25,9.25,2.0,7.25,2.013888888888889
2025-09-10 21:00:00,"Sep 10, 2025 10:00 PM",4180.88,1797.46,2440.27,5836.31,11.44,101.06,0,10634.75,4004.25,8666.0,622.75,1286.5,2025-09-10 21:00:00,15.775,59.5,3.175,7.574999999999999,0.0,0.0,0.0,2.1041666666666665
2025-09-10 22:00:00,"Sep 10, 2025 11:00 PM",3926.01,1817.73,2836.37,8213.09,12.02,102.41,0,10331.75,3132.25,7824.0,375.75,1286.25,2025-09-10 22:00:00,15.225,70.5,4.8,10.35,0.0,0.0,0.0,2.875
2025-09-10 23:00:00,"Sep 11, 2025 12:00 AM",3751.84,1736.75,2748.06,9951.33,7.11,102.24,0,9466.75,2300.5,6509.5,316.5,1295.0,2025-09-10 23:00:00,14.5,53.5,6.325,13.399999999999999,0.0,0.0,0.0,3.722222222222222
2025-09-11 00:00:00,"Sep 11, 2025 1:00 AM",3615.14,1669.21,4112.69,11138.18,8.72,105.09,0,8444.5,1784.0,5050.0,93.5,1351.0,2025-09-11 00:00:00,14.15,50.25,6.975,15.575,0.0,0.0,0.0,4.326388888888888
2025-09-11 01:00:00,"Sep 11, 2025 2:00 AM",3551.77,1636.96,4936.63,11651.68,8.46,104.34,0,7650.75,1369.0,4184.25,14.0,1372.0,2025-09-11 01:00:00,13.8,50.0,7.55,17.1,0.0,0.0,0.0,4.75
2025-09-11 02:00:00,"Sep 11, 2025 3:00 AM",3518.22,1635.87,4943.73,12438.68,8.29,104.03,0,6988.5,1293.25,4198.5,12.5,1408.25,2025-09-11 02:00:00,13.55,50.25,7.675,17.425,0.0,0.0,0.0,4.840277777777778
2025-09-11 03:00:00,"Sep 11, 2025 4:00 AM",3488.78,1652.13,4724.77,13461.28,8.8,104.19,0,6766.75,1229.5,4332.5,3.5,1431.5,2025-09-11 03:00:00,13.275,58.0,5.3,13.55,0.0,0.0,0.0,3.763888888888889
2025-09-11 04:00:00,"Sep 11, 2025 5:00 AM",3543.73,1683.04,4554.01,13767.97,8.28,103.58,0,6910.0,1291.0,4359.25,58.0,1421.75,2025-09-11 04:00:00,13.075,56.0,7.8,17.125,0.0,0.0,0.0,4.756944444444445
2025-09-11 05:00:00,"Sep 11, 2025 6:00 AM",3702.44,1689.58,4435.64,14630.62,8.09,102.23,0,7740.5,1347.25,4752.75,160.25,1409.0,2025-09-11 05:00:00,12.9,42.0,8.175,18.425,0.0,0.0,0.0,5.118055555555555
2025-09-11 06:00:00,"Sep 11, 2025 7:00 AM",4097.8,1715.87,5324.31,15971.17,45.7,101.79,0,9694.75,1465.25,5577.0,1624.25,1423.75,2025-09-11 06:00:00,12.8,37.75,8.225,18.3,0.0,0.0,0.0,5.083333333333333
2025-09-11 07:00:00,"Sep 11, 2025 8:00 AM",4226.06,1929.84,5181.43,16575.98,1910.4,101.62,0,9896.25,1171.75,5753.5,4060.0,1450.0,2025-09-11 07:00:00,12.675,39.75,9.55,19.975,1.25,0.25,1.0,5.548611111111112
2025-09-11 08:00:00,"Sep 11, 2025 9:00 AM",4140.94,1874.64,4963.06,16558.14,7635.05,98.9,0,9722.5,1219.25,4986.75,2859.25,1447.75,2025-09-11 08:00:00,13.5,31.25,10.425,21.725,56.25,26.0,30.25,6.034722222222222
2025-09-11 09:00:00,"Sep 11, 2025 10:00 AM",3824.26,1690.59,5158.27,16482.4,15303.17,95.15,0,7587.25,894.0,4162.25,737.75,1421.5,2025-09-11 09:00:00,15.025,51.75,11.149999999999999,22.625,182.5,113.0,69.5,6.284722222222222
2025-09-11 10:00:00,"Sep 11, 2025 11:00 AM",3493.26,1672.0,4928.59,18030.73,22637.66,95.05,0,4717.0,536.25,3371.0,322.25,1336.5,2025-09-11 10:00:00,16.35,48.5,11.85,21.4,264.0,161.25,102.75,5.944444444444444
2025-09-11 11:00:00,"Sep 11, 2025 12:00 PM",3343.23,1595.14,4698.25,21129.65,28127.65,96.8,0,3893.0,430.0,3072.0,26.25,1311.25,2025-09-11 11:00:00,17.6,52.5,14.575,22.825,351.25,234.25,117.0,6.340277777777778
2025-09-11 12:00:00,"Sep 11, 2025 1:00 PM",3243.39,1660.67,4204.65,21525.06,29004.45,93.31,0,3866.0,451.75,2651.0,1.5,1305.75,2025-09-11 12:00:00,18.825,54.0,15.9,23.775,427.0,258.0,169.0,6.604166666666666
2025-09-11 13:00:00,"Sep 11, 2025 2:00 PM",3228.19,1681.14,4266.82,22810.09,28530.48,94.15,0,3867.25,469.5,2384.5,27.75,1294.0,2025-09-11 13:00:00,19.725,46.75,16.875,25.175,529.25,371.75,157.5,6.993055555555555
2025-09-11 14:00:00,"Sep 11, 2025 3:00 PM",3231.91,1654.69,3886.25,23154.6,25864.42,95.74,0,3992.0,465.75,2382.75,53.25,1242.25,2025-09-11 14:00:00,20.325,38.0,18.325,27.525,549.25,401.5,147.75,7.645833333333333
2025-09-11 15:00:00,"Sep 11, 2025 4:00 PM",3262.02,1625.25,3955.14,23018.32,23361.39,97.46,0,4012.75,454.5,2414.5,94.0,1250.25,2025-09-11 15:00:00,19.325,39.25,17.275,26.2,493.5,352.25,141.25,7.277777777777778
2025-09-11 16:00:00,"Sep 11, 2025 5:00 PM",3410.94,1735.38,4568.08,23605.27,17938.28,101.36,0,4273.25,443.25,2549.0,41.5,1260.25,2025-09-11 16:00:00,19.775,50.75,16.75,25.325,435.75,306.25,129.5,7.034722222222221
2025-09-11 17:00:00,"Sep 11, 2025 6:00 PM",3697.97,1677.61,4475.45,21260.73,11118.51,101.3,0,5919.25,470.75,3829.5,363.5,1297.0,2025-09-11 17:00:00,19.025,67.25,17.675,27.725,337.25,217.25,120.0,7.701388888888889
2025-09-11 18:00:00,"Sep 11, 2025 7:00 PM",4221.63,1686.82,4731.61,19074.85,4332.4,101.27,0,8421.25,538.0,5693.0,2241.0,1302.0,2025-09-11 18:00:00,17.8,55.25,13.6,22.85,170.25,86.25,84.0,6.347222222222222
2025-09-11 19:00:00,"Sep 11, 2025 8:00 PM",4436.04,1811.43,4754.99,18651.82,490.44,100.27,0,8809.0,564.0,6071.0,3966.5,1319.25,2025-09-11 19:00:00,17.25,51.5,12.4,22.4,83.5,38.75,44.75,6.222222222222221
2025-09-11 20:00:00,"Sep 11, 2025 9:00 PM",4445.49,2180.76,5308.76,18471.78,84.84,99.74,0,8843.75,552.0,5909.0,3732.75,1332.75,2025-09-11 20:00:00,16.5,57.5,11.25,21.925,9.75,3.25,6.5,6.090277777777778
2025-09-11 21:00:00,"Sep 11, 2025 10:00 PM",4266.67,1806.16,5905.14,21102.03,40.79,101.05,0,8599.0,476.25,6056.0,2003.5,1358.75,2025-09-11 21:00:00,15.95,52.75,11.9,23.15,0.0,0.0,0.0,6.430555555555555
2025-09-11 22:00:00,"Sep 11, 2025 11:00 PM",3952.52,1790.02,5218.2,21886.81,14.94,100.9,0,7033.5,439.0,5460.5,1152.75,1390.75,2025-09-11 22:00:00,15.375,30.5,11.475,22.85,0.0,0.0,0.0,6.347222222222222
2025-09-11 23:00:00,"Sep 12, 2025 12:00 AM",3738.36,1700.12,5858.72,23499.58,9.97,102.29,0,5432.0,422.25,4467.25,262.0,1374.0,2025-09-11 23:00:00,14.8,55.5,11.325,22.85,0.0,0.0,0.0,6.347222222222222
2025-09-12 00:00:00,"Sep 12, 2025 1:00 AM",3569.68,1554.52,5610.32,24151.46,9.54,103.05,0,4045.75,405.25,3938.25,3.0,1314.5,2025-09-12 00:00:00,14.275,53.0,10.575,21.8,0.0,0.0,0.0,6.055555555555555
2025-09-12 01:00:00,"Sep 12, 2025 2:00 AM",3508.73,1603.27,4757.47,23876.74,10.44,102.4,0,3735.25,429.25,4417.0,32.0,1304.0,2025-09-12 01:00:00,14.05,53.5,12.6,24.35,0.0,0.0,0.0,6.763888888888889
2025-09-12 02:00:00,"Sep 12, 2025 3:00 AM",3484.18,1574.95,5155.0,23565.69,10.07,102.25,0,3864.5,663.25,3866.0,5.75,1349.5,2025-09-12 02:00:00,13.775,44.5,12.425,23.975,0.0,0.0,0.0,6.659722222222222
2025-09-12 03:00:00,"Sep 12, 2025 4:00 AM",3469.88,1589.5,5054.01,23223.97,10.48,102.3,0,4049.5,680.25,3856.0,3.0,1369.75,2025-09-12 03:00:00,13.175,36.0,11.4,22.275,0.0,0.0,0.0,6.187499999999999
2025-09-12 04:00:00,"Sep 12, 2025 5:00 AM",3519.05,1547.77,4760.38,23048.96,11.57,102.52,0,4314.0,680.5,4154.75,1.25,1393.0,2025-09-12 04:00:00,12.975,27.5,10.75,22.6,0.0,0.0,0.0,6.277777777777778
2025-09-12 05:00:00,"Sep 12, 2025 6:00 AM",3683.63,1622.52,4908.29,22731.87,11.28,101.13,0,4498.5,717.0,4283.75,220.75,1398.25,2025-09-12 05:00:00,12.675,6.0,10.875,22.3,0.0,0.0,0.0,6.194444444444445
2025-09-12 06:00:00,"Sep 12, 2025 7:00 AM",4054.38,1690.03,5953.42,22197.36,73.32,99.87,0,4972.75,877.5,5088.5,2240.0,1434.75,2025-09-12 06:00:00,12.3,11.5,11.675,23.525,0.0,0.0,0.0,6.534722222222221
2025-09-12 07:00:00,"Sep 12, 2025 8:00 AM",4225.2,1881.06,5706.85,20995.89,2251.55,101.14,0,5711.25,893.0,5333.5,4571.0,1439.75,2025-09-12 07:00:00,11.95,15.75,10.925,22.225,1.0,0.25,0.75,6.173611111111112
2025-09-12 08:00:00,"Sep 12, 2025 9:00 AM",4144.79,1758.06,5099.92,19764.31,8890.96,95.46,0,5788.75,907.5,5263.5,3331.5,1429.5,2025-09-12 08:00:00,12.75,31.0,11.875,22.3,53.5,25.25,28.25,6.194444444444445
2025-09-12 09:00:00,"Sep 12, 2025 10:00 AM",3791.03,1733.16,4494.11,19898.88,17242.66,97.86,0,4837.0,764.0,5037.25,708.25,1446.25,2025-09-12 09:00:00,14.225000000000001,48.75,11.125,20.125,172.0,104.5,67.5,5.590277777777778
2025-09-12 10:00:00,"Sep 12, 2025 11:00 AM",3476.73,1920.12,4719.8,22749.81,23982.64,97.93,0,3544.25,461.5,3303.25,86.75,1451.25,2025-09-12 10:00:00,15.075,53.0,15.775,24.125,279.75,167.25,112.5,6.701388888888888
2025-09-12 11:00:00,"Sep 12, 2025 12:00 PM",3329.11,1892.56,4151.15,22710.7,27041.29,95.76,0,2729.75,461.25,2303.25,6.25,1419.75,2025-09-12 11:00:00,15.65,47.25,15.3,22.725,363.5,212.0,151.5,6.3125
2025-09-12 12:00:00,"Sep 12, 2025 1:00 PM",3238.85,1603.4,3150.77,21551.34,29537.1,95.55,0,2703.75,453.25,2198.0,5.75,1354.5,2025-09-12 12:00:00,16.5,45.0,15.85,23.55,442.25,284.75,157.5,6.541666666666667
2025-09-12 13:00:00,"Sep 12, 2025 2:00 PM",3218.92,1556.67,2362.77,20801.84,30049.62,85.14,0,2739.75,432.0,2189.5,39.5,1388.5,2025-09-12 13:00:00,16.875,55.25,15.625,23.15,466.5,286.25,180.25,6.430555555555555
2025-09-12 14:00:00,"Sep 12, 2025 3:00 PM",3223.83,1443.19,2831.97,20567.65,28872.29,75.06,0,2748.75,409.25,2199.75,28.25,1361.0,2025-09-12 14:00:00,17.7,39.5,15.0,22.225,510.5,328.25,182.25,6.173611111111112
2025-09-12 15:00:00,"Sep 12, 2025 4:00 PM",3253.29,1529.11,3676.93,20210.98,26016.01,75.46,0,2740.25,420.0,2204.5,17.25,1336.75,2025-09-12 15:00:00,17.75,47.5,16.225,23.95,439.5,280.25,159.25,6.652777777777778
2025-09-12 16:00:00,"Sep 12, 2025 5:00 PM",3420.16,1603.29,4066.88,19867.39,21585.18,76.29,0,2846.25,689.75,2727.5,27.75,1322.25,2025-09-12 16:00:00,17.875,38.0,13.725,20.725,378.25,251.25,127.0,5.756944444444445
2025-09-12 17:00:00,"Sep 12, 2025 6:00 PM",3690.88,1690.55,5752.15,18921.25,13680.33,77.95,0,3709.0,801.75,4173.0,132.5,1365.5,2025-09-12 17:00:00,17.85,55.75,14.85,22.65,317.0,219.5,97.5,6.291666666666666
2025-09-12 18:00:00,"Sep 12, 2025 7:00 PM",4295.01,1909.91,5555.44,14554.65,4914.1,78.66,0,5725.25,1004.25,6025.5,2662.75,1375.5,2025-09-12 18:00:00,17.275,33.5,10.825,17.85,198.5,115.0,83.5,4.958333333333334
2025-09-12 19:00:00,"Sep 12, 2025 8:00 PM",4733.99,2125.57,5482.64,11467.54,536.04,78.65,0,5918.75,1414.25,7364.75,5274.75,1455.25,2025-09-12 19:00:00,16.35,27.5,8.55,16.7,96.0,48.5,47.5,4.638888888888888
2025-09-12 20:00:00,"Sep 12, 2025 9:00 PM",4639.22,1974.4,5176.29,12347.71,66.13,78.99,0,6001.0,1410.25,7269.75,4181.75,1382.75,2025-09-12 20:00:00,14.95,28.25,7.8,17.325,10.5,4.0,6.5,4.8125
2025-09-12 21:00:00,"Sep 12, 2025 10:00 PM",4464.59,1796.84,5102.47,13620.22,30.83,80.12,0,6031.0,1342.0,7045.75,2731.5,1374.25,2025-09-12 21:00:00,14.425,26.25,8.825,19.525,0.0,0.0,0.0,5.423611111111111
2025-09-12 22:00:00,"Sep 12, 2025 11:00 PM",4310.54,1736.88,5129.36,13873.01,37.96,79.83,0,5882.25,1282.5,6525.0,2432.5,1383.5,2025-09-12 22:00:00,14.025,27.25,9.375,20.55,0.0,0.0,0.0,5.708333333333333
2025-09-12 23:00:00,"Sep 13, 2025 12:00 AM",4112.5,1600.37,5165.81,15336.56,14.43,80.32,0,5667.0,1359.0,5518.0,1118.75,1371.0,2025-09-12 23:00:00,13.6,27.25,8.025,18.825000000000003,0.0,0.0,0.0,5.229166666666667
2025-09-13 00:00:00,"Sep 13, 2025 1:00 AM",3968.88,1516.59,5758.79,16897.18,14.05,80.24,0,4878.5,1143.25,4067.5,357.75,1341.0,2025-09-13 00:00:00,13.025,47.25,7.6,18.225,0.0,0.0,0.0,5.0625
2025-09-13 01:00:00,"Sep 13, 2025 2:00 AM",3840.24,1516.57,5301.95,17948.41,11.34,80.46,0,3416.25,1109.25,3872.25,162.0,1363.75,2025-09-13 01:00:00,12.775,53.0,8.15,19.3,0.0,0.0,0.0,5.361111111111112
2025-09-13 02:00:00,"Sep 13, 2025 3:00 AM",3770.04,1501.05,5738.22,17546.03,10.51,80.61,0,3263.5,1092.0,3704.5,121.0,1385.5,2025-09-13 02:00:00,12.7,47.25,7.65,18.45,0.0,0.0,0.0,5.125
2025-09-13 03:00:00,"Sep 13, 2025 4:00 AM",3754.13,1546.29,5610.03,16719.87,10.14,80.9,0,3254.0,1082.0,3660.0,253.5,1392.75,2025-09-13 03:00:00,11.825,40.5,7.675,16.825000000000003,0.0,0.0,0.0,4.673611111111112
2025-09-13 04:00:00,"Sep 13, 2025 5:00 AM",3801.13,1494.85,5840.16,16348.56,9.77,80.67,0,3203.25,1082.75,3667.25,150.5,1373.5,2025-09-13 04:00:00,11.5,45.75,7.25,16.65,0.0,0.0,0.0,4.624999999999999
2025-09-13 05:00:00,"Sep 13, 2025 6:00 AM",3922.34,1511.57,5603.48,16436.24,9.26,80.58,0,3332.75,1091.5,3743.75,40.0,1423.5,2025-09-13 05:00:00,11.35,91.75,7.324999999999999,17.975,0.0,0.0,0.0,4.993055555555556
2025-09-13 06:00:00,"Sep 13, 2025 7:00 AM",4122.82,1511.37,5918.84,17070.65,39.78,80.45,0,3226.75,1105.0,3757.25,100.0,1452.75,2025-09-13 06:00:00,11.025,100.0,7.05,18.65,0.0,0.0,0.0,5.180555555555555
2025-09-13 07:00:00,"Sep 13, 2025 8:00 AM",4195.99,1513.22,6180.31,17467.95,1681.83,80.62,0,3050.0,1109.5,3464.5,453.75,1451.0,2025-09-13 07:00:00,11.125,97.5,7.95,19.125,0.5,0.0,0.5,5.3125
2025-09-13 08:00:00,"Sep 13, 2025 9:00 AM",4098.52,1519.94,6449.87,16469.09,7526.13,79.14,0,2855.0,1027.25,3460.5,30.0,1447.75,2025-09-13 08:00:00,11.6,95.0,8.275,18.825,39.5,6.0,33.5,5.229166666666666
2025-09-13 09:00:00,"Sep 13, 2025 10:00 AM",3829.13,1524.75,6109.57,12833.83,16107.91,77.82,0,2784.5,954.5,2994.75,48.75,1460.25,2025-09-13 09:00:00,12.95,96.75,7.65,20.375,122.75,34.75,88.0,5.659722222222222
2025-09-13 10:00:00,"Sep 13, 2025 11:00 AM",3672.09,1523.81,4960.96,9990.33,25821.05,77.81,0,2713.0,944.75,2569.5,79.25,1453.0,2025-09-13 10:00:00,14.625,59.5,7.125,12.675,253.75,126.5,127.25,3.5208333333333335
2025-09-13 11:00:00,"Sep 13, 2025 12:00 PM",3576.28,1588.35,4633.77,10102.24,32707.38,75.24,0,2728.75,620.25,1802.5,71.5,1441.75,2025-09-13 11:00:00,16.15,86.25,7.725,11.575000000000001,363.75,190.25,173.5,3.215277777777778
2025-09-13 12:00:00,"Sep 13, 2025 1:00 PM",3510.21,1580.89,4888.68,10425.42,34873.05,72.93,0,2772.25,621.75,1739.75,75.5,1462.5,2025-09-13 12:00:00,17.325,65.75,9.925,14.65,422.5,231.25,191.25,4.069444444444445
2025-09-13 13:00:00,"Sep 13, 2025 2:00 PM",3459.37,1577.03,4784.67,12439.71,33091.34,74.27,0,2826.25,589.25,1730.0,123.5,1467.5,2025-09-13 13:00:00,18.275,69.25,11.825,17.475,504.5,333.75,170.75,4.854166666666667
2025-09-13 14:00:00,"Sep 13, 2025 3:00 PM",3460.13,1555.17,4888.28,14767.18,29947.18,73.1,0,2814.75,593.25,1725.0,107.5,1446.75,2025-09-13 14:00:00,18.75,97.25,12.0,17.675,516.0,354.5,161.5,4.909722222222222
2025-09-13 15:00:00,"Sep 13, 2025 4:00 PM",3502.98,1551.89,4989.26,14335.78,25480.1,74.32,0,2836.0,596.75,1661.5,107.25,1424.5,2025-09-13 15:00:00,18.5,95.5,12.825000000000001,19.325,469.0,291.5,177.5,5.368055555555555
2025-09-13 16:00:00,"Sep 13, 2025 5:00 PM",3669.97,1559.37,4799.59,14639.99,20469.9,77.72,0,2991.0,311.75,1716.75,148.5,1376.25,2025-09-13 16:00:00,18.675,79.5,8.075,12.65,361.5,164.75,196.75,3.513888888888889
2025-09-13 17:00:00,"Sep 13, 2025 6:00 PM",3948.32,1681.28,4898.76,15158.09,12032.07,77.8,0,4021.5,333.0,2201.5,411.25,1385.75,2025-09-13 17:00:00,19.025,77.0,9.725,16.2,260.5,114.75,145.75,4.5
2025-09-13 18:00:00,"Sep 13, 2025 7:00 PM",4455.34,1762.83,4953.88,13092.48,3985.75,78.0,0,6214.25,434.25,2818.5,3199.5,1410.25,2025-09-13 18:00:00,17.7,82.5,11.15,18.5,183.75,82.25,101.5,5.138888888888888
2025-09-13 19:00:00,"Sep 13, 2025 8:00 PM",4674.0,2345.77,4229.68,12644.42,350.35,78.39,0,6346.0,484.25,3085.75,4952.5,1422.25,2025-09-13 19:00:00,16.6,86.75,6.375,12.725,80.0,27.25,52.75,3.534722222222222
2025-09-13 20:00:00,"Sep 13, 2025 9:00 PM",4662.09,2041.67,3171.96,14102.67,81.62,78.71,0,6213.75,478.25,3060.75,5147.25,1435.5,2025-09-13 20:00:00,15.325,96.75,5.325,13.425,8.0,1.25,6.75,3.729166666666667
2025-09-13 21:00:00,"Sep 13, 2025 10:00 PM",4530.29,1770.64,3811.88,14769.56,26.27,78.79,0,6191.0,388.0,3112.5,3961.75,1422.25,2025-09-13 21:00:00,14.95,98.75,8.025,17.175,0.0,0.0,0.0,4.770833333333333
2025-09-13 22:00:00,"Sep 13, 2025 11:00 PM",4308.7,1629.28,3625.49,14588.5,11.35,79.48,0,6175.75,321.0,3249.75,2303.0,1417.0,2025-09-13 22:00:00,14.825,99.5,9.225,21.1,0.0,0.0,0.0,5.861111111111112
2025-09-13 23:00:00,"Sep 14, 2025 12:00 AM",4135.86,1522.85,3270.33,14350.39,11.99,79.94,0,6125.75,304.5,3121.75,1530.75,1410.25,2025-09-13 23:00:00,14.575,99.75,9.125,19.950000000000003,0.0,0.0,0.0,5.541666666666667
2025-09-14 00:00:00,"Sep 14, 2025 1:00 AM",4015.87,1508.15,3636.6,13703.24,10.44,78.63,0,5886.75,298.5,3103.5,1278.5,1460.0,2025-09-14 00:00:00,14.2,100.0,10.15,20.95,0.0,0.0,0.0,5.819444444444444
2025-09-14 01:00:00,"Sep 14, 2025 2:00 AM",3923.3,1432.44,2339.98,13346.9,10.05,78.45,0,5962.75,291.0,3093.5,934.25,1474.75,2025-09-14 01:00:00,13.7,92.25,9.6,20.475,0.0,0.0,0.0,5.6875
2025-09-14 02:00:00,"Sep 14, 2025 3:00 AM",3844.28,1411.62,2266.7,12825.4,7.76,79.77,0,5954.0,287.25,2952.25,769.25,1443.75,2025-09-14 02:00:00,13.5,100.0,9.875,20.4,0.0,0.0,0.0,5.666666666666666
2025-09-14 03:00:00,"Sep 14, 2025 4:00 AM",3775.2,1403.56,2414.72,11700.58,9.41,81.6,0,5684.5,287.75,2930.25,578.75,1434.25,2025-09-14 03:00:00,13.65,93.75,8.975,18.95,0.0,0.0,0.0,5.263888888888888
2025-09-14 04:00:00,"Sep 14, 2025 5:00 AM",3855.74,1420.1,2371.27,11041.98,8.61,81.67,0,5994.75,286.5,2967.25,287.25,1414.25,2025-09-14 04:00:00,13.5,100.0,9.775,20.55,0.0,0.0,0.0,5.708333333333333
2025-09-14 05:00:00,"Sep 14, 2025 6:00 AM",4003.48,1474.0,2057.02,10405.27,7.29,81.41,0,6073.25,284.25,3041.0,479.25,1364.5,2025-09-14 05:00:00,13.35,99.0,9.75,20.175,0.0,0.0,0.0,5.604166666666667
2025-09-14 06:00:00,"Sep 14, 2025 7:00 AM",4171.77,1522.26,1904.36,10118.1,16.25,80.97,0,5922.5,284.25,3166.25,931.5,1338.25,2025-09-14 06:00:00,12.975,96.25,9.175,19.450000000000003,0.0,0.0,0.0,5.402777777777779
2025-09-14 07:00:00,"Sep 14, 2025 8:00 AM",4236.48,1570.5,2044.69,9957.82,742.22,80.68,0,5759.5,319.75,2953.75,2201.5,1362.5,2025-09-14 07:00:00,12.775,98.0,10.025,20.6,0.25,0.0,0.25,5.722222222222222
2025-09-14 08:00:00,"Sep 14, 2025 9:00 AM",4147.78,1610.9,1679.1,9393.37,4506.23,80.36,0,5483.25,328.75,2657.5,2406.0,1367.25,2025-09-14 08:00:00,13.0,88.75,10.2,19.825,26.0,5.75,20.25,5.506944444444444
2025-09-14 09:00:00,"Sep 14, 2025 10:00 AM",3977.58,1533.75,1433.88,8708.21,10970.4,79.64,0,4782.75,288.25,2236.0,354.5,1360.75,2025-09-14 09:00:00,13.45,100.0,12.6,21.775,64.75,20.0,44.75,6.048611111111111
2025-09-14 10:00:00,"Sep 14, 2025 11:00 AM",3759.86,1532.46,1502.6,8501.64,18376.17,79.12,0,3879.0,273.75,1897.5,86.5,1349.75,2025-09-14 10:00:00,14.25,74.75,12.825,20.5,160.25,45.75,114.5,5.694444444444445
2025-09-14 11:00:00,"Sep 14, 2025 12:00 PM",3629.39,1631.93,1226.05,8336.28,26311.65,79.63,0,2969.75,269.75,1817.0,90.5,1327.75,2025-09-14 11:00:00,15.1,59.5,13.45,20.375,310.75,165.0,145.75,5.659722222222222
2025-09-14 12:00:00,"Sep 14, 2025 1:00 PM",3533.19,1555.74,1077.57,9058.51,31954.0,80.86,0,2665.5,249.5,1757.25,41.25,1320.5,2025-09-14 12:00:00,16.075000000000003,49.5,13.35,19.799999999999997,405.25,252.75,152.5,5.499999999999999
2025-09-14 13:00:00,"Sep 14, 2025 2:00 PM",3484.79,1586.6,1302.07,9549.15,34410.59,79.06,0,2628.5,254.25,1739.0,4.0,1330.75,2025-09-14 13:00:00,16.725,48.5,14.425,21.3,505.25,335.0,170.25,5.916666666666667
2025-09-14 14:00:00,"Sep 14, 2025 3:00 PM",3478.51,1611.57,2014.2,9488.06,34121.48,76.81,0,2610.25,238.75,1713.5,10.0,1310.5,2025-09-14 14:00:00,17.025,63.5,14.375,21.625,494.25,321.25,173.0,6.006944444444445
2025-09-14 15:00:00,"Sep 14, 2025 4:00 PM",3521.09,1678.33,1325.79,9356.89,31176.76,76.05,0,2661.0,314.25,1795.75,11.25,1317.5,2025-09-14 15:00:00,17.725,36.5,12.225000000000001,17.825,521.25,390.0,131.25,4.951388888888888
2025-09-14 16:00:00,"Sep 14, 2025 5:00 PM",3674.38,1675.41,1672.11,8731.58,24524.17,78.3,0,3451.75,653.5,2581.0,51.75,1323.5,2025-09-14 16:00:00,17.675,65.25,13.325,19.95,454.5,324.75,129.75,5.541666666666666
2025-09-14 17:00:00,"Sep 14, 2025 6:00 PM",3980.71,1728.32,2127.75,7161.16,14493.13,78.07,0,4702.75,1107.5,4616.25,1207.25,1332.75,2025-09-14 17:00:00,17.674999999999997,43.25,11.225,17.1,320.5,199.75,120.75,4.75
2025-09-14 18:00:00,"Sep 14, 2025 7:00 PM",4456.2,1975.67,1715.55,5536.64,4363.1,77.63,0,5393.0,1285.75,6389.75,4186.25,1338.5,2025-09-14 18:00:00,17.425,53.75,8.925,15.175,236.25,156.75,79.5,4.215277777777778
2025-09-14 19:00:00,"Sep 14, 2025 8:00 PM",4621.37,2180.48,2049.74,4749.96,332.19,78.11,0,5529.5,1301.0,6750.5,4899.5,1547.5,2025-09-14 19:00:00,16.3,59.75,5.1,12.275,90.0,45.75,44.25,3.4097222222222223
2025-09-14 20:00:00,"Sep 14, 2025 9:00 PM",4591.85,1856.14,2815.71,6561.42,61.35,78.93,0,5401.75,1303.75,6434.25,4847.25,1496.25,2025-09-14 20:00:00,15.075,71.5,6.3,14.625,6.75,1.5,5.25,4.0625
2025-09-14 21:00:00,"Sep 14, 2025 10:00 PM",4450.67,1762.62,3549.29,10550.94,19.87,80.89,0,5097.25,1219.0,5860.25,3630.75,1332.75,2025-09-14 21:00:00,14.5,83.25,6.525,14.774999999999999,0.0,0.0,0.0,4.104166666666666
2025-09-14 22:00:00,"Sep 14, 2025 11:00 PM",4218.58,1673.98,4144.26,15302.64,22.7,82.08,0,4442.0,887.5,4506.0,2514.5,1342.0,2025-09-14 22:00:00,14.149999999999999,60.5,7.875,17.9,0.0,0.0,0.0,4.972222222222221
2025-09-14 23:00:00,"Sep 15, 2025 12:00 AM",3968.25,1589.31,5428.58,19669.16,17.75,82.53,0,2913.75,530.25,2883.5,1215.0,1333.25,2025-09-14 23:00:00,14.0,86.25,9.024999999999999,19.625,0.0,0.0,0.0,5.451388888888888
2025-09-15 00:00:00,"Sep 15, 2025 1:00 AM",3816.52,1527.24,6074.05,22361.46,13.69,82.62,0,2366.0,582.0,2531.5,155.5,1316.75,2025-09-15 00:00:00,14.2,85.0,10.05,21.65,0.0,0.0,0.0,6.013888888888888
2025-09-15 01:00:00,"Sep 15, 2025 2:00 AM",3737.13,1528.06,6377.01,24814.99,13.51,82.04,0,2358.5,550.0,2147.5,11.25,1351.5,2025-09-15 01:00:00,14.175,80.25,11.625,24.3,0.0,0.0,0.0,6.75
2025-09-15 02:00:00,"Sep 15, 2025 3:00 AM",3665.82,1505.91,6497.79,26803.08,13.65,82.1,0,2360.25,531.75,2018.0,51.5,1389.25,2025-09-15 02:00:00,14.225000000000001,100.0,13.75,26.95,0.0,0.0,0.0,7.486111111111111
2025-09-15 03:00:00,"Sep 15, 2025 4:00 AM",3644.26,1553.73,6005.84,28719.4,13.86,79.7,0,2363.0,565.5,1970.5,49.25,1402.0,2025-09-15 03:00:00,13.725,93.25,14.725,28.35,0.0,0.0,0.0,7.875
2025-09-15 04:00:00,"Sep 15, 2025 5:00 AM",3650.16,1592.73,5901.68,30243.3,12.73,79.12,0,2353.75,701.75,1952.5,69.75,1410.25,2025-09-15 04:00:00,14.25,75.75,15.8,30.0,0.0,0.0,0.0,8.333333333333334
2025-09-15 05:00:00,"Sep 15, 2025 6:00 AM",3752.94,1596.71,5810.46,32340.53,13.43,78.99,0,2356.5,843.5,1985.0,99.25,1417.0,2025-09-15 05:00:00,14.575,79.0,16.2,30.475,0.0,0.0,0.0,8.465277777777779
2025-09-15 06:00:00,"Sep 15, 2025 7:00 AM",4003.87,1606.94,6515.79,34491.55,25.63,80.62,0,2303.25,1123.5,2080.5,820.25,1433.0,2025-09-15 06:00:00,14.525,80.0,15.65,29.15,0.0,0.0,0.0,8.097222222222221
2025-09-15 07:00:00,"Sep 15, 2025 8:00 AM",4158.42,1599.06,6678.31,35202.16,1041.25,79.87,0,2309.75,1394.75,2235.5,3153.5,1418.5,2025-09-15 07:00:00,14.5,79.0,16.424999999999997,30.375,0.0,0.0,0.0,8.4375
2025-09-15 08:00:00,"Sep 15, 2025 9:00 AM",4076.37,1530.37,6096.28,34602.93,5888.06,76.05,0,2333.75,1630.5,2744.5,3574.0,1399.75,2025-09-15 08:00:00,15.4,74.25,17.174999999999997,31.075,29.25,7.75,21.5,8.631944444444445
2025-09-15 09:00:00,"Sep 15, 2025 10:00 AM",3774.24,1519.02,5492.93,34834.66,13966.51,70.85,0,2240.5,1782.25,2611.5,948.25,1456.75,2025-09-15 09:00:00,16.675,69.5,17.175,31.75,114.75,41.5,73.25,8.819444444444445
2025-09-15 10:00:00,"Sep 15, 2025 11:00 AM",3540.48,1699.02,4522.89,31726.2,20849.78,69.04,0,2176.5,1702.0,2264.5,225.5,1467.25,2025-09-15 10:00:00,18.475,46.25,18.5,30.625,231.75,110.25,121.5,8.506944444444445
2025-09-15 11:00:00,"Sep 15, 2025 12:00 PM",3485.79,1707.74,3584.14,31954.63,27285.9,70.32,0,2152.75,1417.5,1904.25,145.25,1464.5,2025-09-15 11:00:00,19.45,47.0,18.475,29.5,334.0,206.75,127.25,8.194444444444445
2025-09-15 12:00:00,"Sep 15, 2025 1:00 PM",3426.7,1542.25,2585.36,30683.99,29840.48,72.22,0,2163.5,1194.75,1931.25,23.5,1479.25,2025-09-15 12:00:00,20.175,43.0,20.45,32.025,412.25,268.25,144.0,8.895833333333332
2025-09-15 13:00:00,"Sep 15, 2025 2:00 PM",3363.41,1494.71,2788.09,28899.26,30725.81,87.98,0,2174.75,950.25,1973.5,44.0,1477.5,2025-09-15 13:00:00,21.275,32.75,21.125,32.599999999999994,519.5,369.25,150.25,9.055555555555554
2025-09-15 14:00:00,"Sep 15, 2025 3:00 PM",3350.08,1424.2,1777.36,28397.67,29880.36,94.81,0,2157.0,864.0,1951.0,49.75,1477.0,2025-09-15 14:00:00,20.974999999999998,13.75,21.6,34.0,538.0,405.5,132.5,9.444444444444445
2025-09-15 15:00:00,"Sep 15, 2025 4:00 PM",3384.25,1454.85,2510.03,29899.13,26779.7,95.91,0,2161.5,903.0,1928.25,64.0,1381.0,2025-09-15 15:00:00,21.375,45.25,21.5,33.5,495.5,374.25,121.25,9.305555555555555
2025-09-15 16:00:00,"Sep 15, 2025 5:00 PM",3374.01,1495.53,2950.81,30190.83,20866.62,95.62,0,2199.5,1105.25,1927.5,146.5,1356.25,2025-09-15 16:00:00,21.325,17.0,20.05,31.525,401.5,288.75,112.75,8.756944444444445
2025-09-15 17:00:00,"Sep 15, 2025 6:00 PM",3536.19,1546.33,4551.96,33989.24,12708.57,95.07,0,2191.25,1214.5,2055.75,756.75,1308.75,2025-09-15 17:00:00,21.05,40.75,19.45,30.8,356.5,266.0,90.5,8.555555555555555
2025-09-15 18:00:00,"Sep 15, 2025 7:00 PM",4015.83,1601.6,4693.11,34169.52,4303.91,99.45,0,2833.5,1462.25,2628.25,3283.25,1333.0,2025-09-15 18:00:00,20.075000000000003,30.25,16.725,28.825,212.0,138.25,73.75,8.006944444444445
2025-09-15 19:00:00,"Sep 15, 2025 8:00 PM",4270.46,1641.24,5140.9,33704.73,351.47,100.18,0,3959.0,1623.25,3144.5,4425.25,1338.5,2025-09-15 19:00:00,18.8,26.0,14.149999999999999,26.6,89.0,47.75,41.25,7.388888888888889
2025-09-15 20:00:00,"Sep 15, 2025 9:00 PM",4247.74,1527.09,5154.6,34648.12,73.24,100.95,0,2877.5,1480.25,2838.0,4278.5,1305.25,2025-09-15 20:00:00,17.75,42.25,13.899999999999999,27.325,6.25,1.5,4.75,7.590277777777778
2025-09-15 21:00:00,"Sep 15, 2025 10:00 PM",4102.72,1456.82,5050.51,36636.46,36.07,101.5,0,2576.25,1368.25,2425.25,2210.0,1297.75,2025-09-15 21:00:00,17.1,61.75,14.85,28.375,0.0,0.0,0.0,7.881944444444445
2025-09-15 22:00:00,"Sep 15, 2025 11:00 PM",3867.72,1453.16,5551.88,36724.41,14.48,102.54,0,2553.5,1431.0,2153.75,965.25,1291.5,2025-09-15 22:00:00,16.1,41.75,14.725,28.175,0.0,0.0,0.0,7.826388888888889
2025-09-15 23:00:00,"Sep 16, 2025 12:00 AM",3645.32,1442.72,5736.11,38220.86,11.36,100.4,0,2368.0,1239.0,2129.5,389.25,1275.75,2025-09-15 23:00:00,15.825000000000001,34.5,15.95,29.875,0.0,0.0,0.0,8.29861111111111
2025-09-16 00:00:00,"Sep 16, 2025 1:00 AM",3460.79,1458.68,5603.54,37356.11,11.04,100.74,0,2184.25,1031.0,1848.5,57.0,1218.5,2025-09-16 00:00:00,15.35,30.5,17.625,32.5,0.0,0.0,0.0,9.027777777777777
2025-09-16 01:00:00,"Sep 16, 2025 2:00 AM",3398.15,1464.56,4686.64,38029.7,10.95,101.12,0,2150.75,986.75,1676.5,61.0,1232.0,2025-09-16 01:00:00,15.1,35.25,18.875,34.175,0.0,0.0,0.0,9.493055555555555
2025-09-16 02:00:00,"Sep 16, 2025 3:00 AM",3383.85,1468.23,4596.28,36764.93,6.41,101.59,0,2163.75,981.5,1668.5,82.5,1235.25,2025-09-16 02:00:00,14.95,40.5,19.55,34.45,0.0,0.0,0.0,9.569444444444445
2025-09-16 03:00:00,"Sep 16, 2025 4:00 AM",3374.91,1502.46,4395.38,36555.21,6.51,99.59,0,2186.25,980.75,1694.5,68.5,1256.25,2025-09-16 03:00:00,14.8,51.25,19.8,35.075,0.0,0.0,0.0,9.743055555555555
2025-09-16 04:00:00,"Sep 16, 2025 5:00 AM",3417.78,1481.81,4362.56,37122.91,6.32,99.21,0,2194.5,982.75,1682.5,73.25,1276.0,2025-09-16 04:00:00,14.55,50.25,19.7,34.8,0.0,0.0,0.0,9.666666666666666
2025-09-16 05:00:00,"Sep 16, 2025 6:00 AM",3505.23,1533.44,4370.02,39725.75,8.18,98.61,0,2210.0,1367.25,1694.25,79.75,1254.25,2025-09-16 05:00:00,14.1,44.0,19.45,34.5,0.0,0.0,0.0,9.583333333333334
2025-09-16 06:00:00,"Sep 16, 2025 7:00 AM",3764.08,1562.37,5293.4,42477.14,25.77,101.05,0,2329.0,1705.5,1847.75,781.25,1258.5,2025-09-16 06:00:00,13.825,43.75,20.925,36.725,0.0,0.0,0.0,10.20138888888889
2025-09-16 07:00:00,"Sep 16, 2025 8:00 AM",3924.68,1673.24,5197.49,40453.46,1485.53,101.63,0,2790.5,1829.75,2267.75,2798.0,1244.5,2025-09-16 07:00:00,13.55,45.75,20.9,36.7,0.25,0.0,0.25,10.194444444444445
2025-09-16 08:00:00,"Sep 16, 2025 9:00 AM",3874.2,1620.85,5662.95,39713.82,6880.33,100.92,0,3007.0,1743.0,2464.0,2464.25,1207.25,2025-09-16 08:00:00,13.65,70.0,21.15,36.35,41.0,16.75,24.25,10.097222222222223
2025-09-16 09:00:00,"Sep 16, 2025 10:00 AM",3543.68,1492.53,6051.42,38746.98,14139.62,97.86,0,2500.5,1248.5,2455.25,427.5,1267.5,2025-09-16 09:00:00,14.375,77.0,21.05,35.025,131.0,51.75,79.25,9.729166666666666
2025-09-16 10:00:00,"Sep 16, 2025 11:00 AM",3276.88,1449.67,4849.58,35863.22,20165.39,96.83,0,2206.75,1110.25,2252.75,312.25,1281.5,2025-09-16 10:00:00,15.0,85.25,22.925,36.425,227.5,106.0,121.5,10.118055555555555
2025-09-16 11:00:00,"Sep 16, 2025 12:00 PM",3209.24,1608.03,3735.83,33469.37,23353.1,96.3,0,2190.75,1066.25,2232.0,329.5,1316.0,2025-09-16 11:00:00,15.700000000000001,83.75,24.95,39.474999999999994,306.75,144.5,162.25,10.965277777777777
2025-09-16 12:00:00,"Sep 16, 2025 1:00 PM",3172.27,1580.82,2916.0,31820.29,24875.02,94.33,0,2172.0,1034.0,2239.5,346.25,1398.5,2025-09-16 12:00:00,16.45,74.25,26.3,40.825,438.25,271.0,167.25,11.340277777777779
2025-09-16 13:00:00,"Sep 16, 2025 2:00 PM",3161.57,1616.39,2649.55,32702.03,25783.3,98.27,0,2197.25,840.75,2232.75,300.5,1414.5,2025-09-16 13:00:00,17.0,61.0,26.549999999999997,41.025,471.5,291.0,180.5,11.395833333333332
2025-09-16 14:00:00,"Sep 16, 2025 3:00 PM",3177.63,1568.97,2861.07,32239.49,24243.54,98.28,0,2451.25,773.75,2108.75,261.0,1386.0,2025-09-16 14:00:00,17.425,51.25,25.5,39.475,513.0,350.0,163.0,10.965277777777779
2025-09-16 15:00:00,"Sep 16, 2025 4:00 PM",3219.19,1535.43,3423.9,30437.36,20909.46,98.4,0,2622.0,814.5,2096.0,307.0,1388.25,2025-09-16 15:00:00,16.975,56.0,22.825,35.55,454.5,299.5,155.0,9.874999999999998
2025-09-16 16:00:00,"Sep 16, 2025 5:00 PM",3356.55,1646.1,4831.25,31969.64,16431.75,98.66,0,2809.75,816.75,2129.5,285.75,1381.5,2025-09-16 16:00:00,17.025000000000002,60.25,21.45,33.550000000000004,384.25,257.75,126.5,9.319444444444445
2025-09-16 17:00:00,"Sep 16, 2025 6:00 PM",3639.3,1744.82,6829.72,33142.28,10137.11,99.26,0,3386.0,902.0,2248.25,992.25,1328.0,2025-09-16 17:00:00,16.675,56.0,20.825,34.05,302.0,198.75,103.25,9.458333333333332
2025-09-16 18:00:00,"Sep 16, 2025 7:00 PM",4127.31,1692.87,6073.14,30426.71,3197.41,102.45,0,4667.75,1387.5,3084.5,2856.0,1323.75,2025-09-16 18:00:00,16.2,46.5,19.475,32.75,185.0,109.25,75.75,9.097222222222221
2025-09-16 19:00:00,"Sep 16, 2025 8:00 PM",4332.66,1662.12,6384.68,30177.9,179.71,101.88,0,5034.25,1536.75,3816.0,3690.0,1324.25,2025-09-16 19:00:00,15.3,60.0,16.375,29.25,70.25,31.75,38.5,8.125
2025-09-16 20:00:00,"Sep 16, 2025 9:00 PM",4354.5,1619.77,6262.94,29668.62,29.92,102.96,0,4620.75,1602.75,3705.5,3129.75,1315.25,2025-09-16 20:00:00,14.2,52.0,14.2,26.475,4.5,0.5,4.0,7.354166666666667
2025-09-16 21:00:00,"Sep 16, 2025 10:00 PM",4230.14,1542.72,5853.57,29841.76,19.44,103.9,0,3337.0,1607.5,3221.75,2159.75,1339.75,2025-09-16 21:00:00,13.675,18.5,13.774999999999999,26.174999999999997,0.0,0.0,0.0,7.270833333333332
2025-09-16 22:00:00,"Sep 16, 2025 11:00 PM",4005.31,1569.5,5742.65,28163.55,14.8,104.27,0,3077.75,1444.5,3243.25,1296.5,1339.25,2025-09-16 22:00:00,13.125,54.25,15.675,29.1,0.0,0.0,0.0,8.083333333333334
2025-09-16 23:00:00,"Sep 17, 2025 12:00 AM",3801.24,1533.83,5912.57,27454.63,14.34,103.82,0,3785.5,1189.75,3096.0,631.75,1335.0,2025-09-16 23:00:00,12.575,82.5,15.3,28.625,0.0,0.0,0.0,7.951388888888888
2025-09-17 00:00:00,"Sep 17, 2025 1:00 AM",3594.67,1444.66,6669.27,26514.41,12.52,104.37,0,2872.75,1069.25,2969.75,83.75,1313.25,2025-09-17 00:00:00,12.175,72.25,14.375,27.05,0.0,0.0,0.0,7.513888888888889
2025-09-17 01:00:00,"Sep 17, 2025 2:00 AM",3524.69,1421.41,6838.26,25964.27,12.0,104.56,0,4331.5,873.25,3284.5,7.0,1376.5,2025-09-17 01:00:00,11.825,61.0,14.25,27.325,0.0,0.0,0.0,7.590277777777778
2025-09-17 02:00:00,"Sep 17, 2025 3:00 AM",3501.59,1423.58,6653.98,25496.95,7.65,104.48,0,4699.5,1248.25,2918.25,2.75,1394.75,2025-09-17 02:00:00,11.725,61.0,14.875,28.55,0.0,0.0,0.0,7.930555555555555
2025-09-17 03:00:00,"Sep 17, 2025 4:00 AM",3484.71,1446.3,6263.7,24687.0,8.26,104.71,0,4612.0,1576.75,2967.5,16.25,1348.5,2025-09-17 03:00:00,11.7,76.0,14.774999999999999,28.3,0.0,0.0,0.0,7.861111111111111
2025-09-17 04:00:00,"Sep 17, 2025 5:00 AM",3546.59,1446.91,5824.07,23968.6,8.76,104.46,0,4813.0,1992.25,3089.5,43.25,1288.0,2025-09-17 04:00:00,11.45,57.25,14.575,27.775,0.0,0.0,0.0,7.715277777777777
2025-09-17 05:00:00,"Sep 17, 2025 6:00 AM",3697.66,1473.89,6109.74,23291.25,9.19,104.26,0,5111.25,2598.75,3539.5,215.5,1269.25,2025-09-17 05:00:00,11.15,37.5,13.55,26.25,0.0,0.0,0.0,7.291666666666666
2025-09-17 06:00:00,"Sep 17, 2025 7:00 AM",4036.03,1551.55,6980.25,23174.44,34.89,104.29,0,5764.0,2716.25,4381.25,1848.0,1257.25,2025-09-17 06:00:00,10.875,40.5,13.5,26.3,0.0,0.0,0.0,7.305555555555555
2025-09-17 07:00:00,"Sep 17, 2025 8:00 AM",4219.63,1452.28,7075.06,22026.02,1775.16,104.08,0,5676.0,2863.25,4829.0,3950.25,1286.5,2025-09-17 07:00:00,10.775,55.75,12.9,25.225,0.25,0.0,0.25,7.006944444444445
2025-09-17 08:00:00,"Sep 17, 2025 9:00 AM",4208.2,1521.51,6677.55,20163.72,8540.0,104.38,0,5490.75,2702.75,4953.25,3767.25,1248.0,2025-09-17 08:00:00,11.325,74.75,13.0,24.15,41.25,17.0,24.25,6.708333333333333
2025-09-17 09:00:00,"Sep 17, 2025 10:00 AM",3943.32,1525.41,6027.23,18746.92,17337.49,100.41,0,4940.75,2526.75,4677.25,1470.75,1266.75,2025-09-17 09:00:00,12.575,100.0,13.15,22.9,132.25,55.0,77.25,6.361111111111111
2025-09-17 10:00:00,"Sep 17, 2025 11:00 AM",3623.58,1581.58,5328.17,18430.84,24140.65,98.84,0,3885.0,2210.5,3396.0,322.0,1291.75,2025-09-17 10:00:00,13.7,79.75,14.024999999999999,21.775,217.0,94.5,122.5,6.048611111111111
2025-09-17 11:00:00,"Sep 17, 2025 12:00 PM",3431.4,1625.91,5134.24,19395.79,27254.78,99.97,0,3499.25,2202.5,3234.0,202.0,1320.0,2025-09-17 11:00:00,14.825,84.25,16.175,24.5,323.0,161.5,161.5,6.805555555555555
2025-09-17 12:00:00,"Sep 17, 2025 1:00 PM",3317.86,1624.29,5224.36,20143.41,27374.33,101.26,0,3327.75,1781.0,3089.5,79.25,1300.5,2025-09-17 12:00:00,15.75,94.5,16.45,24.95,408.5,233.75,174.75,6.930555555555555
2025-09-17 13:00:00,"Sep 17, 2025 2:00 PM",3294.27,1665.81,4688.29,20465.92,24780.39,100.43,0,3096.25,1350.5,3019.25,114.25,1310.0,2025-09-17 13:00:00,16.1,54.75,16.75,25.65,357.5,154.5,203.0,7.124999999999999
2025-09-17 14:00:00,"Sep 17, 2025 3:00 PM",3300.5,1569.62,4618.3,21678.78,22321.72,100.8,0,3065.25,1301.75,3147.25,89.5,1337.5,2025-09-17 14:00:00,16.85,59.5,17.125,25.925,450.25,280.25,170.0,7.201388888888889
2025-09-17 15:00:00,"Sep 17, 2025 4:00 PM",3372.03,1535.64,4854.01,20955.21,19261.17,100.97,0,3764.0,1294.0,3136.25,123.5,1346.0,2025-09-17 15:00:00,17.225,74.75,16.2,24.8,343.0,137.75,205.25,6.888888888888889
2025-09-17 16:00:00,"Sep 17, 2025 5:00 PM",3605.53,1639.34,5656.29,19507.77,15243.79,101.55,0,4844.25,1360.75,3460.75,113.75,1350.25,2025-09-17 16:00:00,17.55,57.25,15.95,24.525,348.0,186.25,161.75,6.812499999999999
2025-09-17 17:00:00,"Sep 17, 2025 6:00 PM",3986.21,1586.63,5734.49,17687.98,8949.7,101.85,0,5906.75,1566.25,4503.25,1468.0,1352.0,2025-09-17 17:00:00,17.25,75.0,14.6,23.6,247.0,135.25,111.75,6.555555555555555
2025-09-17 18:00:00,"Sep 17, 2025 7:00 PM",4344.36,1658.56,6248.87,15837.41,2789.23,101.95,0,6437.75,2182.75,5632.0,3699.25,1375.0,2025-09-17 18:00:00,16.6,78.75,12.975,23.05,128.75,53.5,75.25,6.402777777777778
2025-09-17 19:00:00,"Sep 17, 2025 8:00 PM",4489.43,1820.91,5929.7,14915.75,208.95,102.78,0,6575.0,2586.0,6151.0,5106.5,1567.25,2025-09-17 19:00:00,15.75,42.5,10.975,21.325000000000003,50.25,16.75,33.5,5.923611111111112
2025-09-17 20:00:00,"Sep 17, 2025 9:00 PM",4423.83,1672.44,6558.21,16559.14,51.53,103.38,0,6855.25,2539.75,5803.0,3676.0,1385.25,2025-09-17 20:00:00,14.9,56.5,10.725,22.05,3.25,0.25,3.0,6.125
2025-09-17 21:00:00,"Sep 17, 2025 10:00 PM",4158.58,1459.85,6173.46,19492.89,14.94,103.86,0,7262.0,1948.0,5249.5,1080.0,1342.5,2025-09-17 21:00:00,14.45,62.0,10.175,22.125,0.0,0.0,0.0,6.145833333333333
2025-09-17 22:00:00,"Sep 17, 2025 11:00 PM",3908.37,1404.13,6556.74,21845.53,11.86,104.19,0,6885.75,1490.5,4587.75,345.75,1348.5,2025-09-17 22:00:00,14.175,42.5,10.3,22.25,0.0,0.0,0.0,6.180555555555555
2025-09-17 23:00:00,"Sep 18, 2025 12:00 AM",3704.49,1390.71,6302.23,24153.69,7.28,104.62,0,5100.25,1356.5,4007.25,91.0,1329.0,2025-09-17 23:00:00,13.925,61.5,10.925,23.025,0.0,0.0,0.0,6.395833333333333
2025-09-18 00:00:00,"Sep 18, 2025 1:00 AM",3531.62,1422.14,6856.13,25265.75,7.73,105.23,0,3563.75,1221.75,3673.0,4.0,1314.5,2025-09-18 00:00:00,13.625,60.5,11.850000000000001,24.15,0.0,0.0,0.0,6.708333333333333
2025-09-18 01:00:00,"Sep 18, 2025 2:00 AM",3469.59,1451.1,6745.03,25798.1,7.37,105.26,0,3387.5,1103.25,3676.5,16.0,1366.75,2025-09-18 01:00:00,13.65,58.0,12.025,24.3,0.0,0.0,0.0,6.75
2025-09-18 02:00:00,"Sep 18, 2025 3:00 AM",3440.23,1462.31,6311.83,25415.25,7.31,105.04,0,3368.0,1124.0,3728.75,53.5,1384.25,2025-09-18 02:00:00,13.675,53.5,12.799999999999999,25.3,0.0,0.0,0.0,7.027777777777778
2025-09-18 03:00:00,"Sep 18, 2025 4:00 AM",3439.94,1514.83,6327.41,24745.48,7.41,105.54,0,3379.5,1134.75,3643.75,80.0,1371.0,2025-09-18 03:00:00,14.25,55.0,13.15,25.625,0.0,0.0,0.0,7.118055555555555
2025-09-18 04:00:00,"Sep 18, 2025 5:00 AM",3475.9,1466.76,6373.99,24643.89,7.37,105.13,0,3543.25,1142.0,3612.5,24.25,1371.75,2025-09-18 04:00:00,14.075,55.25,12.35,24.6,0.0,0.0,0.0,6.833333333333334
2025-09-18 05:00:00,"Sep 18, 2025 6:00 AM",3604.62,1551.97,6798.88,23923.36,7.97,104.77,0,3911.0,1188.25,3812.75,48.25,1326.75,2025-09-18 05:00:00,14.0,56.5,11.45,22.75,0.0,0.0,0.0,6.319444444444445
2025-09-18 06:00:00,"Sep 18, 2025 7:00 AM",3984.21,1534.81,7002.73,24401.52,17.18,104.43,0,5352.75,1340.75,4697.25,1656.5,1368.5,2025-09-18 06:00:00,13.925,51.5,12.0,23.3,0.0,0.0,0.0,6.472222222222222
2025-09-18 07:00:00,"Sep 18, 2025 8:00 AM",4167.05,1508.87,7010.73,23777.62,1275.68,103.17,0,5975.25,1296.75,4527.0,2989.75,1368.75,2025-09-18 07:00:00,13.8,50.0,12.1,23.1,0.0,0.0,0.0,6.416666666666667
2025-09-18 08:00:00,"Sep 18, 2025 9:00 AM",4105.48,1552.29,6664.78,22699.75,7394.43,101.41,0,5802.0,1022.0,3687.75,2796.25,1349.5,2025-09-18 08:00:00,14.3,50.0,12.6,23.95,23.75,10.0,13.75,6.652777777777778
2025-09-18 09:00:00,"Sep 18, 2025 10:00 AM",3842.02,1542.51,6627.97,21123.97,16057.22,99.03,0,4567.0,990.75,3398.0,841.75,1360.0,2025-09-18 09:00:00,15.425,50.25,11.6,22.275,105.0,60.25,44.75,6.187499999999999
2025-09-18 10:00:00,"Sep 18, 2025 11:00 AM",3521.31,1656.64,6360.17,20359.98,23938.27,97.15,0,3318.25,863.25,2839.0,199.5,1403.5,2025-09-18 10:00:00,16.95,50.25,10.35,17.425,228.25,149.5,78.75,4.840277777777778
2025-09-18 11:00:00,"Sep 18, 2025 12:00 PM",3360.7,1717.1,5851.02,19960.23,29331.66,96.79,0,3151.0,842.5,2511.5,174.75,1380.0,2025-09-18 11:00:00,18.275,50.0,11.725,18.45,321.5,208.0,113.5,5.125
2025-09-18 12:00:00,"Sep 18, 2025 1:00 PM",3255.4,1724.0,5772.36,20060.1,33022.14,91.65,0,3107.25,847.0,2501.75,72.75,1376.0,2025-09-18 12:00:00,19.375,42.25,14.2,21.8,406.5,271.5,135.0,6.055555555555555
2025-09-18 13:00:00,"Sep 18, 2025 2:00 PM",3222.48,1581.69,5188.07,18803.4,34414.79,96.68,0,3137.5,842.5,2608.5,37.25,1367.25,2025-09-18 13:00:00,20.25,38.5,13.85,20.525,454.5,319.0,135.5,5.701388888888888
2025-09-18 14:00:00,"Sep 18, 2025 3:00 PM",3243.31,1632.74,5069.08,18288.01,32584.11,95.25,0,3149.0,827.75,2646.5,6.0,1365.75,2025-09-18 14:00:00,20.924999999999997,58.75,14.425,21.625,482.75,342.25,140.5,6.006944444444445
2025-09-18 15:00:00,"Sep 18, 2025 4:00 PM",3324.55,1653.8,5088.51,18833.96,28738.19,94.9,0,3152.5,837.0,2779.25,45.5,1410.25,2025-09-18 15:00:00,21.55,37.25,14.25,21.55,472.75,332.5,140.25,5.986111111111112
2025-09-18 16:00:00,"Sep 18, 2025 5:00 PM",3471.24,1652.12,5924.63,18712.99,21774.44,98.81,0,3521.25,959.5,3504.75,121.25,1390.5,2025-09-18 16:00:00,21.725,59.5,13.125,20.474999999999998,364.0,258.75,105.25,5.687499999999999
2025-09-18 17:00:00,"Sep 18, 2025 6:00 PM",3720.21,1536.93,6611.28,19205.8,12847.99,99.13,0,4608.75,1298.75,4671.75,428.25,1410.75,2025-09-18 17:00:00,21.45,49.5,13.1,21.125,272.5,183.5,89.0,5.868055555555555
2025-09-18 18:00:00,"Sep 18, 2025 7:00 PM",4165.9,1595.85,5905.88,17794.67,3695.18,98.86,0,6631.5,1515.5,5751.0,2689.75,1447.25,2025-09-18 18:00:00,20.9,51.0,11.525,20.65,160.0,95.75,64.25,5.736111111111111
2025-09-18 19:00:00,"Sep 18, 2025 8:00 PM",4380.99,1518.99,5428.36,18192.42,194.63,99.79,0,6917.5,1701.75,6732.75,4849.25,1425.75,2025-09-18 19:00:00,19.8,51.25,11.7,22.625,54.0,27.5,26.5,6.284722222222222
2025-09-18 20:00:00,"Sep 18, 2025 9:00 PM",4382.85,1480.69,4917.66,19670.92,35.42,101.68,0,6506.75,1526.5,6419.0,3463.25,1406.75,2025-09-18 20:00:00,19.0,39.75,12.675,24.35,2.75,0.5,2.25,6.763888888888889
2025-09-18 21:00:00,"Sep 18, 2025 10:00 PM",4223.4,1367.4,4938.6,20415.22,9.75,102.33,0,6357.25,1379.0,6613.5,2252.0,1363.5,2025-09-18 21:00:00,18.45,50.0,13.225,25.55,0.0,0.0,0.0,7.097222222222222
2025-09-18 22:00:00,"Sep 18, 2025 11:00 PM",4001.97,1331.96,4972.98,19558.33,8.72,103.13,0,6344.5,1059.0,6438.25,1504.75,1344.25,2025-09-18 22:00:00,17.9,45.25,12.524999999999999,24.625,0.0,0.0,0.0,6.840277777777778
2025-09-18 23:00:00,"Sep 19, 2025 12:00 AM",3775.3,1313.62,5417.19,19446.83,7.24,103.79,0,6206.25,963.0,5771.0,375.5,1364.25,2025-09-18 23:00:00,17.475,50.0,12.1,24.15,0.0,0.0,0.0,6.708333333333333
2025-09-19 00:00:00,"Sep 19, 2025 1:00 AM",3553.87,1309.23,5520.7,19346.45,7.4,104.22,0,6181.5,948.25,5576.75,9.75,1366.25,2025-09-19 00:00:00,17.075,48.5,12.1,23.6,0.0,0.0,0.0,6.555555555555555
2025-09-19 01:00:00,"Sep 19, 2025 2:00 AM",3499.36,1308.28,5516.79,18358.88,7.28,104.48,0,6677.5,935.75,5668.5,7.5,1344.0,2025-09-19 01:00:00,16.65,48.75,12.225,23.525,0.0,0.0,0.0,6.534722222222221
2025-09-19 02:00:00,"Sep 19, 2025 3:00 AM",3485.68,1310.93,5258.29,17136.03,7.4,103.71,0,6794.25,727.75,5194.25,6.25,1346.75,2025-09-19 02:00:00,16.275,31.75,11.925,22.85,0.0,0.0,0.0,6.347222222222222
2025-09-19 03:00:00,"Sep 19, 2025 4:00 AM",3497.78,1327.24,5532.98,15456.29,7.63,103.87,0,6699.75,911.5,5227.5,22.0,1352.5,2025-09-19 03:00:00,15.725000000000001,42.25,11.675,22.875,0.0,0.0,0.0,6.354166666666666
2025-09-19 04:00:00,"Sep 19, 2025 5:00 AM",3588.99,1328.1,5975.02,14072.41,7.61,104.43,0,6757.0,1025.25,5327.25,12.75,1369.0,2025-09-19 04:00:00,15.299999999999999,28.75,10.625,20.7,0.0,0.0,0.0,5.75
2025-09-19 05:00:00,"Sep 19, 2025 6:00 AM",3803.61,1365.53,5858.11,12933.52,8.18,103.77,0,7245.75,1251.5,6170.0,747.25,1347.25,2025-09-19 05:00:00,14.75,24.25,9.675,18.85,0.0,0.0,0.0,5.236111111111112
2025-09-19 06:00:00,"Sep 19, 2025 7:00 AM",4134.24,1416.25,5342.39,12423.66,45.29,103.3,0,7432.0,1548.0,7128.0,2955.5,1415.25,2025-09-19 06:00:00,14.15,24.75,9.5,17.725,0.0,0.0,0.0,4.923611111111112
2025-09-19 07:00:00,"Sep 19, 2025 8:00 AM",4294.75,1569.58,4944.38,11910.63,1810.9,102.07,0,7397.0,1668.0,6589.5,4772.75,1394.75,2025-09-19 07:00:00,13.55,52.0,8.399999999999999,16.2,0.0,0.0,0.0,4.5
2025-09-19 08:00:00,"Sep 19, 2025 9:00 AM",4160.8,1370.1,4731.11,10282.13,9595.15,101.09,0,7436.5,1719.0,6044.25,2356.0,1385.5,2025-09-19 08:00:00,13.799999999999999,60.25,8.8,15.8,37.5,15.5,22.0,4.388888888888889
2025-09-19 09:00:00,"Sep 19, 2025 10:00 AM",3854.77,1407.92,4865.0,8381.2,20636.14,99.65,0,6911.25,1489.25,4380.5,728.0,1409.75,2025-09-19 09:00:00,15.375,52.5,7.550000000000001,14.55,140.5,70.0,70.5,4.041666666666667
2025-09-19 10:00:00,"Sep 19, 2025 11:00 AM",3524.35,1420.7,5384.48,7453.08,30413.07,97.68,0,4439.0,1026.5,2366.0,246.5,1351.25,2025-09-19 10:00:00,17.35,40.75,7.8999999999999995,14.075000000000001,258.5,161.0,97.5,3.9097222222222223
2025-09-19 11:00:00,"Sep 19, 2025 12:00 PM",3375.69,1549.8,5258.42,6845.54,37142.13,97.39,0,3620.75,936.5,2008.75,200.75,1295.25,2025-09-19 11:00:00,19.2,50.25,8.95,13.95,372.5,267.0,105.5,3.8749999999999996
2025-09-19 12:00:00,"Sep 19, 2025 1:00 PM",3241.76,1465.64,5440.38,6393.75,41887.52,95.54,0,3477.0,931.75,1994.5,62.5,1288.75,2025-09-19 12:00:00,20.7,54.25,9.325,13.775,440.5,292.0,148.5,3.826388888888889
2025-09-19 13:00:00,"Sep 19, 2025 2:00 PM",3209.78,1418.3,4204.68,5295.44,43233.61,96.11,0,3499.0,839.5,2031.75,15.5,1272.5,2025-09-19 13:00:00,21.85,58.5,8.65,12.675,475.25,316.75,158.5,3.5208333333333335
2025-09-19 14:00:00,"Sep 19, 2025 3:00 PM",3219.56,1352.58,4165.58,4902.03,41543.44,97.1,0,3556.0,853.75,2134.0,28.5,1257.75,2025-09-19 14:00:00,23.0,57.75,8.525,12.35,544.25,393.5,150.75,3.4305555555555554
2025-09-19 15:00:00,"Sep 19, 2025 4:00 PM",3299.83,1390.32,4141.91,4956.14,36352.96,98.71,0,3754.75,1179.5,2288.75,27.25,1270.5,2025-09-19 15:00:00,23.975,16.5,6.8,9.75,563.0,450.25,112.75,2.7083333333333335
2025-09-19 16:00:00,"Sep 19, 2025 5:00 PM",3521.16,1444.94,3579.23,4583.64,27517.86,97.56,0,5343.75,1831.75,3326.5,129.5,1273.75,2025-09-19 16:00:00,24.275,2.5,6.925,10.2,494.25,409.0,85.25,2.833333333333333
2025-09-19 17:00:00,"Sep 19, 2025 6:00 PM",3869.45,1417.96,2710.49,4278.47,15534.14,97.15,0,7951.5,3016.25,6803.75,1953.0,1317.0,2025-09-19 17:00:00,24.2,2.75,7.0249999999999995,10.85,372.5,298.5,74.0,3.013888888888889
2025-09-19 18:00:00,"Sep 19, 2025 7:00 PM",4334.61,1597.1,2174.81,4235.69,4384.3,97.04,0,8809.75,3762.5,8917.25,4456.25,1360.75,2025-09-19 18:00:00,23.65,8.5,5.6,11.350000000000001,226.0,167.5,58.5,3.152777777777778
2025-09-19 19:00:00,"Sep 19, 2025 8:00 PM",4477.14,1606.25,1931.15,6015.87,234.04,100.09,0,9150.75,3801.5,9358.75,4755.75,1399.25,2025-09-19 19:00:00,21.5,2.5,5.95,13.825000000000001,81.0,48.5,32.5,3.840277777777778
2025-09-19 20:00:00,"Sep 19, 2025 9:00 PM",4418.61,1716.62,1998.2,8922.22,75.11,104.0,0,8953.0,3801.25,8645.0,4051.0,1372.0,2025-09-19 20:00:00,19.8,30.0,7.375,18.0,3.25,0.75,2.5,5.0
2025-09-19 21:00:00,"Sep 19, 2025 10:00 PM",4225.21,1421.46,2767.87,13253.93,18.04,105.31,0,8466.5,3533.0,7377.0,2744.5,1231.75,2025-09-19 21:00:00,18.925,42.5,7.1000000000000005,18.375,0.0,0.0,0.0,5.104166666666667
2025-09-19 22:00:00,"Sep 19, 2025 11:00 PM",3981.91,1296.14,3695.11,16615.14,9.96,106.15,0,7715.75,2587.25,5150.5,1048.75,1240.25,2025-09-19 22:00:00,18.15,50.0,6.6000000000000005,18.175,0.0,0.0,0.0,5.048611111111112
2025-09-19 23:00:00,"Sep 20, 2025 12:00 AM",3777.95,1300.74,4319.73,19328.43,6.78,106.67,0,7713.75,1332.0,4043.75,540.25,1242.0,2025-09-19 23:00:00,17.525,40.75,5.675000000000001,15.675,0.0,0.0,0.0,4.354166666666667
2025-09-20 00:00:00,"Sep 20, 2025 1:00 AM",3647.77,1214.38,4256.56,21183.32,9.69,107.08,0,6512.0,1039.25,2573.0,160.75,1332.5,2025-09-20 00:00:00,17.15,26.0,6.2749999999999995,17.2,0.0,0.0,0.0,4.777777777777778
2025-09-20 01:00:00,"Sep 20, 2025 2:00 AM",3595.74,1203.29,4683.16,21337.36,6.26,105.56,0,5831.25,574.75,2513.5,112.25,1342.0,2025-09-20 01:00:00,16.75,19.0,8.25,19.8,0.0,0.0,0.0,5.5
2025-09-20 02:00:00,"Sep 20, 2025 3:00 AM",3541.65,1197.96,4641.35,20797.23,5.01,106.08,0,5254.0,590.5,2485.5,33.0,1337.25,2025-09-20 02:00:00,16.5,1.0,8.8,21.175,0.0,0.0,0.0,5.881944444444445
2025-09-20 03:00:00,"Sep 20, 2025 4:00 AM",3546.5,1223.81,4002.47,20413.07,5.39,106.29,0,5282.0,343.5,2482.5,183.25,1348.25,2025-09-20 03:00:00,15.075,8.0,8.3,20.625,0.0,0.0,0.0,5.729166666666667
2025-09-20 04:00:00,"Sep 20, 2025 5:00 AM",3616.73,1193.67,4253.72,19704.83,5.48,106.32,0,5511.5,287.75,2506.5,200.75,1357.25,2025-09-20 04:00:00,14.625,10.5,8.825000000000001,21.4,0.0,0.0,0.0,5.944444444444444
2025-09-20 05:00:00,"Sep 20, 2025 6:00 AM",3759.9,1193.02,4563.9,19640.26,6.32,106.28,0,5930.25,287.5,2556.5,159.0,1332.0,2025-09-20 05:00:00,14.5,25.25,9.725,22.575,0.0,0.0,0.0,6.270833333333333
2025-09-20 06:00:00,"Sep 20, 2025 7:00 AM",3987.91,1253.13,4683.63,20094.03,23.63,105.19,0,6191.75,297.5,2502.75,316.0,1322.5,2025-09-20 06:00:00,14.3,29.25,9.95,22.6,0.0,0.0,0.0,6.277777777777778
2025-09-20 07:00:00,"Sep 20, 2025 8:00 AM",4070.19,1236.1,4705.74,19700.78,1960.08,105.93,0,5988.5,310.25,2302.5,442.25,1341.0,2025-09-20 07:00:00,14.125,29.5,10.05,22.75,0.0,0.0,0.0,6.319444444444445
2025-09-20 08:00:00,"Sep 20, 2025 9:00 AM",3878.27,1296.81,4549.97,18084.07,10909.73,105.71,0,4375.75,315.25,2194.0,217.25,1328.5,2025-09-20 08:00:00,14.600000000000001,45.75,10.175,21.875,39.25,18.75,20.5,6.076388888888888
2025-09-20 09:00:00,"Sep 20, 2025 10:00 AM",3612.42,1486.95,4720.3,13554.57,22674.62,103.73,0,3231.75,313.5,1737.5,4.25,1320.5,2025-09-20 09:00:00,16.2,58.25,9.1,20.475,158.5,92.75,65.75,5.6875
2025-09-20 10:00:00,"Sep 20, 2025 11:00 AM",3456.78,1528.57,4481.55,9018.75,32456.66,101.23,0,3247.75,302.0,1658.5,83.5,1339.5,2025-09-20 10:00:00,18.55,50.75,6.800000000000001,18.425,308.75,218.75,90.0,5.118055555555555
2025-09-20 11:00:00,"Sep 20, 2025 12:00 PM",3315.36,1461.43,4017.19,6569.6,38591.89,97.3,0,3147.25,288.25,1615.75,5.25,1337.0,2025-09-20 11:00:00,21.025,55.5,5.675,11.25,440.5,334.75,105.75,3.125
2025-09-20 12:00:00,"Sep 20, 2025 1:00 PM",3219.68,1371.07,3472.4,6197.11,40744.06,96.51,0,3116.25,277.75,1585.5,6.25,1310.75,2025-09-20 12:00:00,23.15,52.75,5.85,9.1,530.5,406.75,123.75,2.5277777777777777
2025-09-20 13:00:00,"Sep 20, 2025 2:00 PM",3191.16,1303.67,3399.19,7132.52,39374.77,94.79,0,3114.0,277.5,1583.75,10.25,1310.0,2025-09-20 13:00:00,24.775,31.25,6.85,9.9,586.5,459.75,126.75,2.75
2025-09-20 14:00:00,"Sep 20, 2025 3:00 PM",3180.27,1355.36,3963.8,9311.52,35504.89,95.4,0,3068.75,281.75,1589.75,12.75,1302.75,2025-09-20 14:00:00,25.9,71.75,8.25,11.925,616.0,524.75,91.25,3.3125
2025-09-20 15:00:00,"Sep 20, 2025 4:00 PM",3218.34,1352.86,5272.66,11659.66,29898.77,96.03,0,3116.75,290.5,1630.25,16.75,1324.25,2025-09-20 15:00:00,27.5,60.75,9.9,14.525,568.75,474.25,94.5,4.034722222222222
2025-09-20 16:00:00,"Sep 20, 2025 5:00 PM",3423.02,1447.39,3806.96,13227.59,22213.62,96.32,0,3606.0,307.75,1777.0,125.0,1368.25,2025-09-20 16:00:00,27.3,60.75,10.5,16.775,461.25,354.5,106.75,4.659722222222221
2025-09-20 17:00:00,"Sep 20, 2025 6:00 PM",3818.86,1392.28,3093.57,12319.14,11486.06,96.7,0,5856.25,367.0,2369.25,2971.0,1357.25,2025-09-20 17:00:00,26.825,67.25,10.1,17.8,342.5,244.25,98.25,4.944444444444445
2025-09-20 18:00:00,"Sep 20, 2025 7:00 PM",4245.62,1534.37,3772.53,10115.07,2982.7,98.78,0,6620.0,438.5,2616.5,4700.0,1360.5,2025-09-20 18:00:00,25.6,44.5,9.6,19.875,196.0,124.75,71.25,5.520833333333333
2025-09-20 19:00:00,"Sep 20, 2025 8:00 PM",4377.78,1486.44,4309.38,10741.74,143.25,100.86,0,6642.0,466.25,2793.25,4899.75,1359.5,2025-09-20 19:00:00,23.225,54.75,10.075,21.85,63.0,31.75,31.25,6.069444444444445
2025-09-20 20:00:00,"Sep 20, 2025 9:00 PM",4321.66,1412.59,5065.76,12643.77,39.72,103.35,0,6492.25,393.75,2641.75,3889.75,1350.0,2025-09-20 20:00:00,21.625,34.75,8.0,19.55,2.0,0.25,1.75,5.430555555555555
2025-09-20 21:00:00,"Sep 20, 2025 10:00 PM",4175.72,1337.28,5556.81,14745.76,22.47,103.41,0,5980.75,334.5,2696.25,2725.5,1357.5,2025-09-20 21:00:00,20.75,61.25,7.2250000000000005,17.875,0.0,0.0,0.0,4.965277777777778
2025-09-20 22:00:00,"Sep 20, 2025 11:00 PM",3987.8,1314.06,5734.4,15606.21,13.11,104.66,0,5233.5,310.25,2811.0,1913.75,1371.25,2025-09-20 22:00:00,20.05,55.0,8.175,18.85,0.0,0.0,0.0,5.236111111111112
2025-09-20 23:00:00,"Sep 21, 2025 12:00 AM",3818.33,1401.94,5260.77,16755.36,13.68,103.13,0,4751.0,423.5,2558.0,754.0,1372.75,2025-09-20 23:00:00,19.475,74.5,7.45,17.35,0.0,0.0,0.0,4.819444444444445
2025-09-21 00:00:00,"Sep 21, 2025 1:00 AM",3673.05,1191.74,5670.37,18155.51,11.33,101.97,0,3825.5,421.0,2632.75,51.5,1381.75,2025-09-21 00:00:00,19.225,42.75,8.925,19.225,0.0,0.0,0.0,5.340277777777778
2025-09-21 01:00:00,"Sep 21, 2025 2:00 AM",3592.17,1247.77,5714.05,18847.89,5.69,101.13,0,3185.5,411.5,2422.0,74.5,1381.0,2025-09-21 01:00:00,19.0,54.75,9.850000000000001,21.125,0.0,0.0,0.0,5.868055555555555
2025-09-21 02:00:00,"Sep 21, 2025 3:00 AM",3550.8,1241.76,5748.88,18909.57,5.53,102.06,0,3163.25,387.5,2489.0,133.5,1365.5,2025-09-21 02:00:00,18.725,52.5,10.425,22.25,0.0,0.0,0.0,6.180555555555555
2025-09-21 03:00:00,"Sep 21, 2025 4:00 AM",3543.91,1294.99,5546.32,18753.84,7.57,102.76,0,3196.0,412.75,2669.25,179.25,1366.25,2025-09-21 03:00:00,18.125,52.0,10.65,23.15,0.0,0.0,0.0,6.430555555555555
2025-09-21 04:00:00,"Sep 21, 2025 5:00 AM",3541.23,1257.45,4736.32,19518.62,6.08,103.52,0,3288.25,758.0,3059.75,137.75,1372.0,2025-09-21 04:00:00,17.725,65.75,9.8,21.375,0.0,0.0,0.0,5.9375
2025-09-21 05:00:00,"Sep 21, 2025 6:00 AM",3619.19,1216.56,4626.23,19696.32,8.11,103.29,0,3537.25,882.5,3028.0,92.0,1366.75,2025-09-21 05:00:00,17.3,56.25,8.95,18.5,0.0,0.0,0.0,5.138888888888888
2025-09-21 06:00:00,"Sep 21, 2025 7:00 AM",3721.06,1278.58,4873.0,22008.66,14.57,104.41,0,3568.5,986.5,2993.25,67.5,1367.25,2025-09-21 06:00:00,17.075,54.5,9.825000000000001,18.75,0.0,0.0,0.0,5.208333333333333
2025-09-21 07:00:00,"Sep 21, 2025 8:00 AM",3751.7,1250.17,5226.42,23095.25,1471.88,103.51,0,3504.5,987.75,2871.0,26.25,1368.5,2025-09-21 07:00:00,16.85,56.75,9.600000000000001,18.775,0.0,0.0,0.0,5.215277777777778
2025-09-21 08:00:00,"Sep 21, 2025 9:00 AM",3665.54,1349.31,5272.76,23317.39,7089.78,103.06,0,3242.25,1130.5,2504.0,40.5,1374.5,2025-09-21 08:00:00,17.25,48.25,10.725,19.075,33.0,13.0,20.0,5.298611111111111
2025-09-21 09:00:00,"Sep 21, 2025 10:00 AM",3513.45,1413.83,4423.43,23362.02,13826.4,103.79,0,3066.0,1518.0,2012.5,129.75,1372.0,2025-09-21 09:00:00,18.775,61.75,10.9,20.45,138.25,79.5,58.75,5.680555555555555
2025-09-21 10:00:00,"Sep 21, 2025 11:00 AM",3379.36,1389.34,4413.69,21249.83,20713.34,99.68,0,3062.0,1377.5,1924.5,156.0,1385.5,2025-09-21 10:00:00,19.924999999999997,74.25,10.375,18.725,232.5,155.0,77.5,5.201388888888889
2025-09-21 11:00:00,"Sep 21, 2025 12:00 PM",3295.22,1519.08,4822.54,19234.47,24207.55,94.28,0,3050.25,943.25,1855.5,109.0,1369.5,2025-09-21 11:00:00,20.75,61.0,10.975,17.525,290.5,157.5,133.0,4.868055555555555
2025-09-21 12:00:00,"Sep 21, 2025 1:00 PM",3216.24,1420.22,4771.88,18005.68,25222.55,93.14,0,3039.25,747.0,1845.25,128.75,1380.75,2025-09-21 12:00:00,21.35,66.5,12.275,18.625,374.0,242.0,132.0,5.173611111111111
2025-09-21 13:00:00,"Sep 21, 2025 2:00 PM",3199.18,1423.97,4959.16,17645.06,23551.23,97.28,0,3298.25,712.5,1838.0,158.0,1384.5,2025-09-21 13:00:00,21.65,70.25,13.475,20.3,389.0,228.25,160.75,5.638888888888889
2025-09-21 14:00:00,"Sep 21, 2025 3:00 PM",3224.4,1345.13,4734.62,18276.77,20382.6,96.68,0,3376.5,998.0,1838.25,131.5,1376.25,2025-09-21 14:00:00,21.9,65.0,15.275,22.6,416.0,269.0,147.0,6.277777777777778
2025-09-21 15:00:00,"Sep 21, 2025 4:00 PM",3278.07,1339.88,4730.11,20057.8,15798.35,96.55,0,3494.25,1215.25,1899.0,281.75,1368.0,2025-09-21 15:00:00,22.0,78.0,16.525,24.75,449.5,285.0,164.5,6.875
2025-09-21 16:00:00,"Sep 21, 2025 5:00 PM",3469.47,1535.07,5399.7,20420.17,10563.47,99.9,0,3722.75,1327.25,2054.0,423.5,1379.25,2025-09-21 16:00:00,20.5,78.5,16.75,25.799999999999997,255.25,134.5,120.75,7.166666666666666
2025-09-21 17:00:00,"Sep 21, 2025 6:00 PM",3679.05,1377.69,6295.79,18373.32,4890.81,99.93,0,5057.25,1369.5,2440.0,1079.0,1372.75,2025-09-21 17:00:00,19.55,68.5,14.649999999999999,22.5,197.25,90.0,107.25,6.25
2025-09-21 18:00:00,"Sep 21, 2025 7:00 PM",4114.7,1315.25,6749.83,16087.58,1238.79,99.95,0,6280.5,1368.5,3239.25,2093.0,1378.25,2025-09-21 18:00:00,18.45,88.5,13.425,22.625,115.25,50.5,64.75,6.284722222222222
2025-09-21 19:00:00,"Sep 21, 2025 8:00 PM",4301.85,1330.6,6506.41,14617.03,69.15,100.52,0,7028.5,1182.0,3506.5,2617.5,1382.75,2025-09-21 19:00:00,16.575,90.0,11.299999999999999,20.5,28.75,5.0,23.75,5.694444444444445
2025-09-21 20:00:00,"Sep 21, 2025 9:00 PM",4296.05,1330.38,6201.24,12849.9,17.09,100.67,0,7459.75,1132.0,3574.25,1773.75,1375.0,2025-09-21 20:00:00,15.925,98.5,10.625,19.775000000000002,0.75,0.0,0.75,5.493055555555556
2025-09-21 21:00:00,"Sep 21, 2025 10:00 PM",4170.68,1256.11,6083.12,12023.99,9.46,100.27,0,7598.75,1073.5,3531.0,805.0,1389.5,2025-09-21 21:00:00,15.525,98.5,9.225,18.375,0.0,0.0,0.0,5.104166666666667
2025-09-21 22:00:00,"Sep 21, 2025 11:00 PM",3983.2,1306.86,6326.08,10927.21,8.82,99.43,0,7954.25,933.25,3367.25,280.0,1397.0,2025-09-21 22:00:00,15.200000000000001,99.5,9.275,17.95,0.0,0.0,0.0,4.986111111111111
2025-09-21 23:00:00,"Sep 22, 2025 12:00 AM",3792.88,1308.19,6315.57,10640.1,6.98,98.7,0,7595.75,797.25,3148.25,81.5,1380.5,2025-09-21 23:00:00,14.55,100.0,10.6,20.55,0.0,0.0,0.0,5.708333333333333
2025-09-22 00:00:00,"Sep 22, 2025 1:00 AM",3567.36,1270.68,5885.82,10387.02,7.06,99.18,0,7366.5,786.75,2708.25,17.5,1294.5,2025-09-22 00:00:00,14.075000000000001,100.0,10.85,20.525,0.0,0.0,0.0,5.701388888888888
2025-09-22 01:00:00,"Sep 22, 2025 2:00 AM",3508.22,1231.82,6047.52,10088.31,7.01,99.18,0,7363.25,783.0,2388.5,3.75,1390.0,2025-09-22 01:00:00,13.625,100.0,12.4,22.425,0.0,0.0,0.0,6.229166666666667
2025-09-22 02:00:00,"Sep 22, 2025 3:00 AM",3498.76,1227.48,6349.86,10201.08,8.86,99.04,0,7150.25,778.75,2419.0,3.0,1371.0,2025-09-22 02:00:00,13.05,100.0,12.175,22.275,0.0,0.0,0.0,6.187499999999999
2025-09-22 03:00:00,"Sep 22, 2025 4:00 AM",3497.93,1271.89,6362.29,11181.66,7.15,99.59,0,7117.0,791.5,2456.25,34.0,1374.25,2025-09-22 03:00:00,12.375,100.0,10.625,19.65,0.0,0.0,0.0,5.458333333333333
2025-09-22 04:00:00,"Sep 22, 2025 5:00 AM",3549.41,1344.92,6376.67,11577.64,6.73,99.15,0,7320.75,1261.75,2511.75,49.0,1357.75,2025-09-22 04:00:00,12.15,100.0,9.775,18.35,0.0,0.0,0.0,5.097222222222222
2025-09-22 05:00:00,"Sep 22, 2025 6:00 AM",3667.49,1270.38,6537.97,11984.9,7.21,98.08,0,8194.75,1648.25,2850.0,54.75,1362.0,2025-09-22 05:00:00,12.025,99.75,9.5,17.925,0.0,0.0,0.0,4.979166666666667
2025-09-22 06:00:00,"Sep 22, 2025 7:00 AM",4015.39,1406.37,5951.29,12238.17,23.12,98.52,0,9261.25,2051.25,4176.5,1657.25,1396.25,2025-09-22 06:00:00,11.825,79.5,9.225,17.725,0.0,0.0,0.0,4.923611111111112
2025-09-22 07:00:00,"Sep 22, 2025 8:00 AM",4222.92,1471.67,5889.12,12283.37,627.48,99.57,0,9990.75,2297.75,4822.5,3720.5,1433.5,2025-09-22 07:00:00,11.5,80.75,9.875,18.725,0.0,0.0,0.0,5.201388888888889
2025-09-22 08:00:00,"Sep 22, 2025 9:00 AM",4165.49,1486.56,5590.24,11900.8,3281.7,100.61,0,10177.75,2370.5,4996.25,3143.75,1441.25,2025-09-22 08:00:00,11.5,80.0,11.05,19.575,17.5,3.75,13.75,5.4375
2025-09-22 09:00:00,"Sep 22, 2025 10:00 AM",3955.21,1429.01,5028.71,10759.59,7634.3,99.02,0,9832.0,2157.5,4836.25,835.25,1484.75,2025-09-22 09:00:00,11.775,99.75,10.75,18.4,75.75,25.25,50.5,5.111111111111111
2025-09-22 10:00:00,"Sep 22, 2025 11:00 AM",3694.69,1487.5,4420.31,10636.31,12418.74,96.99,0,9050.5,1823.25,4061.25,197.5,1478.25,2025-09-22 10:00:00,12.3,100.0,11.1,18.3,130.75,36.5,94.25,5.083333333333333
2025-09-22 11:00:00,"Sep 22, 2025 12:00 PM",3480.49,1461.34,4503.06,12493.02,16453.74,98.4,0,7454.75,1194.75,3393.75,10.0,1468.5,2025-09-22 11:00:00,13.05,100.0,12.525,19.925,199.25,48.0,151.25,5.534722222222222
2025-09-22 12:00:00,"Sep 22, 2025 1:00 PM",3452.74,1519.86,4377.34,14472.05,17814.95,100.0,0,5457.25,1168.75,3185.25,36.25,1474.0,2025-09-22 12:00:00,14.2,100.0,13.225,20.125,294.25,113.25,181.0,5.590277777777778
2025-09-22 13:00:00,"Sep 22, 2025 2:00 PM",3457.71,1451.83,4329.84,15843.77,17235.06,99.6,0,5292.75,1223.5,3148.25,4.25,1445.75,2025-09-22 13:00:00,14.425,100.0,13.075,20.2,241.5,99.0,142.5,5.611111111111111
2025-09-22 14:00:00,"Sep 22, 2025 3:00 PM",3531.4,1480.54,4758.47,16611.77,15953.18,100.47,0,5619.25,1336.25,3222.75,169.25,1425.25,2025-09-22 14:00:00,14.625,98.5,12.925,19.725,248.75,89.75,159.0,5.479166666666667
2025-09-22 15:00:00,"Sep 22, 2025 4:00 PM",3613.69,1501.89,4401.55,16429.05,13605.04,102.08,0,6180.0,1698.5,3363.25,17.75,1395.0,2025-09-22 15:00:00,14.6,100.0,13.025,19.5,282.0,91.0,191.0,5.416666666666667
2025-09-22 16:00:00,"Sep 22, 2025 5:00 PM",3817.6,1547.92,4489.95,15605.87,9812.86,103.25,0,8129.5,2715.0,4230.0,262.75,1425.0,2025-09-22 16:00:00,14.575,93.5,13.1,20.025,219.0,64.25,154.75,5.562499999999999
2025-09-22 17:00:00,"Sep 22, 2025 6:00 PM",4108.37,1680.65,4243.57,13707.44,5573.7,103.83,0,9566.75,3471.5,6531.5,636.0,1424.25,2025-09-22 17:00:00,14.375,100.0,13.25,20.275,165.25,36.0,129.25,5.631944444444444
2025-09-22 18:00:00,"Sep 22, 2025 7:00 PM",4501.2,1834.06,4175.2,11255.16,1566.78,102.76,0,9883.75,3908.25,8097.75,2643.0,1491.5,2025-09-22 18:00:00,13.875,78.25,10.675,18.7,88.5,15.25,73.25,5.194444444444444
2025-09-22 19:00:00,"Sep 22, 2025 8:00 PM",4605.92,1801.57,4442.52,10355.68,80.07,103.93,0,9796.75,4009.0,8765.25,4537.75,1532.75,2025-09-22 19:00:00,13.075,77.5,8.55,15.95,32.75,9.0,23.75,4.430555555555555
2025-09-22 20:00:00,"Sep 22, 2025 9:00 PM",4536.19,1724.8,4283.57,10583.13,13.74,103.19,0,9737.5,3940.5,8822.75,2331.0,1521.0,2025-09-22 20:00:00,12.425,75.0,8.35,16.275,0.75,0.0,0.75,4.520833333333333
2025-09-22 21:00:00,"Sep 22, 2025 10:00 PM",4380.46,1673.52,3822.19,10374.51,9.63,102.92,0,9751.0,3874.25,8785.0,683.25,1503.5,2025-09-22 21:00:00,12.024999999999999,77.0,10.075,19.425,0.0,0.0,0.0,5.395833333333333
2025-09-22 22:00:00,"Sep 22, 2025 11:00 PM",4161.81,1648.86,3790.64,10421.28,6.91,103.72,0,9432.25,3745.5,8546.5,24.25,1472.5,2025-09-22 22:00:00,11.525,51.75,8.825,17.7,0.0,0.0,0.0,4.916666666666666
2025-09-22 23:00:00,"Sep 23, 2025 12:00 AM",3952.54,1643.18,3664.11,9896.72,6.04,102.58,0,9279.5,3525.5,7054.25,34.0,1381.5,2025-09-22 23:00:00,11.075,61.75,8.675,17.725,0.0,0.0,0.0,4.923611111111112
2025-09-23 00:00:00,"Sep 23, 2025 1:00 AM",3811.2,1630.15,3496.18,8636.52,6.74,103.24,0,9253.25,3534.75,7093.25,140.5,1351.0,2025-09-23 00:00:00,10.6,50.0,8.1,17.025,0.0,0.0,0.0,4.729166666666666
2025-09-23 01:00:00,"Sep 23, 2025 2:00 AM",3760.44,1648.4,3220.79,8119.62,6.76,105.35,0,9528.5,3554.75,6735.5,20.0,1426.0,2025-09-23 01:00:00,10.25,42.25,8.35,17.2,0.0,0.0,0.0,4.777777777777778
2025-09-23 02:00:00,"Sep 23, 2025 3:00 AM",3753.31,1622.71,3187.31,8189.29,6.11,105.83,0,9649.0,3542.75,6687.0,16.25,1438.0,2025-09-23 02:00:00,9.9,42.75,8.5,17.7,0.0,0.0,0.0,4.916666666666666
2025-09-23 03:00:00,"Sep 23, 2025 4:00 AM",3748.96,1608.77,2943.86,7893.63,6.05,105.53,0,9627.5,3535.0,6883.75,19.0,1476.25,2025-09-23 03:00:00,9.0,49.75,9.100000000000001,18.950000000000003,0.0,0.0,0.0,5.263888888888889
2025-09-23 04:00:00,"Sep 23, 2025 5:00 AM",3813.69,1613.64,2798.62,7804.18,5.97,105.14,0,9624.25,3481.25,7432.0,41.25,1497.0,2025-09-23 04:00:00,8.75,46.75,8.75,18.35,0.0,0.0,0.0,5.097222222222222
2025-09-23 05:00:00,"Sep 23, 2025 6:00 AM",3932.02,1639.3,2229.88,7469.93,6.36,103.9,0,9773.0,3555.75,8615.0,445.25,1490.5,2025-09-23 05:00:00,8.575,42.25,7.625,16.15,0.0,0.0,0.0,4.486111111111111
2025-09-23 06:00:00,"Sep 23, 2025 7:00 AM",4325.28,1765.75,1928.78,7612.05,15.37,102.26,0,10142.25,3873.5,9761.75,3161.25,1481.75,2025-09-23 06:00:00,8.45,55.75,8.0,16.55,0.0,0.0,0.0,4.597222222222222
2025-09-23 07:00:00,"Sep 23, 2025 8:00 AM",4513.31,1966.17,1674.32,7315.35,1113.93,100.13,0,10177.0,3922.25,11156.5,4872.75,1471.0,2025-09-23 07:00:00,8.35,51.5,8.100000000000001,16.9,0.0,0.0,0.0,4.694444444444444
2025-09-23 08:00:00,"Sep 23, 2025 9:00 AM",4455.64,1971.3,1306.01,6258.23,6742.51,98.15,0,10122.0,3941.5,10993.5,2936.25,1439.0,2025-09-23 08:00:00,8.625,31.25,8.15,16.25,24.5,9.75,14.75,4.513888888888888
2025-09-23 09:00:00,"Sep 23, 2025 10:00 AM",4229.17,1727.55,1240.94,5034.92,15307.45,99.15,0,10025.0,3880.0,10039.0,880.25,1455.75,2025-09-23 09:00:00,9.625,52.5,7.85,15.3,119.0,66.0,53.0,4.25
2025-09-23 10:00:00,"Sep 23, 2025 11:00 AM",3898.74,1813.04,1047.31,4988.07,22742.39,101.1,0,9515.25,2858.5,7995.5,179.5,1491.5,2025-09-23 10:00:00,11.0,52.25,8.7,13.925,230.0,147.75,82.25,3.868055555555556
2025-09-23 11:00:00,"Sep 23, 2025 12:00 PM",3664.78,1762.25,918.8,5885.11,26641.32,102.27,0,8554.75,1858.0,6452.25,78.5,1439.75,2025-09-23 11:00:00,12.225,49.0,9.175,13.725,313.25,199.0,114.25,3.8125
2025-09-23 12:00:00,"Sep 23, 2025 1:00 PM",3504.09,1647.56,882.08,6811.63,27719.67,101.82,0,7623.25,1872.0,5444.5,17.0,1444.25,2025-09-23 12:00:00,13.625,38.0,10.175,15.025,423.0,282.0,141.0,4.173611111111111
2025-09-23 13:00:00,"Sep 23, 2025 2:00 PM",3505.56,1641.09,909.31,7870.23,27083.19,103.2,0,7685.5,1844.0,5672.75,31.25,1474.0,2025-09-23 13:00:00,14.7,57.75,11.75,17.475,464.5,324.5,140.0,4.854166666666667
2025-09-23 14:00:00,"Sep 23, 2025 3:00 PM",3546.76,1706.06,907.13,9239.93,24053.58,103.3,0,7801.75,1977.0,5914.5,4.25,1450.75,2025-09-23 14:00:00,15.15,53.5,13.775,20.375,436.25,282.75,153.5,5.659722222222222
2025-09-23 15:00:00,"Sep 23, 2025 4:00 PM",3651.49,1657.97,807.87,10828.15,19785.52,104.27,0,8261.25,2611.75,6835.0,10.5,1465.25,2025-09-23 15:00:00,15.175,58.0,14.25,21.125,422.5,306.5,116.0,5.868055555555555
2025-09-23 16:00:00,"Sep 23, 2025 5:00 PM",3893.79,1549.95,683.38,11919.56,13834.06,105.35,0,9685.25,3163.25,6600.5,386.0,1492.0,2025-09-23 16:00:00,15.125,45.0,14.350000000000001,21.55,341.0,232.75,108.25,5.986111111111112
2025-09-23 17:00:00,"Sep 23, 2025 6:00 PM",4264.74,1683.37,751.51,12762.75,7230.4,105.89,0,10124.5,3854.75,9137.0,844.25,1481.75,2025-09-23 17:00:00,14.95,47.5,14.975000000000001,22.650000000000002,269.25,195.25,74.0,6.291666666666667
2025-09-23 18:00:00,"Sep 23, 2025 7:00 PM",4581.21,2129.18,990.95,12567.51,1849.5,106.76,0,10372.5,4166.75,10575.5,2683.75,1487.0,2025-09-23 18:00:00,14.425,60.75,11.850000000000001,20.925,147.25,87.25,60.0,5.8125
2025-09-23 19:00:00,"Sep 23, 2025 8:00 PM",4655.04,2302.78,1164.42,13644.14,131.97,106.96,0,10418.25,4274.0,10745.25,3887.5,1474.5,2025-09-23 19:00:00,13.475,63.5,12.4,23.474999999999998,39.5,16.75,22.75,6.520833333333332
2025-09-23 20:00:00,"Sep 23, 2025 9:00 PM",4557.88,1804.29,1235.59,16811.37,32.07,107.75,0,10222.0,4243.5,10076.0,2433.75,1457.5,2025-09-23 20:00:00,12.775,52.25,14.4,27.15,0.5,0.0,0.5,7.541666666666666
2025-09-23 21:00:00,"Sep 23, 2025 10:00 PM",4347.98,1614.92,1380.62,19424.29,13.7,108.63,0,9784.75,3450.25,9236.75,686.0,1453.75,2025-09-23 21:00:00,12.15,50.0,14.725,27.6,0.0,0.0,0.0,7.666666666666667
2025-09-23 22:00:00,"Sep 23, 2025 11:00 PM",4087.29,1596.53,1346.88,20698.46,12.26,108.62,0,9248.25,2673.0,6635.25,476.0,1483.75,2025-09-23 22:00:00,11.55,50.25,13.950000000000001,26.775,0.0,0.0,0.0,7.437499999999999
2025-09-23 23:00:00,"Sep 24, 2025 12:00 AM",3913.68,1601.3,1211.47,21128.1,12.86,108.62,0,8931.75,2192.5,5600.75,348.25,1438.0,2025-09-23 23:00:00,11.175,52.75,13.0,25.25,0.0,0.0,0.0,7.013888888888888
2025-09-24 00:00:00,"Sep 24, 2025 1:00 AM",3808.43,1547.68,1218.1,20757.7,10.51,108.26,0,8488.5,1714.75,4550.0,54.5,1343.25,2025-09-24 00:00:00,10.875,50.25,12.475,24.625,0.0,0.0,0.0,6.840277777777778
2025-09-24 01:00:00,"Sep 24, 2025 2:00 AM",3758.45,1532.71,1215.19,20398.18,10.21,108.05,0,8116.25,1434.5,4246.25,69.75,1350.75,2025-09-24 01:00:00,10.525,50.0,12.425,24.549999999999997,0.0,0.0,0.0,6.819444444444444
2025-09-24 02:00:00,"Sep 24, 2025 3:00 AM",3741.53,1510.11,1259.85,20382.53,9.35,108.12,0,8089.25,1377.75,4266.75,4.5,1341.25,2025-09-24 02:00:00,10.25,50.25,12.1,23.9,0.0,0.0,0.0,6.638888888888888
2025-09-24 03:00:00,"Sep 24, 2025 4:00 AM",3726.93,1496.02,1182.05,20510.56,10.1,108.63,0,7857.5,1107.5,4306.25,3.5,1328.75,2025-09-24 03:00:00,9.2,50.0,11.525,23.05,0.0,0.0,0.0,6.402777777777778
2025-09-24 04:00:00,"Sep 24, 2025 5:00 AM",3763.61,1507.49,1045.45,20948.08,9.46,108.55,0,8033.5,1128.25,4327.75,48.0,1334.75,2025-09-24 04:00:00,9.075,50.0,11.075,22.175,0.0,0.0,0.0,6.159722222222222
2025-09-24 05:00:00,"Sep 24, 2025 6:00 AM",3911.2,1526.41,1173.19,21420.64,10.4,107.88,0,8482.5,1376.0,4599.25,187.0,1350.0,2025-09-24 05:00:00,8.9,50.0,11.8,23.3,0.0,0.0,0.0,6.472222222222222
2025-09-24 06:00:00,"Sep 24, 2025 7:00 AM",4297.11,1608.84,1354.15,22638.97,21.72,106.5,0,9637.0,2008.5,5406.0,918.0,1343.75,2025-09-24 06:00:00,8.7,50.0,11.875,23.325,0.0,0.0,0.0,6.479166666666666
2025-09-24 07:00:00,"Sep 24, 2025 8:00 AM",4458.41,1748.07,1510.42,22919.59,866.1,104.99,0,10003.75,2210.25,5883.25,3377.0,1283.5,2025-09-24 07:00:00,8.475,50.0,12.275,24.175,0.0,0.0,0.0,6.715277777777778
2025-09-24 08:00:00,"Sep 24, 2025 9:00 AM",4390.06,1793.14,1683.24,21281.72,5529.05,105.27,0,9746.0,2194.0,5972.25,1813.75,1310.75,2025-09-24 08:00:00,8.7,50.0,13.625,25.375,20.5,9.25,11.25,7.048611111111111
2025-09-24 09:00:00,"Sep 24, 2025 10:00 AM",4179.16,1647.01,1684.13,18311.57,12158.28,104.05,0,8806.25,2285.25,5601.75,651.0,1293.75,2025-09-24 09:00:00,9.5,50.0,13.8,26.900000000000002,102.5,56.75,45.75,7.472222222222222
2025-09-24 10:00:00,"Sep 24, 2025 11:00 AM",3891.23,1542.45,1354.59,18419.81,17934.0,103.65,0,7804.5,2197.75,4942.75,272.75,1277.5,2025-09-24 10:00:00,10.475,50.0,13.975,24.35,200.5,121.75,78.75,6.763888888888889
2025-09-24 11:00:00,"Sep 24, 2025 12:00 PM",3707.62,1579.42,506.91,21920.19,21534.22,104.61,0,5941.5,1931.25,4036.25,68.0,1238.0,2025-09-24 11:00:00,11.75,50.0,14.9,23.825,299.25,189.0,110.25,6.618055555555555
2025-09-24 12:00:00,"Sep 24, 2025 1:00 PM",3561.76,1717.88,1139.25,23937.6,22965.78,106.03,0,5167.0,1435.75,3166.0,288.5,1220.0,2025-09-24 12:00:00,12.725,50.0,17.925,27.425,345.0,227.25,117.75,7.618055555555555
2025-09-24 13:00:00,"Sep 24, 2025 2:00 PM",3555.58,1723.04,1619.15,24931.65,22245.15,107.03,0,5099.0,1418.0,2848.25,158.25,1292.0,2025-09-24 13:00:00,13.35,50.0,17.75,27.275,367.25,252.75,114.5,7.576388888888888
2025-09-24 14:00:00,"Sep 24, 2025 3:00 PM",3575.92,1646.82,1854.58,26316.81,20154.2,108.84,0,5541.5,1220.75,2900.0,40.5,1309.25,2025-09-24 14:00:00,13.925,50.75,17.775,27.25,375.75,257.25,118.5,7.569444444444445
2025-09-24 15:00:00,"Sep 24, 2025 4:00 PM",3614.89,1608.41,2275.86,27904.54,17065.64,108.65,0,5893.25,1450.0,2953.25,40.25,1274.75,2025-09-24 15:00:00,13.425,50.25,16.049999999999997,25.775,292.75,227.0,65.75,7.159722222222221
2025-09-24 16:00:00,"Sep 24, 2025 5:00 PM",3821.54,1629.24,2786.56,29955.31,12259.43,107.4,0,6711.25,1538.75,3370.75,210.25,1316.5,2025-09-24 16:00:00,13.2,55.25,15.6,26.15,253.0,185.5,67.5,7.263888888888888
2025-09-24 17:00:00,"Sep 24, 2025 6:00 PM",4172.09,1820.61,3635.7,29447.51,6106.88,107.03,0,8303.75,1654.5,4106.75,1006.25,1394.0,2025-09-24 17:00:00,13.025,53.25,15.825,26.5,195.0,127.75,67.25,7.361111111111111
2025-09-24 18:00:00,"Sep 24, 2025 7:00 PM",4584.31,1890.62,4738.36,27103.23,1306.81,108.43,0,9355.5,2032.0,5038.75,3125.5,1446.75,2025-09-24 18:00:00,12.575,50.0,13.5,24.725,104.5,63.75,40.75,6.868055555555555
2025-09-24 19:00:00,"Sep 24, 2025 8:00 PM",4637.58,1756.2,5377.71,28632.07,57.5,108.85,0,9394.25,2078.25,5134.25,4095.5,1449.5,2025-09-24 19:00:00,11.9,50.0,13.25,24.85,28.25,14.0,14.25,6.902777777777778
2025-09-24 20:00:00,"Sep 24, 2025 9:00 PM",4521.65,1639.47,5774.42,30989.81,16.53,110.62,0,9039.25,2033.0,5271.75,1164.0,1457.25,2025-09-24 20:00:00,11.4,50.0,13.75,26.0,0.0,0.0,0.0,7.222222222222222
2025-09-24 21:00:00,"Sep 24, 2025 10:00 PM",4304.62,1611.52,5915.31,32027.53,11.87,111.19,0,8443.25,1378.25,4850.75,264.0,1516.5,2025-09-24 21:00:00,11.075,50.0,14.350000000000001,26.85,0.0,0.0,0.0,7.458333333333334
2025-09-24 22:00:00,"Sep 24, 2025 11:00 PM",4088.98,1633.17,5956.46,30717.31,8.01,111.41,0,7565.0,1086.5,4167.0,365.25,1532.25,2025-09-24 22:00:00,10.725,50.0,14.65,27.0,0.0,0.0,0.0,7.5
2025-09-24 23:00:00,"Sep 25, 2025 12:00 AM",3836.91,1635.1,5703.85,30420.42,10.12,111.87,0,6421.0,1088.5,3091.75,311.25,1448.0,2025-09-24 23:00:00,10.375,50.0,14.65,26.799999999999997,0.0,0.0,0.0,7.444444444444444
2025-09-25 00:00:00,"Sep 25, 2025 1:00 AM",3736.5,1563.28,6086.46,30070.64,10.1,111.68,0,5286.0,1065.25,2752.75,3.25,1370.25,2025-09-25 00:00:00,10.1,50.0,14.075,25.8,0.0,0.0,0.0,7.166666666666667
2025-09-25 01:00:00,"Sep 25, 2025 2:00 AM",3690.02,1559.47,6010.14,29078.35,10.22,112.23,0,4753.75,1105.5,2661.25,3.0,1338.25,2025-09-25 01:00:00,9.825,50.0,13.45,24.35,0.0,0.0,0.0,6.763888888888889
2025-09-25 02:00:00,"Sep 25, 2025 3:00 AM",3681.87,1562.06,5817.08,27875.15,9.85,112.7,0,4689.5,1040.25,2633.5,3.0,1340.5,2025-09-25 02:00:00,9.5,50.0,14.225000000000001,26.275,0.0,0.0,0.0,7.298611111111111
2025-09-25 03:00:00,"Sep 25, 2025 4:00 AM",3700.6,1569.07,5734.15,27179.58,9.89,112.96,0,4739.25,847.25,2674.0,3.0,1332.5,2025-09-25 03:00:00,9.075,50.0,12.75,24.2,0.0,0.0,0.0,6.722222222222221
2025-09-25 04:00:00,"Sep 25, 2025 5:00 AM",3755.48,1581.95,5582.1,26916.87,8.93,113.26,0,5291.25,846.0,2840.5,3.0,1357.5,2025-09-25 04:00:00,8.9,51.25,12.725,23.85,0.0,0.0,0.0,6.625
2025-09-25 05:00:00,"Sep 25, 2025 6:00 AM",3892.69,1605.61,5183.6,26985.89,12.45,113.41,0,6934.75,859.5,3148.25,10.5,1332.75,2025-09-25 05:00:00,8.775,54.5,12.775,23.975,0.0,0.0,0.0,6.659722222222222
2025-09-25 06:00:00,"Sep 25, 2025 7:00 AM",4268.89,1728.45,5166.58,27919.41,25.94,111.48,0,8360.0,1022.0,4173.0,1196.5,1353.0,2025-09-25 06:00:00,8.675,51.0,13.375,25.0,0.0,0.0,0.0,6.944444444444445
2025-09-25 07:00:00,"Sep 25, 2025 8:00 AM",4463.38,1869.57,5242.69,26988.34,580.66,110.57,0,8337.25,1223.5,4809.75,3433.5,1337.0,2025-09-25 07:00:00,8.65,50.0,14.225,26.4,0.0,0.0,0.0,7.333333333333333
2025-09-25 08:00:00,"Sep 25, 2025 9:00 AM",4452.55,1896.16,5006.35,24785.41,3648.02,109.11,0,7859.25,1328.25,5262.75,4639.5,1365.75,2025-09-25 08:00:00,8.85,39.75,14.225,25.9,18.75,8.75,10.0,7.194444444444444
2025-09-25 09:00:00,"Sep 25, 2025 10:00 AM",4312.45,1697.58,4369.71,23055.41,7892.99,106.68,0,7526.5,1475.75,5575.5,3606.25,1371.0,2025-09-25 09:00:00,9.625,55.5,13.0,23.375,107.5,58.75,48.75,6.493055555555555
2025-09-25 10:00:00,"Sep 25, 2025 11:00 AM",3978.06,1733.19,3791.87,22941.0,11802.91,106.88,0,7534.75,1490.5,4995.5,1756.5,1370.0,2025-09-25 10:00:00,10.3,60.5,14.25,23.174999999999997,184.75,121.0,63.75,6.437499999999999
2025-09-25 11:00:00,"Sep 25, 2025 12:00 PM",3756.47,1754.94,2520.76,23758.08,14554.72,105.51,0,7787.5,1494.25,4868.0,1078.75,1411.5,2025-09-25 11:00:00,11.175,72.0,15.125,23.9,266.0,168.75,97.25,6.638888888888888
2025-09-25 12:00:00,"Sep 25, 2025 1:00 PM",3612.72,1732.71,2856.15,25459.53,16211.83,104.99,0,7535.25,1505.5,4361.0,18.75,1402.0,2025-09-25 12:00:00,12.0,66.25,16.475,25.475,351.25,228.25,123.0,7.076388888888889
2025-09-25 13:00:00,"Sep 25, 2025 2:00 PM",3592.22,1784.56,2849.19,26205.94,16571.08,107.62,0,7185.0,1616.0,4138.5,57.75,1415.25,2025-09-25 13:00:00,12.65,68.5,17.275,26.725,412.5,282.75,129.75,7.423611111111112
2025-09-25 14:00:00,"Sep 25, 2025 3:00 PM",3626.32,1895.76,2340.89,26368.74,15150.43,109.37,0,7505.5,1803.5,4135.75,216.0,1406.5,2025-09-25 14:00:00,13.225,72.75,17.0,26.05,420.0,276.25,143.75,7.236111111111111
2025-09-25 15:00:00,"Sep 25, 2025 4:00 PM",3702.31,1933.15,2905.26,27015.63,12482.14,109.18,0,7665.0,1863.75,3920.0,164.25,1388.5,2025-09-25 15:00:00,13.275,60.0,15.375,23.575,359.5,219.75,139.75,6.548611111111111
2025-09-25 16:00:00,"Sep 25, 2025 5:00 PM",3886.96,1765.79,3578.67,27029.51,8678.03,102.51,0,7890.0,1923.5,4419.25,673.75,1386.25,2025-09-25 16:00:00,13.2,71.0,14.575,22.95,285.25,167.5,117.75,6.375
2025-09-25 17:00:00,"Sep 25, 2025 6:00 PM",4186.65,1799.82,4190.92,25212.29,4336.93,110.95,0,8594.0,2145.25,5940.5,1128.0,1369.0,2025-09-25 17:00:00,13.149999999999999,77.0,13.525,22.15,225.5,129.5,96.0,6.152777777777777
2025-09-25 18:00:00,"Sep 25, 2025 7:00 PM",4618.12,2120.35,5232.29,23639.43,981.25,111.25,0,8735.75,2262.5,6601.0,3336.75,1371.25,2025-09-25 18:00:00,12.575,93.0,12.75,22.2,119.0,54.5,64.5,6.166666666666666
2025-09-25 19:00:00,"Sep 25, 2025 8:00 PM",4722.73,2023.39,6062.3,23090.6,51.93,111.27,0,8724.75,2195.0,7127.5,3646.5,1401.0,2025-09-25 19:00:00,11.75,93.5,11.149999999999999,21.175,30.0,6.5,23.5,5.881944444444445
2025-09-25 20:00:00,"Sep 25, 2025 9:00 PM",4624.17,1874.33,6625.0,22479.13,19.82,112.11,0,8754.75,1960.0,6980.5,2841.5,1363.25,2025-09-25 20:00:00,11.4,82.0,11.975,22.75,0.0,0.0,0.0,6.319444444444445
2025-09-25 21:00:00,"Sep 25, 2025 10:00 PM",4431.63,1804.34,6581.81,22471.84,13.24,112.34,0,8721.0,2011.0,6309.75,1505.25,1390.25,2025-09-25 21:00:00,10.975,85.5,12.7,24.05,0.0,0.0,0.0,6.680555555555555
2025-09-25 22:00:00,"Sep 25, 2025 11:00 PM",4161.39,1744.67,6844.26,20642.98,9.5,110.8,0,8589.75,2033.25,5541.5,268.5,1407.25,2025-09-25 22:00:00,10.8,100.0,12.825,24.3,0.0,0.0,0.0,6.75
2025-09-25 23:00:00,"Sep 26, 2025 12:00 AM",3975.72,1694.37,6900.08,19453.31,6.84,110.38,0,8422.25,1941.25,4268.25,37.5,1429.75,2025-09-25 23:00:00,10.675,100.0,11.95,22.875,0.0,0.0,0.0,6.354166666666666
2025-09-26 00:00:00,"Sep 26, 2025 1:00 AM",3794.65,1697.7,7246.45,17823.85,6.54,111.2,0,8081.75,1488.5,3989.0,79.5,1458.0,2025-09-26 00:00:00,10.625,100.0,11.5,21.8,0.0,0.0,0.0,6.055555555555555
2025-09-26 01:00:00,"Sep 26, 2025 2:00 AM",3742.63,1662.38,6927.89,16324.45,5.91,110.74,0,7992.25,1223.75,4064.0,16.25,1409.25,2025-09-26 01:00:00,10.1,98.0,11.25,21.95,0.0,0.0,0.0,6.097222222222221
2025-09-26 02:00:00,"Sep 26, 2025 3:00 AM",3740.64,1658.65,6725.97,15264.45,6.23,110.77,0,7857.0,1313.0,3929.5,5.25,1420.75,2025-09-26 02:00:00,9.95,100.0,10.5,21.025000000000002,0.0,0.0,0.0,5.840277777777779
2025-09-26 03:00:00,"Sep 26, 2025 4:00 AM",3736.88,1665.32,6423.32,14911.15,6.69,110.15,0,7992.75,1241.25,4017.25,31.75,1409.75,2025-09-26 03:00:00,10.075,82.0,11.475,22.825,0.0,0.0,0.0,6.340277777777778
2025-09-26 04:00:00,"Sep 26, 2025 5:00 AM",3806.88,1704.65,6169.33,14584.7,6.86,109.31,0,8335.75,1583.0,3953.25,34.75,1407.25,2025-09-26 04:00:00,10.25,100.0,11.725,21.8,0.0,0.0,0.0,6.055555555555555
2025-09-26 05:00:00,"Sep 26, 2025 6:00 AM",3956.31,1754.49,6274.71,14415.47,7.49,109.39,0,8936.75,1862.75,5056.0,58.75,1388.25,2025-09-26 05:00:00,10.225,93.25,11.925,22.325,0.0,0.0,0.0,6.201388888888888
2025-09-26 06:00:00,"Sep 26, 2025 7:00 AM",4346.99,1775.63,6476.81,14958.46,11.96,107.36,0,9098.75,1971.75,7048.0,822.75,1366.25,2025-09-26 06:00:00,10.125,84.5,11.75,21.925,0.0,0.0,0.0,6.090277777777778
2025-09-26 07:00:00,"Sep 26, 2025 8:00 AM",4571.19,1916.76,6380.0,15081.9,411.65,108.53,0,9172.5,2084.0,8269.25,3084.0,1409.25,2025-09-26 07:00:00,9.85,79.75,11.625,21.225,0.0,0.0,0.0,5.895833333333334
2025-09-26 08:00:00,"Sep 26, 2025 9:00 AM",4501.09,2120.63,6348.97,14325.36,3071.87,108.84,0,9154.0,2055.25,7967.75,3933.25,1405.25,2025-09-26 08:00:00,9.95,97.0,12.275,21.950000000000003,13.25,1.75,11.5,6.097222222222223
2025-09-26 09:00:00,"Sep 26, 2025 10:00 AM",4272.69,1804.13,6399.69,14045.91,7634.47,107.53,0,9017.5,2051.0,7839.0,1710.25,1437.5,2025-09-26 09:00:00,10.575,95.75,13.275,22.525,75.0,16.0,59.0,6.256944444444444
2025-09-26 10:00:00,"Sep 26, 2025 11:00 AM",3927.97,1742.05,5485.87,14948.3,12381.57,107.17,0,8863.75,1992.75,7090.25,430.25,1468.0,2025-09-26 10:00:00,11.125,100.0,13.825,21.45,153.0,37.5,115.5,5.958333333333333
2025-09-26 11:00:00,"Sep 26, 2025 12:00 PM",3774.78,1774.38,4773.37,15720.99,15590.31,108.02,0,7961.25,1695.75,6630.0,550.25,1453.75,2025-09-26 11:00:00,12.1,99.75,14.475,21.875,259.75,83.75,176.0,6.076388888888888
2025-09-26 12:00:00,"Sep 26, 2025 1:00 PM",3710.57,1864.74,4156.98,15276.95,17811.59,107.27,0,7846.25,1573.75,6726.0,928.5,1445.75,2025-09-26 12:00:00,13.25,100.0,14.775,21.975,362.75,151.75,211.0,6.104166666666667
2025-09-26 13:00:00,"Sep 26, 2025 2:00 PM",3662.52,1687.64,4212.62,15122.78,18432.88,105.53,0,7822.5,1658.5,6461.0,403.0,1442.0,2025-09-26 13:00:00,14.1,100.0,14.25,21.275000000000002,372.0,133.75,238.25,5.909722222222222
2025-09-26 14:00:00,"Sep 26, 2025 3:00 PM",3659.52,1667.7,4155.72,16051.22,17280.14,105.22,0,7482.75,1616.75,6670.75,162.25,1447.25,2025-09-26 14:00:00,14.375,92.75,13.925,20.825,312.5,70.75,241.75,5.784722222222222
2025-09-26 15:00:00,"Sep 26, 2025 4:00 PM",3703.79,1761.8,4533.37,16576.49,15229.48,105.96,0,7988.5,1669.5,6296.5,209.5,1453.25,2025-09-26 15:00:00,14.3,81.0,14.0,21.125,312.5,135.25,177.25,5.868055555555555
2025-09-26 16:00:00,"Sep 26, 2025 5:00 PM",3944.18,1864.47,4922.07,16504.88,10594.85,106.56,0,8662.5,1865.75,7285.0,309.25,1468.25,2025-09-26 16:00:00,14.725,77.25,14.725,22.55,323.25,183.25,140.0,6.263888888888889
2025-09-26 17:00:00,"Sep 26, 2025 6:00 PM",4281.8,1753.09,5279.58,15996.33,4800.16,107.71,0,9195.5,1872.75,8172.5,1152.25,1482.25,2025-09-26 17:00:00,14.65,75.25,13.55,21.575,227.5,119.25,108.25,5.993055555555555
2025-09-26 18:00:00,"Sep 26, 2025 7:00 PM",4665.56,1854.12,6308.83,14736.14,1038.36,108.05,0,9111.5,1897.25,7860.75,3098.25,1470.75,2025-09-26 18:00:00,14.275,71.0,12.175,21.775000000000002,118.75,48.5,70.25,6.048611111111112
2025-09-26 19:00:00,"Sep 26, 2025 8:00 PM",4762.19,1960.67,6905.62,15105.44,78.32,108.54,0,8965.75,1922.75,7434.5,3368.5,1472.5,2025-09-26 19:00:00,13.45,74.0,12.9,24.225,29.25,9.5,19.75,6.729166666666667
2025-09-26 20:00:00,"Sep 26, 2025 9:00 PM",4714.36,1814.18,6679.42,15714.22,52.01,108.99,0,9204.75,2018.0,7385.0,2331.5,1451.25,2025-09-26 20:00:00,12.9,59.5,12.875,24.549999999999997,0.0,0.0,0.0,6.819444444444444
2025-09-26 21:00:00,"Sep 26, 2025 10:00 PM",4547.73,1762.7,6438.12,15696.61,14.17,109.44,0,9206.25,2099.25,7144.5,695.75,1453.0,2025-09-26 21:00:00,12.3,57.0,12.0,23.65,0.0,0.0,0.0,6.569444444444444
2025-09-26 22:00:00,"Sep 26, 2025 11:00 PM",4282.38,1719.79,6377.01,14607.74,11.62,108.26,0,8857.5,2138.25,6635.5,417.0,1430.0,2025-09-26 22:00:00,11.85,80.5,12.649999999999999,23.45,0.0,0.0,0.0,6.513888888888888
2025-09-26 23:00:00,"Sep 27, 2025 12:00 AM",4080.68,1597.38,6045.1,13788.73,6.9,107.99,0,8753.5,2087.0,5529.75,94.75,1417.75,2025-09-26 23:00:00,11.65,99.25,12.7,24.975,0.0,0.0,0.0,6.9375
2025-09-27 00:00:00,"Sep 27, 2025 1:00 AM",3918.55,1628.32,5527.96,12664.39,6.73,105.77,0,8590.25,1338.0,4821.0,95.25,1445.0,2025-09-27 00:00:00,11.375,99.25,11.775,23.075,0.0,0.0,0.0,6.409722222222221
2025-09-27 01:00:00,"Sep 27, 2025 2:00 AM",3876.33,1606.15,4498.65,11685.81,7.06,106.02,0,8548.75,1215.0,4211.25,55.25,1424.25,2025-09-27 01:00:00,11.3,77.75,10.775,21.2,0.0,0.0,0.0,5.888888888888888
2025-09-27 02:00:00,"Sep 27, 2025 3:00 AM",3834.05,1622.17,4035.39,10718.07,6.14,106.43,0,8232.25,1194.25,4173.75,23.0,1440.25,2025-09-27 02:00:00,11.15,75.0,10.4,20.825,0.0,0.0,0.0,5.784722222222222
2025-09-27 03:00:00,"Sep 27, 2025 4:00 AM",3832.69,1623.54,3529.65,10274.43,6.71,106.37,0,7587.75,1191.0,4457.75,4.5,1417.0,2025-09-27 03:00:00,11.4,63.0,9.3,18.875,0.0,0.0,0.0,5.243055555555555
2025-09-27 04:00:00,"Sep 27, 2025 5:00 AM",3870.34,1596.94,3561.03,9834.14,6.34,106.43,0,7653.0,1200.0,4384.75,4.0,1425.25,2025-09-27 04:00:00,11.125,52.0,9.95,19.05,0.0,0.0,0.0,5.291666666666667
2025-09-27 05:00:00,"Sep 27, 2025 6:00 AM",3962.55,1659.84,3410.6,9001.9,6.49,106.98,0,7915.25,1167.25,4751.5,4.25,1393.0,2025-09-27 05:00:00,10.475,29.5,8.825,18.05,0.0,0.0,0.0,5.013888888888889
2025-09-27 06:00:00,"Sep 27, 2025 7:00 AM",4239.33,1630.12,3700.11,9111.21,9.3,103.7,0,8072.5,1141.25,4967.5,152.75,1399.75,2025-09-27 06:00:00,10.125,43.5,9.225,19.775,0.0,0.0,0.0,5.493055555555555
2025-09-27 07:00:00,"Sep 27, 2025 8:00 AM",4388.33,1676.29,3476.3,9436.43,533.01,103.63,0,7678.25,1219.75,5753.0,287.5,1402.25,2025-09-27 07:00:00,9.85,44.5,9.025,19.125,0.0,0.0,0.0,5.3125
2025-09-27 08:00:00,"Sep 27, 2025 9:00 AM",4332.92,1779.63,3560.63,8632.6,3713.09,104.84,0,7381.25,1340.5,5782.25,372.25,1395.5,2025-09-27 08:00:00,10.225,75.0,9.525,18.8,19.0,5.75,13.25,5.222222222222222
2025-09-27 09:00:00,"Sep 27, 2025 10:00 AM",4146.56,1811.08,2525.72,6775.96,8985.59,105.08,0,7070.25,1433.5,5603.0,454.0,1394.0,2025-09-27 09:00:00,11.125,78.75,8.700000000000001,15.625,91.75,31.75,60.0,4.340277777777778
2025-09-27 10:00:00,"Sep 27, 2025 11:00 AM",3901.6,1765.65,2828.28,5413.61,14599.53,105.03,0,6571.0,1229.25,4688.75,65.5,1371.5,2025-09-27 10:00:00,11.925,78.0,8.9,13.7,171.75,74.5,97.25,3.8055555555555554
2025-09-27 11:00:00,"Sep 27, 2025 12:00 PM",3764.26,1885.45,2438.48,4969.16,18596.71,104.78,0,6235.0,1039.5,4415.0,82.5,1510.0,2025-09-27 11:00:00,12.925,75.25,8.05,12.05,237.75,110.75,127.0,3.3472222222222223
2025-09-27 12:00:00,"Sep 27, 2025 1:00 PM",3706.53,1859.68,2468.09,4705.87,20864.63,104.79,0,6267.25,969.0,4588.25,13.75,1679.0,2025-09-27 12:00:00,14.025,75.0,8.225,12.0,334.5,177.5,157.0,3.333333333333333
2025-09-27 13:00:00,"Sep 27, 2025 2:00 PM",3707.96,1888.27,2152.46,4406.4,21079.33,104.51,0,6225.75,887.5,4551.25,6.75,1569.25,2025-09-27 13:00:00,15.075,66.25,8.15,11.85,403.5,222.75,180.75,3.2916666666666665
2025-09-27 14:00:00,"Sep 27, 2025 3:00 PM",3708.9,1835.01,2081.44,4189.23,20849.49,103.86,0,6208.25,864.75,4081.0,12.75,1652.25,2025-09-27 14:00:00,15.950000000000001,36.5,7.6000000000000005,11.075,428.0,254.75,173.25,3.0763888888888884
2025-09-27 15:00:00,"Sep 27, 2025 4:00 PM",3736.1,1878.79,2812.93,4382.26,18191.11,103.83,0,6496.5,963.75,4375.75,3.5,1789.25,2025-09-27 15:00:00,16.55,59.75,8.225,11.9,380.5,223.5,157.0,3.3055555555555554
2025-09-27 16:00:00,"Sep 27, 2025 5:00 PM",3960.37,1851.99,3123.44,4869.28,12844.5,103.96,0,7315.5,1204.75,5687.75,16.75,1726.5,2025-09-27 16:00:00,16.725,61.0,8.725,12.9,330.0,202.0,128.0,3.5833333333333335
2025-09-27 17:00:00,"Sep 27, 2025 6:00 PM",4305.66,1711.73,3001.44,4983.19,6299.69,104.02,0,8437.25,1465.75,7042.5,1502.25,1756.5,2025-09-27 17:00:00,16.525,53.0,8.225,12.825000000000001,239.0,138.75,100.25,3.5625
2025-09-27 18:00:00,"Sep 27, 2025 7:00 PM",4674.0,1848.11,2843.54,4946.05,1282.86,104.08,0,8596.0,1629.5,7525.0,3161.75,1750.5,2025-09-27 18:00:00,16.025,53.0,6.45,11.975,131.75,63.25,68.5,3.326388888888889
2025-09-27 19:00:00,"Sep 27, 2025 8:00 PM",4726.59,1876.19,2819.7,5520.37,77.73,105.92,0,8706.75,1630.0,7788.25,4079.25,1747.5,2025-09-27 19:00:00,14.850000000000001,62.25,5.375,12.575,32.5,12.25,20.25,3.4930555555555554
2025-09-27 20:00:00,"Sep 27, 2025 9:00 PM",4659.23,1770.61,2481.6,6051.7,50.2,106.87,0,8725.25,1623.0,7682.0,2498.25,1747.0,2025-09-27 20:00:00,14.075,56.5,6.575,15.100000000000001,0.0,0.0,0.0,4.194444444444445
2025-09-27 21:00:00,"Sep 27, 2025 10:00 PM",4516.0,1677.13,2246.09,6245.08,15.44,107.11,0,8724.75,1620.75,7555.0,1621.75,1760.0,2025-09-27 21:00:00,13.5,68.5,7.625,16.65,0.0,0.0,0.0,4.624999999999999
2025-09-27 22:00:00,"Sep 27, 2025 11:00 PM",4308.1,1633.46,1880.09,5937.29,8.01,107.48,0,8766.25,1500.5,7516.5,1234.0,1779.0,2025-09-27 22:00:00,12.7,48.75,7.475,16.9,0.0,0.0,0.0,4.694444444444444
2025-09-27 23:00:00,"Sep 28, 2025 12:00 AM",4150.04,1601.33,1766.91,5625.73,7.45,108.15,0,8565.25,1526.25,6933.5,262.75,1755.5,2025-09-27 23:00:00,12.175,43.75,6.3,15.025,0.0,0.0,0.0,4.173611111111111
2025-09-28 00:00:00,"Sep 28, 2025 1:00 AM",3998.3,1608.44,1492.82,5033.78,10.03,108.49,0,8343.25,1538.0,6719.75,164.75,1658.5,2025-09-28 00:00:00,11.525,40.0,6.6,14.725,0.0,0.0,0.0,4.090277777777778
2025-09-28 01:00:00,"Sep 28, 2025 2:00 AM",3903.35,1556.15,1242.19,4469.54,7.06,108.51,0,8048.5,1546.75,6635.75,7.25,1644.75,2025-09-28 01:00:00,11.125,14.5,6.949999999999999,15.5,0.0,0.0,0.0,4.305555555555555
2025-09-28 02:00:00,"Sep 28, 2025 3:00 AM",3857.24,1570.23,904.61,3839.67,5.91,108.87,0,8048.0,1548.75,6620.25,3.5,1645.75,2025-09-28 02:00:00,10.475,40.0,6.85,14.7,0.0,0.0,0.0,4.083333333333333
2025-09-28 03:00:00,"Sep 28, 2025 4:00 AM",3872.34,1554.46,696.17,3224.62,6.03,108.92,0,7985.0,1558.75,6594.25,119.0,1631.0,2025-09-28 03:00:00,10.9,20.75,6.550000000000001,14.8,0.0,0.0,0.0,4.111111111111112
2025-09-28 04:00:00,"Sep 28, 2025 5:00 AM",3922.79,1523.57,641.03,3019.81,5.79,109.38,0,8007.5,1562.0,6759.0,74.25,1630.25,2025-09-28 04:00:00,10.475,66.75,6.225,14.524999999999999,0.0,0.0,0.0,4.034722222222221
2025-09-28 05:00:00,"Sep 28, 2025 6:00 AM",4006.1,1513.99,604.36,2744.07,6.17,109.39,0,8022.5,1566.25,6870.25,183.0,1612.75,2025-09-28 05:00:00,10.225,71.25,6.6,13.825,0.0,0.0,0.0,3.8402777777777777
2025-09-28 06:00:00,"Sep 28, 2025 7:00 AM",4213.98,1526.97,682.8,2662.17,10.94,108.39,0,8024.0,1585.5,7024.75,203.25,1609.5,2025-09-28 06:00:00,10.175,72.5,6.75,13.575000000000001,0.0,0.0,0.0,3.7708333333333335
2025-09-28 07:00:00,"Sep 28, 2025 8:00 AM",4298.19,1526.9,696.53,3037.74,662.76,108.69,0,8022.5,1590.0,7104.0,269.75,1641.0,2025-09-28 07:00:00,9.975,72.25,6.9,13.45,0.0,0.0,0.0,3.7361111111111107
2025-09-28 08:00:00,"Sep 28, 2025 9:00 AM",4163.62,1551.05,784.61,2969.17,5676.06,109.06,0,7997.75,1481.25,6598.5,120.5,1691.75,2025-09-28 08:00:00,9.975,56.75,7.049999999999999,13.075,15.5,4.5,11.0,3.631944444444444
2025-09-28 09:00:00,"Sep 28, 2025 10:00 AM",4024.63,1649.46,717.19,1909.88,13585.21,108.52,0,7136.75,1183.75,4233.25,119.25,1670.75,2025-09-28 09:00:00,10.525,50.5,6.25,11.200000000000001,90.75,35.75,55.0,3.111111111111111
2025-09-28 10:00:00,"Sep 28, 2025 11:00 AM",3868.99,1659.9,547.82,1115.66,21388.36,107.92,0,6019.5,602.0,3362.25,64.25,1672.5,2025-09-28 10:00:00,11.45,80.25,5.875,8.525,190.5,88.5,102.0,2.368055555555556
2025-09-28 11:00:00,"Sep 28, 2025 12:00 PM",3749.15,1607.19,529.44,1552.33,27820.34,106.81,0,4722.75,540.0,2716.5,3.25,1625.25,2025-09-28 11:00:00,12.8,63.5,6.225,8.5,291.25,151.75,139.5,2.361111111111111
2025-09-28 12:00:00,"Sep 28, 2025 1:00 PM",3680.13,1503.39,343.39,2324.9,31020.26,106.21,0,4208.25,518.25,2267.0,4.75,1574.0,2025-09-28 12:00:00,14.3,56.0,5.625,7.9,368.5,208.5,160.0,2.1944444444444446
2025-09-28 13:00:00,"Sep 28, 2025 2:00 PM",3673.07,1629.57,261.63,2139.92,31443.1,105.58,0,4209.75,505.75,2209.5,4.5,1582.75,2025-09-28 13:00:00,15.65,46.25,6.7749999999999995,9.5,454.25,292.0,162.25,2.638888888888889
2025-09-28 14:00:00,"Sep 28, 2025 3:00 PM",3679.29,1694.0,355.3,1576.3,29653.76,106.17,0,4287.5,507.75,2250.0,4.0,1607.0,2025-09-28 14:00:00,16.525,54.0,8.175,11.55,469.5,317.0,152.5,3.2083333333333335
2025-09-28 15:00:00,"Sep 28, 2025 4:00 PM",3734.0,1698.6,551.3,1450.35,25704.35,105.86,0,5197.75,664.0,2414.75,6.25,1604.25,2025-09-28 15:00:00,16.9,55.75,7.75,11.0,438.0,293.25,144.75,3.0555555555555554
2025-09-28 16:00:00,"Sep 28, 2025 5:00 PM",3891.12,1751.69,658.43,1805.91,18440.98,105.45,0,7446.0,1251.5,4269.5,9.25,1709.5,2025-09-28 16:00:00,17.225,44.5,7.475,10.575,369.0,245.0,124.0,2.9374999999999996
2025-09-28 17:00:00,"Sep 28, 2025 6:00 PM",4219.22,1632.01,792.61,2531.21,9078.78,105.62,0,8735.25,2010.5,8047.25,642.75,1716.5,2025-09-28 17:00:00,17.05,58.0,7.55,11.0,258.5,161.75,96.75,3.0555555555555554
2025-09-28 18:00:00,"Sep 28, 2025 7:00 PM",4608.72,1853.4,939.77,3394.67,1701.3,106.15,0,9903.5,2294.0,9596.0,2511.5,1755.5,2025-09-28 18:00:00,16.35,22.0,6.5,12.4,145.25,81.0,64.25,3.4444444444444446
2025-09-28 19:00:00,"Sep 28, 2025 8:00 PM",4711.73,1989.09,1180.18,5844.05,31.29,106.44,0,10152.25,2421.5,9838.25,3952.25,1707.0,2025-09-28 19:00:00,14.575,16.0,6.575,15.075,39.0,19.0,20.0,4.1875
2025-09-28 20:00:00,"Sep 28, 2025 9:00 PM",4636.85,1613.91,1720.39,8632.12,9.95,107.05,0,10402.5,2371.25,9666.75,1223.75,1683.75,2025-09-28 20:00:00,13.600000000000001,18.25,6.9,15.925,0.0,0.0,0.0,4.423611111111112
2025-09-28 21:00:00,"Sep 28, 2025 10:00 PM",4450.65,1518.85,1908.98,9566.7,8.42,107.43,0,10433.5,2337.5,9708.75,287.5,1691.75,2025-09-28 21:00:00,12.55,3.75,6.375,15.375,0.0,0.0,0.0,4.270833333333333
2025-09-28 22:00:00,"Sep 28, 2025 11:00 PM",4251.92,1514.62,1983.84,8745.95,6.68,107.87,0,10421.5,2272.0,9790.75,455.75,1717.25,2025-09-28 22:00:00,11.7,2.25,6.625,15.7,0.0,0.0,0.0,4.361111111111111
2025-09-28 23:00:00,"Sep 29, 2025 12:00 AM",4075.75,1471.92,1756.24,7351.33,6.81,108.66,0,10301.25,2091.5,9471.25,51.5,1723.5,2025-09-28 23:00:00,11.15,4.75,6.7,15.5,0.0,0.0,0.0,4.305555555555555
2025-09-29 00:00:00,"Sep 29, 2025 1:00 AM",3878.07,1452.53,1350.89,6101.64,8.06,108.97,0,10223.5,2086.0,9238.75,40.25,1745.0,2025-09-29 00:00:00,10.625,10.5,5.7,13.6,0.0,0.0,0.0,3.7777777777777777
2025-09-29 01:00:00,"Sep 29, 2025 2:00 AM",3772.99,1438.08,1093.06,5124.0,7.95,109.57,0,9941.0,2078.25,8678.5,4.0,1729.5,2025-09-29 01:00:00,10.25,9.5,5.325,12.875,0.0,0.0,0.0,3.576388888888889
2025-09-29 02:00:00,"Sep 29, 2025 3:00 AM",3715.96,1436.49,842.94,4530.35,6.04,109.84,0,9904.0,2054.25,9375.75,3.25,1745.75,2025-09-29 02:00:00,9.8,8.75,5.8999999999999995,13.9,0.0,0.0,0.0,3.861111111111111
2025-09-29 03:00:00,"Sep 29, 2025 4:00 AM",3771.71,1443.18,659.24,4009.45,5.95,109.87,0,9892.5,2270.5,9541.0,95.75,1757.25,2025-09-29 03:00:00,9.275,26.0,6.449999999999999,15.524999999999999,0.0,0.0,0.0,4.312499999999999
2025-09-29 04:00:00,"Sep 29, 2025 5:00 AM",3801.74,1457.83,465.17,3592.81,5.8,110.27,0,9901.75,2529.25,9966.0,113.0,1769.25,2025-09-29 04:00:00,9.05,33.0,6.550000000000001,15.075,0.0,0.0,0.0,4.1875
2025-09-29 05:00:00,"Sep 29, 2025 6:00 AM",4017.11,1555.84,451.66,3416.11,6.3,110.68,0,10484.25,2927.5,10811.0,217.5,1710.25,2025-09-29 05:00:00,8.875,33.25,6.7,15.175,0.0,0.0,0.0,4.215277777777778
2025-09-29 06:00:00,"Sep 29, 2025 7:00 AM",4426.77,1711.11,498.17,3472.55,15.25,107.75,0,10895.25,3485.75,12473.25,2568.5,1675.25,2025-09-29 06:00:00,8.75,31.0,7.075,16.075,0.0,0.0,0.0,4.465277777777778
2025-09-29 07:00:00,"Sep 29, 2025 8:00 AM",4542.15,2176.64,516.61,3625.02,773.96,107.8,0,11031.75,3735.5,13068.0,4814.5,1677.75,2025-09-29 07:00:00,8.5,36.0,7.15,16.4,0.0,0.0,0.0,4.555555555555555
2025-09-29 08:00:00,"Sep 29, 2025 9:00 AM",4525.25,1841.01,619.39,3510.55,5608.94,86.96,0,10923.0,4087.25,12933.5,3697.0,1714.5,2025-09-29 08:00:00,8.65,31.25,7.2,15.25,18.25,6.5,11.75,4.236111111111111
2025-09-29 09:00:00,"Sep 29, 2025 10:00 AM",4268.25,1590.61,764.37,2368.57,13504.52,96.63,0,10132.0,4178.0,12139.5,1732.25,1696.75,2025-09-29 09:00:00,9.9,29.75,5.95,13.475,115.75,58.5,57.25,3.7430555555555554
2025-09-29 10:00:00,"Sep 29, 2025 11:00 AM",3948.62,1498.02,943.44,1366.89,21839.6,105.38,0,9936.75,3976.25,10814.25,275.0,1828.75,2025-09-29 10:00:00,11.5,27.5,6.075,9.4,233.25,146.25,87.0,2.611111111111111
2025-09-29 11:00:00,"Sep 29, 2025 12:00 PM",3773.1,1479.88,926.22,1740.19,28358.95,104.79,0,8231.0,3697.25,9128.75,70.5,1700.5,2025-09-29 11:00:00,13.15,26.75,6.300000000000001,9.25,356.0,248.5,107.5,2.569444444444444
2025-09-29 12:00:00,"Sep 29, 2025 1:00 PM",3684.18,1544.56,899.85,2603.99,31997.09,106.07,0,6612.0,2988.75,6807.25,48.25,1664.0,2025-09-29 12:00:00,14.55,16.0,6.3999999999999995,9.225,433.25,310.0,123.25,2.5625
2025-09-29 13:00:00,"Sep 29, 2025 2:00 PM",3705.59,1569.3,929.23,2897.53,32020.96,106.17,0,6319.75,2475.5,6685.75,20.5,1682.0,2025-09-29 13:00:00,15.575,38.75,7.050000000000001,9.975,491.0,366.0,125.0,2.770833333333333
2025-09-29 14:00:00,"Sep 29, 2025 3:00 PM",3671.5,1607.6,1066.32,2583.24,28905.19,106.74,0,6910.25,2674.5,7585.0,9.25,1683.25,2025-09-29 14:00:00,16.3,34.5,6.4750000000000005,9.25,496.25,377.5,118.75,2.569444444444444
2025-09-29 15:00:00,"Sep 29, 2025 4:00 PM",3763.32,1601.44,1083.87,2430.06,23163.8,108.23,0,8538.5,3473.25,8566.0,10.0,1719.25,2025-09-29 15:00:00,16.75,40.75,8.05,11.35,433.25,309.5,123.75,3.1527777777777777
2025-09-29 16:00:00,"Sep 29, 2025 5:00 PM",3993.12,1531.9,1135.4,2560.82,15209.38,108.05,0,10064.75,3933.0,10282.0,246.75,1757.75,2025-09-29 16:00:00,16.75,32.25,6.775,9.7,359.75,257.0,102.75,2.694444444444444
2025-09-29 17:00:00,"Sep 29, 2025 6:00 PM",4390.53,1570.14,1384.32,2819.15,7164.65,107.24,0,10769.75,4209.0,12272.0,1435.0,1813.5,2025-09-29 17:00:00,16.6,25.25,5.375,7.95,268.75,184.25,84.5,2.2083333333333335
2025-09-29 18:00:00,"Sep 29, 2025 7:00 PM",4758.61,1715.23,1451.27,3379.62,1245.87,108.55,0,10954.5,4276.0,13286.0,3669.5,1847.5,2025-09-29 18:00:00,15.799999999999999,29.75,4.675,9.15,141.0,84.5,56.5,2.5416666666666665
2025-09-29 19:00:00,"Sep 29, 2025 8:00 PM",4794.51,1747.49,1348.79,4695.34,54.92,109.1,0,10971.75,4289.5,13215.25,4060.0,1752.5,2025-09-29 19:00:00,14.2,39.5,5.175,12.549999999999999,31.5,14.5,17.0,3.4861111111111107
2025-09-29 20:00:00,"Sep 29, 2025 9:00 PM",4647.02,1639.41,1077.69,6538.53,11.7,109.94,0,10670.25,4297.25,11942.25,2548.0,1776.25,2025-09-29 20:00:00,13.3,51.0,7.85,16.175,0.0,0.0,0.0,4.493055555555555
2025-09-29 21:00:00,"Sep 29, 2025 10:00 PM",4460.77,1606.73,896.87,7298.99,8.2,109.84,0,10325.25,4169.75,11392.0,824.25,1778.25,2025-09-29 21:00:00,12.625,67.75,6.275,14.225,0.0,0.0,0.0,3.951388888888889
2025-09-29 22:00:00,"Sep 29, 2025 11:00 PM",4218.16,1574.77,790.32,6776.63,6.87,110.36,0,10277.5,4046.75,11303.75,233.75,1781.5,2025-09-29 22:00:00,12.2,66.75,6.25,12.75,0.0,0.0,0.0,3.5416666666666665
2025-09-29 23:00:00,"Sep 30, 2025 12:00 AM",4035.44,1489.21,811.79,6337.99,5.95,110.67,0,10392.5,3761.25,10808.25,122.5,1783.0,2025-09-29 23:00:00,11.65,60.5,7.05,15.475,0.0,0.0,0.0,4.298611111111111
2025-09-30 00:00:00,"Sep 30, 2025 1:00 AM",3876.63,1525.63,873.59,5453.88,6.73,110.94,0,9648.25,3821.25,10777.0,52.75,1853.75,2025-09-30 00:00:00,11.325,51.0,7.8,16.35,0.0,0.0,0.0,4.541666666666667
2025-09-30 01:00:00,"Sep 30, 2025 2:00 AM",3833.22,1488.77,855.9,5003.2,6.14,111.3,0,9140.5,3822.5,10734.0,3.25,1897.75,2025-09-30 01:00:00,10.725,53.25,6.85,14.75,0.0,0.0,0.0,4.097222222222222
2025-09-30 02:00:00,"Sep 30, 2025 3:00 AM",3817.17,1480.38,686.47,4638.17,5.99,111.44,0,8813.0,3814.0,10737.75,3.0,1932.5,2025-09-30 02:00:00,10.25,62.5,6.75,14.45,0.0,0.0,0.0,4.013888888888888
2025-09-30 03:00:00,"Sep 30, 2025 4:00 AM",3786.37,1473.12,638.25,4171.95,6.14,111.83,0,8791.5,3807.75,10775.5,72.75,1899.25,2025-09-30 03:00:00,9.925,52.75,5.85,11.675,0.0,0.0,0.0,3.243055555555556
2025-09-30 04:00:00,"Sep 30, 2025 5:00 AM",3875.82,1471.09,672.07,3900.28,6.34,112.02,0,9267.0,3808.5,11119.75,76.75,1931.75,2025-09-30 04:00:00,9.5,65.25,6.875,15.3,0.0,0.0,0.0,4.25
2025-09-30 05:00:00,"Sep 30, 2025 6:00 AM",4018.3,1521.01,571.28,4027.22,7.1,111.63,0,9946.5,3877.25,11517.5,153.5,1945.0,2025-09-30 05:00:00,9.225,73.25,7.375,15.775,0.0,0.0,0.0,4.381944444444445
2025-09-30 06:00:00,"Sep 30, 2025 7:00 AM",4440.02,1640.57,548.31,4551.29,13.55,111.2,0,10856.75,4051.5,12709.25,1733.25,1923.0,2025-09-30 06:00:00,8.975,70.25,6.7,14.674999999999999,0.0,0.0,0.0,4.076388888888888
2025-09-30 07:00:00,"Sep 30, 2025 8:00 AM",4669.82,1929.74,627.79,5077.57,556.56,108.23,0,10751.25,4184.25,13507.75,4476.75,1942.25,2025-09-30 07:00:00,8.725,75.0,7.0249999999999995,15.524999999999999,0.0,0.0,0.0,4.312499999999999
2025-09-30 08:00:00,"Sep 30, 2025 9:00 AM",4584.34,1673.45,641.8,4823.4,4156.8,108.59,0,10684.25,4234.75,13268.25,3404.75,1917.25,2025-09-30 08:00:00,9.0,75.0,8.25,17.35,13.0,4.0,9.0,4.819444444444445
2025-09-30 09:00:00,"Sep 30, 2025 10:00 AM",4275.91,1559.43,516.03,3330.8,10684.88,107.83,0,10527.0,4307.0,12227.25,2373.25,1896.25,2025-09-30 09:00:00,9.9,63.75,7.45,16.15,85.25,37.25,48.0,4.486111111111111
2025-09-30 10:00:00,"Sep 30, 2025 11:00 AM",3859.58,1497.29,438.22,2572.12,17776.33,106.56,0,9173.25,4281.0,10151.25,459.5,1913.0,2025-09-30 10:00:00,10.95,64.5,7.75,12.15,189.75,103.25,86.5,3.375
2025-09-30 11:00:00,"Sep 30, 2025 12:00 PM",3709.8,1493.81,348.7,3317.17,23413.77,108.42,0,8324.0,4229.5,8873.75,161.0,1886.25,2025-09-30 11:00:00,12.025,31.25,8.25,12.0,290.75,174.0,116.75,3.333333333333333
2025-09-30 12:00:00,"Sep 30, 2025 1:00 PM",3613.4,1568.11,347.41,3874.22,26294.25,109.97,0,7243.5,3834.5,7877.5,8.75,1797.25,2025-09-30 12:00:00,13.075,45.75,8.45,12.2,382.75,260.5,122.25,3.3888888888888884
2025-09-30 13:00:00,"Sep 30, 2025 2:00 PM",3676.74,1491.4,417.81,3612.79,25752.09,107.86,0,7604.5,3590.5,8144.75,38.25,1779.0,2025-09-30 13:00:00,13.9,57.25,8.525,12.175,442.25,305.5,136.75,3.3819444444444446
2025-09-30 14:00:00,"Sep 30, 2025 3:00 PM",3639.32,1432.99,462.53,3268.12,23111.79,107.28,0,7782.5,3412.5,7860.25,4.5,1811.75,2025-09-30 14:00:00,14.5,65.75,8.075,11.475,445.5,282.75,162.75,3.1875
2025-09-30 15:00:00,"Sep 30, 2025 4:00 PM",3776.94,1442.34,335.53,3387.59,18890.48,107.21,0,8771.0,4015.75,8835.0,43.0,1791.25,2025-09-30 15:00:00,14.75,65.0,7.925,11.275,345.75,186.25,159.5,3.1319444444444446
2025-09-30 16:00:00,"Sep 30, 2025 5:00 PM",4082.76,1485.72,469.21,4127.34,12894.25,110.1,0,10109.75,4564.5,9611.75,196.25,1788.75,2025-09-30 16:00:00,14.1,60.5,9.975,14.65,301.25,185.5,115.75,4.069444444444445
2025-09-30 17:00:00,"Sep 30, 2025 6:00 PM",4526.93,1658.26,577.19,4933.34,6038.9,110.92,0,11121.0,4793.5,11083.0,1982.0,1799.5,2025-09-30 17:00:00,13.9,51.5,7.800000000000001,11.6,223.5,126.25,97.25,3.222222222222222
2025-09-30 18:00:00,"Sep 30, 2025 7:00 PM",4814.14,1764.19,833.12,5811.21,1102.96,110.15,0,11492.25,4866.75,12402.75,4208.25,1855.5,2025-09-30 18:00:00,13.15,56.25,6.85,12.4,127.5,71.0,56.5,3.4444444444444446
2025-09-30 19:00:00,"Sep 30, 2025 8:00 PM",4858.37,1785.99,1160.57,7511.63,51.06,110.11,0,11716.25,4862.25,11980.0,4220.75,1889.75,2025-09-30 19:00:00,11.7,54.5,4.675,11.950000000000001,27.25,11.5,15.75,3.3194444444444446
2025-09-30 20:00:00,"Sep 30, 2025 9:00 PM",4711.66,1626.93,1618.24,9298.54,11.88,110.95,0,11444.75,4846.75,11165.5,2747.0,1926.75,2025-09-30 20:00:00,11.0,47.0,6.725,14.899999999999999,0.0,0.0,0.0,4.138888888888888
2025-09-30 21:00:00,"Sep 30, 2025 10:00 PM",4507.87,1516.2,1968.5,10167.91,8.82,111.32,0,11494.5,4783.5,10600.25,1163.0,1888.25,2025-09-30 21:00:00,10.475,36.25,9.25,19.575,0.0,0.0,0.0,5.4375
2025-09-30 22:00:00,"Sep 30, 2025 11:00 PM",4225.78,1514.32,2398.17,9815.84,6.8,113.19,0,11332.5,4609.5,10030.75,246.5,1909.25,2025-09-30 22:00:00,10.0,46.5,9.875,20.5,0.0,0.0,0.0,5.694444444444445
2025-09-30 23:00:00,"Oct 1, 2025 12:00 AM",4058.69,1501.77,2363.79,9284.76,6.64,112.97,0,11068.5,4607.75,9185.5,90.0,1938.25,2025-09-30 23:00:00,9.45,51.5,8.825,18.925,0.0,0.0,0.0,5.256944444444445
